chunk_id,category,source_group,source_file,source_path,header_h1,header_h2_list,header_h3_list,header_path_start,header_path_end,text,token_count,faiss_row_id
stg5_v2_chunk_00001,order_support,rag_raw,order_status_support.md,ml\data\kb_stage5\raw\order_status_support.md,Статус заказа и отслеживание,"[""Краткий ответ"", ""Где посмотреть статус заказа?"", ""Где посмотреть статус заказа?"", ""Где посмотреть статус заказа?"", ""Где посмотреть статус заказа?"", ""Что означают статусы заказа?""]","[""На сайте"", ""В мобильном приложении"", ""Через службу поддержки"", ""Новый""]",Статус заказа и отслеживание > Краткий ответ,Статус заказа и отслеживание > Что означают статусы заказа? > Новый,"# Статус заказа и отслеживание ## Covered sections - Краткий ответ - Где посмотреть статус заказа? - Что означают статусы заказа? ## Covered subsections - На сайте - В мобильном приложении - Через службу поддержки - Новый Статус заказа можно проверить в личном кабинете в разделе «Мои заказы» или в мобильном приложении. После отправки заказа вы получите трек-номер для отслеживания на сайте транспортной компании. Если статус не обновляется более 3 рабочих дней, рекомендуем обратиться в службу поддержки. --- Проверить текущий статус заказа можно несколькими способами: 1. Войдите в личный кабинет 2. Перейдите в раздел «Мои заказы» 3. Найдите нужный заказ по номеру или дате 4. Текущий статус отображается рядом с номером заказа 1. Откройте приложение 2. Перейдите в раздел «Заказы» 3. Нажмите на нужный заказ для просмотра деталей Если у вас нет доступа к личному кабинету, вы можете узнать статус заказа: - в чате на сайте - по email: support@example-shop.ru - по телефону: 8-800-123-45-67 Для запроса статуса через поддержку потребуется номер заказа или email, указанный при оформлении. --- Заказ оформлен и принят в систему. Ожидает подтверждения оператором или автоматической обработки. Обычно этот статус длится от нескольких минут до 2 часов в рабочее время.",311,0
stg5_v2_chunk_00002,order_support,rag_raw,order_status_support.md,ml\data\kb_stage5\raw\order_status_support.md,Статус заказа и отслеживание,"[""Где посмотреть статус заказа?"", ""Что означают статусы заказа?"", ""Что означают статусы заказа?"", ""Что означают статусы заказа?"", ""Что означают статусы заказа?"", ""Что означают статусы заказа?""]","[""Через службу поддержки"", ""Новый"", ""Подтверждён"", ""В сборке"", ""Передан в доставку"", ""В пути""]",Статус заказа и отслеживание > Где посмотреть статус заказа? > Через службу поддержки,Статус заказа и отслеживание > Что означают статусы заказа? > В пути,"# Статус заказа и отслеживание ## Covered sections - Где посмотреть статус заказа? - Что означают статусы заказа? ## Covered subsections - Через службу поддержки - Новый - Подтверждён - В сборке - Передан в доставку - В пути Если у вас нет доступа к личному кабинету, вы можете узнать статус заказа: - в чате на сайте - по email: support@example-shop.ru - по телефону: 8-800-123-45-67 Для запроса статуса через поддержку потребуется номер заказа или email, указанный при оформлении. --- Заказ оформлен и принят в систему. Ожидает подтверждения оператором или автоматической обработки. Обычно этот статус длится от нескольких минут до 2 часов в рабочее время. Заказ подтверждён. Начинается сборка и подготовка к отправке. На этом этапе ещё можно внести изменения в заказ через службу поддержки. Заказ передан на склад для комплектации. Товары собираются и упаковываются. Изменения в составе заказа на этом этапе уже невозможны. Заказ передан транспортной компании. В ближайшее время появится трек-номер для отслеживания. Обычно трек-номер становится доступен в течение 24 часов после смены статуса. Заказ находится в процессе доставки. Отслеживайте перемещение по трек-номеру на сайте транспортной компании или в разделе «Мои заказы».",309,1
stg5_v2_chunk_00003,order_support,rag_raw,order_status_support.md,ml\data\kb_stage5\raw\order_status_support.md,Статус заказа и отслеживание,"[""Что означают статусы заказа?"", ""Что означают статусы заказа?"", ""Что означают статусы заказа?"", ""Что означают статусы заказа?"", ""Что означают статусы заказа?"", ""Почему статус заказа не меняется?""]","[""Передан в доставку"", ""В пути"", ""Готов к выдаче"", ""Доставлен"", ""Отменён""]",Статус заказа и отслеживание > Что означают статусы заказа? > Передан в доставку,Статус заказа и отслеживание > Почему статус заказа не меняется?,"# Статус заказа и отслеживание ## Covered sections - Что означают статусы заказа? - Почему статус заказа не меняется? ## Covered subsections - Передан в доставку - В пути - Готов к выдаче - Доставлен - Отменён Заказ передан транспортной компании. В ближайшее время появится трек-номер для отслеживания. Обычно трек-номер становится доступен в течение 24 часов после смены статуса. Заказ находится в процессе доставки. Отслеживайте перемещение по трек-номеру на сайте транспортной компании или в разделе «Мои заказы». Заказ доставлен в пункт выдачи или ожидает передачи курьеру для доставки по адресу. Хранение в пункте выдачи бесплатно до 7 дней. Заказ успешно получен. Если вы обнаружили проблему с товаром, обратитесь в поддержку в течение гарантийного срока. Заказ был отменён по вашей инициативе или по техническим причинам. Если была произведена оплата, деньги будут возвращены в течение 10 рабочих дней. --- Если статус заказа не обновляется, это может быть вызвано несколькими причинами:",247,2
stg5_v2_chunk_00004,order_support,rag_raw,order_status_support.md,ml\data\kb_stage5\raw\order_status_support.md,Статус заказа и отслеживание,"[""Что означают статусы заказа?"", ""Почему статус заказа не меняется?"", ""Почему статус заказа не меняется?"", ""Почему статус заказа не меняется?"", ""Почему статус заказа не меняется?""]","[""Отменён"", ""Заказ в статусе «Новый» более 2 часов"", ""Заказ в статусе «В сборке» более 2 дней"", ""Заказ в статусе «Передан в доставку», но трек-номер не появился""]",Статус заказа и отслеживание > Что означают статусы заказа? > Отменён,"Статус заказа и отслеживание > Почему статус заказа не меняется? > Заказ в статусе «Передан в доставку», но трек-номер не появился","# Статус заказа и отслеживание ## Covered sections - Что означают статусы заказа? - Почему статус заказа не меняется? ## Covered subsections - Отменён - Заказ в статусе «Новый» более 2 часов - Заказ в статусе «В сборке» более 2 дней - Заказ в статусе «Передан в доставку», но трек-номер не появился Заказ был отменён по вашей инициативе или по техническим причинам. Если была произведена оплата, деньги будут возвращены в течение 10 рабочих дней. --- Если статус заказа не обновляется, это может быть вызвано несколькими причинами: - В рабочее время (10:00–19:00 по Москве) подтверждение обычно происходит в течение 1–2 часов. - В нерабочее время, выходные и праздничные дни обработка может занять до следующего рабочего дня. - Если заказ не подтверждён более 24 часов, обратитесь в поддержку. - Возможно, один из товаров временно отсутствует на складе. - Возможно, идёт проверка оплаты (при некоторых способах оплаты). - Обратитесь в поддержку для уточнения. - Трек-номер обычно появляется в течение 24 часов после передачи в доставку. - Иногда транспортная компания обновляет данные с задержкой до 48 часов. - Если трек-номер не появился через 48 часов, обратитесь в поддержку.",296,3
stg5_v2_chunk_00005,order_support,rag_raw,order_status_support.md,ml\data\kb_stage5\raw\order_status_support.md,Статус заказа и отслеживание,"[""Почему статус заказа не меняется?"", ""Почему статус заказа не меняется?"", ""Когда появляется трек-номер?"", ""Когда появляется трек-номер?"", ""Когда появляется трек-номер?""]","[""Заказ в статусе «Передан в доставку», но трек-номер не появился"", ""Заказ в статусе «В пути» и не движется более 5 дней"", ""Сроки появления"", ""Где найти трек-номер""]","Статус заказа и отслеживание > Почему статус заказа не меняется? > Заказ в статусе «Передан в доставку», но трек-номер не появился",Статус заказа и отслеживание > Когда появляется трек-номер? > Где найти трек-номер,"# Статус заказа и отслеживание ## Covered sections - Почему статус заказа не меняется? - Когда появляется трек-номер? ## Covered subsections - Заказ в статусе «Передан в доставку», но трек-номер не появился - Заказ в статусе «В пути» и не движется более 5 дней - Сроки появления - Где найти трек-номер - Трек-номер обычно появляется в течение 24 часов после передачи в доставку. - Иногда транспортная компания обновляет данные с задержкой до 48 часов. - Если трек-номер не появился через 48 часов, обратитесь в поддержку. - Проверьте трек-номер на сайте транспортной компании. - Возможны задержки из-за логистических факторов (погода, загруженность, удалённый регион). - Если посылка не движется более 7 дней, обратитесь в поддержку — мы свяжемся с транспортной компанией. --- Трек-номер появляется после того, как заказ передан транспортной компании. - Обычно: в течение **24 часов** после смены статуса на «Передан в доставку» - В редких случаях: до **48 часов** (зависит от транспортной компании) - В личном кабинете в карточке заказа - В SMS-уведомлении - В email-уведомлении - В мобильном приложении",301,4
stg5_v2_chunk_00006,order_support,rag_raw,order_status_support.md,ml\data\kb_stage5\raw\order_status_support.md,Статус заказа и отслеживание,"[""Когда появляется трек-номер?"", ""Когда появляется трек-номер?"", ""Когда появляется трек-номер?"", ""Что делать, если заказ завис?"", ""Что делать, если заказ завис?""]","[""Сроки появления"", ""Где найти трек-номер"", ""Если трек-номер не появился"", ""Шаг 1. Проверьте нормальные сроки""]",Статус заказа и отслеживание > Когда появляется трек-номер? > Сроки появления,"Статус заказа и отслеживание > Что делать, если заказ завис? > Шаг 1. Проверьте нормальные сроки","# Статус заказа и отслеживание ## Covered sections - Когда появляется трек-номер? - Что делать, если заказ завис? ## Covered subsections - Сроки появления - Где найти трек-номер - Если трек-номер не появился - Шаг 1. Проверьте нормальные сроки - Обычно: в течение **24 часов** после смены статуса на «Передан в доставку» - В редких случаях: до **48 часов** (зависит от транспортной компании) - В личном кабинете в карточке заказа - В SMS-уведомлении - В email-уведомлении - В мобильном приложении - Подождите 48 часов с момента смены статуса на «Передан в доставку» - Если после 48 часов трек-номера нет, обратитесь в поддержку с номером заказа --- Если вы считаете, что заказ обрабатывается слишком долго или «завис» на одном статусе: Убедитесь, что прошло достаточно времени: - «Новый» → подтверждение: до 24 часов - «В сборке» → отправка: до 2 рабочих дней - «Передан в доставку» → трек-номер: до 48 часов - «В пути» → доставка: зависит от региона и способа доставки",275,5
stg5_v2_chunk_00007,order_support,rag_raw,order_status_support.md,ml\data\kb_stage5\raw\order_status_support.md,Статус заказа и отслеживание,"[""Что делать, если заказ завис?"", ""Что делать, если заказ завис?"", ""Что делать, если заказ завис?"", ""Что делать, если заказ завис?""]","[""Шаг 1. Проверьте нормальные сроки"", ""Шаг 2. Проверьте трек-номер"", ""Шаг 3. Обратитесь в поддержку"", ""Шаг 4. Дождитесь ответа""]","Статус заказа и отслеживание > Что делать, если заказ завис? > Шаг 1. Проверьте нормальные сроки","Статус заказа и отслеживание > Что делать, если заказ завис? > Шаг 4. Дождитесь ответа","# Статус заказа и отслеживание ## Covered sections - Что делать, если заказ завис? ## Covered subsections - Шаг 1. Проверьте нормальные сроки - Шаг 2. Проверьте трек-номер - Шаг 3. Обратитесь в поддержку - Шаг 4. Дождитесь ответа Убедитесь, что прошло достаточно времени: - «Новый» → подтверждение: до 24 часов - «В сборке» → отправка: до 2 рабочих дней - «Передан в доставку» → трек-номер: до 48 часов - «В пути» → доставка: зависит от региона и способа доставки Если заказ в статусе «В пути», проверьте актуальную информацию по трек-номеру на сайте транспортной компании. Иногда статус в нашей системе обновляется с задержкой. Если сроки превышены: - Напишите в чат на сайте - Отправьте email на support@example-shop.ru - Позвоните: 8-800-123-45-67 При обращении укажите: - Номер заказа - Дату оформления - Текущий статус, который вы видите - Что именно вас беспокоит Служба поддержки ответит в течение 1–2 рабочих дней. В случае проблемы с доставкой мы свяжемся с транспортной компанией и сообщим вам результат. ---",278,6
stg5_v2_chunk_00008,order_support,rag_raw,order_status_support.md,ml\data\kb_stage5\raw\order_status_support.md,Статус заказа и отслеживание,"[""Что делать, если заказ завис?"", ""Что делать, если заказ завис?"", ""Можно ли ускорить обработку заказа?"", ""Можно ли ускорить обработку заказа?""]","[""Шаг 3. Обратитесь в поддержку"", ""Шаг 4. Дождитесь ответа"", ""Что можно сделать:""]","Статус заказа и отслеживание > Что делать, если заказ завис? > Шаг 3. Обратитесь в поддержку",Статус заказа и отслеживание > Можно ли ускорить обработку заказа? > Что можно сделать:,"# Статус заказа и отслеживание ## Covered sections - Что делать, если заказ завис? - Можно ли ускорить обработку заказа? ## Covered subsections - Шаг 3. Обратитесь в поддержку - Шаг 4. Дождитесь ответа - Что можно сделать: Если сроки превышены: - Напишите в чат на сайте - Отправьте email на support@example-shop.ru - Позвоните: 8-800-123-45-67 При обращении укажите: - Номер заказа - Дату оформления - Текущий статус, который вы видите - Что именно вас беспокоит Служба поддержки ответит в течение 1–2 рабочих дней. В случае проблемы с доставкой мы свяжемся с транспортной компанией и сообщим вам результат. --- К сожалению, стандартные сроки обработки заказа нельзя сократить, так как они зависят от: - наличия товара на складе - очерёдности обработки заказов - работы транспортной компании - **Оплатить заказ онлайн** — заказы с предоплатой обрабатываются быстрее, чем заказы с оплатой при получении - **Выбрать экспресс-доставку** (только для Москвы) — доставка в день заказа при оформлении до 12:00 - **Оформить заказ в рабочее время** — заказы, оформленные в рабочие часы (10:00–19:00 Мск), подтверждаются быстрее",285,7
stg5_v2_chunk_00009,order_support,rag_raw,order_status_support.md,ml\data\kb_stage5\raw\order_status_support.md,Статус заказа и отслеживание,"[""Можно ли ускорить обработку заказа?"", ""Можно ли ускорить обработку заказа?"", ""FAQ"", ""FAQ"", ""FAQ""]","[""Что можно сделать:"", ""Что нельзя ускорить:"", ""Где мой заказ?"", ""Мой заказ отправили?"", ""Когда придёт мой заказ?""]",Статус заказа и отслеживание > Можно ли ускорить обработку заказа? > Что можно сделать:,Статус заказа и отслеживание > FAQ > Когда придёт мой заказ?,"# Статус заказа и отслеживание ## Covered sections - Можно ли ускорить обработку заказа? - FAQ ## Covered subsections - Что можно сделать: - Что нельзя ускорить: - Где мой заказ? - Мой заказ отправили? - Когда придёт мой заказ? - **Оплатить заказ онлайн** — заказы с предоплатой обрабатываются быстрее, чем заказы с оплатой при получении - **Выбрать экспресс-доставку** (только для Москвы) — доставка в день заказа при оформлении до 12:00 - **Оформить заказ в рабочее время** — заказы, оформленные в рабочие часы (10:00–19:00 Мск), подтверждаются быстрее - Сборку на складе (зависит от загрузки) - Транзит транспортной компании (зависит от маршрута) - Таможенное оформление (для международных доставок) --- Проверьте статус заказа в личном кабинете в разделе «Мои заказы». Если заказ уже отправлен, используйте трек-номер для отслеживания на сайте транспортной компании. Если статус заказа «Передан в доставку» или «В пути», значит заказ уже отправлен. Трек-номер появится в личном кабинете в течение 24–48 часов после отправки. Срок доставки зависит от выбранного способа и региона. Ориентировочную дату доставки можно посмотреть в карточке заказа в личном кабинете.",308,8
stg5_v2_chunk_00010,order_support,rag_raw,order_status_support.md,ml\data\kb_stage5\raw\order_status_support.md,Статус заказа и отслеживание,"[""FAQ"", ""FAQ"", ""FAQ"", ""FAQ"", ""FAQ"", ""FAQ""]","[""Мой заказ отправили?"", ""Когда придёт мой заказ?"", ""Почему заказ отменился?"", ""Могу ли я узнать статус заказа без личного кабинета?"", ""Можно ли отследить заказ по номеру телефона?"", ""Что делать, если трек-номер не работает?""]",Статус заказа и отслеживание > FAQ > Мой заказ отправили?,"Статус заказа и отслеживание > FAQ > Что делать, если трек-номер не работает?","# Статус заказа и отслеживание ## Covered sections - FAQ ## Covered subsections - Мой заказ отправили? - Когда придёт мой заказ? - Почему заказ отменился? - Могу ли я узнать статус заказа без личного кабинета? - Можно ли отследить заказ по номеру телефона? - Что делать, если трек-номер не работает? Если статус заказа «Передан в доставку» или «В пути», значит заказ уже отправлен. Трек-номер появится в личном кабинете в течение 24–48 часов после отправки. Срок доставки зависит от выбранного способа и региона. Ориентировочную дату доставки можно посмотреть в карточке заказа в личном кабинете. Заказ может быть отменён по нескольким причинам: товар закончился на складе, не удалось подтвердить оплату, или истёк срок ожидания подтверждения. В случае отмены деньги возвращаются автоматически в течение 10 рабочих дней. Да, вы можете обратиться в поддержку (чат, email, телефон) и назвать номер заказа или email, указанный при оформлении. Нет, отслеживание по номеру телефона недоступно. Используйте трек-номер или номер заказа. Если трек-номер не находится на сайте транспортной компании, подождите 24 часа — данные могут обновляться с задержкой. Если через 24 часа трек-номер по-прежнему не работает, обратитесь в поддержку.",312,9
stg5_v2_chunk_00011,order_support,rag_raw,order_status_support.md,ml\data\kb_stage5\raw\order_status_support.md,Статус заказа и отслеживание,"[""FAQ"", ""FAQ""]","[""Что делать, если трек-номер не работает?"", ""Статус заказа «Доставлен», но я ничего не получал""]","Статус заказа и отслеживание > FAQ > Что делать, если трек-номер не работает?","Статус заказа и отслеживание > FAQ > Статус заказа «Доставлен», но я ничего не получал","# Статус заказа и отслеживание ## Covered sections - FAQ ## Covered subsections - Что делать, если трек-номер не работает? - Статус заказа «Доставлен», но я ничего не получал Если трек-номер не находится на сайте транспортной компании, подождите 24 часа — данные могут обновляться с задержкой. Если через 24 часа трек-номер по-прежнему не работает, обратитесь в поддержку. Обратитесь в службу поддержки с номером заказа. Мы проверим информацию у транспортной компании и разберёмся в ситуации.",125,10
stg5_v2_chunk_00012,account,rag_raw,account_login.md,ml\data\kb_stage5\raw\account_login.md,Вход в аккаунт и восстановление доступа,"[""Краткий ответ"", ""Как войти в личный кабинет?"", ""Как войти в личный кабинет?"", ""Как войти в личный кабинет?"", ""Не могу войти в аккаунт — что делать?""]","[""На сайте"", ""В мобильном приложении"", ""Важно""]",Вход в аккаунт и восстановление доступа > Краткий ответ,Вход в аккаунт и восстановление доступа > Не могу войти в аккаунт — что делать?,"# Вход в аккаунт и восстановление доступа ## Covered sections - Краткий ответ - Как войти в личный кабинет? - Не могу войти в аккаунт — что делать? ## Covered subsections - На сайте - В мобильном приложении - Важно Войти в личный кабинет можно на сайте или в мобильном приложении, используя email и пароль. Если вы забыли пароль, воспользуйтесь функцией восстановления на странице входа. Если код подтверждения не приходит, проверьте папку «Спам» и убедитесь, что email указан верно. При невозможности восстановить доступ самостоятельно обратитесь в службу поддержки. --- 1. Нажмите «Войти» в правом верхнем углу сайта 2. Введите email, указанный при регистрации 3. Введите пароль 4. Нажмите «Войти» 1. Откройте приложение 2. Нажмите «Войти» 3. Введите email и пароль 4. Нажмите «Войти» - Логин — это всегда email, указанный при регистрации - Пароль чувствителен к регистру (заглавные и строчные буквы различаются) - Если вы регистрировались через социальную сеть, используйте кнопку соответствующей соцсети на странице входа --- Если при попытке входа возникает ошибка, проверьте следующее:",281,11
stg5_v2_chunk_00013,account,rag_raw,account_login.md,ml\data\kb_stage5\raw\account_login.md,Вход в аккаунт и восстановление доступа,"[""Как войти в личный кабинет?"", ""Не могу войти в аккаунт — что делать?"", ""Не могу войти в аккаунт — что делать?"", ""Не могу войти в аккаунт — что делать?"", ""Не могу войти в аккаунт — что делать?"", ""Не могу войти в аккаунт — что делать?""]","[""Важно"", ""1. Неправильный email"", ""2. Неправильный пароль"", ""3. Аккаунт заблокирован"", ""4. Технические проблемы""]",Вход в аккаунт и восстановление доступа > Как войти в личный кабинет? > Важно,Вход в аккаунт и восстановление доступа > Не могу войти в аккаунт — что делать? > 4. Технические проблемы,"# Вход в аккаунт и восстановление доступа ## Covered sections - Как войти в личный кабинет? - Не могу войти в аккаунт — что делать? ## Covered subsections - Важно - 1. Неправильный email - 2. Неправильный пароль - 3. Аккаунт заблокирован - 4. Технические проблемы - Логин — это всегда email, указанный при регистрации - Пароль чувствителен к регистру (заглавные и строчные буквы различаются) - Если вы регистрировались через социальную сеть, используйте кнопку соответствующей соцсети на странице входа --- Если при попытке входа возникает ошибка, проверьте следующее: - Убедитесь, что вводите именно тот email, который использовали при регистрации - Проверьте, нет ли опечатки (например, gmail.com вместо gmal.com) - Если у вас несколько email-адресов, попробуйте каждый - Проверьте раскладку клавиатуры (русская/английская) - Проверьте, не включён ли Caps Lock - Попробуйте восстановить пароль через «Забыли пароль?» - После 5 неудачных попыток входа аккаунт временно блокируется на 30 минут - Подождите 30 минут и попробуйте снова - Если блокировка не снимается, обратитесь в поддержку - Очистите кэш и cookies браузера - Попробуйте другой браузер - Попробуйте войти через мобильное приложение - Если проблема сохраняется, обратитесь в поддержку ---",314,12
stg5_v2_chunk_00014,account,rag_raw,account_login.md,ml\data\kb_stage5\raw\account_login.md,Вход в аккаунт и восстановление доступа,"[""Не могу войти в аккаунт — что делать?"", ""Не могу войти в аккаунт — что делать?"", ""Как восстановить пароль?"", ""Как восстановить пароль?"", ""Как восстановить пароль?"", ""Не приходит код подтверждения — что делать?""]","[""3. Аккаунт заблокирован"", ""4. Технические проблемы"", ""Пошаговая инструкция"", ""Требования к новому паролю""]",Вход в аккаунт и восстановление доступа > Не могу войти в аккаунт — что делать? > 3. Аккаунт заблокирован,Вход в аккаунт и восстановление доступа > Не приходит код подтверждения — что делать?,"# Вход в аккаунт и восстановление доступа ## Covered sections - Не могу войти в аккаунт — что делать? - Как восстановить пароль? - Не приходит код подтверждения — что делать? ## Covered subsections - 3. Аккаунт заблокирован - 4. Технические проблемы - Пошаговая инструкция - Требования к новому паролю - После 5 неудачных попыток входа аккаунт временно блокируется на 30 минут - Подождите 30 минут и попробуйте снова - Если блокировка не снимается, обратитесь в поддержку - Очистите кэш и cookies браузера - Попробуйте другой браузер - Попробуйте войти через мобильное приложение - Если проблема сохраняется, обратитесь в поддержку --- Если вы забыли пароль, его можно сбросить самостоятельно. 1. Перейдите на страницу входа 2. Нажмите «Забыли пароль?» 3. Введите email, указанный при регистрации 4. Нажмите «Отправить код» 5. Проверьте почту — вам придёт письмо с кодом подтверждения 6. Введите код на сайте 7. Задайте новый пароль 8. Нажмите «Сохранить» - Минимум 8 символов - Должен содержать хотя бы одну заглавную букву - Должен содержать хотя бы одну цифру - Не должен совпадать с предыдущими 3 паролями --- Если после запроса восстановления пароля код не приходит на почту:",301,13
stg5_v2_chunk_00015,account,rag_raw,account_login.md,ml\data\kb_stage5\raw\account_login.md,Вход в аккаунт и восстановление доступа,"[""Как восстановить пароль?"", ""Не приходит код подтверждения — что делать?"", ""Не приходит код подтверждения — что делать?"", ""Не приходит код подтверждения — что делать?"", ""Не приходит код подтверждения — что делать?"", ""Не приходит код подтверждения — что делать?"", ""Не приходит код подтверждения — что делать?""]","[""Требования к новому паролю"", ""Шаг 1. Проверьте папку «Спам»"", ""Шаг 2. Подождите несколько минут"", ""Шаг 3. Проверьте правильность email"", ""Шаг 4. Запросите код повторно"", ""Шаг 5. Проверьте настройки почтового ящика""]",Вход в аккаунт и восстановление доступа > Как восстановить пароль? > Требования к новому паролю,Вход в аккаунт и восстановление доступа > Не приходит код подтверждения — что делать? > Шаг 5. Проверьте настройки почтового ящика,"# Вход в аккаунт и восстановление доступа ## Covered sections - Как восстановить пароль? - Не приходит код подтверждения — что делать? ## Covered subsections - Требования к новому паролю - Шаг 1. Проверьте папку «Спам» - Шаг 2. Подождите несколько минут - Шаг 3. Проверьте правильность email - Шаг 4. Запросите код повторно - Шаг 5. Проверьте настройки почтового ящика - Минимум 8 символов - Должен содержать хотя бы одну заглавную букву - Должен содержать хотя бы одну цифру - Не должен совпадать с предыдущими 3 паролями --- Если после запроса восстановления пароля код не приходит на почту: Письмо с кодом может попасть в папку «Спам» или «Нежелательная почта». Проверьте эти папки. Иногда доставка письма занимает до 5 минут. Не запрашивайте код повторно сразу. Убедитесь, что вы указали именно тот email, на который зарегистрирован аккаунт. Если через 5 минут письмо не пришло, нажмите «Отправить код повторно». Повторная отправка доступна через 60 секунд. - Убедитесь, что ящик не переполнен - Убедитесь, что домен example-shop.ru не в чёрном списке - Добавьте noreply@example-shop.ru в контакты",296,14
stg5_v2_chunk_00016,account,rag_raw,account_login.md,ml\data\kb_stage5\raw\account_login.md,Вход в аккаунт и восстановление доступа,"[""Не приходит код подтверждения — что делать?"", ""Не приходит код подтверждения — что делать?"", ""Не приходит код подтверждения — что делать?"", ""Как изменить email аккаунта?"", ""Как изменить email аккаунта?""]","[""Шаг 4. Запросите код повторно"", ""Шаг 5. Проверьте настройки почтового ящика"", ""Шаг 6. Обратитесь в поддержку"", ""Через личный кабинет""]",Вход в аккаунт и восстановление доступа > Не приходит код подтверждения — что делать? > Шаг 4. Запросите код повторно,Вход в аккаунт и восстановление доступа > Как изменить email аккаунта? > Через личный кабинет,"# Вход в аккаунт и восстановление доступа ## Covered sections - Не приходит код подтверждения — что делать? - Как изменить email аккаунта? ## Covered subsections - Шаг 4. Запросите код повторно - Шаг 5. Проверьте настройки почтового ящика - Шаг 6. Обратитесь в поддержку - Через личный кабинет Если через 5 минут письмо не пришло, нажмите «Отправить код повторно». Повторная отправка доступна через 60 секунд. - Убедитесь, что ящик не переполнен - Убедитесь, что домен example-shop.ru не в чёрном списке - Добавьте noreply@example-shop.ru в контакты Если код не приходит после нескольких попыток: - Напишите в чат на сайте - Отправьте email на support@example-shop.ru - Позвоните: 8-800-123-45-67 При обращении укажите: - Email аккаунта - Примерную дату регистрации - Имя и фамилию, указанные в профиле --- Если вы хотите сменить email, привязанный к аккаунту: 1. Войдите в личный кабинет 2. Перейдите в раздел «Настройки профиля» 3. Нажмите «Изменить email» 4. Введите новый email 5. Подтвердите изменение кодом, отправленным на старый email 6. Подтвердите новый email кодом, отправленным на новый адрес",299,15
stg5_v2_chunk_00017,account,rag_raw,account_login.md,ml\data\kb_stage5\raw\account_login.md,Вход в аккаунт и восстановление доступа,"[""Как изменить email аккаунта?"", ""Как изменить email аккаунта?"", ""Как изменить email аккаунта?"", ""Как изменить номер телефона?"", ""Как изменить номер телефона?"", ""Как зарегистрироваться?""]","[""Через личный кабинет"", ""Важно"", ""Если нет доступа к старому email"", ""Через личный кабинет"", ""Через поддержку"", ""На сайте""]",Вход в аккаунт и восстановление доступа > Как изменить email аккаунта? > Через личный кабинет,Вход в аккаунт и восстановление доступа > Как зарегистрироваться? > На сайте,"# Вход в аккаунт и восстановление доступа ## Covered sections - Как изменить email аккаунта? - Как изменить номер телефона? - Как зарегистрироваться? ## Covered subsections - Через личный кабинет - Важно - Если нет доступа к старому email - Через поддержку - На сайте 1. Войдите в личный кабинет 2. Перейдите в раздел «Настройки профиля» 3. Нажмите «Изменить email» 4. Введите новый email 5. Подтвердите изменение кодом, отправленным на старый email 6. Подтвердите новый email кодом, отправленным на новый адрес - Нельзя сменить email, если к нему привязаны активные заказы в обработке - Новый email не должен быть привязан к другому аккаунту Обратитесь в службу поддержки. Потребуется подтверждение личности: - ФИО - номер телефона из профиля - номер любого предыдущего заказа --- 1. Войдите в аккаунт 2. Перейдите в «Настройки профиля» 3. Нажмите «Изменить телефон» 4. Введите новый номер 5. Подтвердите SMS-кодом на новый номер Если нет доступа к личному кабинету: - обратитесь в поддержку - назовите email аккаунта и номер любого заказа - новый номер будет привязан после верификации --- 1. Нажмите «Регистрация» в правом верхнем углу 2. Введите email 3. Придумайте пароль 4. Укажите имя и номер телефона 5. Подтвердите email кодом из письма",312,16
stg5_v2_chunk_00018,account,rag_raw,account_login.md,ml\data\kb_stage5\raw\account_login.md,Вход в аккаунт и восстановление доступа,"[""Как изменить номер телефона?"", ""Как зарегистрироваться?"", ""Как зарегистрироваться?"", ""Как зарегистрироваться?"", ""Проблемы с личным кабинетом"", ""Проблемы с личным кабинетом""]","[""Через поддержку"", ""На сайте"", ""В мобильном приложении"", ""Важно"", ""Личный кабинет не загружается"", ""Данные в личном кабинете отображаются некорректно""]",Вход в аккаунт и восстановление доступа > Как изменить номер телефона? > Через поддержку,Вход в аккаунт и восстановление доступа > Проблемы с личным кабинетом > Данные в личном кабинете отображаются некорректно,"# Вход в аккаунт и восстановление доступа ## Covered sections - Как изменить номер телефона? - Как зарегистрироваться? - Проблемы с личным кабинетом ## Covered subsections - Через поддержку - На сайте - В мобильном приложении - Важно - Личный кабинет не загружается - Данные в личном кабинете отображаются некорректно Если нет доступа к личному кабинету: - обратитесь в поддержку - назовите email аккаунта и номер любого заказа - новый номер будет привязан после верификации --- 1. Нажмите «Регистрация» в правом верхнем углу 2. Введите email 3. Придумайте пароль 4. Укажите имя и номер телефона 5. Подтвердите email кодом из письма 1. Откройте приложение 2. Нажмите «Создать аккаунт» 3. Заполните форму регистрации 4. Подтвердите email - На один email можно зарегистрировать только один аккаунт - После регистрации вы получите приветственные бонусные баллы --- - Очистите кэш браузера - Попробуйте другой браузер или режим «Инкогнито» - Проверьте интернет-соединение - Если проблема сохраняется, обратитесь в поддержку - Обновите страницу (F5 или Ctrl+R) - Выйдите из аккаунта и войдите снова - Если проблема не решается, обратитесь в поддержку",279,17
stg5_v2_chunk_00019,account,rag_raw,account_login.md,ml\data\kb_stage5\raw\account_login.md,Вход в аккаунт и восстановление доступа,"[""Проблемы с личным кабинетом"", ""Проблемы с личным кабинетом"", ""Проблемы с личным кабинетом"", ""FAQ"", ""FAQ""]","[""Личный кабинет не загружается"", ""Данные в личном кабинете отображаются некорректно"", ""Не вижу свои заказы"", ""Не могу войти в аккаунт, что делать?"", ""Забыл пароль, как восстановить?""]",Вход в аккаунт и восстановление доступа > Проблемы с личным кабинетом > Личный кабинет не загружается,"Вход в аккаунт и восстановление доступа > FAQ > Забыл пароль, как восстановить?","# Вход в аккаунт и восстановление доступа ## Covered sections - Проблемы с личным кабинетом - FAQ ## Covered subsections - Личный кабинет не загружается - Данные в личном кабинете отображаются некорректно - Не вижу свои заказы - Не могу войти в аккаунт, что делать? - Забыл пароль, как восстановить? - Очистите кэш браузера - Попробуйте другой браузер или режим «Инкогнито» - Проверьте интернет-соединение - Если проблема сохраняется, обратитесь в поддержку - Обновите страницу (F5 или Ctrl+R) - Выйдите из аккаунта и войдите снова - Если проблема не решается, обратитесь в поддержку - Убедитесь, что вошли в тот же аккаунт, с которого оформляли заказ - Если заказ оформлен без регистрации (как гость), он не отображается в личном кабинете — обратитесь в поддержку с номером заказа --- Проверьте правильность email и пароля. Убедитесь, что Caps Lock выключен и раскладка клавиатуры правильная. Если пароль забыт, нажмите «Забыли пароль?» на странице входа. Нажмите «Забыли пароль?» на странице входа, введите email и следуйте инструкциям. Код для сброса будет отправлен на вашу почту.",289,18
stg5_v2_chunk_00020,account,rag_raw,account_login.md,ml\data\kb_stage5\raw\account_login.md,Вход в аккаунт и восстановление доступа,"[""FAQ"", ""FAQ"", ""FAQ"", ""FAQ"", ""FAQ"", ""FAQ""]","[""Не могу войти в аккаунт, что делать?"", ""Забыл пароль, как восстановить?"", ""Код для восстановления пароля не приходит"", ""Как поменять пароль?"", ""Как поменять email?"", ""Как поменять телефон?""]","Вход в аккаунт и восстановление доступа > FAQ > Не могу войти в аккаунт, что делать?",Вход в аккаунт и восстановление доступа > FAQ > Как поменять телефон?,"# Вход в аккаунт и восстановление доступа ## Covered sections - FAQ ## Covered subsections - Не могу войти в аккаунт, что делать? - Забыл пароль, как восстановить? - Код для восстановления пароля не приходит - Как поменять пароль? - Как поменять email? - Как поменять телефон? Проверьте правильность email и пароля. Убедитесь, что Caps Lock выключен и раскладка клавиатуры правильная. Если пароль забыт, нажмите «Забыли пароль?» на странице входа. Нажмите «Забыли пароль?» на странице входа, введите email и следуйте инструкциям. Код для сброса будет отправлен на вашу почту. Проверьте папку «Спам», подождите до 5 минут, убедитесь в правильности email. Если код не приходит после нескольких попыток, обратитесь в поддержку. Войдите в личный кабинет, перейдите в «Настройки профиля», выберите «Изменить пароль». Введите текущий пароль и задайте новый. В личном кабинете перейдите в «Настройки профиля» и нажмите «Изменить email». Потребуется подтверждение через старый и новый email. В личном кабинете перейдите в «Настройки профиля» и нажмите «Изменить телефон». Новый номер потребуется подтвердить SMS-кодом.",307,19
stg5_v2_chunk_00021,account,rag_raw,account_login.md,ml\data\kb_stage5\raw\account_login.md,Вход в аккаунт и восстановление доступа,"[""FAQ"", ""FAQ"", ""FAQ"", ""FAQ"", ""FAQ""]","[""Как поменять email?"", ""Как поменять телефон?"", ""Можно ли войти без пароля?"", ""Мой аккаунт заблокирован, что делать?"", ""Как удалить аккаунт?""]",Вход в аккаунт и восстановление доступа > FAQ > Как поменять email?,Вход в аккаунт и восстановление доступа > FAQ > Как удалить аккаунт?,"# Вход в аккаунт и восстановление доступа ## Covered sections - FAQ ## Covered subsections - Как поменять email? - Как поменять телефон? - Можно ли войти без пароля? - Мой аккаунт заблокирован, что делать? - Как удалить аккаунт? В личном кабинете перейдите в «Настройки профиля» и нажмите «Изменить email». Потребуется подтверждение через старый и новый email. В личном кабинете перейдите в «Настройки профиля» и нажмите «Изменить телефон». Новый номер потребуется подтвердить SMS-кодом. Нет, для входа всегда требуется пароль. Если вы забыли пароль, воспользуйтесь функцией восстановления. Если аккаунт заблокирован после нескольких неудачных попыток входа, подождите 30 минут. Если блокировка не снимается, обратитесь в поддержку. Для удаления аккаунта обратитесь в службу поддержки. Удаление выполняется в течение 5 рабочих дней. После удаления восстановление аккаунта невозможно.",224,20
stg5_v2_chunk_00022,payment,rag_raw,payment_failures.md,ml\data\kb_stage5\raw\payment_failures.md,Проблемы с оплатой,"[""Краткий ответ"", ""Оплата не проходит — что делать?"", ""Оплата не проходит — что делать?"", ""Оплата не проходит — что делать?"", ""Оплата не проходит — что делать?""]","[""1. Проверьте данные карты"", ""2. Проверьте баланс карты"", ""3. Проверьте настройки онлайн-платежей""]",Проблемы с оплатой > Краткий ответ,Проблемы с оплатой > Оплата не проходит — что делать? > 3. Проверьте настройки онлайн-платежей,"# Проблемы с оплатой ## Covered sections - Краткий ответ - Оплата не проходит — что делать? ## Covered subsections - 1. Проверьте данные карты - 2. Проверьте баланс карты - 3. Проверьте настройки онлайн-платежей Если оплата не проходит, проверьте данные карты, баланс и настройки онлайн-платежей в банке. Если деньги списались, но заказ не создался, не паникуйте — деньги вернутся автоматически в течение 3–5 дней, либо заказ будет создан вручную после обращения в поддержку. При любых проблемах с оплатой вы можете связаться с нами через чат, email или телефон. --- Если при попытке оплатить заказ возникает ошибка, последовательно проверьте следующее: - Убедитесь, что номер карты введён без ошибок - Проверьте срок действия карты — возможно, карта истекла - Проверьте CVV/CVC-код на обратной стороне карты - Убедитесь, что имя владельца карты введено латиницей (если требуется) - Убедитесь, что на карте достаточно средств для оплаты заказа - Учитывайте, что банк может удерживать небольшую сумму для проверки карты - Некоторые банки по умолчанию отключают онлайн-платежи - Проверьте в мобильном приложении банка, включены ли интернет-платежи - Проверьте лимит на онлайн-операции — возможно, он ниже суммы заказа",305,21
stg5_v2_chunk_00023,payment,rag_raw,payment_failures.md,ml\data\kb_stage5\raw\payment_failures.md,Проблемы с оплатой,"[""Оплата не проходит — что делать?"", ""Оплата не проходит — что делать?"", ""Оплата не проходит — что делать?"", ""Оплата не проходит — что делать?"", ""Деньги списались, но заказ не создался"", ""Деньги списались, но заказ не создался""]","[""3. Проверьте настройки онлайн-платежей"", ""4. Проверьте 3D Secure"", ""5. Попробуйте другой способ оплаты"", ""6. Попробуйте позже"", ""Почему так происходит""]",Проблемы с оплатой > Оплата не проходит — что делать? > 3. Проверьте настройки онлайн-платежей,"Проблемы с оплатой > Деньги списались, но заказ не создался > Почему так происходит","# Проблемы с оплатой ## Covered sections - Оплата не проходит — что делать? - Деньги списались, но заказ не создался ## Covered subsections - 3. Проверьте настройки онлайн-платежей - 4. Проверьте 3D Secure - 5. Попробуйте другой способ оплаты - 6. Попробуйте позже - Почему так происходит - Некоторые банки по умолчанию отключают онлайн-платежи - Проверьте в мобильном приложении банка, включены ли интернет-платежи - Проверьте лимит на онлайн-операции — возможно, он ниже суммы заказа - При оплате банк может запросить подтверждение через SMS-код - Убедитесь, что номер телефона, привязанный к карте, актуален - Если SMS-код не приходит, обратитесь в свой банк Если карта не работает, попробуйте: - другую банковскую карту - СБП (Система быстрых платежей) - Apple Pay или Google Pay - оплату при получении (наложенный платёж) Иногда проблема вызвана временной недоступностью платёжной системы. Подождите 15–30 минут и попробуйте снова. --- Это одна из самых частых и тревожных ситуаций. Вот что нужно знать: - Произошёл сбой связи между банком и нашей системой - Платёж прошёл в банке, но подтверждение не дошло до нашего сервера - Это техническая ошибка, а не мошенничество",306,22
stg5_v2_chunk_00024,payment,rag_raw,payment_failures.md,ml\data\kb_stage5\raw\payment_failures.md,Проблемы с оплатой,"[""Деньги списались, но заказ не создался"", ""Деньги списались, но заказ не создался"", ""Деньги списались, но заказ не создался"", ""Деньги списались, но заказ не создался"", ""Деньги списались, но заказ не создался"", ""Деньги списались, но заказ не создался""]","[""Почему так происходит"", ""Что будет с деньгами"", ""Что нужно сделать"", ""Что сообщить в поддержку"", ""Что мы сделаем""]","Проблемы с оплатой > Деньги списались, но заказ не создался","Проблемы с оплатой > Деньги списались, но заказ не создался > Что мы сделаем","# Проблемы с оплатой ## Covered sections - Деньги списались, но заказ не создался ## Covered subsections - Почему так происходит - Что будет с деньгами - Что нужно сделать - Что сообщить в поддержку - Что мы сделаем Это одна из самых частых и тревожных ситуаций. Вот что нужно знать: - Произошёл сбой связи между банком и нашей системой - Платёж прошёл в банке, но подтверждение не дошло до нашего сервера - Это техническая ошибка, а не мошенничество - В большинстве случаев деньги возвращаются **автоматически** в течение **3–5 рабочих дней** - Иногда банк отменяет холдирование в течение нескольких часов - Деньги вернутся на ту же карту, с которой была попытка оплаты 1. **Не пытайтесь оплатить заказ повторно** сразу — это может привести к двойному списанию 2. Подождите 15–30 минут и проверьте, не появился ли заказ в личном кабинете 3. Если заказ не появился, обратитесь в поддержку - Номер заказа (если он был показан на экране) - Email, указанный при оформлении - Сумму списания - Последние 4 цифры карты - Скриншот SMS от банка о списании (если есть) - Проверим статус платежа в нашей системе - Либо создадим заказ вручную - Либо подтвердим, что деньги будут возвращены автоматически ---",306,23
stg5_v2_chunk_00025,payment,rag_raw,payment_failures.md,ml\data\kb_stage5\raw\payment_failures.md,Проблемы с оплатой,"[""Деньги списались, но заказ не создался"", ""Деньги списались, но заказ не создался"", ""Оплата зависла — экран не отвечает"", ""Оплата зависла — экран не отвечает"", ""Оплата зависла — экран не отвечает"", ""Оплата зависла — экран не отвечает"", ""Оплата зависла — экран не отвечает""]","[""Что сообщить в поддержку"", ""Что мы сделаем"", ""Что делать"", ""Если деньги списались и заказ появился"", ""Если деньги списались, но заказа нет"", ""Если деньги не списались""]","Проблемы с оплатой > Деньги списались, но заказ не создался > Что сообщить в поддержку",Проблемы с оплатой > Оплата зависла — экран не отвечает > Если деньги не списались,"# Проблемы с оплатой ## Covered sections - Деньги списались, но заказ не создался - Оплата зависла — экран не отвечает ## Covered subsections - Что сообщить в поддержку - Что мы сделаем - Что делать - Если деньги списались и заказ появился - Если деньги списались, но заказа нет - Если деньги не списались - Номер заказа (если он был показан на экране) - Email, указанный при оформлении - Сумму списания - Последние 4 цифры карты - Скриншот SMS от банка о списании (если есть) - Проверим статус платежа в нашей системе - Либо создадим заказ вручную - Либо подтвердим, что деньги будут возвращены автоматически --- Если при оплате экран завис или долго не обновляется: 1. **Не закрывайте страницу** сразу — возможно, идёт обработка 2. Подождите **2–3 минуты** 3. Если страница не обновилась, проверьте: - SMS от банка о списании — было ли списание? - Раздел «Мои заказы» — появился ли заказ? Всё в порядке, оплата прошла. Страница зависла из-за сетевого сбоя. Обратитесь в поддержку (см. раздел выше «Деньги списались, но заказ не создался»). Попробуйте оформить заказ и оплатить его заново. ---",295,24
stg5_v2_chunk_00026,payment,rag_raw,payment_failures.md,ml\data\kb_stage5\raw\payment_failures.md,Проблемы с оплатой,"[""Оплата зависла — экран не отвечает"", ""Оплата зависла — экран не отвечает"", ""Оплата зависла — экран не отвечает"", ""Ошибка банка при оплате"", ""Ошибка банка при оплате"", ""Ошибка банка при оплате""]","[""Если деньги списались и заказ появился"", ""Если деньги списались, но заказа нет"", ""Если деньги не списались"", ""Возможные причины"", ""Что делать""]",Проблемы с оплатой > Оплата зависла — экран не отвечает > Если деньги списались и заказ появился,Проблемы с оплатой > Ошибка банка при оплате > Что делать,"# Проблемы с оплатой ## Covered sections - Оплата зависла — экран не отвечает - Ошибка банка при оплате ## Covered subsections - Если деньги списались и заказ появился - Если деньги списались, но заказа нет - Если деньги не списались - Возможные причины - Что делать Всё в порядке, оплата прошла. Страница зависла из-за сетевого сбоя. Обратитесь в поддержку (см. раздел выше «Деньги списались, но заказ не создался»). Попробуйте оформить заказ и оплатить его заново. --- Если сайт показывает сообщение «Ошибка банка» или «Платёж отклонён банком»: - Банк отклонил транзакцию по внутренним правилам безопасности - Включён запрет на онлайн-платежи - Превышен суточный или месячный лимит - Карта заблокирована или истекла - Подозрение на мошенничество со стороны банка 1. Позвоните в свой банк и уточните причину отклонения 2. Попросите банк разблокировать транзакцию для нашего магазина 3. Попробуйте оплатить другой картой или другим способом 4. Если проблема повторяется с разными картами, обратитесь в нашу поддержку ---",263,25
stg5_v2_chunk_00027,payment,rag_raw,payment_failures.md,ml\data\kb_stage5\raw\payment_failures.md,Проблемы с оплатой,"[""Ошибка банка при оплате"", ""Когда вернутся деньги за неудачную оплату?"", ""Когда вернутся деньги за неудачную оплату?"", ""Когда вернутся деньги за неудачную оплату?""]","[""Что делать"", ""Стандартные сроки"", ""От чего зависит скорость"", ""Если прошло более 10 рабочих дней""]",Проблемы с оплатой > Ошибка банка при оплате > Что делать,Проблемы с оплатой > Когда вернутся деньги за неудачную оплату? > Если прошло более 10 рабочих дней,"# Проблемы с оплатой ## Covered sections - Ошибка банка при оплате - Когда вернутся деньги за неудачную оплату? ## Covered subsections - Что делать - Стандартные сроки - От чего зависит скорость - Если прошло более 10 рабочих дней 1. Позвоните в свой банк и уточните причину отклонения 2. Попросите банк разблокировать транзакцию для нашего магазина 3. Попробуйте оплатить другой картой или другим способом 4. Если проблема повторяется с разными картами, обратитесь в нашу поддержку --- - Автоматический возврат холдирования: **от нескольких часов до 3 дней** - Принудительный возврат через нашу систему: **до 5 рабочих дней** - Возврат через банк: **до 10 рабочих дней** - От вашего банка (разные банки обрабатывают возвраты с разной скоростью) - От типа операции (холд vs полное списание) - От платёжной системы (Visa, MasterCard, МИР) Обратитесь в поддержку с подтверждением списания (выписка из банка или скриншот SMS). Мы проверим статус возврата и при необходимости инициируем повторный возврат. ---",243,26
stg5_v2_chunk_00028,payment,rag_raw,payment_failures.md,ml\data\kb_stage5\raw\payment_failures.md,Проблемы с оплатой,"[""Когда вернутся деньги за неудачную оплату?"", ""Когда вернутся деньги за неудачную оплату?"", ""Как проверить статус оплаты?"", ""Как проверить статус оплаты?"", ""Двойное списание — что делать?""]","[""От чего зависит скорость"", ""Если прошло более 10 рабочих дней"", ""В личном кабинете"", ""Через банк""]",Проблемы с оплатой > Когда вернутся деньги за неудачную оплату? > От чего зависит скорость,Проблемы с оплатой > Двойное списание — что делать?,"# Проблемы с оплатой ## Covered sections - Когда вернутся деньги за неудачную оплату? - Как проверить статус оплаты? - Двойное списание — что делать? ## Covered subsections - От чего зависит скорость - Если прошло более 10 рабочих дней - В личном кабинете - Через банк - От вашего банка (разные банки обрабатывают возвраты с разной скоростью) - От типа операции (холд vs полное списание) - От платёжной системы (Visa, MasterCard, МИР) Обратитесь в поддержку с подтверждением списания (выписка из банка или скриншот SMS). Мы проверим статус возврата и при необходимости инициируем повторный возврат. --- 1. Перейдите в раздел «Мои заказы» 2. Откройте карточку заказа 3. Статус оплаты отображается рядом со статусом заказа: - **Оплачен** — оплата прошла успешно - **Ожидает оплаты** — заказ создан, но оплата ещё не получена - **Ошибка оплаты** — платёж не прошёл, требуется повторная попытка - **Возврат** — инициирован возврат денежных средств - Проверьте историю операций в мобильном приложении банка - Если видите операцию со статусом «Холдирование», деньги ещё не списаны окончательно и могут быть возвращены автоматически --- Если деньги списались дважды за один заказ:",297,27
stg5_v2_chunk_00029,payment,rag_raw,payment_failures.md,ml\data\kb_stage5\raw\payment_failures.md,Проблемы с оплатой,"[""Как проверить статус оплаты?"", ""Двойное списание — что делать?"", ""Двойное списание — что делать?"", ""Двойное списание — что делать?"", ""Двойное списание — что делать?"", ""Безопасно ли оплачивать на сайте?""]","[""Через банк"", ""Почему так бывает"", ""Что делать"", ""Сроки возврата второго списания""]",Проблемы с оплатой > Как проверить статус оплаты? > Через банк,Проблемы с оплатой > Безопасно ли оплачивать на сайте?,"# Проблемы с оплатой ## Covered sections - Как проверить статус оплаты? - Двойное списание — что делать? - Безопасно ли оплачивать на сайте? ## Covered subsections - Через банк - Почему так бывает - Что делать - Сроки возврата второго списания - Проверьте историю операций в мобильном приложении банка - Если видите операцию со статусом «Холдирование», деньги ещё не списаны окончательно и могут быть возвращены автоматически --- Если деньги списались дважды за один заказ: - Вы случайно нажали кнопку «Оплатить» дважды - Произошёл технический сбой, и повторный запрос обработался как новый платёж - Банк провёл два холдирования 1. **Не паникуйте** — в большинстве случаев одно из списаний отменяется автоматически 2. Проверьте, не создалось ли два заказа в личном кабинете 3. Если создался только один заказ, второе списание вернётся автоматически 4. Если создалось два заказа, отмените лишний через личный кабинет или поддержку 5. Обратитесь в поддержку с информацией о двойном списании - Обычно: 3–5 рабочих дней - Максимум: до 10 рабочих дней --- Да, оплата на нашем сайте безопасна.",269,28
stg5_v2_chunk_00030,payment,rag_raw,payment_failures.md,ml\data\kb_stage5\raw\payment_failures.md,Проблемы с оплатой,"[""Двойное списание — что делать?"", ""Двойное списание — что делать?"", ""Безопасно ли оплачивать на сайте?"", ""Безопасно ли оплачивать на сайте?"", ""FAQ""]","[""Что делать"", ""Сроки возврата второго списания"", ""Как мы защищаем ваши данные"", ""Оплата не проходит, что делать?""]",Проблемы с оплатой > Двойное списание — что делать? > Что делать,"Проблемы с оплатой > FAQ > Оплата не проходит, что делать?","# Проблемы с оплатой ## Covered sections - Двойное списание — что делать? - Безопасно ли оплачивать на сайте? - FAQ ## Covered subsections - Что делать - Сроки возврата второго списания - Как мы защищаем ваши данные - Оплата не проходит, что делать? 1. **Не паникуйте** — в большинстве случаев одно из списаний отменяется автоматически 2. Проверьте, не создалось ли два заказа в личном кабинете 3. Если создался только один заказ, второе списание вернётся автоматически 4. Если создалось два заказа, отмените лишний через личный кабинет или поддержку 5. Обратитесь в поддержку с информацией о двойном списании - Обычно: 3–5 рабочих дней - Максимум: до 10 рабочих дней --- Да, оплата на нашем сайте безопасна. - Все платежи проходят через защищённое SSL-соединение - Данные вашей карты **не сохраняются** на наших серверах - Мы используем сертифицированную платёжную систему, соответствующую стандарту **PCI DSS** - Все операции подтверждаются через 3D Secure (SMS-код от банка) --- Проверьте данные карты, баланс и настройки онлайн-платежей в банке. Попробуйте другую карту или другой способ оплаты. Если ничего не помогает, обратитесь в поддержку.",286,29
stg5_v2_chunk_00031,payment,rag_raw,payment_failures.md,ml\data\kb_stage5\raw\payment_failures.md,Проблемы с оплатой,"[""Безопасно ли оплачивать на сайте?"", ""FAQ"", ""FAQ"", ""FAQ"", ""FAQ""]","[""Как мы защищаем ваши данные"", ""Оплата не проходит, что делать?"", ""Деньги списались, а заказ не создался"", ""Когда вернут деньги за неудачную оплату?"", ""Почему банк отклоняет оплату?""]",Проблемы с оплатой > Безопасно ли оплачивать на сайте? > Как мы защищаем ваши данные,Проблемы с оплатой > FAQ > Почему банк отклоняет оплату?,"# Проблемы с оплатой ## Covered sections - Безопасно ли оплачивать на сайте? - FAQ ## Covered subsections - Как мы защищаем ваши данные - Оплата не проходит, что делать? - Деньги списались, а заказ не создался - Когда вернут деньги за неудачную оплату? - Почему банк отклоняет оплату? - Все платежи проходят через защищённое SSL-соединение - Данные вашей карты **не сохраняются** на наших серверах - Мы используем сертифицированную платёжную систему, соответствующую стандарту **PCI DSS** - Все операции подтверждаются через 3D Secure (SMS-код от банка) --- Проверьте данные карты, баланс и настройки онлайн-платежей в банке. Попробуйте другую карту или другой способ оплаты. Если ничего не помогает, обратитесь в поддержку. Не пытайтесь оплатить повторно. Подождите 15–30 минут. Если заказ не появился, обратитесь в поддержку. Деньги вернутся автоматически в течение 3–5 дней, либо заказ будет создан вручную. Обычно возврат происходит автоматически в течение 3–5 рабочих дней. Максимальный срок — до 10 рабочих дней. Банк может отклонить платёж из-за отключённых онлайн-платежей, превышения лимита, блокировки карты или подозрения на мошенничество. Позвоните в свой банк для уточнения.",303,30
stg5_v2_chunk_00032,payment,rag_raw,payment_failures.md,ml\data\kb_stage5\raw\payment_failures.md,Проблемы с оплатой,"[""FAQ"", ""FAQ"", ""FAQ"", ""FAQ"", ""FAQ""]","[""Почему банк отклоняет оплату?"", ""Оплата зависла, что делать?"", ""Можно ли оплатить заказ другим способом, если карта не работает?"", ""Списали деньги дважды, что делать?"", ""Как убедиться, что сайт безопасен для оплаты?""]",Проблемы с оплатой > FAQ > Почему банк отклоняет оплату?,"Проблемы с оплатой > FAQ > Как убедиться, что сайт безопасен для оплаты?","# Проблемы с оплатой ## Covered sections - FAQ ## Covered subsections - Почему банк отклоняет оплату? - Оплата зависла, что делать? - Можно ли оплатить заказ другим способом, если карта не работает? - Списали деньги дважды, что делать? - Как убедиться, что сайт безопасен для оплаты? Банк может отклонить платёж из-за отключённых онлайн-платежей, превышения лимита, блокировки карты или подозрения на мошенничество. Позвоните в свой банк для уточнения. Не закрывайте страницу, подождите 2–3 минуты. Затем проверьте SMS от банка и раздел «Мои заказы». Если деньги списались, а заказа нет — обратитесь в поддержку. Да, вы можете использовать СБП, Apple Pay, Google Pay или оплату при получении (наложенный платёж). Проверьте, не создалось ли два заказа. Если заказ один, второе списание вернётся автоматически в течение 3–5 дней. Обратитесь в поддержку, если возврат не произошёл. Наш сайт использует SSL-шифрование, сертифицирован по PCI DSS, не хранит данные карт и поддерживает 3D Secure.",265,31
stg5_v2_chunk_00033,delivery,rag_raw,delivery_tracking.md,ml\data\kb_stage5\raw\delivery_tracking.md,Отслеживание доставки и решение проблем с доставкой,"[""Краткий ответ"", ""Где найти трек-номер?"", ""Где найти трек-номер?"", ""Где найти трек-номер?"", ""Где найти трек-номер?""]","[""В личном кабинете"", ""В уведомлениях"", ""Когда появляется трек-номер""]",Отслеживание доставки и решение проблем с доставкой > Краткий ответ,Отслеживание доставки и решение проблем с доставкой > Где найти трек-номер? > Когда появляется трек-номер,"# Отслеживание доставки и решение проблем с доставкой ## Covered sections - Краткий ответ - Где найти трек-номер? ## Covered subsections - В личном кабинете - В уведомлениях - Когда появляется трек-номер После отправки заказа вы получите трек-номер по SMS, email и в личном кабинете. Отследить посылку можно на сайте транспортной компании или в разделе «Мои заказы». Если посылка не движется, курьер не приехал или возникли другие проблемы с доставкой, обратитесь в службу поддержки с номером заказа и трек-номером. --- Трек-номер доступен в нескольких местах: 1. Войдите в личный кабинет 2. Перейдите в раздел «Мои заказы» 3. Откройте карточку нужного заказа 4. Трек-номер отображается в блоке «Доставка» После отправки заказа трек-номер приходит: - в SMS на номер телефона из профиля - в email-уведомлении - в push-уведомлении мобильного приложения - Обычно в течение 24 часов после смены статуса на «Передан в доставку» - В редких случаях — до 48 часов - Если через 48 часов трек-номер не появился, обратитесь в поддержку ---",282,32
stg5_v2_chunk_00034,delivery,rag_raw,delivery_tracking.md,ml\data\kb_stage5\raw\delivery_tracking.md,Отслеживание доставки и решение проблем с доставкой,"[""Где найти трек-номер?"", ""Где найти трек-номер?"", ""Как отследить доставку?"", ""Как отследить доставку?"", ""Как отследить доставку?""]","[""В уведомлениях"", ""Когда появляется трек-номер"", ""На сайте транспортной компании"", ""В личном кабинете"", ""В мобильном приложении""]",Отслеживание доставки и решение проблем с доставкой > Где найти трек-номер? > В уведомлениях,Отслеживание доставки и решение проблем с доставкой > Как отследить доставку? > В мобильном приложении,"# Отслеживание доставки и решение проблем с доставкой ## Covered sections - Где найти трек-номер? - Как отследить доставку? ## Covered subsections - В уведомлениях - Когда появляется трек-номер - На сайте транспортной компании - В личном кабинете - В мобильном приложении После отправки заказа трек-номер приходит: - в SMS на номер телефона из профиля - в email-уведомлении - в push-уведомлении мобильного приложения - Обычно в течение 24 часов после смены статуса на «Передан в доставку» - В редких случаях — до 48 часов - Если через 48 часов трек-номер не появился, обратитесь в поддержку --- 1. Скопируйте трек-номер из личного кабинета 2. Перейдите на сайт транспортной компании: - СДЭК: cdek.ru/tracking - Почта России: pochta.ru/tracking 3. Введите трек-номер в поле отслеживания 4. Система покажет текущее местоположение и историю перемещения посылки В карточке заказа доступна краткая информация о статусе доставки. Для подробной истории перемещений рекомендуем сайт транспортной компании. Откройте карточку заказа в приложении — там отображается текущий статус доставки и ссылка на отслеживание. ---",294,33
stg5_v2_chunk_00035,delivery,rag_raw,delivery_tracking.md,ml\data\kb_stage5\raw\delivery_tracking.md,Отслеживание доставки и решение проблем с доставкой,"[""Как отследить доставку?"", ""Как отследить доставку?"", ""Посылка не движется — почему?"", ""Посылка не движется — почему?""]","[""В личном кабинете"", ""В мобильном приложении"", ""Возможные причины""]",Отслеживание доставки и решение проблем с доставкой > Как отследить доставку? > В личном кабинете,Отслеживание доставки и решение проблем с доставкой > Посылка не движется — почему? > Возможные причины,"# Отслеживание доставки и решение проблем с доставкой ## Covered sections - Как отследить доставку? - Посылка не движется — почему? ## Covered subsections - В личном кабинете - В мобильном приложении - Возможные причины В карточке заказа доступна краткая информация о статусе доставки. Для подробной истории перемещений рекомендуем сайт транспортной компании. Откройте карточку заказа в приложении — там отображается текущий статус доставки и ссылка на отслеживание. --- Если трек-номер показывает, что посылка не перемещается уже несколько дней: - **Логистическая задержка**: перегрузка сортировочного центра, особенно в период распродаж и праздников - **Погодные условия**: плохая погода может задержать доставку в отдалённые регионы - **Ожидание консолидации**: транспортная компания может ждать набора партии для отправки в ваш регион - **Задержка обновления трекинга**: иногда данные отслеживания обновляются с опозданием на 1–3 дня - **Таможенное оформление**: для международных доставок (Беларусь, Казахстан) возможна задержка на таможне",272,34
stg5_v2_chunk_00036,delivery,rag_raw,delivery_tracking.md,ml\data\kb_stage5\raw\delivery_tracking.md,Отслеживание доставки и решение проблем с доставкой,"[""Посылка не движется — почему?"", ""Посылка не движется — почему?"", ""Посылка не движется — почему?"", ""Можно ли изменить адрес доставки?""]","[""Возможные причины"", ""Что делать"", ""Что мы сделаем"", ""До отправки заказа""]",Отслеживание доставки и решение проблем с доставкой > Посылка не движется — почему? > Возможные причины,Отслеживание доставки и решение проблем с доставкой > Можно ли изменить адрес доставки? > До отправки заказа,"# Отслеживание доставки и решение проблем с доставкой ## Covered sections - Посылка не движется — почему? - Можно ли изменить адрес доставки? ## Covered subsections - Возможные причины - Что делать - Что мы сделаем - До отправки заказа - **Логистическая задержка**: перегрузка сортировочного центра, особенно в период распродаж и праздников - **Погодные условия**: плохая погода может задержать доставку в отдалённые регионы - **Ожидание консолидации**: транспортная компания может ждать набора партии для отправки в ваш регион - **Задержка обновления трекинга**: иногда данные отслеживания обновляются с опозданием на 1–3 дня - **Таможенное оформление**: для международных доставок (Беларусь, Казахстан) возможна задержка на таможне 1. Подождите 3–5 дней — часто статус обновляется с задержкой 2. Проверьте трекинг на сайте транспортной компании (не только в нашей системе) 3. Если посылка не движется более 7 дней, обратитесь в поддержку - Свяжемся с транспортной компанией - Уточним местонахождение посылки - Сообщим вам результат в течение 1–2 рабочих дней --- Да, адрес можно изменить: - через личный кабинет в разделе «Мои заказы» - через службу поддержки",304,35
stg5_v2_chunk_00037,delivery,rag_raw,delivery_tracking.md,ml\data\kb_stage5\raw\delivery_tracking.md,Отслеживание доставки и решение проблем с доставкой,"[""Посылка не движется — почему?"", ""Можно ли изменить адрес доставки?"", ""Можно ли изменить адрес доставки?"", ""Можно ли изменить адрес доставки?"", ""Можно ли изменить дату или время доставки?"", ""Можно ли изменить дату или время доставки?""]","[""Что мы сделаем"", ""До отправки заказа"", ""После отправки заказа"", ""Как запросить изменение"", ""Курьерская доставка СДЭК"", ""Почта России""]",Отслеживание доставки и решение проблем с доставкой > Посылка не движется — почему? > Что мы сделаем,Отслеживание доставки и решение проблем с доставкой > Можно ли изменить дату или время доставки? > Почта России,"# Отслеживание доставки и решение проблем с доставкой ## Covered sections - Посылка не движется — почему? - Можно ли изменить адрес доставки? - Можно ли изменить дату или время доставки? ## Covered subsections - Что мы сделаем - До отправки заказа - После отправки заказа - Как запросить изменение - Курьерская доставка СДЭК - Почта России - Свяжемся с транспортной компанией - Уточним местонахождение посылки - Сообщим вам результат в течение 1–2 рабочих дней --- Да, адрес можно изменить: - через личный кабинет в разделе «Мои заказы» - через службу поддержки Изменение возможно, но с ограничениями: - нужно связаться с транспортной компанией через нашу поддержку - может потребоваться доплата за перенаправление - не все транспортные компании поддерживают изменение адреса в пути 1. Обратитесь в поддержку как можно раньше 2. Сообщите номер заказа и новый адрес доставки 3. Мы проверим возможность изменения и сообщим результат --- - Дату и временной интервал можно изменить до момента выезда курьера - Обратитесь в поддержку с номером заказа и желаемой датой и временем - Доступные интервалы: 10:00–14:00, 14:00–18:00, 18:00–22:00 - Дату доставки изменить нельзя — посылка поступает в отделение по стандартному маршруту - Можно только дождаться уведомления о поступлении и забрать в удобное время",308,36
stg5_v2_chunk_00038,delivery,rag_raw,delivery_tracking.md,ml\data\kb_stage5\raw\delivery_tracking.md,Отслеживание доставки и решение проблем с доставкой,"[""Можно ли изменить дату или время доставки?"", ""Можно ли изменить дату или время доставки?"", ""Можно ли изменить дату или время доставки?"", ""Курьер не приехал — что делать?"", ""Курьер не приехал — что делать?"", ""Курьер не приехал — что делать?"", ""Курьер не приехал — что делать?""]","[""Курьерская доставка СДЭК"", ""Почта России"", ""Самовывоз из пункта выдачи"", ""Шаг 1. Проверьте статус заказа"", ""Шаг 2. Проверьте контактные данные"", ""Шаг 3. Подождите до конца дня""]",Отслеживание доставки и решение проблем с доставкой > Можно ли изменить дату или время доставки? > Курьерская доставка СДЭК,Отслеживание доставки и решение проблем с доставкой > Курьер не приехал — что делать? > Шаг 3. Подождите до конца дня,"# Отслеживание доставки и решение проблем с доставкой ## Covered sections - Можно ли изменить дату или время доставки? - Курьер не приехал — что делать? ## Covered subsections - Курьерская доставка СДЭК - Почта России - Самовывоз из пункта выдачи - Шаг 1. Проверьте статус заказа - Шаг 2. Проверьте контактные данные - Шаг 3. Подождите до конца дня - Дату и временной интервал можно изменить до момента выезда курьера - Обратитесь в поддержку с номером заказа и желаемой датой и временем - Доступные интервалы: 10:00–14:00, 14:00–18:00, 18:00–22:00 - Дату доставки изменить нельзя — посылка поступает в отделение по стандартному маршруту - Можно только дождаться уведомления о поступлении и забрать в удобное время - Забрать заказ можно в любое время в часы работы пункта выдачи - Срок хранения: до 7 дней бесплатно --- Если курьер не приехал в назначенный день или интервал: Убедитесь, что статус заказа действительно «Готов к доставке» или «В пути». Иногда доставка переносится автоматически. Убедитесь, что номер телефона в профиле актуален — курьер мог не дозвониться. Иногда курьер задерживается из-за пробок или большого количества доставок. Интервал может сдвинуться на 30–60 минут.",299,37
stg5_v2_chunk_00039,delivery,rag_raw,delivery_tracking.md,ml\data\kb_stage5\raw\delivery_tracking.md,Отслеживание доставки и решение проблем с доставкой,"[""Курьер не приехал — что делать?"", ""Курьер не приехал — что делать?"", ""Курьер не приехал — что делать?"", ""Курьер не приехал — что делать?"", ""Посылка повреждена при доставке"", ""Посылка повреждена при доставке""]","[""Шаг 2. Проверьте контактные данные"", ""Шаг 3. Подождите до конца дня"", ""Шаг 4. Обратитесь в поддержку"", ""Повторная доставка"", ""При курьерской доставке""]",Отслеживание доставки и решение проблем с доставкой > Курьер не приехал — что делать? > Шаг 2. Проверьте контактные данные,Отслеживание доставки и решение проблем с доставкой > Посылка повреждена при доставке > При курьерской доставке,"# Отслеживание доставки и решение проблем с доставкой ## Covered sections - Курьер не приехал — что делать? - Посылка повреждена при доставке ## Covered subsections - Шаг 2. Проверьте контактные данные - Шаг 3. Подождите до конца дня - Шаг 4. Обратитесь в поддержку - Повторная доставка - При курьерской доставке Убедитесь, что номер телефона в профиле актуален — курьер мог не дозвониться. Иногда курьер задерживается из-за пробок или большого количества доставок. Интервал может сдвинуться на 30–60 минут. Если курьер не приехал до конца рабочего дня: - Напишите в чат на сайте - Позвоните: 8-800-123-45-67 - Мы свяжемся с транспортной компанией и назначим повторную доставку - Повторная доставка бесплатна - Обычно назначается на следующий рабочий день - Вы можете выбрать удобный интервал --- Если при получении вы обнаружили, что посылка повреждена: 1. Осмотрите упаковку при курьере 2. Если видны повреждения, **откройте при курьере** и проверьте содержимое 3. Если товар повреждён: - откажитесь от получения - составьте акт с курьером - сообщите в нашу поддержку 4. Если повреждена только упаковка, а товар цел — можно принять заказ",303,38
stg5_v2_chunk_00040,delivery,rag_raw,delivery_tracking.md,ml\data\kb_stage5\raw\delivery_tracking.md,Отслеживание доставки и решение проблем с доставкой,"[""Посылка повреждена при доставке"", ""Посылка повреждена при доставке"", ""Посылка повреждена при доставке"", ""Получил не тот товар"", ""Получил не тот товар""]","[""При курьерской доставке"", ""При получении в пункте выдачи или на почте"", ""Что мы сделаем"", ""Что делать""]",Отслеживание доставки и решение проблем с доставкой > Посылка повреждена при доставке > При курьерской доставке,Отслеживание доставки и решение проблем с доставкой > Получил не тот товар > Что делать,"# Отслеживание доставки и решение проблем с доставкой ## Covered sections - Посылка повреждена при доставке - Получил не тот товар ## Covered subsections - При курьерской доставке - При получении в пункте выдачи или на почте - Что мы сделаем - Что делать 1. Осмотрите упаковку при курьере 2. Если видны повреждения, **откройте при курьере** и проверьте содержимое 3. Если товар повреждён: - откажитесь от получения - составьте акт с курьером - сообщите в нашу поддержку 4. Если повреждена только упаковка, а товар цел — можно принять заказ 1. Осмотрите упаковку до подписания документов 2. При обнаружении повреждений попросите сотрудника составить акт 3. Сфотографируйте повреждения 4. Обратитесь в нашу поддержку с фото и номером заказа - Организуем замену товара или возврат денег - Компенсируем стоимость обратной доставки - Рассмотрим обращение в течение 1–2 рабочих дней --- Если в посылке оказался не тот товар, который вы заказывали: 1. Сфотографируйте полученный товар и этикетку на упаковке 2. Не выбрасывайте упаковку 3. Обратитесь в поддержку с номером заказа и фотографиями 4. Мы организуем: - бесплатный забор неправильного товара курьером - отправку правильного товара - или возврат денег (по вашему выбору)",318,39
stg5_v2_chunk_00041,delivery,rag_raw,delivery_tracking.md,ml\data\kb_stage5\raw\delivery_tracking.md,Отслеживание доставки и решение проблем с доставкой,"[""Получил не тот товар"", ""Получил не тот товар"", ""FAQ"", ""FAQ"", ""FAQ""]","[""Что делать"", ""Сроки решения"", ""Где трек-номер моего заказа?"", ""Как отследить посылку?"", ""Почему посылка не движется?""]",Отслеживание доставки и решение проблем с доставкой > Получил не тот товар > Что делать,Отслеживание доставки и решение проблем с доставкой > FAQ > Почему посылка не движется?,"# Отслеживание доставки и решение проблем с доставкой ## Covered sections - Получил не тот товар - FAQ ## Covered subsections - Что делать - Сроки решения - Где трек-номер моего заказа? - Как отследить посылку? - Почему посылка не движется? 1. Сфотографируйте полученный товар и этикетку на упаковке 2. Не выбрасывайте упаковку 3. Обратитесь в поддержку с номером заказа и фотографиями 4. Мы организуем: - бесплатный забор неправильного товара курьером - отправку правильного товара - или возврат денег (по вашему выбору) - Рассмотрение: 1–2 рабочих дня - Отправка правильного товара: 1–3 рабочих дня после подтверждения - Возврат денег: до 10 рабочих дней --- Трек-номер доступен в личном кабинете в карточке заказа. Также он приходит в SMS и email после отправки заказа. Обычно трек-номер появляется в течение 24–48 часов после передачи заказа в доставку. Скопируйте трек-номер из личного кабинета и введите его на сайте транспортной компании (СДЭК или Почта России). Возможны логистические задержки, задержка обновления трекинга или погодные условия. Подождите 3–5 дней. Если посылка не двигается более 7 дней, обратитесь в поддержку.",311,40
stg5_v2_chunk_00042,delivery,rag_raw,delivery_tracking.md,ml\data\kb_stage5\raw\delivery_tracking.md,Отслеживание доставки и решение проблем с доставкой,"[""FAQ"", ""FAQ"", ""FAQ"", ""FAQ"", ""FAQ"", ""FAQ""]","[""Как отследить посылку?"", ""Почему посылка не движется?"", ""Можно ли поменять адрес доставки после отправки?"", ""Курьер не приехал, что делать?"", ""Посылка пришла повреждённой, что делать?"", ""Получил не тот товар, что делать?""]",Отслеживание доставки и решение проблем с доставкой > FAQ > Как отследить посылку?,"Отслеживание доставки и решение проблем с доставкой > FAQ > Получил не тот товар, что делать?","# Отслеживание доставки и решение проблем с доставкой ## Covered sections - FAQ ## Covered subsections - Как отследить посылку? - Почему посылка не движется? - Можно ли поменять адрес доставки после отправки? - Курьер не приехал, что делать? - Посылка пришла повреждённой, что делать? - Получил не тот товар, что делать? Скопируйте трек-номер из личного кабинета и введите его на сайте транспортной компании (СДЭК или Почта России). Возможны логистические задержки, задержка обновления трекинга или погодные условия. Подождите 3–5 дней. Если посылка не двигается более 7 дней, обратитесь в поддержку. Это возможно, но зависит от транспортной компании. Обратитесь в поддержку как можно раньше. Может потребоваться доплата. Проверьте статус заказа и контактные данные. Если курьер не приехал до конца дня, обратитесь в поддержку — мы назначим повторную бесплатную доставку. Сфотографируйте повреждения, не выбрасывайте упаковку и обратитесь в поддержку с номером заказа и фотографиями. Мы организуем замену или возврат. Сфотографируйте полученный товар и обратитесь в поддержку. Мы организуем забор неправильного товара и отправку нужного или оформим возврат денег.",304,41
stg5_v2_chunk_00043,delivery,rag_raw,delivery_tracking.md,ml\data\kb_stage5\raw\delivery_tracking.md,Отслеживание доставки и решение проблем с доставкой,"[""FAQ"", ""FAQ"", ""FAQ"", ""FAQ""]","[""Посылка пришла повреждённой, что делать?"", ""Получил не тот товар, что делать?"", ""Можно ли перенести дату доставки?"", ""Сколько хранится заказ в пункте выдачи?""]","Отслеживание доставки и решение проблем с доставкой > FAQ > Посылка пришла повреждённой, что делать?",Отслеживание доставки и решение проблем с доставкой > FAQ > Сколько хранится заказ в пункте выдачи?,"# Отслеживание доставки и решение проблем с доставкой ## Covered sections - FAQ ## Covered subsections - Посылка пришла повреждённой, что делать? - Получил не тот товар, что делать? - Можно ли перенести дату доставки? - Сколько хранится заказ в пункте выдачи? Сфотографируйте повреждения, не выбрасывайте упаковку и обратитесь в поддержку с номером заказа и фотографиями. Мы организуем замену или возврат. Сфотографируйте полученный товар и обратитесь в поддержку. Мы организуем забор неправильного товара и отправку нужного или оформим возврат денег. Да, для курьерской доставки СДЭК можно изменить дату и интервал до выезда курьера. Обратитесь в поддержку. Заказ хранится в пункте выдачи СДЭК бесплатно до 7 дней. После этого заказ возвращается на склад.",196,42
stg5_v2_chunk_00044,technical_support,rag_raw,site_issues.md,ml\data\kb_stage5\raw\site_issues.md,Технические проблемы с сайтом и приложением,"[""Краткий ответ"", ""Сайт не открывается — что делать?"", ""Сайт не открывается — что делать?"", ""Сайт не открывается — что делать?"", ""Сайт не открывается — что делать?"", ""Сайт не открывается — что делать?""]","[""Шаг 1. Проверьте интернет-соединение"", ""Шаг 2. Попробуйте другой браузер"", ""Шаг 3. Очистите кэш браузера"", ""Шаг 4. Проверьте статус сайта""]",Технические проблемы с сайтом и приложением > Краткий ответ,Технические проблемы с сайтом и приложением > Сайт не открывается — что делать? > Шаг 4. Проверьте статус сайта,"# Технические проблемы с сайтом и приложением ## Covered sections - Краткий ответ - Сайт не открывается — что делать? ## Covered subsections - Шаг 1. Проверьте интернет-соединение - Шаг 2. Попробуйте другой браузер - Шаг 3. Очистите кэш браузера - Шаг 4. Проверьте статус сайта Если сайт или приложение не работает, попробуйте обновить страницу, очистить кэш браузера или перезапустить приложение. Если проблема сохраняется, попробуйте другой браузер или устройство. При массовых сбоях мы публикуем информацию в Telegram-канале и на странице магазина в социальных сетях. Если ничего не помогает, обратитесь в службу поддержки. --- Если сайт не загружается вообще: - Откройте любой другой сайт (например, google.com) - Если другие сайты тоже не открываются — проблема в вашем интернете - Перезагрузите роутер или переключитесь на мобильный интернет - Если сайт не открывается в Chrome, попробуйте Firefox, Edge или Safari - Попробуйте режим «Инкогнито» (Ctrl+Shift+N в Chrome) - Chrome: Настройки → Конфиденциальность → Очистить данные просмотра - Firefox: Настройки → Приватность → Удалить данные - После очистки перезагрузите страницу - Возможно, на сайте проводятся технические работы - Проверьте наш Telegram-канал или социальные сети — мы публикуем информацию о плановых работах и сбоях",317,43
stg5_v2_chunk_00045,technical_support,rag_raw,site_issues.md,ml\data\kb_stage5\raw\site_issues.md,Технические проблемы с сайтом и приложением,"[""Сайт не открывается — что делать?"", ""Сайт не открывается — что делать?"", ""Сайт не открывается — что делать?"", ""Страницы загружаются медленно"", ""Страницы загружаются медленно"", ""Страницы загружаются медленно"", ""Страницы загружаются медленно""]","[""Шаг 3. Очистите кэш браузера"", ""Шаг 4. Проверьте статус сайта"", ""Шаг 5. Подождите и попробуйте позже"", ""Возможные причины на вашей стороне"", ""Что можно сделать"", ""Возможные причины на нашей стороне""]",Технические проблемы с сайтом и приложением > Сайт не открывается — что делать? > Шаг 3. Очистите кэш браузера,Технические проблемы с сайтом и приложением > Страницы загружаются медленно > Возможные причины на нашей стороне,"# Технические проблемы с сайтом и приложением ## Covered sections - Сайт не открывается — что делать? - Страницы загружаются медленно ## Covered subsections - Шаг 3. Очистите кэш браузера - Шаг 4. Проверьте статус сайта - Шаг 5. Подождите и попробуйте позже - Возможные причины на вашей стороне - Что можно сделать - Возможные причины на нашей стороне - Chrome: Настройки → Конфиденциальность → Очистить данные просмотра - Firefox: Настройки → Приватность → Удалить данные - После очистки перезагрузите страницу - Возможно, на сайте проводятся технические работы - Проверьте наш Telegram-канал или социальные сети — мы публикуем информацию о плановых работах и сбоях - Если проблема на нашей стороне, мы работаем над её устранением - Обычно технические работы длятся не более 1–2 часов --- Если сайт открывается, но работает очень медленно: - Медленное интернет-соединение - Много открытых вкладок в браузере - Устаревшая версия браузера - Блокировщик рекламы конфликтует с сайтом 1. Закройте лишние вкладки 2. Обновите браузер до последней версии 3. Временно отключите блокировщик рекламы 4. Попробуйте другой браузер 5. Перезагрузите устройство - Высокая нагрузка в период распродаж и акций - Технические работы Если проблема сохраняется, обратитесь в поддержку. ---",307,44
stg5_v2_chunk_00046,technical_support,rag_raw,site_issues.md,ml\data\kb_stage5\raw\site_issues.md,Технические проблемы с сайтом и приложением,"[""Страницы загружаются медленно"", ""Страницы загружаются медленно"", ""Не работает корзина"", ""Не работает корзина"", ""Не работает оформление заказа""]","[""Что можно сделать"", ""Возможные причины на нашей стороне"", ""Возможные проблемы и решения""]",Технические проблемы с сайтом и приложением > Страницы загружаются медленно > Что можно сделать,Технические проблемы с сайтом и приложением > Не работает оформление заказа,"# Технические проблемы с сайтом и приложением ## Covered sections - Страницы загружаются медленно - Не работает корзина - Не работает оформление заказа ## Covered subsections - Что можно сделать - Возможные причины на нашей стороне - Возможные проблемы и решения 1. Закройте лишние вкладки 2. Обновите браузер до последней версии 3. Временно отключите блокировщик рекламы 4. Попробуйте другой браузер 5. Перезагрузите устройство - Высокая нагрузка в период распродаж и акций - Технические работы Если проблема сохраняется, обратитесь в поддержку. --- Если не удаётся добавить товар в корзину или корзина отображается некорректно: #### Товар не добавляется в корзину - Товар может быть распродан — проверьте статус наличия на странице товара - Очистите кэш браузера и попробуйте снова - Попробуйте другой браузер #### Корзина показывает неправильное количество товаров - Обновите страницу (F5 или Ctrl+R) - Выйдите из аккаунта и войдите снова - Очистите cookies для нашего сайта #### Корзина пустая, хотя товары были добавлены - Если вы не были залогинены, корзина могла сброситься при закрытии браузера - Войдите в аккаунт — товары, добавленные в корзину авторизованным пользователем, сохраняются - Если проблема повторяется, обратитесь в поддержку --- Если при попытке оформить заказ возникает ошибка:",314,45
stg5_v2_chunk_00047,technical_support,rag_raw,site_issues.md,ml\data\kb_stage5\raw\site_issues.md,Технические проблемы с сайтом и приложением,"[""Не работает корзина"", ""Не работает оформление заказа"", ""Не работает оформление заказа"", ""Не работает оформление заказа"", ""Не работает поиск на сайте""]","[""Возможные проблемы и решения"", ""Что проверить"", ""Если ошибка сохраняется""]",Технические проблемы с сайтом и приложением > Не работает корзина > Возможные проблемы и решения,Технические проблемы с сайтом и приложением > Не работает поиск на сайте,"# Технические проблемы с сайтом и приложением ## Covered sections - Не работает корзина - Не работает оформление заказа - Не работает поиск на сайте ## Covered subsections - Возможные проблемы и решения - Что проверить - Если ошибка сохраняется #### Товар не добавляется в корзину - Товар может быть распродан — проверьте статус наличия на странице товара - Очистите кэш браузера и попробуйте снова - Попробуйте другой браузер #### Корзина показывает неправильное количество товаров - Обновите страницу (F5 или Ctrl+R) - Выйдите из аккаунта и войдите снова - Очистите cookies для нашего сайта #### Корзина пустая, хотя товары были добавлены - Если вы не были залогинены, корзина могла сброситься при закрытии браузера - Войдите в аккаунт — товары, добавленные в корзину авторизованным пользователем, сохраняются - Если проблема повторяется, обратитесь в поддержку --- Если при попытке оформить заказ возникает ошибка: 1. Все обязательные поля заполнены корректно 2. Адрес доставки указан полностью (улица, дом, квартира) 3. Номер телефона введён в правильном формате 4. Выбран способ доставки и способ оплаты - Попробуйте другой браузер - Попробуйте оформить заказ через мобильное приложение - Очистите кэш и cookies - Обратитесь в поддержку — мы поможем оформить заказ вручную --- Если поиск товаров не выдаёт результатов или работает некорректно:",318,46
stg5_v2_chunk_00048,technical_support,rag_raw,site_issues.md,ml\data\kb_stage5\raw\site_issues.md,Технические проблемы с сайтом и приложением,"[""Не работает оформление заказа"", ""Не работает поиск на сайте"", ""Не работает поиск на сайте"", ""Не работает поиск на сайте"", ""Приложение вылетает или зависает"", ""Приложение вылетает или зависает"", ""Приложение вылетает или зависает"", ""Приложение вылетает или зависает""]","[""Если ошибка сохраняется"", ""Рекомендации"", ""Если поиск совсем не работает"", ""Шаг 1. Перезапустите приложение"", ""Шаг 2. Обновите приложение"", ""Шаг 3. Очистите кэш приложения""]",Технические проблемы с сайтом и приложением > Не работает оформление заказа > Если ошибка сохраняется,Технические проблемы с сайтом и приложением > Приложение вылетает или зависает > Шаг 3. Очистите кэш приложения,"# Технические проблемы с сайтом и приложением ## Covered sections - Не работает оформление заказа - Не работает поиск на сайте - Приложение вылетает или зависает ## Covered subsections - Если ошибка сохраняется - Рекомендации - Если поиск совсем не работает - Шаг 1. Перезапустите приложение - Шаг 2. Обновите приложение - Шаг 3. Очистите кэш приложения - Попробуйте другой браузер - Попробуйте оформить заказ через мобильное приложение - Очистите кэш и cookies - Обратитесь в поддержку — мы поможем оформить заказ вручную --- Если поиск товаров не выдаёт результатов или работает некорректно: - Проверьте правильность написания запроса - Используйте более короткие и общие запросы - Попробуйте искать по категориям через каталог - Очистите кэш браузера - Возможно, идут технические работы - Попробуйте позже или найдите товар через каталог - Обратитесь в поддержку --- Если мобильное приложение работает нестабильно: - Закройте приложение полностью (не сворачивайте, а именно закройте) - Подождите 10 секунд - Откройте снова - Проверьте наличие обновлений в App Store или Google Play - Установите последнюю версию - Android: Настройки → Приложения → Наше приложение → Очистить кэш - iOS: удалите приложение и установите заново",294,47
stg5_v2_chunk_00049,technical_support,rag_raw,site_issues.md,ml\data\kb_stage5\raw\site_issues.md,Технические проблемы с сайтом и приложением,"[""Приложение вылетает или зависает"", ""Приложение вылетает или зависает"", ""Приложение вылетает или зависает"", ""Приложение вылетает или зависает"", ""Приложение вылетает или зависает"", ""Ошибки при входе на сайт"", ""Ошибки при входе на сайт"", ""Ошибки при входе на сайт""]","[""Шаг 2. Обновите приложение"", ""Шаг 3. Очистите кэш приложения"", ""Шаг 4. Проверьте версию операционной системы"", ""Шаг 5. Переустановите приложение"", ""Если ничего не помогает"", ""Ошибка 502 / 503 / 504"", ""Ошибка 404""]",Технические проблемы с сайтом и приложением > Приложение вылетает или зависает > Шаг 2. Обновите приложение,Технические проблемы с сайтом и приложением > Ошибки при входе на сайт > Ошибка 404,"# Технические проблемы с сайтом и приложением ## Covered sections - Приложение вылетает или зависает - Ошибки при входе на сайт ## Covered subsections - Шаг 2. Обновите приложение - Шаг 3. Очистите кэш приложения - Шаг 4. Проверьте версию операционной системы - Шаг 5. Переустановите приложение - Если ничего не помогает - Ошибка 502 / 503 / 504 - Ошибка 404 - Проверьте наличие обновлений в App Store или Google Play - Установите последнюю версию - Android: Настройки → Приложения → Наше приложение → Очистить кэш - iOS: удалите приложение и установите заново - Убедитесь, что ваша ОС поддерживается: - Android 8.0 и выше - iOS 14.0 и выше - Удалите приложение - Скачайте заново из App Store или Google Play - Войдите в аккаунт Обратитесь в поддержку с указанием: - модели устройства - версии операционной системы - версии приложения - описания проблемы --- Если при попытке открыть сайт вы видите сообщение об ошибке: - Это серверные ошибки на нашей стороне - Обычно исправляются в течение 15–60 минут - Попробуйте обновить страницу через 10–15 минут - Страница не найдена - Возможно, товар был удалён из каталога - Проверьте правильность ссылки - Перейдите на главную страницу и найдите нужный товар через каталог",309,48
stg5_v2_chunk_00050,technical_support,rag_raw,site_issues.md,ml\data\kb_stage5\raw\site_issues.md,Технические проблемы с сайтом и приложением,"[""Ошибки при входе на сайт"", ""Ошибки при входе на сайт"", ""Ошибки при входе на сайт"", ""Ошибки при входе на сайт"", ""Не приходят уведомления от сайта"", ""Не приходят уведомления от сайта""]","[""Ошибка 502 / 503 / 504"", ""Ошибка 404"", ""Ошибка «Соединение не защищено»"", ""Белая страница или бесконечная загрузка"", ""Проверьте""]",Технические проблемы с сайтом и приложением > Ошибки при входе на сайт > Ошибка 502 / 503 / 504,Технические проблемы с сайтом и приложением > Не приходят уведомления от сайта > Проверьте,"# Технические проблемы с сайтом и приложением ## Covered sections - Ошибки при входе на сайт - Не приходят уведомления от сайта ## Covered subsections - Ошибка 502 / 503 / 504 - Ошибка 404 - Ошибка «Соединение не защищено» - Белая страница или бесконечная загрузка - Проверьте - Это серверные ошибки на нашей стороне - Обычно исправляются в течение 15–60 минут - Попробуйте обновить страницу через 10–15 минут - Страница не найдена - Возможно, товар был удалён из каталога - Проверьте правильность ссылки - Перейдите на главную страницу и найдите нужный товар через каталог - Проверьте дату и время на вашем устройстве — неправильное время может вызывать ошибку сертификата - Попробуйте другой браузер - Если ошибка сохраняется, обратитесь в поддержку - Очистите кэш и cookies - Отключите блокировщик рекламы - Попробуйте режим «Инкогнито» - Попробуйте другой браузер --- Если вы не получаете email-уведомления о заказах, статусах и акциях: 1. Папку «Спам» в вашей почте 2. Правильность email в профиле 3. Настройки уведомлений в личном кабинете — убедитесь, что рассылка не отключена 4. Добавьте noreply@example-shop.ru в контакты или белый список",310,49
stg5_v2_chunk_00051,technical_support,rag_raw,site_issues.md,ml\data\kb_stage5\raw\site_issues.md,Технические проблемы с сайтом и приложением,"[""Не приходят уведомления от сайта"", ""Не приходят уведомления от сайта"", ""Как сообщить об ошибке на сайте?"", ""Как сообщить об ошибке на сайте?"", ""Как сообщить об ошибке на сайте?""]","[""Проверьте"", ""Если SMS-уведомления не приходят"", ""Как сообщить"", ""Что указать в обращении""]",Технические проблемы с сайтом и приложением > Не приходят уведомления от сайта > Проверьте,Технические проблемы с сайтом и приложением > Как сообщить об ошибке на сайте? > Что указать в обращении,"# Технические проблемы с сайтом и приложением ## Covered sections - Не приходят уведомления от сайта - Как сообщить об ошибке на сайте? ## Covered subsections - Проверьте - Если SMS-уведомления не приходят - Как сообщить - Что указать в обращении 1. Папку «Спам» в вашей почте 2. Правильность email в профиле 3. Настройки уведомлений в личном кабинете — убедитесь, что рассылка не отключена 4. Добавьте noreply@example-shop.ru в контакты или белый список 1. Проверьте правильность номера телефона в профиле 2. Убедитесь, что у вас не включена блокировка SMS от коротких номеров 3. Обратитесь в поддержку для проверки настроек уведомлений --- Если вы нашли ошибку или баг на сайте: - Напишите в чат на сайте - Отправьте email на support@example-shop.ru - Позвоните: 8-800-123-45-67 - Описание проблемы - Скриншот ошибки (если возможно) - Браузер и версию (например, Chrome 120) - Устройство (компьютер, телефон, планшет) - Действия, которые привели к ошибке Мы ценим обратную связь и стараемся исправлять ошибки в кратчайшие сроки. ---",281,50
stg5_v2_chunk_00052,technical_support,rag_raw,site_issues.md,ml\data\kb_stage5\raw\site_issues.md,Технические проблемы с сайтом и приложением,"[""Как сообщить об ошибке на сайте?"", ""FAQ"", ""FAQ"", ""FAQ"", ""FAQ"", ""FAQ""]","[""Что указать в обращении"", ""Сайт не работает, что делать?"", ""Приложение вылетает, что делать?"", ""Вижу ошибку 502, что это значит?"", ""Не могу добавить товар в корзину"", ""Не могу оформить заказ, ошибка на последнем шаге""]",Технические проблемы с сайтом и приложением > Как сообщить об ошибке на сайте? > Что указать в обращении,"Технические проблемы с сайтом и приложением > FAQ > Не могу оформить заказ, ошибка на последнем шаге","# Технические проблемы с сайтом и приложением ## Covered sections - Как сообщить об ошибке на сайте? - FAQ ## Covered subsections - Что указать в обращении - Сайт не работает, что делать? - Приложение вылетает, что делать? - Вижу ошибку 502, что это значит? - Не могу добавить товар в корзину - Не могу оформить заказ, ошибка на последнем шаге - Описание проблемы - Скриншот ошибки (если возможно) - Браузер и версию (например, Chrome 120) - Устройство (компьютер, телефон, планшет) - Действия, которые привели к ошибке Мы ценим обратную связь и стараемся исправлять ошибки в кратчайшие сроки. --- Проверьте интернет-соединение, очистите кэш браузера, попробуйте другой браузер. Если проблема на нашей стороне, мы публикуем информацию в Telegram-канале. Перезапустите приложение, обновите до последней версии, очистите кэш. Если не помогает, переустановите приложение. Это серверная ошибка на нашей стороне. Обычно исправляется в течение 15–60 минут. Попробуйте обновить страницу позже. Возможно, товар распродан. Очистите кэш, попробуйте другой браузер. Если проблема сохраняется, обратитесь в поддержку. Проверьте, что все поля заполнены корректно. Попробуйте другой браузер или мобильное приложение. Обратитесь в поддержку — мы поможем оформить заказ.",310,51
stg5_v2_chunk_00053,technical_support,rag_raw,site_issues.md,ml\data\kb_stage5\raw\site_issues.md,Технические проблемы с сайтом и приложением,"[""FAQ"", ""FAQ"", ""FAQ"", ""FAQ"", ""FAQ"", ""FAQ""]","[""Не могу добавить товар в корзину"", ""Не могу оформить заказ, ошибка на последнем шаге"", ""Не приходят письма от магазина"", ""Как узнать, идут ли технические работы?"", ""Сайт выглядит странно, верстка поехала"", ""Глючит форма входа""]",Технические проблемы с сайтом и приложением > FAQ > Не могу добавить товар в корзину,Технические проблемы с сайтом и приложением > FAQ > Глючит форма входа,"# Технические проблемы с сайтом и приложением ## Covered sections - FAQ ## Covered subsections - Не могу добавить товар в корзину - Не могу оформить заказ, ошибка на последнем шаге - Не приходят письма от магазина - Как узнать, идут ли технические работы? - Сайт выглядит странно, верстка поехала - Глючит форма входа Возможно, товар распродан. Очистите кэш, попробуйте другой браузер. Если проблема сохраняется, обратитесь в поддержку. Проверьте, что все поля заполнены корректно. Попробуйте другой браузер или мобильное приложение. Обратитесь в поддержку — мы поможем оформить заказ. Проверьте папку «Спам», убедитесь в правильности email в профиле. Добавьте noreply@example-shop.ru в контакты. Информация о плановых работах и сбоях публикуется в нашем Telegram-канале и социальных сетях. Очистите кэш браузера, обновите страницу. Если проблема сохраняется, попробуйте другой браузер. Очистите кэш и cookies, попробуйте режим «Инкогнито» или другой браузер. Если не помогает, обратитесь в поддержку.",256,52
stg5_v2_chunk_00054,account,rag_raw,account_security.md,ml\data\kb_stage5\raw\account_security.md,Безопасность аккаунта и управление профилем,"[""Краткий ответ"", ""Как сменить пароль?"", ""Как сменить пароль?"", ""Как сменить пароль?""]","[""Через личный кабинет"", ""Требования к паролю"", ""Если забыли текущий пароль""]",Безопасность аккаунта и управление профилем > Краткий ответ,Безопасность аккаунта и управление профилем > Как сменить пароль? > Если забыли текущий пароль,"# Безопасность аккаунта и управление профилем ## Covered sections - Краткий ответ - Как сменить пароль? ## Covered subsections - Через личный кабинет - Требования к паролю - Если забыли текущий пароль Для защиты аккаунта используйте надёжный уникальный пароль и не сообщайте его третьим лицам. Если вы заметили подозрительную активность, немедленно смените пароль и обратитесь в поддержку. Управлять данными профиля, менять пароль и настраивать уведомления можно в личном кабинете в разделе «Настройки профиля». --- 1. Войдите в аккаунт 2. Перейдите в раздел «Настройки профиля» 3. Нажмите «Изменить пароль» 4. Введите текущий пароль 5. Введите новый пароль 6. Подтвердите новый пароль 7. Нажмите «Сохранить» - Минимум 8 символов - Хотя бы одна заглавная буква - Хотя бы одна цифра - Не должен совпадать с 3 предыдущими паролями Воспользуйтесь функцией «Забыли пароль?» на странице входа. Код для сброса будет отправлен на ваш email. ---",258,53
stg5_v2_chunk_00055,account,rag_raw,account_security.md,ml\data\kb_stage5\raw\account_security.md,Безопасность аккаунта и управление профилем,"[""Как сменить пароль?"", ""Как сменить пароль?"", ""Как создать надёжный пароль?"", ""Как создать надёжный пароль?"", ""Как создать надёжный пароль?"", ""Подозрительная активность в аккаунте""]","[""Требования к паролю"", ""Если забыли текущий пароль"", ""Рекомендации"", ""Примеры плохих паролей"", ""Примеры хороших паролей""]",Безопасность аккаунта и управление профилем > Как сменить пароль? > Требования к паролю,Безопасность аккаунта и управление профилем > Подозрительная активность в аккаунте,"# Безопасность аккаунта и управление профилем ## Covered sections - Как сменить пароль? - Как создать надёжный пароль? - Подозрительная активность в аккаунте ## Covered subsections - Требования к паролю - Если забыли текущий пароль - Рекомендации - Примеры плохих паролей - Примеры хороших паролей - Минимум 8 символов - Хотя бы одна заглавная буква - Хотя бы одна цифра - Не должен совпадать с 3 предыдущими паролями Воспользуйтесь функцией «Забыли пароль?» на странице входа. Код для сброса будет отправлен на ваш email. --- - Используйте минимум 12 символов - Комбинируйте заглавные и строчные буквы, цифры и специальные символы - Не используйте очевидные данные: дату рождения, имя, «123456», «password» - Не используйте один пароль для нескольких сайтов - Используйте менеджер паролей для хранения - 12345678 - password - qwerty123 - ivanov1990 - Kf7$mNp2xL9! - Tr0pic@lSunset88 --- Если вы заметили что-то необычное в вашем аккаунте:",271,54
stg5_v2_chunk_00056,account,rag_raw,account_security.md,ml\data\kb_stage5\raw\account_security.md,Безопасность аккаунта и управление профилем,"[""Как создать надёжный пароль?"", ""Как создать надёжный пароль?"", ""Подозрительная активность в аккаунте"", ""Подозрительная активность в аккаунте"", ""Подозрительная активность в аккаунте""]","[""Примеры плохих паролей"", ""Примеры хороших паролей"", ""Признаки подозрительной активности"", ""Что делать немедленно""]",Безопасность аккаунта и управление профилем > Как создать надёжный пароль? > Примеры плохих паролей,Безопасность аккаунта и управление профилем > Подозрительная активность в аккаунте > Что делать немедленно,"# Безопасность аккаунта и управление профилем ## Covered sections - Как создать надёжный пароль? - Подозрительная активность в аккаунте ## Covered subsections - Примеры плохих паролей - Примеры хороших паролей - Признаки подозрительной активности - Что делать немедленно - 12345678 - password - qwerty123 - ivanov1990 - Kf7$mNp2xL9! - Tr0pic@lSunset88 --- Если вы заметили что-то необычное в вашем аккаунте: - Заказы, которые вы не делали - Изменения в данных профиля, которые вы не вносили - Уведомления о входе с неизвестного устройства - Смена пароля, которую вы не запрашивали - Списание бонусных баллов, которое вы не совершали 1. **Смените пароль** — используйте сложный уникальный пароль 2. **Проверьте email** — убедитесь, что email в профиле не изменён 3. **Проверьте телефон** — убедитесь, что номер телефона не изменён 4. **Проверьте заказы** — посмотрите, нет ли заказов, которые вы не создавали 5. **Обратитесь в поддержку** — сообщите о подозрительной активности",284,55
stg5_v2_chunk_00057,account,rag_raw,account_security.md,ml\data\kb_stage5\raw\account_security.md,Безопасность аккаунта и управление профилем,"[""Подозрительная активность в аккаунте"", ""Подозрительная активность в аккаунте"", ""Как выйти со всех устройств?"", ""Как выйти со всех устройств?"", ""Как выйти со всех устройств?""]","[""Что делать немедленно"", ""Что сделает поддержка"", ""Через личный кабинет"", ""Когда это полезно""]",Безопасность аккаунта и управление профилем > Подозрительная активность в аккаунте > Что делать немедленно,Безопасность аккаунта и управление профилем > Как выйти со всех устройств? > Когда это полезно,"# Безопасность аккаунта и управление профилем ## Covered sections - Подозрительная активность в аккаунте - Как выйти со всех устройств? ## Covered subsections - Что делать немедленно - Что сделает поддержка - Через личный кабинет - Когда это полезно 1. **Смените пароль** — используйте сложный уникальный пароль 2. **Проверьте email** — убедитесь, что email в профиле не изменён 3. **Проверьте телефон** — убедитесь, что номер телефона не изменён 4. **Проверьте заказы** — посмотрите, нет ли заказов, которые вы не создавали 5. **Обратитесь в поддержку** — сообщите о подозрительной активности - Временно заблокирует аккаунт для проверки - Отменит подозрительные заказы - Восстановит списанные бонусы - Поможет восстановить контроль над аккаунтом --- Если вы хотите завершить все активные сессии: 1. Перейдите в «Настройки профиля» 2. Найдите раздел «Активные сессии» или «Безопасность» 3. Нажмите «Выйти со всех устройств» 4. Подтвердите действие паролем - Вы входили в аккаунт на чужом устройстве - Вы потеряли телефон или ноутбук - Вы подозреваете несанкционированный доступ - Вы сменили пароль и хотите убедиться, что старые сессии закрыты",303,56
stg5_v2_chunk_00058,account,rag_raw,account_security.md,ml\data\kb_stage5\raw\account_security.md,Безопасность аккаунта и управление профилем,"[""Как выйти со всех устройств?"", ""Как выйти со всех устройств?"", ""Как выйти со всех устройств?"", ""Как изменить данные профиля?"", ""Как изменить данные профиля?"", ""Как изменить данные профиля?""]","[""Через личный кабинет"", ""Когда это полезно"", ""После выхода"", ""Какие данные можно изменить"", ""Как изменить"", ""Что требует дополнительного подтверждения""]",Безопасность аккаунта и управление профилем > Как выйти со всех устройств? > Через личный кабинет,Безопасность аккаунта и управление профилем > Как изменить данные профиля? > Что требует дополнительного подтверждения,"# Безопасность аккаунта и управление профилем ## Covered sections - Как выйти со всех устройств? - Как изменить данные профиля? ## Covered subsections - Через личный кабинет - Когда это полезно - После выхода - Какие данные можно изменить - Как изменить - Что требует дополнительного подтверждения 1. Перейдите в «Настройки профиля» 2. Найдите раздел «Активные сессии» или «Безопасность» 3. Нажмите «Выйти со всех устройств» 4. Подтвердите действие паролем - Вы входили в аккаунт на чужом устройстве - Вы потеряли телефон или ноутбук - Вы подозреваете несанкционированный доступ - Вы сменили пароль и хотите убедиться, что старые сессии закрыты Вам потребуется заново войти в аккаунт на всех устройствах с новым паролем. --- В разделе «Настройки профиля» можно изменить: - Имя и фамилию - Номер телефона - Email - Адрес доставки по умолчанию - Пароль - Настройки уведомлений 1. Войдите в личный кабинет 2. Перейдите в «Настройки профиля» 3. Нажмите на поле, которое хотите изменить 4. Внесите изменения 5. Нажмите «Сохранить» - Смена email — подтверждение через старый и новый email - Смена телефона — подтверждение SMS-кодом на новый номер - Смена пароля — ввод текущего пароля ---",304,57
stg5_v2_chunk_00059,account,rag_raw,account_security.md,ml\data\kb_stage5\raw\account_security.md,Безопасность аккаунта и управление профилем,"[""Как изменить данные профиля?"", ""Как изменить данные профиля?"", ""Как настроить уведомления?"", ""Как настроить уведомления?"", ""Как настроить уведомления?"", ""Как удалить аккаунт?""]","[""Как изменить"", ""Что требует дополнительного подтверждения"", ""Доступные типы уведомлений"", ""Как настроить"", ""Важно""]",Безопасность аккаунта и управление профилем > Как изменить данные профиля? > Как изменить,Безопасность аккаунта и управление профилем > Как удалить аккаунт?,"# Безопасность аккаунта и управление профилем ## Covered sections - Как изменить данные профиля? - Как настроить уведомления? - Как удалить аккаунт? ## Covered subsections - Как изменить - Что требует дополнительного подтверждения - Доступные типы уведомлений - Как настроить - Важно 1. Войдите в личный кабинет 2. Перейдите в «Настройки профиля» 3. Нажмите на поле, которое хотите изменить 4. Внесите изменения 5. Нажмите «Сохранить» - Смена email — подтверждение через старый и новый email - Смена телефона — подтверждение SMS-кодом на новый номер - Смена пароля — ввод текущего пароля --- - Email-уведомления о статусе заказа - SMS-уведомления о доставке - Push-уведомления в мобильном приложении - Email-рассылка с акциями и промокодами - Уведомления о поступлении товара в наличие 1. Перейдите в «Настройки профиля» 2. Откройте раздел «Уведомления» 3. Включите или отключите нужные типы уведомлений 4. Нажмите «Сохранить» - Уведомления о статусе заказа нельзя полностью отключить — они обязательны - Рекламную рассылку можно отключить в любой момент - Отписаться от email-рассылки также можно по ссылке в самом письме --- Если вы хотите полностью удалить свой аккаунт:",307,58
stg5_v2_chunk_00060,account,rag_raw,account_security.md,ml\data\kb_stage5\raw\account_security.md,Безопасность аккаунта и управление профилем,"[""Как настроить уведомления?"", ""Как удалить аккаунт?"", ""Как удалить аккаунт?"", ""Как удалить аккаунт?"", ""Как удалить аккаунт?"", ""Как удалить аккаунт?"", ""Как удалить аккаунт?""]","[""Важно"", ""Условия удаления"", ""Как запросить удаление"", ""Сроки"", ""Что удаляется"", ""Что сохраняется""]",Безопасность аккаунта и управление профилем > Как настроить уведомления? > Важно,Безопасность аккаунта и управление профилем > Как удалить аккаунт? > Что сохраняется,"# Безопасность аккаунта и управление профилем ## Covered sections - Как настроить уведомления? - Как удалить аккаунт? ## Covered subsections - Важно - Условия удаления - Как запросить удаление - Сроки - Что удаляется - Что сохраняется - Уведомления о статусе заказа нельзя полностью отключить — они обязательны - Рекламную рассылку можно отключить в любой момент - Отписаться от email-рассылки также можно по ссылке в самом письме --- Если вы хотите полностью удалить свой аккаунт: - У вас не должно быть активных заказов в обработке или доставке - Все открытые обращения в поддержку должны быть закрыты - Бонусные баллы будут аннулированы и не подлежат восстановлению 1. Обратитесь в службу поддержки 2. Сообщите email аккаунта и причину удаления 3. Подтвердите запрос ответным письмом - Удаление выполняется в течение 5 рабочих дней - После удаления восстановление аккаунта невозможно - Все персональные данные будут удалены в соответствии с законодательством - Персональные данные (имя, email, телефон, адреса) - История заказов - Бонусные баллы - Сохранённые товары и избранное - Финансовые документы (чеки) — хранятся в соответствии с законодательством - Обезличенная статистика ---",277,59
stg5_v2_chunk_00061,account,rag_raw,account_security.md,ml\data\kb_stage5\raw\account_security.md,Безопасность аккаунта и управление профилем,"[""Как удалить аккаунт?"", ""Как удалить аккаунт?"", ""Защита персональных данных"", ""Защита персональных данных"", ""FAQ""]","[""Что удаляется"", ""Что сохраняется"", ""Как мы защищаем ваши данные"", ""Ваши права"", ""Как сменить пароль?""]",Безопасность аккаунта и управление профилем > Как удалить аккаунт? > Что удаляется,Безопасность аккаунта и управление профилем > FAQ > Как сменить пароль?,"# Безопасность аккаунта и управление профилем ## Covered sections - Как удалить аккаунт? - Защита персональных данных - FAQ ## Covered subsections - Что удаляется - Что сохраняется - Как мы защищаем ваши данные - Ваши права - Как сменить пароль? - Персональные данные (имя, email, телефон, адреса) - История заказов - Бонусные баллы - Сохранённые товары и избранное - Финансовые документы (чеки) — хранятся в соответствии с законодательством - Обезличенная статистика --- - Все данные хранятся на защищённых серверах - Доступ к данным имеют только авторизованные сотрудники - Используется шифрование при передаче данных (SSL/TLS) - Мы не передаём ваши данные третьим лицам без вашего согласия - Мы соблюдаем требования Федерального закона №152-ФЗ «О персональных данных» - Запросить информацию о хранимых персональных данных - Потребовать исправления неточных данных - Потребовать удаления персональных данных - Отозвать согласие на обработку данных Для реализации этих прав обратитесь в службу поддержки. --- Войдите в личный кабинет, перейдите в «Настройки профиля» и нажмите «Изменить пароль». Введите текущий пароль и задайте новый.",280,60
stg5_v2_chunk_00062,account,rag_raw,account_security.md,ml\data\kb_stage5\raw\account_security.md,Безопасность аккаунта и управление профилем,"[""Защита персональных данных"", ""FAQ"", ""FAQ"", ""FAQ"", ""FAQ"", ""FAQ""]","[""Ваши права"", ""Как сменить пароль?"", ""Забыл пароль, как восстановить?"", ""Кто-то взломал мой аккаунт, что делать?"", ""Как выйти со всех устройств?"", ""Как изменить email?""]",Безопасность аккаунта и управление профилем > Защита персональных данных > Ваши права,Безопасность аккаунта и управление профилем > FAQ > Как изменить email?,"# Безопасность аккаунта и управление профилем ## Covered sections - Защита персональных данных - FAQ ## Covered subsections - Ваши права - Как сменить пароль? - Забыл пароль, как восстановить? - Кто-то взломал мой аккаунт, что делать? - Как выйти со всех устройств? - Как изменить email? - Запросить информацию о хранимых персональных данных - Потребовать исправления неточных данных - Потребовать удаления персональных данных - Отозвать согласие на обработку данных Для реализации этих прав обратитесь в службу поддержки. --- Войдите в личный кабинет, перейдите в «Настройки профиля» и нажмите «Изменить пароль». Введите текущий пароль и задайте новый. На странице входа нажмите «Забыли пароль?», введите email и следуйте инструкциям. Код для сброса придёт на вашу почту. Немедленно смените пароль, проверьте данные профиля и заказы, обратитесь в поддержку. Мы временно заблокируем аккаунт и поможем восстановить контроль. В «Настройках профиля» найдите раздел «Безопасность» и нажмите «Выйти со всех устройств». В «Настройках профиля» нажмите «Изменить email». Потребуется подтверждение через старый и новый email.",288,61
stg5_v2_chunk_00063,account,rag_raw,account_security.md,ml\data\kb_stage5\raw\account_security.md,Безопасность аккаунта и управление профилем,"[""FAQ"", ""FAQ"", ""FAQ"", ""FAQ"", ""FAQ"", ""FAQ""]","[""Как выйти со всех устройств?"", ""Как изменить email?"", ""Как изменить номер телефона?"", ""Как удалить аккаунт?"", ""Как отключить рекламную рассылку?"", ""Безопасно ли хранить данные на вашем сайте?""]",Безопасность аккаунта и управление профилем > FAQ > Как выйти со всех устройств?,Безопасность аккаунта и управление профилем > FAQ > Безопасно ли хранить данные на вашем сайте?,"# Безопасность аккаунта и управление профилем ## Covered sections - FAQ ## Covered subsections - Как выйти со всех устройств? - Как изменить email? - Как изменить номер телефона? - Как удалить аккаунт? - Как отключить рекламную рассылку? - Безопасно ли хранить данные на вашем сайте? В «Настройках профиля» найдите раздел «Безопасность» и нажмите «Выйти со всех устройств». В «Настройках профиля» нажмите «Изменить email». Потребуется подтверждение через старый и новый email. В «Настройках профиля» нажмите «Изменить телефон». Новый номер потребуется подтвердить SMS-кодом. Обратитесь в службу поддержки. Удаление выполняется в течение 5 рабочих дней. Бонусные баллы и данные будут удалены безвозвратно. В «Настройках профиля» откройте раздел «Уведомления» и отключите рассылку. Также можно отписаться по ссылке в самом письме. Да, мы используем шифрование SSL/TLS, соблюдаем стандарт PCI DSS для платежей и выполняем требования ФЗ-152 о персональных данных.",255,62
stg5_v2_chunk_00064,order_support,rag_raw,order_changes_and_cancellation.md,ml\data\kb_stage5\raw\order_changes_and_cancellation.md,Изменение и отмена заказа,"[""Краткий ответ"", ""Можно ли изменить заказ после оформления?"", ""Можно ли изменить заказ после оформления?"", ""Можно ли изменить заказ после оформления?"", ""Можно ли изменить заказ после оформления?"", ""Как изменить заказ?""]","[""Что можно изменить"", ""Когда изменения возможны"", ""Когда изменения невозможны"", ""Через личный кабинет""]",Изменение и отмена заказа > Краткий ответ,Изменение и отмена заказа > Как изменить заказ? > Через личный кабинет,"# Изменение и отмена заказа ## Covered sections - Краткий ответ - Можно ли изменить заказ после оформления? - Как изменить заказ? ## Covered subsections - Что можно изменить - Когда изменения возможны - Когда изменения невозможны - Через личный кабинет Изменить или отменить заказ можно до момента его отправки со склада. Для этого воспользуйтесь личным кабинетом или обратитесь в службу поддержки. После отправки заказа изменения ограничены: можно попробовать изменить адрес доставки через транспортную компанию, но отмена возможна только через процедуру возврата после получения. --- Да, заказ можно изменить, но только до определённого момента. - Состав заказа (добавить или убрать товары) - Количество товаров - Способ доставки - Адрес доставки - Способ оплаты - Контактные данные получателя - Статус заказа «Новый» — можно менять всё - Статус «Подтверждён» — можно менять большинство параметров - Статус «В сборке» — изменения уже невозможны - Заказ уже передан на сборку - Заказ уже отправлен - Заказ уже доставлен --- 1. Войдите в личный кабинет 2. Перейдите в раздел «Мои заказы» 3. Найдите нужный заказ 4. Нажмите «Изменить заказ» 5. Внесите нужные изменения 6. Нажмите «Сохранить изменения»",289,63
stg5_v2_chunk_00065,order_support,rag_raw,order_changes_and_cancellation.md,ml\data\kb_stage5\raw\order_changes_and_cancellation.md,Изменение и отмена заказа,"[""Как изменить заказ?"", ""Как изменить заказ?"", ""Как изменить заказ?"", ""Можно ли добавить товар в уже оформленный заказ?"", ""Можно ли добавить товар в уже оформленный заказ?""]","[""Через личный кабинет"", ""Через службу поддержки"", ""Сроки обработки изменений"", ""Если заказ ещё не оплачен"", ""Если заказ уже оплачен, но не отправлен""]",Изменение и отмена заказа > Как изменить заказ? > Через личный кабинет,"Изменение и отмена заказа > Можно ли добавить товар в уже оформленный заказ? > Если заказ уже оплачен, но не отправлен","# Изменение и отмена заказа ## Covered sections - Как изменить заказ? - Можно ли добавить товар в уже оформленный заказ? ## Covered subsections - Через личный кабинет - Через службу поддержки - Сроки обработки изменений - Если заказ ещё не оплачен - Если заказ уже оплачен, но не отправлен 1. Войдите в личный кабинет 2. Перейдите в раздел «Мои заказы» 3. Найдите нужный заказ 4. Нажмите «Изменить заказ» 5. Внесите нужные изменения 6. Нажмите «Сохранить изменения» Если кнопка «Изменить заказ» недоступна: - Напишите в чат на сайте - Отправьте email на support@example-shop.ru - Позвоните: 8-800-123-45-67 При обращении сообщите: - Номер заказа - Что именно нужно изменить - Новые данные (адрес, товар, способ доставки и т.д.) - Через личный кабинет: мгновенно (если заказ в статусе «Новый») - Через поддержку: в течение 1–2 часов в рабочее время --- Да, можно: - отмените текущий заказ - добавьте нужные товары в корзину - оформите новый заказ Обратитесь в поддержку: - мы добавим товар в заказ - вам будет выставлен дополнительный счёт на разницу - или создадим отдельный заказ на дополнительный товар",298,64
stg5_v2_chunk_00066,order_support,rag_raw,order_changes_and_cancellation.md,ml\data\kb_stage5\raw\order_changes_and_cancellation.md,Изменение и отмена заказа,"[""Можно ли добавить товар в уже оформленный заказ?"", ""Можно ли добавить товар в уже оформленный заказ?"", ""Можно ли добавить товар в уже оформленный заказ?"", ""Можно ли изменить адрес доставки?"", ""Можно ли изменить адрес доставки?"", ""Можно ли изменить адрес доставки?"", ""Можно ли изменить способ оплаты?""]","[""Если заказ ещё не оплачен"", ""Если заказ уже оплачен, но не отправлен"", ""Если заказ уже отправлен"", ""До отправки заказа"", ""После отправки заказа"", ""Самовывоз"", ""Если заказ ещё не оплачен""]",Изменение и отмена заказа > Можно ли добавить товар в уже оформленный заказ? > Если заказ ещё не оплачен,Изменение и отмена заказа > Можно ли изменить способ оплаты? > Если заказ ещё не оплачен,"# Изменение и отмена заказа ## Covered sections - Можно ли добавить товар в уже оформленный заказ? - Можно ли изменить адрес доставки? - Можно ли изменить способ оплаты? ## Covered subsections - Если заказ ещё не оплачен - Если заказ уже оплачен, но не отправлен - Если заказ уже отправлен - До отправки заказа - После отправки заказа - Самовывоз Да, можно: - отмените текущий заказ - добавьте нужные товары в корзину - оформите новый заказ Обратитесь в поддержку: - мы добавим товар в заказ - вам будет выставлен дополнительный счёт на разницу - или создадим отдельный заказ на дополнительный товар Добавить товар в отправленный заказ невозможно. Оформите новый заказ на нужный товар. --- Да, адрес можно изменить: - через личный кабинет в карточке заказа - через службу поддержки Изменение возможно с ограничениями: - нужно обратиться в поддержку - мы свяжемся с транспортной компанией - может потребоваться доплата за перенаправление - не все транспортные компании поддерживают изменение в пути Если вы выбрали самовывоз, можно изменить пункт выдачи до момента доставки посылки в текущий пункт. Обратитесь в поддержку. --- Да, способ оплаты можно изменить: - через личный кабинет при повторной попытке оплаты - через поддержку",288,65
stg5_v2_chunk_00067,order_support,rag_raw,order_changes_and_cancellation.md,ml\data\kb_stage5\raw\order_changes_and_cancellation.md,Изменение и отмена заказа,"[""Можно ли изменить адрес доставки?"", ""Можно ли изменить способ оплаты?"", ""Можно ли изменить способ оплаты?"", ""Как отменить заказ?"", ""Как отменить заказ?""]","[""Самовывоз"", ""Если заказ ещё не оплачен"", ""Если заказ уже оплачен"", ""Через личный кабинет"", ""Через службу поддержки""]",Изменение и отмена заказа > Можно ли изменить адрес доставки? > Самовывоз,Изменение и отмена заказа > Как отменить заказ? > Через службу поддержки,"# Изменение и отмена заказа ## Covered sections - Можно ли изменить адрес доставки? - Можно ли изменить способ оплаты? - Как отменить заказ? ## Covered subsections - Самовывоз - Если заказ ещё не оплачен - Если заказ уже оплачен - Через личный кабинет - Через службу поддержки Если вы выбрали самовывоз, можно изменить пункт выдачи до момента доставки посылки в текущий пункт. Обратитесь в поддержку. --- Да, способ оплаты можно изменить: - через личный кабинет при повторной попытке оплаты - через поддержку Изменить способ оплаты нельзя. Если нужно оплатить другим способом: 1. Отмените текущий заказ 2. Дождитесь возврата средств (до 10 рабочих дней) 3. Оформите новый заказ с нужным способом оплаты --- 1. Войдите в личный кабинет 2. Перейдите в «Мои заказы» 3. Найдите нужный заказ 4. Нажмите «Отменить заказ» 5. Укажите причину отмены 6. Подтвердите отмену - Напишите в чат - Отправьте email на support@example-shop.ru - Позвоните: 8-800-123-45-67 Сообщите номер заказа и причину отмены. ---",260,66
stg5_v2_chunk_00068,order_support,rag_raw,order_changes_and_cancellation.md,ml\data\kb_stage5\raw\order_changes_and_cancellation.md,Изменение и отмена заказа,"[""Как отменить заказ?"", ""Как отменить заказ?"", ""Когда можно отменить заказ?"", ""Когда можно отменить заказ?"", ""Когда можно отменить заказ?""]","[""Через личный кабинет"", ""Через службу поддержки"", ""Отмена возможна"", ""Отмена затруднена или невозможна"", ""Если заказ уже отправлен""]",Изменение и отмена заказа > Как отменить заказ? > Через личный кабинет,Изменение и отмена заказа > Когда можно отменить заказ? > Если заказ уже отправлен,"# Изменение и отмена заказа ## Covered sections - Как отменить заказ? - Когда можно отменить заказ? ## Covered subsections - Через личный кабинет - Через службу поддержки - Отмена возможна - Отмена затруднена или невозможна - Если заказ уже отправлен 1. Войдите в личный кабинет 2. Перейдите в «Мои заказы» 3. Найдите нужный заказ 4. Нажмите «Отменить заказ» 5. Укажите причину отмены 6. Подтвердите отмену - Напишите в чат - Отправьте email на support@example-shop.ru - Позвоните: 8-800-123-45-67 Сообщите номер заказа и причину отмены. --- - Статус «Новый» — отмена мгновенная - Статус «Подтверждён» — отмена в течение нескольких минут - Статус «В сборке» — отмена возможна, но может занять до 1 часа - Статус «Передан в доставку» — заказ уже у транспортной компании - Статус «В пути» — отменить нельзя, только вернуть после получения Вы можете: - Отказаться от получения (заказ вернётся на склад) - Получить заказ и оформить возврат по стандартной процедуре ---",273,67
stg5_v2_chunk_00069,order_support,rag_raw,order_changes_and_cancellation.md,ml\data\kb_stage5\raw\order_changes_and_cancellation.md,Изменение и отмена заказа,"[""Когда можно отменить заказ?"", ""Когда можно отменить заказ?"", ""Что происходит с деньгами при отмене?"", ""Что происходит с деньгами при отмене?"", ""Что происходит с деньгами при отмене?"", ""Что происходит с деньгами при отмене?"", ""Можно ли восстановить отменённый заказ?"", ""Можно ли восстановить отменённый заказ?""]","[""Отмена затруднена или невозможна"", ""Если заказ уже отправлен"", ""Если заказ был оплачен онлайн"", ""Если заказ был оплачен наложенным платежом"", ""Если заказ был оплачен бонусными баллами"", ""Если использовался промокод"", ""Что делать""]",Изменение и отмена заказа > Когда можно отменить заказ? > Отмена затруднена или невозможна,Изменение и отмена заказа > Можно ли восстановить отменённый заказ? > Что делать,"# Изменение и отмена заказа ## Covered sections - Когда можно отменить заказ? - Что происходит с деньгами при отмене? - Можно ли восстановить отменённый заказ? ## Covered subsections - Отмена затруднена или невозможна - Если заказ уже отправлен - Если заказ был оплачен онлайн - Если заказ был оплачен наложенным платежом - Если заказ был оплачен бонусными баллами - Если использовался промокод - Что делать - Статус «Передан в доставку» — заказ уже у транспортной компании - Статус «В пути» — отменить нельзя, только вернуть после получения Вы можете: - Отказаться от получения (заказ вернётся на склад) - Получить заказ и оформить возврат по стандартной процедуре --- - Деньги возвращаются на ту же карту или счёт - Срок возврата: до **10 рабочих дней** - Иногда банк обрабатывает возврат быстрее — в течение 1–3 дней - Деньги не были списаны, возврат не требуется - Бонусы возвращаются на счёт автоматически - Срок возврата бонусов: до 3 рабочих дней - Промокод не восстанавливается после отмены заказа - Это указано в правилах использования промокодов --- Нет, отменённый заказ восстановить нельзя. - Оформите новый заказ с теми же товарами - Если товар был последним на складе, он может быть уже недоступен",306,68
stg5_v2_chunk_00070,order_support,rag_raw,order_changes_and_cancellation.md,ml\data\kb_stage5\raw\order_changes_and_cancellation.md,Изменение и отмена заказа,"[""Что происходит с деньгами при отмене?"", ""Можно ли восстановить отменённый заказ?"", ""Можно ли восстановить отменённый заказ?"", ""Можно ли восстановить отменённый заказ?"", ""Частичная отмена заказа"", ""Частичная отмена заказа"", ""Частичная отмена заказа"", ""FAQ""]","[""Если использовался промокод"", ""Что делать"", ""Важно"", ""До отправки"", ""После отправки"", ""Можно ли изменить заказ после оформления?""]",Изменение и отмена заказа > Что происходит с деньгами при отмене? > Если использовался промокод,Изменение и отмена заказа > FAQ > Можно ли изменить заказ после оформления?,"# Изменение и отмена заказа ## Covered sections - Что происходит с деньгами при отмене? - Можно ли восстановить отменённый заказ? - Частичная отмена заказа - FAQ ## Covered subsections - Если использовался промокод - Что делать - Важно - До отправки - После отправки - Можно ли изменить заказ после оформления? - Промокод не восстанавливается после отмены заказа - Это указано в правилах использования промокодов --- Нет, отменённый заказ восстановить нельзя. - Оформите новый заказ с теми же товарами - Если товар был последним на складе, он может быть уже недоступен - Промокод, использованный в отменённом заказе, не восстанавливается - Бонусные баллы вернутся автоматически и будут доступны для нового заказа --- Если вы хотите отменить только часть товаров в заказе: - Обратитесь в поддержку с номером заказа - Укажите, какие именно товары нужно убрать - Мы скорректируем заказ и пересчитаем сумму - Разница будет возвращена на карту в течение 10 рабочих дней - Частичная отмена невозможна - Получите заказ полностью - Оформите возврат ненужных товаров через стандартную процедуру --- Да, до момента передачи заказа на сборку. Изменить можно состав, количество, адрес, способ доставки и оплаты. Для этого воспользуйтесь личным кабинетом или поддержкой.",306,69
stg5_v2_chunk_00071,order_support,rag_raw,order_changes_and_cancellation.md,ml\data\kb_stage5\raw\order_changes_and_cancellation.md,Изменение и отмена заказа,"[""Частичная отмена заказа"", ""FAQ"", ""FAQ"", ""FAQ"", ""FAQ"", ""FAQ"", ""FAQ""]","[""После отправки"", ""Можно ли изменить заказ после оформления?"", ""Как отменить заказ?"", ""Можно ли отменить заказ, если он уже отправлен?"", ""Когда вернут деньги за отменённый заказ?"", ""Можно ли поменять адрес доставки?"", ""Можно ли добавить товар в заказ?""]",Изменение и отмена заказа > Частичная отмена заказа > После отправки,Изменение и отмена заказа > FAQ > Можно ли добавить товар в заказ?,"# Изменение и отмена заказа ## Covered sections - Частичная отмена заказа - FAQ ## Covered subsections - После отправки - Можно ли изменить заказ после оформления? - Как отменить заказ? - Можно ли отменить заказ, если он уже отправлен? - Когда вернут деньги за отменённый заказ? - Можно ли поменять адрес доставки? - Можно ли добавить товар в заказ? - Частичная отмена невозможна - Получите заказ полностью - Оформите возврат ненужных товаров через стандартную процедуру --- Да, до момента передачи заказа на сборку. Изменить можно состав, количество, адрес, способ доставки и оплаты. Для этого воспользуйтесь личным кабинетом или поддержкой. В личном кабинете откройте «Мои заказы», выберите нужный и нажмите «Отменить заказ». Или обратитесь в поддержку. Нет, отменить отправленный заказ нельзя. Вы можете отказаться от получения или оформить возврат после доставки. При онлайн-оплате — до 10 рабочих дней. Бонусные баллы — до 3 рабочих дней. При наложенном платеже возврат не требуется. До отправки — да, через личный кабинет или поддержку. После отправки — только через поддержку и транспортную компанию, возможна доплата. До отправки — да, через поддержку. После отправки — нет, нужно оформить новый заказ.",300,70
stg5_v2_chunk_00072,order_support,rag_raw,order_changes_and_cancellation.md,ml\data\kb_stage5\raw\order_changes_and_cancellation.md,Изменение и отмена заказа,"[""FAQ"", ""FAQ"", ""FAQ"", ""FAQ"", ""FAQ"", ""FAQ""]","[""Можно ли поменять адрес доставки?"", ""Можно ли добавить товар в заказ?"", ""Можно ли изменить способ оплаты?"", ""Вернётся ли промокод при отмене заказа?"", ""Можно ли отменить только часть заказа?"", ""Можно ли восстановить отменённый заказ?""]",Изменение и отмена заказа > FAQ > Можно ли поменять адрес доставки?,Изменение и отмена заказа > FAQ > Можно ли восстановить отменённый заказ?,"# Изменение и отмена заказа ## Covered sections - FAQ ## Covered subsections - Можно ли поменять адрес доставки? - Можно ли добавить товар в заказ? - Можно ли изменить способ оплаты? - Вернётся ли промокод при отмене заказа? - Можно ли отменить только часть заказа? - Можно ли восстановить отменённый заказ? До отправки — да, через личный кабинет или поддержку. После отправки — только через поддержку и транспортную компанию, возможна доплата. До отправки — да, через поддержку. После отправки — нет, нужно оформить новый заказ. До оплаты — да. После оплаты — нет, нужно отменить заказ и оформить новый. Нет, использованный промокод не восстанавливается после отмены. До отправки — да, через поддержку. После отправки — нет, нужно получить весь заказ и вернуть ненужные товары. Нет, но можно оформить новый заказ с теми же товарами, если они есть в наличии.",217,71
stg5_v2_chunk_00073,catalog_product,rag_raw,product_availability.md,ml\data\kb_stage5\raw\product_availability.md,Информация о товарах и наличии,"[""Краткий ответ"", ""Как узнать, есть ли товар в наличии?"", ""Как узнать, есть ли товар в наличии?"", ""Как узнать, есть ли товар в наличии?"", ""Товара нет в наличии — что делать?""]","[""На сайте"", ""В мобильном приложении"", ""Через поддержку""]",Информация о товарах и наличии > Краткий ответ,Информация о товарах и наличии > Товара нет в наличии — что делать?,"# Информация о товарах и наличии ## Covered sections - Краткий ответ - Как узнать, есть ли товар в наличии? - Товара нет в наличии — что делать? ## Covered subsections - На сайте - В мобильном приложении - Через поддержку Проверить наличие товара можно на странице товара на сайте или в мобильном приложении. Если товара нет в наличии, можно подписаться на уведомление о поступлении. Информация о характеристиках, размерах, цветах и комплектации указана в карточке товара. Если нужна дополнительная информация, обратитесь в службу поддержки. --- 1. Откройте страницу нужного товара 2. Статус наличия отображается рядом с кнопкой «В корзину»: - **«В наличии»** — товар доступен для заказа - **«Мало на складе»** — осталось менее 5 штук - **«Нет в наличии»** — товар временно отсутствует - **«Предзаказ»** — товар можно заказать заранее, доставка после поступления Статус наличия отображается так же, как на сайте — на странице товара. Если статус на сайте непонятен или вы хотите уточнить наличие конкретной модификации: - Напишите в чат на сайте - Отправьте email на support@example-shop.ru - Позвоните: 8-800-123-45-67 --- Если нужный товар временно отсутствует:",286,72
stg5_v2_chunk_00074,catalog_product,rag_raw,product_availability.md,ml\data\kb_stage5\raw\product_availability.md,Информация о товарах и наличии,"[""Как узнать, есть ли товар в наличии?"", ""Товара нет в наличии — что делать?"", ""Товара нет в наличии — что делать?"", ""Товара нет в наличии — что делать?"", ""Товара нет в наличии — что делать?"", ""Будет ли пополнение товара?"", ""Будет ли пополнение товара?""]","[""Через поддержку"", ""Подписаться на уведомление"", ""Проверить аналоги"", ""Уточнить сроки поступления"", ""Как узнать"", ""Важно""]","Информация о товарах и наличии > Как узнать, есть ли товар в наличии? > Через поддержку",Информация о товарах и наличии > Будет ли пополнение товара? > Важно,"# Информация о товарах и наличии ## Covered sections - Как узнать, есть ли товар в наличии? - Товара нет в наличии — что делать? - Будет ли пополнение товара? ## Covered subsections - Через поддержку - Подписаться на уведомление - Проверить аналоги - Уточнить сроки поступления - Как узнать - Важно Если статус на сайте непонятен или вы хотите уточнить наличие конкретной модификации: - Напишите в чат на сайте - Отправьте email на support@example-shop.ru - Позвоните: 8-800-123-45-67 --- Если нужный товар временно отсутствует: 1. Откройте страницу товара 2. Нажмите кнопку «Сообщить о поступлении» 3. Укажите email или номер телефона 4. Когда товар появится на складе, вы получите уведомление - На странице товара в блоке «Похожие товары» могут быть аналогичные модели в наличии - Используйте фильтры каталога для поиска альтернатив - Обратитесь в поддержку с названием или артикулом товара - Мы сообщим ориентировочные сроки следующей поставки, если информация доступна --- - Точные сроки пополнения зависят от поставщика и не всегда известны заранее - Обратитесь в поддержку — мы проверим статус поставки - Подпишитесь на уведомление о поступлении на странице товара - Некоторые товары производятся ограниченными партиями и могут не появиться снова - Сезонные товары могут появиться только в определённое время года - Товары, снятые с производства, не пополняются ---",317,73
stg5_v2_chunk_00075,catalog_product,rag_raw,product_availability.md,ml\data\kb_stage5\raw\product_availability.md,Информация о товарах и наличии,"[""Будет ли пополнение товара?"", ""Будет ли пополнение товара?"", ""Какие размеры доступны?"", ""Какие размеры доступны?"", ""Какие размеры доступны?""]","[""Как узнать"", ""Важно"", ""Где посмотреть размеры"", ""Размерная сетка"", ""Если нужного размера нет""]",Информация о товарах и наличии > Будет ли пополнение товара? > Как узнать,Информация о товарах и наличии > Какие размеры доступны? > Если нужного размера нет,"# Информация о товарах и наличии ## Covered sections - Будет ли пополнение товара? - Какие размеры доступны? ## Covered subsections - Как узнать - Важно - Где посмотреть размеры - Размерная сетка - Если нужного размера нет - Точные сроки пополнения зависят от поставщика и не всегда известны заранее - Обратитесь в поддержку — мы проверим статус поставки - Подпишитесь на уведомление о поступлении на странице товара - Некоторые товары производятся ограниченными партиями и могут не появиться снова - Сезонные товары могут появиться только в определённое время года - Товары, снятые с производства, не пополняются --- - На странице товара в разделе «Размеры» или в выпадающем списке при добавлении в корзину - Доступные размеры отмечены как активные, недоступные — как серые или зачёркнутые - Для одежды и обуви на странице товара есть кнопка «Таблица размеров» - Таблица содержит соответствие российских, европейских и международных размеров - Указаны замеры в сантиметрах для каждого размера - Подпишитесь на уведомление о поступлении нужного размера - Проверьте похожие модели — возможно, ваш размер есть в аналогичном товаре - Обратитесь в поддержку для уточнения сроков пополнения",277,74
stg5_v2_chunk_00076,catalog_product,rag_raw,product_availability.md,ml\data\kb_stage5\raw\product_availability.md,Информация о товарах и наличии,"[""Какие размеры доступны?"", ""Какие размеры доступны?"", ""Какие размеры доступны?"", ""Какие цвета доступны?"", ""Какие цвета доступны?""]","[""Размерная сетка"", ""Если нужного размера нет"", ""Как правильно выбрать размер"", ""Где посмотреть"", ""Если нужного цвета нет""]",Информация о товарах и наличии > Какие размеры доступны? > Размерная сетка,Информация о товарах и наличии > Какие цвета доступны? > Если нужного цвета нет,"# Информация о товарах и наличии ## Covered sections - Какие размеры доступны? - Какие цвета доступны? ## Covered subsections - Размерная сетка - Если нужного размера нет - Как правильно выбрать размер - Где посмотреть - Если нужного цвета нет - Для одежды и обуви на странице товара есть кнопка «Таблица размеров» - Таблица содержит соответствие российских, европейских и международных размеров - Указаны замеры в сантиметрах для каждого размера - Подпишитесь на уведомление о поступлении нужного размера - Проверьте похожие модели — возможно, ваш размер есть в аналогичном товаре - Обратитесь в поддержку для уточнения сроков пополнения 1. Измерьте свои параметры (обхват груди, талии, бёдер, длину стопы) 2. Сравните с таблицей размеров на странице товара 3. Если сомневаетесь — выбирайте больший размер 4. Помните, что товар можно обменять на другой размер в течение установленного срока --- - На странице товара доступные цвета отображаются в виде цветных кружков или плашек - Нажмите на цвет, чтобы увидеть фотографии товара в этом цвете - Если цвет неактивен (серый), значит он временно отсутствует - Подпишитесь на уведомление о поступлении - Проверьте похожие модели - Обратитесь в поддержку",278,75
stg5_v2_chunk_00077,catalog_product,rag_raw,product_availability.md,ml\data\kb_stage5\raw\product_availability.md,Информация о товарах и наличии,"[""Какие цвета доступны?"", ""Какие цвета доступны?"", ""Какие цвета доступны?"", ""Где посмотреть характеристики товара?"", ""Где посмотреть характеристики товара?""]","[""Где посмотреть"", ""Если нужного цвета нет"", ""Важно про отображение цветов"", ""На странице товара"", ""Если информации недостаточно""]",Информация о товарах и наличии > Какие цвета доступны? > Где посмотреть,Информация о товарах и наличии > Где посмотреть характеристики товара? > Если информации недостаточно,"# Информация о товарах и наличии ## Covered sections - Какие цвета доступны? - Где посмотреть характеристики товара? ## Covered subsections - Где посмотреть - Если нужного цвета нет - Важно про отображение цветов - На странице товара - Если информации недостаточно - На странице товара доступные цвета отображаются в виде цветных кружков или плашек - Нажмите на цвет, чтобы увидеть фотографии товара в этом цвете - Если цвет неактивен (серый), значит он временно отсутствует - Подпишитесь на уведомление о поступлении - Проверьте похожие модели - Обратитесь в поддержку - Реальный цвет товара может незначительно отличаться от изображения на экране - Это зависит от настроек монитора и освещения при съёмке - Если точный оттенок важен, обратитесь в поддержку для уточнения --- Характеристики указаны в нескольких местах: #### Блок «Описание» - Общее описание товара - Основные преимущества - Особенности модели #### Блок «Характеристики» - Таблица с техническими параметрами - Материал, вес, габариты - Для электроники: экран, процессор, память, батарея и т.д. #### Блок «Комплектация» - Что входит в комплект поставки - Наличие аксессуаров, кабелей, документации - Обратитесь в поддержку с вопросом о конкретном параметре - Мы уточним информацию у поставщика ---",298,76
stg5_v2_chunk_00078,catalog_product,rag_raw,product_availability.md,ml\data\kb_stage5\raw\product_availability.md,Информация о товарах и наличии,"[""Где посмотреть характеристики товара?"", ""Где посмотреть характеристики товара?"", ""Можно ли предзаказать товар?"", ""Можно ли предзаказать товар?"", ""Можно ли предзаказать товар?""]","[""На странице товара"", ""Если информации недостаточно"", ""Что такое предзаказ"", ""Как оформить предзаказ"", ""Условия предзаказа""]",Информация о товарах и наличии > Где посмотреть характеристики товара? > На странице товара,Информация о товарах и наличии > Можно ли предзаказать товар? > Условия предзаказа,"# Информация о товарах и наличии ## Covered sections - Где посмотреть характеристики товара? - Можно ли предзаказать товар? ## Covered subsections - На странице товара - Если информации недостаточно - Что такое предзаказ - Как оформить предзаказ - Условия предзаказа Характеристики указаны в нескольких местах: #### Блок «Описание» - Общее описание товара - Основные преимущества - Особенности модели #### Блок «Характеристики» - Таблица с техническими параметрами - Материал, вес, габариты - Для электроники: экран, процессор, память, батарея и т.д. #### Блок «Комплектация» - Что входит в комплект поставки - Наличие аксессуаров, кабелей, документации - Обратитесь в поддержку с вопросом о конкретном параметре - Мы уточним информацию у поставщика --- Предзаказ — это возможность зарезервировать товар до его поступления на склад. 1. На странице товара нажмите «Предзаказ» (вместо «В корзину») 2. Оформите заказ как обычно 3. Оплата списывается сразу или при поступлении — зависит от условий - Ориентировочная дата поступления указана на странице товара - Дата может измениться — мы уведомим вас по email - Предзаказ можно отменить до момента отправки - При отмене оплаченного предзаказа деньги возвращаются в течение 10 рабочих дней",299,77
stg5_v2_chunk_00079,catalog_product,rag_raw,product_availability.md,ml\data\kb_stage5\raw\product_availability.md,Информация о товарах и наличии,"[""Можно ли предзаказать товар?"", ""Можно ли предзаказать товар?"", ""Как сравнить товары?"", ""Как сравнить товары?"", ""Как сравнить товары?"", ""Отзывы и рейтинг товара""]","[""Условия предзаказа"", ""Важно"", ""На сайте"", ""В мобильном приложении"", ""Ограничения"", ""Где посмотреть отзывы""]",Информация о товарах и наличии > Можно ли предзаказать товар? > Условия предзаказа,Информация о товарах и наличии > Отзывы и рейтинг товара > Где посмотреть отзывы,# Информация о товарах и наличии ## Covered sections - Можно ли предзаказать товар? - Как сравнить товары? - Отзывы и рейтинг товара ## Covered subsections - Условия предзаказа - Важно - На сайте - В мобильном приложении - Ограничения - Где посмотреть отзывы - Ориентировочная дата поступления указана на странице товара - Дата может измениться — мы уведомим вас по email - Предзаказ можно отменить до момента отправки - При отмене оплаченного предзаказа деньги возвращаются в течение 10 рабочих дней - Не все товары доступны для предзаказа - Предзаказ не гарантирует конкретную дату поступления - При задержке поставщика мы свяжемся с вами и предложим варианты --- 1. Откройте страницу интересующего товара 2. Нажмите иконку «Сравнить» (обычно значок весов) 3. Добавьте другие товары для сравнения аналогичным способом 4. Перейдите в раздел «Сравнение» (ссылка появится в верхней части сайта) 5. Таблица сравнения покажет все характеристики рядом Функция сравнения доступна аналогично — через иконку на странице товара. - Можно сравнивать до 4 товаров одновременно - Сравнение доступно для товаров одной категории --- - На странице товара в блоке «Отзывы» - Средний рейтинг отображается рядом с названием товара (звёзды от 1 до 5),301,78
stg5_v2_chunk_00080,catalog_product,rag_raw,product_availability.md,ml\data\kb_stage5\raw\product_availability.md,Информация о товарах и наличии,"[""Как сравнить товары?"", ""Как сравнить товары?"", ""Отзывы и рейтинг товара"", ""Отзывы и рейтинг товара"", ""Отзывы и рейтинг товара"", ""FAQ"", ""FAQ"", ""FAQ""]","[""В мобильном приложении"", ""Ограничения"", ""Где посмотреть отзывы"", ""Как оставить отзыв"", ""Важно"", ""Есть ли товар в наличии?"", ""Когда появится товар, которого нет в наличии?"", ""Какие размеры есть?""]",Информация о товарах и наличии > Как сравнить товары? > В мобильном приложении,Информация о товарах и наличии > FAQ > Какие размеры есть?,"# Информация о товарах и наличии ## Covered sections - Как сравнить товары? - Отзывы и рейтинг товара - FAQ ## Covered subsections - В мобильном приложении - Ограничения - Где посмотреть отзывы - Как оставить отзыв - Важно - Есть ли товар в наличии? - Когда появится товар, которого нет в наличии? - Какие размеры есть? Функция сравнения доступна аналогично — через иконку на странице товара. - Можно сравнивать до 4 товаров одновременно - Сравнение доступно для товаров одной категории --- - На странице товара в блоке «Отзывы» - Средний рейтинг отображается рядом с названием товара (звёзды от 1 до 5) 1. Войдите в личный кабинет 2. Перейдите в «Мои заказы» 3. Найдите заказ с нужным товаром 4. Нажмите «Оставить отзыв» 5. Поставьте оценку и напишите комментарий 6. При желании прикрепите фото - Отзыв можно оставить только на товар, который вы купили - Отзывы проходят модерацию перед публикацией (до 24 часов) - Мы не удаляем негативные отзывы, если они не нарушают правила --- Статус наличия указан на странице товара. Если написано «В наличии» — товар доступен для заказа. Подпишитесь на уведомление о поступлении на странице товара или обратитесь в поддержку для уточнения сроков. Доступные размеры показаны на странице товара. Используйте таблицу размеров для правильного выбора.",314,79
stg5_v2_chunk_00081,catalog_product,rag_raw,product_availability.md,ml\data\kb_stage5\raw\product_availability.md,Информация о товарах и наличии,"[""FAQ"", ""FAQ"", ""FAQ"", ""FAQ"", ""FAQ"", ""FAQ"", ""FAQ"", ""FAQ""]","[""Есть ли товар в наличии?"", ""Когда появится товар, которого нет в наличии?"", ""Какие размеры есть?"", ""Какие цвета есть?"", ""Где посмотреть характеристики?"", ""Можно ли предзаказать товар?"", ""Как сравнить два товара?"", ""Реальный цвет может отличаться от фото?""]",Информация о товарах и наличии > FAQ > Есть ли товар в наличии?,Информация о товарах и наличии > FAQ > Реальный цвет может отличаться от фото?,"# Информация о товарах и наличии ## Covered sections - FAQ ## Covered subsections - Есть ли товар в наличии? - Когда появится товар, которого нет в наличии? - Какие размеры есть? - Какие цвета есть? - Где посмотреть характеристики? - Можно ли предзаказать товар? - Как сравнить два товара? - Реальный цвет может отличаться от фото? Статус наличия указан на странице товара. Если написано «В наличии» — товар доступен для заказа. Подпишитесь на уведомление о поступлении на странице товара или обратитесь в поддержку для уточнения сроков. Доступные размеры показаны на странице товара. Используйте таблицу размеров для правильного выбора. Доступные цвета показаны на странице товара в виде цветных плашек. Неактивные цвета временно отсутствуют. На странице товара в блоках «Описание», «Характеристики» и «Комплектация». Да, если на странице товара есть кнопка «Предзаказ». Предзаказ можно отменить до отправки. Нажмите иконку «Сравнить» на странице каждого товара. Затем перейдите в раздел «Сравнение» для просмотра таблицы характеристик. Да, реальный оттенок может незначительно отличаться из-за настроек экрана. Для уточнения обратитесь в поддержку.",283,80
stg5_v2_chunk_00082,catalog_product,rag_raw,product_availability.md,ml\data\kb_stage5\raw\product_availability.md,Информация о товарах и наличии,"[""FAQ"", ""FAQ"", ""FAQ"", ""FAQ""]","[""Как сравнить два товара?"", ""Реальный цвет может отличаться от фото?"", ""Как узнать точные размеры товара?"", ""Как оставить отзыв о товаре?""]",Информация о товарах и наличии > FAQ > Как сравнить два товара?,Информация о товарах и наличии > FAQ > Как оставить отзыв о товаре?,"# Информация о товарах и наличии ## Covered sections - FAQ ## Covered subsections - Как сравнить два товара? - Реальный цвет может отличаться от фото? - Как узнать точные размеры товара? - Как оставить отзыв о товаре? Нажмите иконку «Сравнить» на странице каждого товара. Затем перейдите в раздел «Сравнение» для просмотра таблицы характеристик. Да, реальный оттенок может незначительно отличаться из-за настроек экрана. Для уточнения обратитесь в поддержку. На странице товара в блоке «Характеристики» указаны габариты. Для одежды используйте таблицу размеров. В личном кабинете найдите заказ и нажмите «Оставить отзыв». Оценка и комментарий публикуются после модерации.",174,81
