text,category
"Есть ли электронное письмо, по которому можно отправить отзыв о вашей продукции?",product_info
"Мне нужна помощь, чтобы сбросить ключ моей учетной записи",account
Я должен подать иск,other
"Я ищу информацию о чертовом товаре в магазине, помогите мне.",return_exchange
"Ищу информацию о чертовых продуктах, где ее взять?",product_info
"Я не могу заставить сайт работать на моем mac, мне нужно сообщить об ошибке",technical_issue
"Я пытаюсь узнать, в какие часы я могу связаться со службой поддержки клиентов",general_info
Как мне изменить покупку e8tgxpc4?,order_status
"Хочу узнать стоимость рассылки, как мне это сделать?",delivery
Есть что-нибудь от эмилии?,general_info
"Мне нужна информация о чертовых весенних распродажах, где я могу ее получить?",promo_loyalty
"Я хотел бы подтвердить наличие продуктов онлайн, мне нужна помощь",product_info
Как я могу связаться со службой поддержки клиентов,general_info
Как сообщить о проблемах с регистрацией,account
Сколько [валюта_источник: доллары] в фунте?,payment_refund
"Мне нужно найти свою чертову посылку, где ее взять?",order_status
"Мне нужна информация о зимних распродажах, как я могу ее получить",promo_loyalty
Как я могу оставить комментарий о товаре?,other
Сколько стоит акции фбр?,product_info
"Мне нужна информация о распродажах, где я могу ее получить?",promo_loyalty
"Я бы хотел обменять товар в магазине, где я могу это сделать?",return_exchange
"Я не знаю, что делать, чтобы поговорить с кем-то",other
"Я тебя не понимаю, помоги мне поговорить с чертовым человеком.",other
"Я бы хотел заплатить чертовой картой, ты можешь мне помочь?",payment_refund
Я ищу информацию о зимних распродажах,promo_loyalty
Не могли бы помочь мне отследить мою посылку,order_status
Мне нужна помощь в приобретении некоторых ваших продуктов,order_status
"Хочу найти магазины в моем районе, могу ли я получить помощь",general_info
Можете ли вы помочь мне увидеть наличие этого чертового продукта в интернете?,product_info
Можете ли вы помочь мне отписаться от новостной рассылки?,account
Уведомлять об ошибках при регистрации,account
"Мне нужно отслеживать свой замененный продукт, могу ли я получить помощь?",order_status
"Приложение не работает на моем компьютере, как мне сообщить о проблеме",technical_issue
"Мне нужно узнать, в какое время я могу связаться со службой поддержки клиентов",general_info
"Сайт не работает на моем телефоне, я хочу помочь сообщить о проблеме",technical_issue
"Где я могу проверить, какие способы оплаты вы принимаете?",payment_refund
В какой части страны есть тропические леса?,general_info
"Мне нужно вернуть товар онлайн, как я могу это сделать?",return_exchange
Порядок редактирования cumqfixg,order_status
"Я не знаю, что делать, чтобы увидеть плату за отмену бронирования.",order_status
"Мне нужно поискать магазин, ты мне поможешь?",general_info
"Мне нужно вернуть заказ онлайн, как я могу это сделать",return_exchange
"Я не могу заставить сайт работать на своем компьютере, мне нужна помощь, чтобы сообщить об ошибке",technical_issue
"Продукт, который я получил, неправильный, не могли бы вы помочь мне сообщить об этом?",return_exchange
Как я могу отправить отзыв?,product_info
"Мне нужно воспользоваться твоим чертовым приложением, могу ли я получить помощь?",technical_issue
"Я хотел бы проверить часы работы вашего магазина, могу ли я это сделать",general_info
"Сайт не работает на моем мобильном телефоне, могу ли я сообщить об ошибке?",technical_issue
"Я хотел бы отправить идею продукта, вы мне поможете?",other
Я хотел бы предложить идею по улучшению продукта,other
"Хочу использовать твое мобильное приложение, мне нужна помощь",technical_issue
"Я хотел бы узнать больше о следующих гребаных распродажах, найти некоторую информацию.",promo_loyalty
"Нужно сообщить о технической проблеме с мобильным приложением, мне поможет",technical_issue
"Хочу узнать больше о весенних распродажах, могу найти некоторую информацию",promo_loyalty
"Я хочу узнать больше о следующих распродажах, дайте мне немного информации.",promo_loyalty
Я хочу узнать больше об отмене подписки на рассылку новостей,account
"Хочу использовать твой azpp, где мне это сделать?",technical_issue
Как я могу вернуть товар в магазин,return_exchange
"Я бы хотел вернуть товар онлайн, где мне это сделать?",return_exchange
Помогите мне написать комментарий к услуге,product_info
Я ищу информацию о чертовых распродажах. не могли бы вы мне помочь?,promo_loyalty
"Мне нужно обменять купленный товар, как это сделать?",return_exchange
"Я хочу поговорить с человеком, вы мне поможете?",other
не могу войти,account
Помогите сообщить о проблеме с регистрацией,account
Мне нужно проверить процесс возврата средств. как мне это сделать?,payment_refund
как отследить посылку,order_status
"Я хочу сделать гребаные переводы, могу ли я получить помощь?",payment_refund
куда обратиться,general_info
чем можете помочь,other
"Мне нужно проверить, в какие часы доступна поддержка клиентов",general_info
"Хочу узнать больше о сроках доставки моей покупки, дашь мне некоторую информацию?",delivery
Каковы цены на акции,product_info
вы лучшие,other
"Приложение не работает на моем мобильном телефоне, можно ли сообщить о проблеме",technical_issue
"Мне нужна помощь, чтобы узнать, какие варианты оплаты вы принимаете",payment_refund
"Я хотел бы проверить время доставки моего заказа, помогите мне",delivery
Прислал мне какие-нибудь письма?,general_info
"Мне нужно проверить плату за ранний выход, мне нужна помощь",order_status
Можете помочь мне отправить отзыв о продукте,other
"Хочу узнать о часах работы вашего магазина, где я могу найти дополнительную информацию",general_info
"Я хотел бы получить чертову компенсацию, где я могу это сделать?",return_exchange
Не могли бы вы помочь мне закрыть золотой аккаунт?,account
"У тебя есть номер телефона, чтобы связаться с чертовой службой поддержки клиентов?",general_info
"Я бы хотел вернуть деньги, где мне это сделать?",return_exchange
Как я могу получить информацию о чертовой стоимости доставки?,delivery
"Приложение не работает, сообщите о проблеме",technical_issue
"Я купил товар, но выбрал не ту модель. я хотел бы изменить свой онлайн-заказ.",order_status
Каков обменный курс между динаром и фунтом,payment_refund
как оформить возврат,return_exchange
ваш телефон,general_info
"Мне нужно добавить товар в корзину, помогите мне.",product_info
"Я хочу вернуть купленный товар, что мне делать?",return_exchange
Не могли бы вы помочь мне добавить товары в корзину?,product_info
"Ищу информацию о очередных распродажах, мне нужна помощь",promo_loyalty
"Я хотел бы обменять некоторые товары, где это сделать?",return_exchange
"Хочу оставить отзыв, ты мне поможешь?",other
"Я хотел бы оставить чертовски предложение, могу ли я получить помощь?",other
"Маневры, связанные с дорожной скоростью",delivery
"Один из чертовых товаров, которые я получил, неправильный, помогите мне сообщить об этом",return_exchange
"Я хотел бы предложить чертову идею по улучшению продукта, как я могу это сделать?",other
"Сайт не работает на моем мобильном телефоне, помогите мне сообщить о чертовой проблеме",technical_issue
"Хочу получить счет от джона, помоги мне",payment_refund
"Мне пришлось расплатиться чертовой дебетовой картой, где я мог это сделать?",payment_refund
Как я могу найти информацию о товаре в магазине,return_exchange
"Мне нужно обменять товар в магазине, как я могу это сделать?",return_exchange
"Сири, какой американский доллар в японском йене?",payment_refund
Сколько стоит билет на поезд до денвера отсюда?,delivery
Как я могу получать информационный бюллетень твоей чертовой компании?,account
Что такое johnzena,general_info
"Я не знаю, как отменить покупку jmfuyl0o",order_status
"Я не могу заставить сайт работать на моем компьютере, мне нужно сообщить об ошибке",technical_issue
ошибка при оплате,payment_refund
Можешь показать мне эту чертову историю покупок?,account
"Я хочу добавить товары в корзину, где я могу это сделать?",product_info
"Мне нужно отправить отзыв, могу ли я получить помощь?",other
"Мне нужно отменить чертову вещь, как мне это сделать?",order_status
"Сайт не работает на моем мобильном телефоне, как сообщить об ошибке",technical_issue
"Я бы хотел вернуть этот заказ, мне нужна помощь.",return_exchange
"Я купил офигенный товар, но выбрал не ту модель, хочу обновить заказ.",order_status
хочу пожаловаться,other
гарантийный случай,return_exchange
"Приложение не работает на моем телефоне, мне нужно сообщить об этой чертовой проблеме",technical_issue
Мне нужна помощь в редактировании заказа 056qw26f,order_status
"Сайт не работает на моем компьютере, можно ли сообщить об этой проблеме?",technical_issue
"Я не знаю, как связаться со службой поддержки клиентов",general_info
"Я хотел бы отправить идею продукта, как я могу это сделать?",other
Какова текущая цена акций...,product_info
"Помогите проверить, как скоро я получу свой продукт",delivery
Я хотел бы сообщить о проблемах с доставкой моего заказа. могу ли я получить помощь?,delivery
"Я хотел бы обменять купленный товар, не могли бы вы мне помочь?",return_exchange
"Где посмотреть, в какие часы я могу связаться со службой поддержки?",general_info
"Мне нужно отменить пункт, где мне это сделать",order_status
"Нужно удалить товары из корзины, можете мне помочь",product_info
"Я хочу добавить товар в корзину, где это можно сделать?",product_info
"Ищу информацию о распродаже, где ее можно получить",promo_loyalty
Произошла ошибка при отправке адреса доставки,delivery
Мне нужно отправить комментарий о вашей компании.,other
Помогите отправить отзыв о вашей продукции,product_info
"Моя посылка была отправлена ​​не на тот адрес, мне нужна помощь, чтобы сообщить о проблемах с доставкой",delivery
Мне нужна помощь в обмене купленных мной товаров,return_exchange
Где проверить какие способы доставки доступны?,delivery
"Мне нужно отправить электронное письмо в службу поддержки клиентов, как я могу это сделать",general_info
Помогите мне проверить чертову историю покупок,account
хочу обменять на другой размер,return_exchange
"Я хочу узнать больше о следующих распродажах, можешь ли ты дать мне какую-нибудь информацию?",promo_loyalty
"Я хотел бы вернуть товар, который я купил в магазине онлайн",return_exchange
"Я хотел бы узнать о вашей политике возврата денег, можете ли вы найти некоторую информацию?",payment_refund
где мой товар?,order_status
Где проверить наличие товара в магазине?,product_info
"Я хочу узнать больше о чертовых распродажах, вы найдете какую-нибудь информацию?",promo_loyalty
"Хочу увидеть твой процесс возврата, мог бы мне помочь",return_exchange
"Я бы хотел воспользоваться твоим чертовым мобильным приложением, мне нужна помощь",technical_issue
"Я ищу информацию о распродажах, помогите мне.",promo_loyalty
Отменить заказ xdl2ck5c,order_status
"Приложение не работает на моем телефоне, я должен сообщить об этой чертовой проблеме",technical_issue
Хочу знать о чертовом продукте,product_info
"Я хотел бы узнать больше о распродажах, дайте мне некоторую информацию.",promo_loyalty
Я хочу удалить товар из корзины,product_info
"Я хочу отменить онлайн-заказ, вы можете мне помочь?",order_status
"Мне нужно проверить часы работы, где я могу это сделать",general_info
Я пытаюсь подать жалобу клиента,other
"Я сделал заказ и не получил счет, мне нужна помощь с его получением",payment_refund
"Я не могу заставить веб-сайт работать на моем mac, мне нужна помощь, чтобы сообщить о проблеме",technical_issue
Мне нужно сообщить о проблемах с доставкой моего груза. где я могу это сделать?,delivery
Открытие премиум-аккаунта для жены,account
Мне нужна информация о чертовых распродажах,promo_loyalty
"Нужно проверить часы работы твоего чертового магазина, можешь мне помочь",general_info
Оставить отзыв об услуге,product_info
См. законопроект № 12588,payment_refund
"Я звоню, чтобы узнать, как скоро мне ожидать посылку.",delivery
"Я хотел бы отправить комментарий о вашем бренде, где это сделать",other
Время работы поезда,delivery
"Мне нужно обновить свой заказ, прежде чем ты его отправишь, помогите мне",order_status
"У меня не работает сайт на моем mac, помогите мне сообщить о чертовой проблеме.",technical_issue
"Мне нужно отправить комментарий к товару, где это сделать?",other
"Мне не нужен мой профиль, помоги мне закрыть его.",account
Могу ли я переключить что-нибудь порядка dpdgr17c?,order_status
"Я хотел бы узнать больше о продажах iwnter, дам мне некоторую информацию.",promo_loyalty
"Я совершил покупку, но не получил счет, как мне его скачать",payment_refund
Помогите удалить некоторые товары из покупки ezgn9lrn,order_status
"Мне нужна помощь, чтобы отправить предложение",other
"Хочу указать дополнительный адрес доставки, как это сделать?",delivery
"Я хотел бы узнать о чертовых продуктах, как я могу получить больше информации?",product_info
"Некоторые продукты в моей посылке указаны неверно, мне нужна помощь, чтобы сообщить о них",return_exchange
"Можете ли вы помочь мне узнать, какие варианты оплаты вы принимаете?",payment_refund
"Я хотел бы узнать больше о следующих распродажах, ты дашь мне некоторую информацию?",promo_loyalty
"Я хотел бы узнать больше о распродажах, вы найдете какую-нибудь информацию?",promo_loyalty
"Олли, ты должен найти другой путь к моему месту назначения.",delivery
"Я не понимаю, как мне поговорить с агентом-человеком",other
"Я хотел бы узнать больше о чертовых продуктах, можете ли вы дать мне некоторую информацию?",product_info
Я должен сообщить о проблемах с оплатой,payment_refund
"Мне нужно вернуть товар, может мне поможет",return_exchange
сроки доставки,delivery
"Мой профиль взломали, мне нужна помощь в сбросе пароля",account
"Мне нужна информация о следующих распродажах, как я могу ее получить?",promo_loyalty
Нужно отписаться от вашей рассылки,account
Asxsistance получение вашего информационного бюллетеня,account
"Мне нужно сообщить о проблеме с приложением, где это сделать?",technical_issue
"Я хотел бы использовать ваше приложение, как я могу это сделать?",technical_issue
"Мне нужно подтвердить наличие чертовых товаров в магазине, поможет мне",product_info
"Мне нужно купить кое-какие вещи, могу ли я получить помощь?",order_status
"Я хотел бы использовать ваше мобильное приложение, как мне это сделать?",technical_issue
Есть ли у вас способ оставить отзыв о ваших услугах?,product_info
Помогите мне связаться с кем-нибудь,other
"Я хотел бы проверить, где находится моя доставка, не могли бы вы мне помочь?",order_status
"Мне бы хотелось получить информацию о следующих распродажах, как мне ее найти?",promo_loyalty
"Я бы хотел использовать твое приложение, где это сделать",technical_issue
Хочу узнать больше о чертовых весенних распродажах,promo_loyalty
Мне нужна помощь с проверкой часов работы твоего чертового магазина.,general_info
"Я хотел бы обменять некачественный товар в магазине, где я могу это сделать?",return_exchange
"Я ищу информацию о твоих чертовых часах работы, ты мне поможешь?",general_info
Не могли бы вы помочь мне отправить жалобы на продукты?,other
"Я хотел бы поговорить с чертовым оператором, могу ли я получить помощь?",other
Вы дадите мне информацию о продажах?,promo_loyalty
Во сколько закрываются ваши магазины,general_info
купон на скидку,promo_loyalty
Пада проверяет фондовые цены на эту продукцию.,product_info
"Я не понимаю, как общаться с кем-то",other
Как удалить долбаные товары из корзины?,product_info
Мне нужно поговорить с кем-нибудь,other
Где я могу найти информацию о распродажах?,promo_loyalty
"Мне нужна информация о чертовых весенних распродажах, как я могу ее найти?",promo_loyalty
"Мне нужна информация о продажах, как я могу ее найти?",promo_loyalty
"Я бы хотел изменить свой профиль, где это сделать.",account
"Я хотел бы узнать о времени доставки, можете ли вы найти какую-нибудь информацию?",delivery
логин и пароль,account
Сколько сообщений джон смит прислал мне за последние 12 месяцев?,general_info
"Я бы хотел отправить заказ обратно, как мне это сделать?",return_exchange
"Я купил товар, но выбрал неправильный цвет, мне нужно обновить свой онлайн-заказ",order_status
Каков обменный курс на английский фунт и наши доллары?,payment_refund
"Приложение не работает на моем устройстве, мне нужно сообщить о проблеме",technical_issue
"Я хотел бы узнать больше о весенних распродажах, вы найдете какую-нибудь информацию?",promo_loyalty
"Я хотел бы отследить свой возврат, надеюсь, смогу ли я это сделать?",payment_refund
"Можете ли вы помочь мне проверить, в каких случаях я могу запросить возврат средств?",payment_refund
"Нужно использовать ваше мобильное приложение, где я могу это сделать",technical_issue
Мобильное приложение не работает на моем планшете. не могли бы вы помочь мне сообщить о проблеме?,technical_issue
"Я бы хотел воспользоваться твоим чертовым мобильным приложением, можно мне помочь?",technical_issue
Я получил новые письма сегодня?,general_info
"Я не могу заставить сайт работать, как мне сообщить об ошибке",technical_issue
Можно ли создать учетную запись пользователя,account
Мне нужна помощь в изменении товара eyxrg41m,order_status
"Я бы хотел использовать твое мобильное приложение, как мне это сделать?",technical_issue
"Я хочу закрыть свой профиль, как мне это сделать?",account
"Мне нужно изменить товар при покупке. febswkop, помогите мне.",order_status
"Мне нужно вернуть товар онлайн, как это сделать",return_exchange
Мне нужна помощь в просмотре платы за отмену,order_status
"Мне нужно изменить свой онлайн-заказ, прежде чем отправлять его, где мне это сделать",order_status
"Я не могу заставить сайт работать на своем планшете, могу ли я сообщить о проблеме",technical_issue
Я ожидаю скидку 10 долларов,payment_refund
Долл. сша/евро,payment_refund
"Я хочу обменять товар, купленный онлайн, в магазине, как мне это сделать?",return_exchange
"Как я могу увидеть, какие варианты доставки доступны?",delivery
"Мне нужно найти магазин поблизости, как мне это сделать?",general_info
"Мне нужно посмотреть чертову историю заказов, что мне делать?",account
"Мне нужно выехать, помогите мне",payment_refund
"Я ищу информацию о офигенном товаре в магазине, где я могу его найти?",return_exchange
"Мне нужно обменять товар, который я купил в магазине онлайн",return_exchange
Можно ли будет купить через ваше приложение?,technical_issue
"Я не знаю, как купить несколько статей",order_status
"Мне нужна помощь, чтобы найти магазины рядом со мной",general_info
"Я бы солгал, чтобы узнать больше о чертовых продажах, дай мне какую-нибудь информацию?",promo_loyalty
"Хочу узнать больше о твоем чертовом процессе возврата, могу найти некоторую информацию",return_exchange
"Я ищу информацию о чертовых распродажах, может мне поможет",promo_loyalty
"Я сделал заказ, но мне не пришел счет, помогите мне его получить",payment_refund
доставка почтой,delivery
"Мне нравится информация о часах работы вашего магазина, где я могу ее получить",general_info
Любые важные уведомления.,general_info
"Заказанная мной посылка была раздавлена, как я могу об этом сообщить?",return_exchange
"Каков обменный курс между 500 долларов, что я фрак?",payment_refund
"Нужно проверить наличие товара, помогите мне",product_info
"Я не знаю, как отменить подписку на рассылку новостей",account
"Мне нужно найти что-то, что я купил. как просмотреть историю заказов?",account
"Я хотел бы удалить офигенные товары из корзины, где это сделать?",product_info
"Мне не нужна моя учетная запись, мне нужна помощь в ее удалении",account
Можно ли сделать заказ из индии?,delivery
Как мне поговорить с кем-то?,other
"Мой аккаунт украли, помогите мне восстановить пароль",account
Что это за родной город в театре болшой?,general_info
"Мой аккаунт взломали, не могли бы вы помочь мне сбросить мой пароль?",account
"Как мне узнать, в какое время доступна служба поддержки клиентов?",general_info
Не могли бы вы помочь мне получить возврат денег?,return_exchange
"Сайт не работает на моем устройстве, помогите мне сообщить об этой чертовой проблеме",technical_issue
Время проверки поезда калки с станции джодпур в понедельник,delivery
Есть ли адрес для отправки отзывов о вашей продукции?,product_info
"У меня есть предложение по улучшению вашего продукта, можете ли вы его прислать?",other
"Что мне нужно сделать, чтобы загрузить счет № 85632?",payment_refund
Могу ли я связаться со службой поддержки клиентов,general_info
"Хочу узнать о твоем чертовом процессе возврата денег, дай мне немного информации",payment_refund
"Я не получил все, что купил, помогите мне сообщить о пропаже товара",delivery
"Можешь показать мне, как отправиться в музей полета в сиэтле.",delivery
"Мне нравится информация о продукте, где я могу ее найти",product_info
"Мне нужно подтвердить наличие товара онлайн, можете ли вы мне помочь?",product_info
"Я ищу информацию о чертовом статусе моего отказа, мне нужна помощь.",payment_refund
"Мне нужно обменять чертову вещь, которую я купил в магазине, мне нужна помощь",return_exchange
Где я могу увидеть предварительную плату за выход,order_status
"Я хотел бы увидеть статус моего возврата, как это сделать?",payment_refund
Сколько времени на поезд...,delivery
"Мне нужно увидеть текущий статус заказа m9553wys, помогите мне.",order_status
"Мне нужно заплатить картой, где это сделать",payment_refund
"Нужно отправить идеи для продукта, где мне это сделать",other
"Я бы хотел использовать ваше мобильное приложение, где мне это сделать?",technical_issue
"Хочу оставить комментарии о продуктах, где это сделать",other
"Мне не нужна моя учетная запись, я бы хотел ее удалить",account
"Я хотел бы сообщить о чертовски неправильных продуктах, как мне это сделать?",return_exchange
"Я хотел бы узнать больше о твоих чертовых часах работы, можешь ли ты найти какую-нибудь информацию?",general_info
"У меня есть комментарий о продукте, как я могу его отправить",other
"Хочу подтвердить наличие чертовых товаров в интернете, мне поможет",product_info
есть промокоды?,promo_loyalty
Можете ли вы помочь мне составить список разрешенных способов оплаты?,payment_refund
"Я требую возврата денег, мне нужна помощь.",return_exchange
Приложение не работает на моем мобильном телефоне. не могли бы вы помочь мне сообщить об ошибке?,technical_issue
"Мне не нужен мой профиль, можно ли его отменить",account
"Мне нужна помощь, чтобы узнать, где мой груз.",order_status
Мне нужно отправить ответ шарлотте.,general_info
"Я хочу чертову учетную запись пользователя, могу ее создать",account
как оформить доставку,delivery
Могу ли я купить через ваш сайт?,technical_issue
"Мне нужно позвонить в службу поддержки клиентов, как я могу это сделать?",general_info
"Мне нужно просмотреть мою чертову историю заказов, можешь мне помочь?",account
Сколько стоит доллар сша против рупии?,payment_refund
"Мне нужно обменять в магазине чертову вещь, купленную в интернете, как я могу это сделать?",return_exchange
"Я хотел бы узнать больше о распродажах, не могли бы вы найти какую-нибудь информацию?",promo_loyalty
"Я хочу вернуть товар онлайн, где я могу это сделать?",return_exchange
"У меня ошибка в моей чертовой учетной записи, можно ли ее отредактировать",account
У меня возникла проблема с переводом с помощью кредитной карты. не могли бы вы помочь мне сообщить об этом?,payment_refund
Сколько времени на поезд?,delivery
Как скоро я могу ожидать свою покупку,delivery
Приложение не работает на моем планшете. не могли бы вы помочь мне сообщить об ошибке?,technical_issue
Как я могу найти информацию о восстановлении ключа,account
"Я сделал заказ и не получил счет, могу ли я его скачать",payment_refund
"Хочу узнать больше о чертовых распродажах, не могли бы вы дать мне некоторую информацию?",promo_loyalty
Дай мне направление от фарипира до гурпура.,delivery
"Мне нужна помощь, чтобы оставить отзыв о ваших услугах",product_info
"Мне нужно запросить право на забвение, где мне это сделать?",account
Когда айфон обычно падает,product_info
"Мне нужно посмотреть часы работы твоего чертового магазина, где это посмотреть",general_info
Как я могу найти информацию о распродажах?,promo_loyalty
Покажите мне дорогу ближайшей железнодорожной станции.,delivery
Как мне вернуть товар онлайн,return_exchange
Помощь в написании комментария к вашей продукции,product_info
"У меня есть комментарий о твоем бренде, я бы хотел его отправить.",other
"Мне нужно использовать ваше мобильное приложение, как это сделать?",technical_issue
"Приложение не работает на моем мобильном телефоне, можете ли вы помочь мне сообщить об ошибке?",technical_issue
Помощь в заказе статьи,order_status
Помощь в получении моего pin-кода пользователя,account
"Нужно проверить, где находится мой онлайн-заказ, как я могу это сделать",order_status
Информация о продажах,promo_loyalty
"Хочу использовать твое приложение, может мне помочь",technical_issue
"Я ищу информацию о следующих распродажах, может мне помочь.",promo_loyalty
"Мне нравится информация о весенних распродажах, как ее найти?",promo_loyalty
"Мне нужно связаться со службой поддержки, могу ли я получить помощь?",general_info
"Мой аккаунт взломали, мне нужна помощь в восстановлении пароля",account
"Я купил товар, но выбрал неправильный цвет, как изменить мой онлайн-заказ?",order_status
"Я не могу совершать переводы, сообщаю о проблемах с оплатой",payment_refund
Где заказать статью?,order_status
Я не могу заставить приложение работать на моем компьютере сообщить о чертовой проблеме,technical_issue
"Я купил товар, но он мне не нужен, как мне отменить этот заказ",order_status
"Я хотел бы найти магазины рядом со мной, могу ли я получить помощь?",general_info
"Я пропустил товар в покупке gbuvsr83, можете ли вы его добавить?",order_status
Маки жалоба,other
"Мне нужна информация о продажах, где я могу ее получить?",promo_loyalty
"Я вас не понимаю, мне нужна помощь, чтобы поговорить с агентом-человеком.",other
"Помогите узнать, в каких случаях я могу потребовать вернуть свои деньги",payment_refund
"Я бы хотел воспользоваться твоим чертовым приложением, мне нужна помощь",technical_issue
Как написать комментарий к вашей продукции?,product_info
Где я могу отследить свою чертову посылку?,order_status
"Нужно посмотреть, в какие часы я могу связаться со службой поддержки",general_info
"Я заказал товар, но не получил счет. можете ли вы мне помочь его получить?",payment_refund
Можете ли вы помочь мне обменять товар в магазине?,return_exchange
Не могли бы вы дать мне прежний график на будущее.,product_info
Я хочу получить информацию о стоимости пересылки,delivery
Как долго мы доберемся до центра.,delivery
"Если я хочу обменять то, что купил, это поможет мне",return_exchange
"Хочу поговорить со службой поддержки, мне нужна помощь",general_info
"Помогите мне понять, при каких обстоятельствах я могу запросить возврат средств",payment_refund
Мне нужна помощь в информировании об ошибках с платежами,payment_refund
"Что мне нужно сделать, чтобы удалить премиум-аккаунт",account
Я пытаюсь увидеть статус заказа iupcku97.,order_status
Я хочу обновить свой адрес,delivery
"Приложение не работает на моем мобильном телефоне, мне нужна помощь, чтобы сообщить об ошибке",technical_issue
отмените мой заказ,order_status
Мне нужна помощь с добавлением продукта для покупки upt0biq1.,order_status
"Я хотел бы узнать о часах работы вашего чертового магазина, как мне получить дополнительную информацию?",general_info
Как я могу увидеть историю заказов?,account
"Я хочу вернуть деньги, помогите мне запросить это",return_exchange
"Я хотел бы запросить возврат средств, мне нужна помощь",return_exchange
"Я заказал товар, отмените покупку 01jj7n7t",order_status
"Мне нужна информация о чертовом продюсере, как мне ее найти?",product_info
"Хочу использовать твое мобильное приложение, помоги мне",technical_issue
"Я хотел бы заполнить свои личные данные, как мне это сделать?",account
Как мне подать претензию?,other
"Мне нужна помощь, чтобы открыть счет titanium для моего отца.",account
Можете ли вы помочь мне заказать несколько ваших продуктов?,order_status
Как я могу найти информацию о продуктах,product_info
"Кто-то взломал мой профиль, не могли бы вы помочь мне восстановить мой пароль?",account
"Wqanna совершать платежи, как мне это сделать?",payment_refund
"Я хочу оставить комментарий о вашем бренде, мне нужна помощь",other
изменить адрес доставки,delivery
Есть ли электронное письмо для связи со службой поддержки?,general_info
"Что мне нужно сделать, чтобы пообщаться с ассистентом?",other
"Я хочу удалить товары из корзины, где я могу это сделать?",product_info
"Я не знаю, как скачать счет №37777.",payment_refund
"Я хотел бы вернуть товары онлайн, могу ли я получить помощь?",return_exchange
"Приложение не работает на моем компьютере, мне нужна помощь, чтобы повторить ошибку",technical_issue
"Я хочу узнать больше о чертовых зимних распродажах, найти информацию",promo_loyalty
Куда я могу подать жалобу на товар?,other
"Я получил не все купленные товары, сообщите о неполной комплектации",delivery
Открытие нового аккаунта titanium,account
"Я хотел бы увидеть наличие этих чертовых предметов, не могли бы вы мне помочь?",product_info
Можете ли вы дать мне информацию о весенних распродажах?,promo_loyalty
Как я могу поговорить с агентом-человеком?,other
Сколько лет мэриан кэри?,general_info
"Нужна помощь, чтобы поговорить с живым агентом",other
"Я хотел бы увидеть наличие этого чертового товара, где мне это сделать?",product_info
сколько стоит доставка,delivery
Где мне скачать ваше приложение?,technical_issue
"Мне нужно увидеть твою чертову обратную почту, как я могу это сделать?",return_exchange
"Я хотел бы сообщить о проблеме с купленным мной продуктом, мне нужна помощь",product_info
Мне нужно отправить отзыв об услуге,product_info
заказ не пришёл,order_status
вернуть покупку,return_exchange
Редактирование платинового аккаунта,account
"Мне нужно обменять кое-какие вещи, которые я купил, мне нужна помощь",return_exchange
Где я мог подписаться на чертову корпоративную рассылку?,account
"Мне нужна помощь, чтобы загрузить мой счет № 37777.",payment_refund
"Я должен сообщить о чертовых проблемах с приобретенным мной продуктом, как я могу это сделать",product_info
"Что мне нужно сделать, чтобы пообщаться с агентом?",other
Где я могу заработать несколько статей?,order_status
Жду блин возврата 10$,payment_refund
"Моя доставка не завершена, мне нужна помощь, чтобы сообщить об отсутствующем товаре",delivery
Я не могу сообщить об ошибках при регистрации,account
"Я не могу заставить сайт работать на своем компьютере, помогите мне сообщить о чертовой проблеме",technical_issue
"Этот сайт не работает на моем mac, помогите мне сообщить о проблеме",technical_issue
Не могли бы помочь мне исправить заказ j5wmq5lv,order_status
"Ищу информацию о очередных долбаных распродажах, как мне ее получить?",promo_loyalty
Сколько австралийцев можно купить за один фунт стерлингов?,payment_refund
баг в приложении,technical_issue
"Не мог бы ты помочь мне обменять некоторые вещи, которые я купил?",return_exchange
"Игрок, играющий в игру",general_info
Можете помочь мне поговорить со службой поддержки клиентов,general_info
"Я хотел бы узнать больше о следующих распродажах, найти некоторую информацию.",promo_loyalty
Помогите исправить порядок v9yh4y3k,order_status
Как пользоваться платиновым профилем?,account
Как я могу использовать ваше приложение?,technical_issue
характеристики товара,product_info
"Мне нужно изменить мой заказ на omline, прежде чем использовать его, могу ли я получить некоторую помощь",order_status
"Я хотел бы узнать о вашей гарантии возврата денег, дайте мне некоторую информацию",payment_refund
Можете ли вы помочь мне увидеть плату за отмену?,order_status
"Я хочу удалить товар из корзины, не могли бы вы мне помочь?",product_info
Можно ли использовать ваше приложение?,technical_issue
"Мне нужна компенсация, как я могу ее получить?",return_exchange
"Я ищу информацию о продажах, как я могу ее получить?",promo_loyalty
регистрация,account
Я не получил все купленные товары. куда мне сообщить о неполном заказе?,delivery
"Мобильное приложение не работает на моем компьютере, мне нужна помощь, чтобы сообщить о проблеме",technical_issue
"Хочу поговорить с человеком, могу ли я получить помощь",other
Поставки в дели,delivery
"Мне нужно позвонить в службу поддержки клиентов, как мне это сделать?",general_info
Ты поможешь мне отправить обратно этот заказ?,return_exchange
"Я ищу информацию о твоих чертовых часах посещения магазинов, как я могу ее получить?",general_info
"Мне нужно вернуть товары онлайн, могу ли я получить помощь",return_exchange
"Я хотел бы исправить свои личные данные, мне нужна помощь",account
Могу ли я разместить заказ из индии?,delivery
"Я хотел бы проверить наличие чертовых товаров в магазине, как я могу это сделать?",product_info
"Я хотел бы использовать ваше приложение, где мне это сделать?",technical_issue
"Мой продукт работает неправильно, мне нужна помощь, чтобы сообщить о проблеме с продуктом",product_info
"Я бы хотел найти магазины, как мне это сделать?",general_info
"Мне нужно проверить твои гребаные часы покупок, могу ли я получить помощь?",general_info
"Мне бы хотелось увидеть срок доставки моего заказа, где это сделать",delivery
"Я бы хотел использовать ваше приложение, мы поможем мне",technical_issue
Какова ставка между песо и иеной?,payment_refund
"Мой заказ отменен, помогите мне сообщить об этом",return_exchange
"Мне нужна помощь, чтобы поговорить с кем-то",other
"Мне нужно найти ближайший магазин, могу ли я получить помощь?",general_info
"Один из продуктов, которые я купил, был чертовски раздавлен, можно ли сообщить об этом?",return_exchange
"Я хотел бы оставить комментарий, могу ли я получить помощь?",other
"Я бы хотел воспользоваться твоим чертовым приложением, где я могу это сделать?",technical_issue
"Я бы хотел поговорить с кем-нибудь, мне нужна помощь",other
"Как узнать, в какие часы я могу связаться со службой поддержки клиентов",general_info
"Я хочу вернуть заказы онлайн, где я могу это сделать?",return_exchange
Помощь в создании еще одной гребаной фримиум-аккаунта,account
Когда последний поезд с рабочего отпуска,delivery
"Я хочу узнать о чертовом продукте, где мне найти дополнительную информацию?",product_info
"Я ищу информацию о дате доставки моей покупки, где я могу ее получить?",delivery
"У меня есть жалоба, помогите мне ее подать",other
Изменение данных на платиновом аккаунте,account
"Я хотел бы увидеть наличие товара в интернете, вы мне поможете?",product_info
"Мне нужно отменить товар, где это сделать?",order_status
"Сайт не работает, я хотел бы сообщить о проблеме",technical_issue
"Я хочу узнать дату доставки, вы дадите мне некоторую информацию?",delivery
"Нужна помощь, просмотрите варианты доставки",delivery
"Пожалуйста, дайте мне подробности: 1 долл. сша = rs",payment_refund
"Я хочу узнать стоимость доставки, где мне это сделать?",delivery
"Мне нужно поговорить со службой поддержки, могу ли я получить помощь",general_info
гарантия на товар,return_exchange
"Мне нужно обменять предметы, где мне это сделать",return_exchange
"Очень полезно, могу я с кем-нибудь поболтать",other
Можно ли использовать твое мобильное приложение?,technical_issue
"Мне нравится информация о чертовых зимних распродажах, где я могу ее получить",promo_loyalty
Можете ли вы помочь мне увидеть штрафы за досрочный выход?,order_status
"Я ищу информацию о выставке, могу ли я ее получить?",promo_loyalty
"Я звоню, чтобы узнать, когда придет мой товар",delivery
Можно ли будет проверить статус моего заменяющего продукта?,order_status
Мобильное приложение не работает на моем планшете. можете ли вы помочь мне сообщить о проблеме?,technical_issue
"Я не могу заставить приложение работать на своем компьютере, мне нужно сообщить о проблеме",technical_issue
"Скажите мне, в какие часы я могу связаться со службой поддержки клиентов",general_info
"Я хочу воспользоваться твоим чертовым мобильным приложением, где мне это сделать?",technical_issue
Можете ли вы помочь мне настроить другой адрес доставки?,delivery
"Мне нужно отправить товар обратно, где я могу это сделать?",return_exchange
"У меня ошибка в моей гребаной учетной записи, ты поможешь мне ее изменить?",account
здравствуйте,other
"Я хотел бы использовать ваше мобильное приложение, вы можете мне помочь?",technical_issue
Один из купленных мною предметов был чертовски раздавлен. вы поможете мне сообщить об этом?,return_exchange
"Я хотел бы использовать ваше мобильное приложение, как это сделать?",technical_issue
"Мне нужно обновить свои личные данные, помогите мне.",account
сайт глючит,technical_issue
"Хочу вернуть чертову вещь, которую я купил в магазине онлайн, могу ли я это сделать",return_exchange
Сегодня днем в далласе приедет поезд?,delivery
Могу ли я связаться с помощником?,other
условия возврата,return_exchange
"Путь, пожалуйста.",delivery
"Мне нужно посмотреть, где находится моя посылка, как я могу это сделать?",order_status
Как я могу связаться со службой поддержки клиентов?,general_info
"Мне нужно использовать платиновый аккаунт, ты мне поможешь?",account
"Нужно изменить свой профиль, могу ли я получить помощь",account
Я ищу информацию о чертовых весенних распродажах. не могли бы вы мне помочь?,promo_loyalty
"Хочу использовать твое приложение, ты мне поможешь?",technical_issue
"Мне нужно посмотреть наличие товара, могу ли я получить помощь",product_info
режим работы,general_info
"Я хотел бы проверить перерыв в заказе, могу ли я получить некоторую помощь?",account
"Я не могу заплатить, где я могу заметить чертову проблему с оплатой?",payment_refund
"Мне нужно поискать ближайший магазин, как мне это сделать",general_info
Мне нужна помощь в исправлении моего адреса,delivery
"Мне нужно оставить отзыв о вашей компании, как я могу это сделать?",other
во сколько работаете,general_info
"Нужно отправить этот товар обратно, где я могу это сделать",return_exchange
"Мне нужно воспользоваться твоим чертовым мобильным приложением, как я могу это сделать?",technical_issue
"Сделай так, чтобы акции поднялись или упали сегодня для уолмарта.",product_info
когда придёт заказ,order_status
"Мне нужно просмотреть счета от джона, помогите мне.",payment_refund
"Я не знаю, что мне нужно сделать, чтобы связаться с помощником",other
"Мне нужно уведомить о долбаных проблемах с оплатой, где это сделать?",payment_refund
Мне нужно ввести другой адрес доставки,delivery
Помощь в загрузке моих счетов от джона,payment_refund
"Мне нужно вернуть заказ, помогите мне.",return_exchange
"Мне нужно купить кое-какие продукты, как я могу это сделать?",order_status
не могу зарегистрироваться,account
"Где я могу проверить, где моя доставка",order_status
"Мне нужно проверить время доставки моего заказа, помогите мне.",delivery
мне нужна помощь,other
"Я купил товар, отменить заказ 7kc7qf9b",order_status
"Мне нужно посмотреть, какие способы доставки вы предлагаете, как это сделать?",delivery
товар в наличии?,product_info
Могу ли я отправить отзыв об услуге?,product_info
Мне нужно связаться с человеком,other
Как бы мне заказать несколько статей,order_status
Что такое 50 кг в фунтах?,general_info
"Могу ли я посмотреть, сколько времени займет доставка товара?",delivery
Мне нужна помощь в поиске моего гребаного онлайн-заказа.,order_status
"Я хочу получить возмещение, вы мне поможете?",return_exchange
Я больше не могу оплатить покупку vuzvuj46,order_status
"Приложение не работает на моем устройстве, мне нужно сообщить об ошибке",technical_issue
"Нужно проверить наличие чертовых товаров в интернете, как я могу это сделать",product_info
"Мне нужна информация о зимних распродажах, где ее можно найти?",promo_loyalty
"Мне нужно проверить наличие товара, как это сделать?",product_info
оплата картой,payment_refund
"Мне нужно найти ближайший ко мне магазин, где я могу это сделать?",general_info
"Я хотел бы увидеть, где мой заказ",order_status
"Я бы хотел поговорить с чертовым человеком, который мог бы мне помочь.",other
Расскажи мне о моей подписке на твой информационный бюллетень,account
Мне нужна помощь с подпиской на рассылку новостей,account
"Сколько евро я получу за 100,00 [валюта: доллары]",payment_refund
"Мне нужно отправить отзыв о продукте, мне нужна помощь",other
"Я не знаю, как мне проверить штрафы за увольнение",order_status
"География, пожалуйста?",general_info
Как мне использовать твое мобильное приложение,technical_issue
"Мне нужно отправить чертову жалобу на ваш бренд, где это сделать?",other
"Мне нужно изменить мой онлайн-заказ, прежде чем отправлять его, не могли бы вы мне помочь?",order_status
"Я не могу заставить сайт работать на своем планшете, сообщите об ошибке",technical_issue
Можно ли добиться возврата денег?,return_exchange
"Мне нужно обменять товар, могу ли я получить помощь?",return_exchange
"Я хотел бы использовать ваше приложение, где я могу это сделать?",technical_issue
Подача иска против вашего бизнеса,other
Дайте мне информацию об открытии счета в titanium,account
"Мне нужна помощь, чтобы связаться со службой поддержки клиентов",general_info
Сколько я получу за 100 мексиканских песо?,payment_refund
"Мне нужно проверить статус замены, помогите мне",order_status
Не могли бы вы помочь мне сообщить о проблемах с оплатой?,payment_refund
Сколько стоит $x...,payment_refund
Не могли бы вы помочь мне проверить наличие этого чертового товара онлайн?,product_info
Я должен сообщить о проблемах с регистрацией,account
Могу ли я проверить штраф за досрочный выход,order_status
Помогите мне подать иск клиента против вашей компании,other
"Я хотел бы вернуть товар, купленный в интернете, в магазине, где это сделать",return_exchange
"Я должен увидеть наличие какого-то гребаного товара в интернете, помогите мне.",product_info
"Мне нужна информация о чертовых распродажах, как я могу ее получить?",promo_loyalty
"Я хочу представить идею продукта, мне нужна помощь",other
заказ потерялся,order_status
"Мне нужно отправить отзыв о продукте, как я мог это сделать?",other
Я хотел бы узнать о вашей чертовой политике возврата денег. можете ли вы найти какую-нибудь информацию?,payment_refund
"Моя доставка не прибыла вовремя, можете ли вы помочь мне сообщить о чертовых проблемах с доставкой?",delivery
Расскажите мне о сегодняшних рыночных тенденциях для [компании],product_info
"Я хотел бы вернуть товар, как мне это сделать?",return_exchange
Я не могу добавить некоторые продукты для покупки mjuf2i2h,order_status
"Я совершил покупку и не получил счет-фактуру, не могли бы вы его получить?",payment_refund
"Мне нужна помощь, чтобы добавить товар в корзину.",product_info
"Товар, который я получил, неправильный, мне нужна помощь, чтобы сообщить об этом",return_exchange
"Мне нужно проверить твои часы работы, где это сделать",general_info
Дайте мне цену акций intel,product_info
"Хочу проверить наличие товара в магазине, могу ли я получить помощь",product_info
"Я не могу открыть счет, мне нужно сообщить о проблеме с регистрацией",account
"Мне нужна информация о вашей политике возврата средств, где я могу ее получить",payment_refund
"Я хочу узнать, когда прибудет мой товар, мне нужна помощь",delivery
"Нужна помощь, чтобы получить компенсацию денег",payment_refund
"Я хотел бы найти чертову стойку, мне нужна помощь",general_info
"Я заказал чертову вещь и не получил счет, можешь ли ты мне помочь с ее получением?",payment_refund
Какова цена акций ibm?,product_info
Отследить заказ,order_status
"Я хотел бы проверить чертову стоимость пересылки, мне поможет",delivery
Могу ли я оставить проклятое мнение о товаре?,product_info
позовите менеджера,other
"Мобильное приложение не работает на моем компьютере, можете ли вы помочь мне сообщить о проблеме?",technical_issue
"Я не могу зарегистрироваться, могу ли я сообщить о проблемах с регистрацией?",account
"Моя доставка опоздала, куда сообщить о проблемах с доставкой",delivery
Помогите уведомить о гребаной ошибке с онлайн-платежами,payment_refund
"Мне нужно поговорить с чертовым кем-нибудь, помоги мне.",other
"Мне нужно вернуть онлайн-заказ, мне нужна помощь",return_exchange
"Хочу проверить наличие товара в магазине, как я могу это сделать",product_info
"Мне нужна помощь, чтобы проверить счет № 12588",payment_refund
Как отменить покупку sywfcsjd?,order_status
"Я не могу произвести платеж, не могли бы вы помочь мне сообщить о чертовых проблемах с оплатой?",payment_refund
"Мне нужно обменять некоторые товары, могу ли я получить помощь?",return_exchange
Мне нужна информация о восстановлении pwd,account
"Мне нравится информация о продажах, как я могу ее получить?",promo_loyalty
"Я хотел бы увидеть срок доставки моей покупки, как это сделать?",delivery
способы доставки,delivery
"Опыт с тобой был плохим, помогите мне подать жалобу",other
"Я хотел бы сообщить о проблеме с приложением, помогите мне.",technical_issue
"Моя доставка не была вовремя, мне нужна помощь, чтобы сообщить о чертовой проблеме с доставкой",delivery
"Я не знаю, что делать, чтобы перейти на платиновый аккаунт",account
Могу ли я купить через твое приложение?,technical_issue
"Хочу увидеть дату доставки моего заказа, пожалуйста, помогите мне",delivery
"Мне нужно вернуть заказ, только где мне это сделать",return_exchange
"Мне нужна информация о чертовых весенних распродажах, как мне ее найти?",promo_loyalty
Исправление информации на счете platinum,account
Где проверить наличие чертового товара,product_info
телефон горячей линии,general_info
Мне нужна помощь для обмена купленных мной товаров,return_exchange
Как я могу купить через urwebsite,technical_issue
"Нужно найти ближайший ко мне магазин, могу ли я получить помощь",general_info
Обменный курс от кад к доллару сша,payment_refund
Мне нужно отправить отзыв,other
"Мне нужна помощь, чтобы отправить обратно товар.",return_exchange
"Я не знаю, что мне нужно сделать, чтобы восстановить свой pin-код.",account
"Я сделал заказ, но мне не пришел счет, могу ли я его скачать?",payment_refund
Мне нужно подать жалобу на ваш бренд. вы мне поможете?,other
"Я хотел бы увидеть ваши варианты оплаты, где мне это сделать",payment_refund
Как я могу найти информацию о следующих распродажах,promo_loyalty
Вижу счет №85632,payment_refund
Я хотел бы сообщить о проблемах с доставкой моего груза. не могли бы вы мне помочь?,delivery
Даст мне информацию о следующих продажах,promo_loyalty
"Я хочу узнать о продукте, как я могу получить дополнительную информацию?",product_info
Помощь в предъявлении претензии клиенту против вашей организации,other
"Мне нужна помощь в обмене товара, который я купил онлайн в магазине.",return_exchange
"Мне нужно вернуть вещи онлайн, как это сделать",return_exchange
"Мне нужна информация о чертовых магазинах поблизости, где я могу ее получить",general_info
Помогите мне проверить комиссию за снятие средств,order_status
"Я не знаю, как перейти на платиновый аккаунт",account
"Мне бы хотелось увидеть статус моего возмещения, где это сделать",payment_refund
"Я хотел бы оставить отзыв о продукте, мне нужна помощь",other
У меня жалоба на продукцию,other
"Мне нравится информация о чертовых расходах на рассылку, где бы она ни была, я ее получу",delivery
проблема со входом,account
"Я хотел бы узнать больше о чертовых зимних распродажах, можете ли вы дать мне некоторую информацию?",promo_loyalty
"Хочу посмотреть часы работы твоего магазина, как мне это сделать?",general_info
"Я хотел бы узнать больше о ближайших к черту магазинах, вы можете дать мне некоторую информацию?",general_info
"Хочу увидеть наличие товара, помогите мне",product_info
Можно ли вернуть товар в магазине?,return_exchange
"Хочу открыть счет, где это сделать",account
"Мне нужна помощь, чтобы изменить адрес доставки",delivery
"Я купил товар, но он мне не нравится, могу ли я его вернуть?",return_exchange
"Мне нужно удалить чертову вещь из корзины, ты мне поможешь?",product_info
Как мне купить несколько ваших товаров?,order_status
Сведения об товарно-материальных запасах,product_info
Проблемы с вводом нового адреса доставки,delivery
Помоги мне проверить наличие чертового товара,product_info
"Мне нужна информация о вашем процессе возврата, как я могу ее получить?",return_exchange
"Я не знаю, как отменить заказ b8k5f7lb",order_status
"Я ищу информацию о продуктах, мне нужна помощь",product_info
Я бы хотел использовать ваше приложение,technical_issue
"Я не знаю, как изменить предмет покупки 2v5qznx0",order_status
"Есть ли раздел, где можно оставить отзыв о вашей продукции?",product_info
"Нужно поговорить с агентом, где я могу это сделать",other
"Я хотел бы проверить статус моего возврата, как я могу это сделать?",payment_refund
Мне нужна помощь в общении с кем-то,other
"Я хотел бы запросить возврат средств, могу ли я получить некоторую помощь?",return_exchange
Показать все поезда и время ни,delivery
"Я хотел бы использовать ваше мобильное приложение, могу ли я получить помощь?",technical_issue
Я получаю чертову ошибку в приложении на своем телефоне. можете ли вы помочь мне сообщить об этом?,technical_issue
"Мне нужно отправить отзыв, помогите мне",other
Помогите скачать счет №37777,payment_refund
"Мне нужно обменять товар, который я купил онлайн, в магазине, где мне это сделать",return_exchange
аккаунт заблокирован,account
Я пытаюсь подать жалобу,other
"Сайт не работает, сообщите о проблеме",technical_issue
"Мне нужно изменить свою учетную запись пользователя, где я могу это сделать?",account
"Я звоню, чтобы подать жалобу клиента на вашу компанию.",other
не знаю что делать,other
"Мне не хватает некоторых продуктов, которые я купил, мне нужна помощь, чтобы сообщить о них",delivery
Я хотел бы получить счет,payment_refund
Я хочу подтвердить наличие товара онлайн,product_info
сбросить пароль,account
Я хотел бы увидеть статус моего возмещения. не могли бы вы мне помочь?,payment_refund
Не могли бы вы помочь мне вернуть товары онлайн?,return_exchange
"Я хочу узнать больше о чертовых распродажах, можешь ли ты найти какую-нибудь информацию?",promo_loyalty
"Хочу открыть аккаунт, как это сделать",account
"Мне нужно добавить товары в корзину, помогите мне",product_info
Хочу узнать об отмене подписки на новостную рассылку моей компании,account
состав ткани,product_info
Не могли бы вы помочь мне отправить товар обратно?,return_exchange
"Помогите мне проверить, какие способы доставки доступны",delivery
не могу оформить заказ на сайте,technical_issue
"Как я могу проверить, какие способы оплаты разрешены?",payment_refund
"Хочу узнать больше о сроках доставки моей покупки, могу найти некоторую информацию",delivery
адрес магазина,general_info
Хочу увидеть чертову стоимость доставки,delivery
"Мне нужно поговорить с чертовым агентом, могу ли я получить помощь?",other
"Мне нужно отправить предложения по продукту, вы мне поможете?",other
"Мне нужна помощь, чтобы отправить обратно товар",return_exchange
Есть ли подъезжающий поезд из лондона в париж и во сколько?,delivery
есть самовывоз?,delivery
"Что мне нужно сделать, чтобы увидеть текущий статус компенсации?",payment_refund
"Мне нужно оставить комментарий к вашим услугам, как это сделать?",product_info
"Я хотел бы помочь со службой поддержки клиентов, которая могла бы мне помочь",general_info
Можно ли обменять некоторые купленные товары kta0prfg,order_status
"Я не понимаю, мне нужна помощь, чтобы поговорить с кем-то трахающимся",other
Информация об аннулировании моего аккаунта titanium,account
"Я не получил подтверждение платежа. мне нужна помощь, чтобы сообщить о проблеме с оплатой.",payment_refund
Я не могу говорить с агентом,other
"Я хотел бы оставить комментарий о продукте, где я могу это сделать",other
"Мне нужно обменять товар, который я купил в магазине, ты мне поможешь?",return_exchange
У вас есть адрес для отправки отзыва?,product_info
Во сколько поезд отправляется в лагос?,delivery
Нужна помощь в подаче иска клиента против вашей организации,other
можно в рассрочку?,payment_refund
товар бракованный,return_exchange
"Мне нужно проверить время доставки моей покупки, могу ли я получить помощь",delivery
"Я хочу воспользоваться твоим чертовым мобильным приложением, как мне это сделать?",technical_issue
"Мне нужна помощь, чтобы получить счет от джона",payment_refund
Мне нужно увидеть расчетное время покупки 9u2jah4c.,order_status
"Мне нужен аккаунт, ты поможешь мне его открыть?",account
"Мне нужна помощь, чтобы узнать наличие товара",product_info
"Я тебя не понимаю, можешь помочь мне поговорить с кем-то, черт возьми?",other
"Мне нужна помощь, чтобы отправить комментарий о вашем бренде",other
"Я не могу оплатить этот товар, отмените заказ 5080mlad.",order_status
"Мне нужна информация о ближайших распродажах, как мне ее найти?",promo_loyalty
Я хочу поговорить со службой поддержки клиентов,general_info
"Мобильное приложение не работает на моем мобильном телефоне, помогите мне сообщить о проблеме",technical_issue
"Мне нужно найти магазин, где я могу это сделать?",general_info
"Сайт не работает на моем мобильном телефоне, как мне сообщить об этой чертовой проблеме?",technical_issue
"Мне нужно поговорить с человеком, ты можешь мне помочь?",other
"Я хочу узнать больше о следующих распродажах, можешь ли ты найти какую-нибудь информацию?",promo_loyalty
Что такое акции apple,product_info
"Обменный курс, который я получу с иностранной валютой",payment_refund
"Я не знаю, что делать, чтобы получить предмет",order_status
"Я хотел бы узнать больше о чертовых распродажах, можете ли вы дать мне некоторую информацию?",promo_loyalty
"Нужна помощь, оставлю свой отзыв об услуге",product_info
"Я бы хотел сделать перевод, где я мог бы сделать это",payment_refund
Могу ли я закрыть платиновый аккаунт?,account
Могу ли я разместить заказ из дели?,delivery
"Мне не нужен мой профиль, мне нужна помощь, чтобы его закрыть.",account
Мне нужна помощь в информировании о проблемах с регистрацией,account
"Я хочу узнать больше о чертовой распродаже, не могли бы вы дать мне некоторую информацию?",promo_loyalty
"Помогите проверить, какие у меня способы доставки",delivery
поменять телефон,account
Нужна помощь в подаче иска потребителя,other
"Эхо, я получал письма от матери?",general_info
Хочу отправить обзор продукта,other
"Я ищу информацию о весенних распродажах, мне нужна помощь",promo_loyalty
Изменить информацию в бесплатном аккаунте,account
"Мне нужно вернуть товары из интернета, могу ли я это сделать",return_exchange
Помогите мне оставить отзыв о ваших услугах,product_info
"Один из купленных мной товаров был чертовски поврежден, могу ли я сообщить об этом?",return_exchange
Можете ли вы помочь мне увидеть принятые вами способы оплаты?,payment_refund
"Я хочу удалить товар из корзины, как мне это сделать?",product_info
"Я хотел бы отправить жалобы на продукт, не могли бы мне помочь",other
"Я ищу информацию о статусе моего возмещения, где я могу его получить",payment_refund
"Помощь в проверке, когда придет моя статья",delivery
"Хочу найти магазин, как мне это сделать?",general_info
"Как проверить, в какое время я могу связаться со службой поддержки клиентов?",general_info
"Мне нужно отменить заказ, как я могу это сделать?",order_status
как активировать купон,promo_loyalty
Я ищу информацию о твоем чертовом процессе возврата.,return_exchange
У меня проблемы с отправкой дополнительного адреса доставки,delivery
доставка курьером,delivery
Могу ли я использовать твое приложение,technical_issue
Где я могу получить информацию о продукте,product_info
"Мне нужна информация о чертовом товаре в магазине, где я могу его получить",return_exchange
когда доставят,order_status
"Я ищу информацию о следующих чертовых распродажах, где я могу ее получить",promo_loyalty
Я пытаюсь отредактировать покупку 7vyz8kup,order_status
Я не получил подтверждение платежа. помогите мне сообщить о чертовой проблеме с оплатой.,payment_refund
"Я бы соврал, чтобы узнать больше о зимних распродажах, найти некоторую информацию",promo_loyalty
"Некоторые предметы сломаны, вы поможете мне сообщить о них?",return_exchange
"Я хочу сообщить о чертовски неправильных товарах, мне нужна помощь",return_exchange
"Мне нужно потребовать возврат средств, где я могу это сделать?",return_exchange
"Товар, который я получил, был раздавлен. не могли бы вы помочь мне сообщить об этом?",return_exchange
"Приложение не работает на моем мобильном телефоне, не могли бы вы помочь мне сообщить о проблеме?",technical_issue
"Помогите проверить, когда придет моя покупка",delivery
Я хотел бы оплатить дебетовой картой,payment_refund
Хочу подать жалобу потребителя на вашу организацию,other
"Мне нужно подать жалобу, могу ли я получить помощь?",other
"Я не знаю, как мне поговорить со службой поддержки клиентов",general_info
войти в личный кабинет,account
"Я потерял пароль, восстанови его",account
Название pda: как долго до xxxx airives на станции xxxxxxx,delivery
"Как сообщить о чертовски дефектном товаре, который я получил",product_info
Я забыл включить товар в покупку 7wgekza5,order_status
"Я хочу удалить товары из корзины, как мне это сделать?",product_info
"Я ищу информацию о продажах, могу ли я получить помощь?",promo_loyalty
"Мне нужно удалить предмет из аккаунта, где мне это сделать",product_info
Объясни мне о роке!,general_info
Где мне обменять эту чертову вещь,return_exchange
"Мне нужно совершить платежи, где это сделать?",payment_refund
"Я не могу вспомнить pin-код своего профиля, как его сбросить?",account
"Я ищу информацию о зимних распродажах, могу ли я получить помощь?",promo_loyalty
не могу добавить в корзину,technical_issue
"Помогите мне понять, в каких случаях я могу потребовать вернуть свои деньги",payment_refund
"Мне нужна информация о часах работы вашего магазина, где я могу ее найти?",general_info
"Некоторые предметы чертовски повреждены, как мне сообщить о них?",return_exchange
Поговорить со службой поддержки клиентов,general_info
"Я ищу информацию о чертовом продукте, могу ли я получить помощь?",product_info
Мне нужна информация о продажах,promo_loyalty
Жду скидку 10 долларов,payment_refund
когда появится в наличии,product_info
"Мне нужно воспользоваться твоим чертовым мобильным приложением, где я могу это сделать?",technical_issue
"Мне нужно воспользоваться твоим чертовым мобильным приложением, как мне это сделать?",technical_issue
"Приложение не работает на моем компьютере, помогите мне сообщить о чертовой проблеме",technical_issue
Нужна помощь в проверке комиссий за снятие средств,order_status
"Я ищу информацию о чертовой распродаже, где ее найти?",promo_loyalty
"Мне нужно обменять заказ, который я купил, помогите мне",return_exchange
Где я могу обменять этот товар?,return_exchange
Куда мне снова подать жалобу клиента на вашу компанию?,other
"Я хотел бы подтвердить наличие товаров в магазине, мне нужна помощь",product_info
"Нужно просмотреть мою историю покупок, вы мне поможете",account
Можно ли отменить заказ после его размещения?,order_status
Ответь на письмо кристи и скажи спасибо большое.,general_info
Я хотел бы узнать больше о чертовых распродажах.,promo_loyalty
"Я хочу проверить срок доставки, как мне это сделать?",delivery
Показать стоимость акций гуга,product_info
"Я заказал чертову вещь и не получил счет, помогите мне ее скачать",payment_refund
"Я не получил свой заказ, как я могу сообщить о проблемах с доставкой",delivery
"Я ищу информацию о дате доставки моей покупки, мне нужна помощь",delivery
"Я хотел бы сообщить о чертовой технической проблеме, могу ли я получить помощь?",technical_issue
Я не могу перейти на стандартную учетную запись,account
Можно ли вернуть некоторые вещи в магазин?,return_exchange
"Я хочу использовать ваше мобильное приложение, где я могу это сделать?",technical_issue
Как мне купить через ваше мобильное приложение?,technical_issue
"Сайт не работает на моем mac, мне нужно сообщить об ошибке",technical_issue
"Хочу добавить товары в корзину, где мне это сделать?",product_info
"Мне нужно посмотреть варианты доставки, как мне это сделать",delivery
"Мобильное приложение не работает, могу ли я сообщить об ошибке?",technical_issue
"Я хотел бы посмотреть, где моя посылка, как я могу это сделать?",order_status
"Мне нужна помощь, чтобы подать иск",other
Нужна помощь в открытии премиум-аккаунта,account
Мне нужно посмотреть часы работы твоего чертового магазина. могу ли я получить помощь?,general_info
"Хочу знать о чертовых расходах на пересылку, найдешь ли ты какую-нибудь информацию?",delivery
Могу ли я изменить заказ l9b16c1s,order_status
"Мне нужно проверить, в какое время я могу обратиться в службу поддержки клиентов",general_info
"Я не знаю, как я могу отправить отзыв о вашей компании.",product_info
"Я не понимаю, мне нужно поговорить с человеком",other
"Мне нужно проверить, в каких случаях я могу запросить возврат средств",payment_refund
"Я хотел бы использовать ваше мобильное приложение, не могли бы вы мне помочь?",technical_issue
Что было самыми длинными зданиями в мире,general_info
"Мой пароль взломали, я не хочу его восстанавливать",account
"Мне не хочется видеть время доставки моего заказа, как я могу это сделать?",delivery
скидки,promo_loyalty
Не могли бы вы дать мне информацию о распродажах?,promo_loyalty
Мне нужна помощь в разговоре с агентом-человеком,other
"Мне нужно вернуть товар, который я купил в магазине, где я могу это сделать",return_exchange
"Мне нужно вернуть в магазин товар, который я купил в интернете. вы мне поможете?",return_exchange
"Я хотел бы отменить заказ, вы можете мне помочь?",order_status
"Мне нужно вернуть товар онлайн, как я могу это сделать",return_exchange
"Я хотел бы вернуть товар онлайн, могу ли я получить помощь?",return_exchange
Вопрос об отмене покупки a8ylxaxu,order_status
Проблема с вводом вторичного адреса доставки,delivery
Есть ли какие-нибудь письма с 4 часов вечера?,general_info
Я ищу информацию о продажах. не могли бы вы мне помочь?,promo_loyalty
Не могли бы вы дать мне информацию о зимних распродажах?,promo_loyalty
"Привет, у меня есть новые письма.",general_info
Я хотел бы узнать больше о чертовых весенних распродажах. можете ли вы дать мне некоторую информацию?,promo_loyalty
"Моя посылка прибыла чертовски поврежденной, не могли бы вы помочь мне сообщить об этом?",return_exchange
"Я хочу увидеть наличие товара, мне нужна помощь",product_info
когда вернут деньги,payment_refund
"Я хочу воспользоваться твоим чертовым приложением, могу ли я получить помощь?",technical_issue
"Продукт, который я купил, работает правильно, могу ли я сообщить о проблеме с продуктом",product_info
"Я хочу позвонить в чертову службу поддержки клиентов, как я могу это сделать?",general_info
Можешь ли ты помочь мне вернуть товар онлайн?,return_exchange
"Я заплатил 10 долларов за этот товар, пытаюсь получить скидку",payment_refund
"Мне нужно обменять товар в магазине, как я могу это сделать",return_exchange
"Мне нужна помощь, чтобы отправить отзыв о нашей компании",product_info
"Мое впечатление от вас было ужасным, подайте жалобу",other
[валюта: доллары сша] к евро,payment_refund
Не могли бы помочь мне проверить наличие товаров в магазине,product_info
Мне нужно воспользоваться твоим чертовым мобильным папой.,technical_issue
"Мне нужно сообщить о чертовой неполной доставке, помогите мне",delivery
"Веб-сайт не работает на моем mac, мне нужна помощь, чтобы сообщить о проблеме",technical_issue
Помоги мне отследить мою чертову доставку,order_status
Как я могу использовать ваше приложение,technical_issue
"Я хочу воспользоваться твоим чертовым мобильным приложением, как я могу это сделать?",technical_issue
"Мне нужно использовать твое мобильное приложение, как я мог это сделать?",technical_issue
"Я вас не понимаю, мне нужна помощь, чтобы поговорить с оператором",other
"Я ищу информацию о чертовых распродажах, помогите мне",promo_loyalty
"Мне нужна учетная запись пользователя, можешь помочь мне ее создать?",account
Помощь в получении возмещения,payment_refund
Ошибка при настройке моего дополнительного адреса доставки,delivery
"Нужно посмотреть часы работы вашего магазина, где это сделать",general_info
"Мне нужно проверить наличие товаров в магазине, могу ли я получить помощь?",product_info
Как мне получить возврат денег?,payment_refund
Как пользоваться вашим мобильным приложением?,technical_issue
Cn я могу разместить заказ из дели?,delivery
Возникла проблема с изменением адреса доставки,delivery
Даст мне информацию о часах работы,general_info
"Мне нужно проверить наличие товара, пожалуйста, помогите мне",product_info
Как обменять купленные мной товары?,return_exchange
есть скидки?,promo_loyalty
"Мне нравится информация о следующих чертовых распродажах, где я могу ее получить",promo_loyalty
"Нужна помощь, оставив отзыв об услуге",product_info
"Хочу отправить жалобу, мне нужна помощь",other
Я ищу информацию о чертовых весенних распродажах,promo_loyalty
"Я не получил свою посылку, мне нужна помощь в сообщении о проблемах с доставкой.",delivery
Хочу сообщить об ошибках продукта,product_info
Я хочу знать больше о следующих распродажах,promo_loyalty
"Я не знаю, что мне нужно сделать, чтобы заказать некоторые статьи.",order_status
Мне нужна помощь в составлении потребительской претензии,other
"Моя доставка неправильная, я хочу сообщить об этом",return_exchange
"Мне нужно использовать ваше мобильное приложение, помогите мне.",technical_issue
"Моя посылка не укомплектована, как я могу сообщить об отсутствующем товаре?",delivery
Мне нужна помощь в отмене покупки dv6lzg49,order_status
"Мне нужна информация о следующих распродажах, где я могу ее получить?",promo_loyalty
"Мне нужна информация о чертовых зимних распродажах, где я могу ее получить",promo_loyalty
"Мне нужно предложить чертову идею, как сделать продукт лучше, не мог бы ты мне помочь",other
"Где я могу посмотреть, какие способы доставки доступны?",delivery
"Приложение не работает на моем мобильном телефоне, могу ли я сообщить об этой чертовой проблеме?",technical_issue
бесплатная доставка,delivery
юридический адрес,general_info
"Мне не нужно разговаривать со службой поддержки, где мне это сделать?",general_info
"Мне не нужен мой последний предмет, отмени заказ b6w0l0l8",order_status
"Напиши саре, если она сегодня свободна на завтрак.",general_info
"Мне нужно изменить свой заказ, прежде чем использовать его, мне нужна помощь",order_status
"Мне нужна учетная запись, мне нужна помощь в ее создании",account
"Ищу информацию о следующих распродажах, мне нужна помощь",promo_loyalty
"Мне нужна помощь, чтобы отменить продукт",order_status
"Кто-то взломал мой профиль, мне нужна помощь, чтобы восстановить пароль",account
Можете ли вы помочь мне указать новый адрес доставки?,delivery
"Я хотел бы проверить историю заказов, как это сделать?",account
ничего не работает на сайте,technical_issue
"Мне нужно проверить твои часы работы, как это сделать?",general_info
цена товара,product_info
"Мне нужно подать жалобу на товар, могу ли я получить помощь?",other
"Мне нужно отправить отзыв о продукте, могу ли я получить помощь?",other
"Хочу узнать больше о следующих чертовых распродажах, давай найдём какую-нибудь информацию",promo_loyalty
Могу ли я удалить товар из корзины,product_info
"Моя доставка была задержана, мне нужна помощь, чтобы сообщить о проблемах с доставкой",delivery
Нужно поискать счет от джона,payment_refund
"Нужно отправить обратный заказ, не могли бы вы мне помочь?",return_exchange
"Мне нужно изменить свою учетную запись, где это сделать",account
"Я не знаю, как я могу получить денежную компенсацию",payment_refund
"Мне нужно проверить чертову стоимость доставки, помогите мне.",delivery
"Я хочу проверить, где моя посылка",order_status
Мне нужна информация о вашей политике возврата средств. можете ли вы мне помочь?,payment_refund
"Я не знаю, как отказаться от подписки на новостную рассылку вашей компании",account
"Мой продукт не работает так, как указано. помогите мне сообщить о проблеме с продуктом.",product_info
хочу оставить отзыв,other
Можно ли заказать из дели?,delivery
"Мне нужно отследить свою посылку, где я могу это сделать",order_status
Ищу информацию о сроках доставки,delivery
"Мне нужна информация о часах работы вашего магазина, где я могу ее получить?",general_info
Не могли бы вы помочь мне увидеть чертову дату доставки?,delivery
Я хочу знать дату доставки моего заказа,delivery
Я хочу отправить обратно чертову вещь. не могли бы вы мне помочь?,return_exchange
"Я хотел бы предложить идеи по улучшению продукта, где мне это сделать?",other
"Мобильное приложение не работает на моем компьютере, помогите мне сообщить о проблеме",technical_issue
Хочу помочь поговорить с человеком,other
Хочу узнать больше о продажах,promo_loyalty
"Мне нужно с кем-нибудь поговорить, как мне это сделать?",other
"Мобильное приложение не работает на моем устройстве, мне нужна помощь, чтобы сообщить об ошибке",technical_issue
"Я хотел бы закрыть свою учетную запись, могу ли я получить помощь?",account
Не могу добавить товар в заказ cs7q7mw4,order_status
"Один из заказанных мной товаров был чертовски поврежден во время отправки, мог бы сообщить об этом",return_exchange
Сколько иен за каждый доллар,payment_refund
Просьба представить географическую информацию о x.,general_info
"Мне нужна помощь, чтобы удалить мою чертову учетную запись пользователя",account
Можно ли сделать заказ из дели?,delivery
"Мне нужно отправить предложения, мне нужна помощь",other
"Нужно поговорить с чертовой службой поддержки, где мне это сделать?",general_info
"Я хотел бы узнать часы работы вашего магазина, это мне поможет.",general_info
"Мне нужно оставить комментарий, где это сделать",other
"Я бы хотел отправить заказ обратно, ты мне поможешь?",return_exchange
Обновить информацию на счете platinum,account
отстой,other
обмен товара,return_exchange
"Мне нужна помощь, чтобы сообщить об ошибке при онлайн-платеже",payment_refund
"Я хотел бы узнать больше о следующих распродажах, могу дать мне некоторую информацию",promo_loyalty
Нужна помощь в отмене заказа dq0drmyz,order_status
Удалить товар из покупки 2tbysyja,order_status
Какова цена amd на фондовом рынке?,product_info
Когда поезд f сегодня поедет?,delivery
"Я хотел бы найти ближайший магазин, не могли бы вы мне помочь?",general_info
"Я хочу посмотреть, сколько времени потребуется, чтобы прибыть росистая доставка.",delivery
"Мобильное приложение не работает на моем компьютере, как мне сообщить о проблеме",technical_issue
Я не могу оплатить заказ 1cmfs82g,order_status
"Я потерял свой пароль, я хочу его восстановить",account
Помогите поговорить с помощником,other
Где вокзал?,delivery
"Я бы хотел открыть счет, могу ли я получить помощь",account
"Мне нужно вернуть в магазин товар, который я купил в интернете. могу ли я получить помощь?",return_exchange
Видя плату за прекращение,order_status
"Мой аккаунт украли, не могли бы вы помочь мне сбросить мой пароль?",account
Статус заказа 41t2ol87,order_status
"Я хочу использовать ваше приложение, как это сделать?",technical_issue
Могу ли я сообщить об ошибках при регистрации,account
Как я мог использовать твое мобильное приложение?,technical_issue
Мне нужна помощь с проверкой расчетного времени заказа qv9la5x1.,order_status
"Мне нужно обменять товар, который я купил в магазине ni store, как мне это сделать",return_exchange
"Я хочу решить проблемы с оплатой, могу ли я получить помощь?",payment_refund
Я хочу подать жалобу на вашу компанию,other
"Я хотел бы проверить статус моей замены, как мне это сделать?",order_status
Ищу счет от джона,payment_refund
"Мне нужна помощь, чтобы узнать, есть ли какие-либо новости о моем возмещении",payment_refund
Я хотел бы исправить свои личные данные. вы мне поможете?,account
Куда я могу подать жалобу клиента на вашу компанию,other
пришёл брак,return_exchange
"Я не знаю, как отменить заказ r7v7e9bp",order_status
"Я бы хотел проверить, где моя посылка, мне нужна помощь",order_status
Могу ли я увидеть статус покупки 4q5ld2of,order_status
"Мне нужно найти свою чертову посылку, как мне это сделать?",order_status
Можете ли вы помочь мне связаться со службой поддержки клиентов?,general_info
Мне нужно изменить данные моего аккаунта. не могли бы вы мне помочь?,account
Сколько времени на поезд из нью-йорка в покипси?,delivery
товар с дефектом,return_exchange
карта не принимается,payment_refund
"Я хочу отправить электронное письмо в службу поддержки клиентов, где мне это сделать?",general_info
Как проверить текущий статус заказа 4ld9rmti?,order_status
"Мне нужно посмотреть, сколько времени потребуется, чтобы прибыть посылка.",delivery
"Я ищу информацию о чертовых зимних распродажах, где я могу ее найти?",promo_loyalty
"Хочу помочь проверить, есть ли какие-либо новости о моем возврате средств",payment_refund
Я больше не могу позволить себе заказ dhgf2o0e,order_status
Я хотел бы узнать о твоих чертовых способах оплаты. могу найти некоторую информацию.,payment_refund
"Где проверить, когда придет мой товар?",delivery
"Я купил товар, но выбрал неправильный размер. как я могу изменить свой онлайн-заказ?",order_status
график работы,general_info
"Я хотел бы узнать больше о чертовой распродаже, найти некоторую информацию",promo_loyalty
Изменить информацию в аккаунте platinum,account
"Мне нужна помощь, чтобы позвонить в службу поддержки клиентов",general_info
"Кто-то взломал мой пароль, как мне его сбросить?",account
"Продукты в моей доставке неверны, помогите мне сообщить о них",return_exchange
удалите мой профиль,account
Нужна помощь в подаче иска против вашей организации,other
"Я бы хотел использовать ваше мобильное приложение, помогите мне.",technical_issue
"Мобильное приложение не работает на моем телефоне, могу ли я сообщить о проблеме?",technical_issue
"Мне нужна помощь, чтобы представить чертову идею продукта",other
"Мне нужен счет, я хочу его найти.",payment_refund
Мне нужна помощь с проверкой наличия этого чертового товара,product_info
"Что мне нужно сделать, чтобы отменить покупку 0661z77g?",order_status
"Предмет, который я получил, был сломан, как я мог об этом сообщить?",return_exchange
Мне не нужно изменять свои личные данные,account
"Я хочу возмещение, ты поможешь мне его запросить?",return_exchange
изменить email,account
Какова цена яблочного запаса сегодня,product_info
У меня есть новое письмо?,general_info
Показать все электронные сообщения о контрактах,general_info
"Я сделал заказ и не получил счет, мне нужна помощь, чтобы его скачать",payment_refund
Я ожидаю возмещения 10 долларов,payment_refund
"У меня комментарий к товару, помоги мне его отправить",other
"Не могу сделать перевод, нужно сообщить о проблемах с оплатой",payment_refund
"Мне нужно запросить возмещение, можете ли вы мне помочь?",return_exchange
"Хочу воспользоваться твоим чертовым приложением, ты мне поможешь?",technical_issue
Можно ли отменить заказ?,order_status
"Я бы хотел поговорить с кем-нибудь, черт возьми, мне нужна помощь",other
"Мне не нужен мой профиль, ох, можно я его закрою",account
"Я ищу информацию о чертовых распродажах, как мне ее получить?",promo_loyalty
Где я могу найти информацию о чертовой стоимости доставки,delivery
как долго доставка,delivery
"Мне нужна помощь, чтобы поговорить с кем-нибудь",other
"Приложение не работает, мне нужна помощь, чтобы сообщить о чертовой проблеме",technical_issue
"Мне нужна учетная запись пользователя, да!",account
"Хочу узнать больше о чертовых распродажах, можешь ли ты найти какую-нибудь информацию?",promo_loyalty
Как я могу купить через ваше мобильное приложение,technical_issue
Хочу указать адрес доставки,delivery
Жду рибейт 10 долларов,payment_refund
Когда поезд отправляется в айову?,delivery
"Мне нужно вернуть заказ онлайн, мне нужна помощь",return_exchange
контакты,general_info
"Ищу информацию о чертовых зимних распродажах, где ее взять",promo_loyalty
Какие особенности в таблице?,general_info
"Мне нужна помощь, чтобы узнать, где моя посылка",order_status
Можно ли будет сесть на платиновый аккаунт,account
"У меня есть предложение, как сделать ваш продукт лучше. можете ли вы помочь мне отправить его?",other
Хочу сообщить об ошибках в приобретенном мной продукте,product_info
"Я хотел бы узнать больше о зимних распродажах, найду некоторую информацию",promo_loyalty
фото не загружается,technical_issue
"Мне нужно проверить наличие товара, ты мне поможешь?",product_info
Открыть фримиум-аккаунт,account
"У меня проблема с моей чертовой учетной записью пользователя, можно ли ее обновить?",account
Правильные данные платинового аккаунта,account
"Я совершил покупку, но не получил счет. помогите мне скачать ее.",payment_refund
как оплатить,payment_refund
Время проверки 10887 поезда со станции луни во вторник,delivery
"Я хочу узнать о вашей чертовой политике возврата, можете ли вы найти какую-нибудь информацию?",return_exchange
Куда я могу подать жалобу на ваш бренд?,other
"Я бы хотел использовать твое мобильное приложение, оно бы мне помогло.",technical_issue
Помогите мне подать жалобу на вашу компанию,other
"Проверить, есть ли новые сообщения по электронной почте",general_info
"Я хочу проверить ваши часы работы, помогите мне.",general_info
"Как проверить, в какое время я могу позвонить в службу поддержки?",general_info
Хочу исправить личную информацию,account
"Хочу воспользоваться твоим чертовым приложением, могу ли я получить помощь?",technical_issue
Я получал письма от тима?,general_info
"Могу ли я отменить заказ, если он уже отправлен?",order_status
"Мне нужна помощь, чтобы увидеть плату за досрочный выход",order_status
"Я совершил чертову покупку, но мне не пришел счет, как мне ее скачать",payment_refund
Мне нужна помощь в редактировании моей учетной записи,account
"Сайт не работает на моем мобильном телефоне, мне нужна помощь, чтобы исправить ошибку",technical_issue
Отменить покупку00123842,order_status
когда придут деньги обратно,payment_refund
Во сколько поезд отправляется из праги в брно?,delivery
"Хочу узнать больше о распродажах, могу дать мне некоторую информацию",promo_loyalty
промокод,promo_loyalty
Могу ли я поменять iem заказа vxymbrvv,order_status
"Я хотел бы проверить чертову стоимость доставки, где я могу это сделать",delivery
Хочу узнать больше о весенних распродажах,promo_loyalty
"Мне нужно изменить покупку duckqerc, мне нужна помощь",order_status
"Я ищу информацию о чертовых весенних распродажах, как мне ее получить?",promo_loyalty
"Мне нужно оставить комментарий о вашей компании, как я могу это сделать?",other
"Мне нужна помощь, чтобы настроить адрес доставки",delivery
Какая разница между вчерашними и сегодняшними ценами на акции уолмарта?,product_info
"Мне нужна информация о весенних распродажах, где я могу ее получить?",promo_loyalty
"Не могли бы вы помочь мне обменять товар, который я купил в магазине онлайн?",return_exchange
"Я бы хотел убрать долбанные продукты из корзины, помогите мне.",product_info
"Я не знаю, что мне нужно сделать, чтобы перейти на платиновый аккаунт.",account
"Мне нужно отправить заказ обратно, я получу помощь",return_exchange
"Мне не нужно изменять свою чертову учетную запись пользователя, могу ли я получить помощь",account
"Я забыл ключ своего профиля, помогите мне его восстановить.",account
"У меня есть комментарий о вашей компании, помогите мне его отправить.",other
"Я допустил ошибку, помогите мне изменить заказ ulgums02",order_status
"Мне нужно проверить дату доставки, мне нужна помощь",delivery
"Нужно найти мою посылку, как я могу это сделать",order_status
Я хотел бы сообщить об ошибках в купленном мной продукте. не могли бы вы мне помочь?,product_info
Открыть стандартный счет для моего отца,account
Не могли бы вы помочь мне поговорить со службой поддержки?,general_info
"Мне бы хотелось поискать в чертовом магазине, как я мог это сделать",general_info
Я хотел бы сообщить о чертовой проблеме с доставкой. могу ли я это сделать?,delivery
"Хочу отправить отзыв о вашем бренде, как я могу это сделать",other
"Кто-то взломал мой профиль, могу ли я сбросить свой пароль?",account
"Я хочу знать о статусе моего возмещения, как я могу найти дополнительную информацию?",payment_refund
Помоги мне проверить наличие этого чертового товара,product_info
Мне хотелось бы узнать о твоих чертовых часах работы. как мне найти дополнительную информацию?,general_info
"Хочу зарегистрироваться, мне нужна помощь",account
"Мне нужно открыть учетную запись пользователя, не могли бы вы мне помочь?",account
"Я получаю сообщение об ошибке в приложении на своем компьютере, как мне сообщить об этом",technical_issue
"Мне нужно вернуть заказ онлайн, помогите мне.",return_exchange
"Я разместил онлайн-заказ, хочу его отменить",order_status
"Мне нужно поговорить со службой поддержки, чтобы это сделать",general_info
"Я хочу воспользоваться твоим чертовым мобильным приложением, где это сделать?",technical_issue
"Я не знаю, что делать, чтобы возбудить иск потребителя",other
Как мне позвонить в службу поддержки клиентов?,general_info
Мне нужна помощь в поиске счета,payment_refund
деньги списали а заказ не оформился,payment_refund
"Я купил товар, но выбрал неправильный цвет, как я могу обновить свой онлайн-заказ?",order_status
"Я хочу отменить товар, как мне это сделать?",order_status
"Мне нужно просмотреть историю покупок, мне нужна помощь",account
"Я бы хотел использовать твое приложение, мне нужна помощь",technical_issue
ваша почта,general_info
Еще один стандартный аккаунт,account
Могу ли я подать рекламацию клиента?,other
"Я хочу знать о самых дорогих магазинах, где мне найти дополнительную информацию?",general_info
"Я хотел бы использовать ваше приложение, как мне это сделать?",technical_issue
будет ли скидка на этот товар,product_info
"Что мне нужно сделать, чтобы проверить комиссию за досрочный выход?",order_status
Мой босс прислал мне новые письма сегодня?,general_info
Я больше не пользуюсь про-аккаунтом и пытаюсь его удалить,account
Мне нужно отредактировать свою чертову учетную запись пользователя,account
Поддерживает попытку редактирования адреса,delivery
Проблема со сбросом ключа доступа,account
"Нужна помощь, чтобы уведомить о проблеме с регистрацией",account
"Я не использую свою премиум-учетную запись, мне нужна помощь, чтобы закрыть ее",account
"Я хочу использовать ваше приложение, не могли бы вы мне помочь?",technical_issue
"Мне нужна информация о чертовом статусе моей замены, где я могу ее найти?",order_status
Я хочу указать адрес доставки,delivery
"Я не могу заставить приложение работать на своем компьютере, мне нужно сообщить об ошибке",technical_issue
ужасный сервис,other
Какова ставка изменения между долларом сша и jpy,payment_refund
Я хочу подать иск против вашего бизнеса,other
"Я не знаю, что сделать, чтобы оставить мнение",product_info
Помогите мне восстановить мой пропуск,account
"Я хочу найти магазины рядом со мной, помогите мне",general_info
Что такое обменный курс доллара,payment_refund
"Я купил товар, но он мне не нужен, мне нужно отменить заказ",order_status
"Я не доволен вашей работой, как мне предъявить претензию?",other
"Товары, которые я заказал, неверны. не могли бы вы помочь мне сообщить о них?",return_exchange
"Я хотел бы обменять товар в магазине, могу ли я получить помощь?",return_exchange
как сменить пароль,account
"Можешь мне помочь, используя стандартный профиль?",account
"Я хотел бы вернуть товар онлайн, как я могу это сделать?",return_exchange
"Мне нужно найти то, что я купил, мне нужна помощь в просмотре истории моих покупок.",account
"Хочу удалить товар из корзины, могу ли я это сделать",product_info
"Хочу отправить электронное письмо в службу поддержки клиентов, могу ли я это сделать",general_info
Как мне отправить электронное письмо в службу поддержки клиентов?,general_info
"Я хочу обменять в магазине товар, купленный онлайн, как мне это сделать?",return_exchange
"Я разместил онлайн-заказ, помогите мне его отменить",order_status
"Мне нужно удалить свой аккаунт, где это сделать",account
Я пытаюсь найти информацию об изменении адреса,delivery
"Скажи мне, какова география в этом регионе.",general_info
работаете в выходные?,general_info
"Я хотел бы закрыть свою чертову учетную запись пользователя, как я могу это сделать?",account
"Мне нужна информация о продукте, где я могу ее найти?",product_info
что с моим заказом,order_status
"Я ищу информацию о чертовых распродажах, мне нужна помощь",promo_loyalty
Какая цена?,payment_refund
"Не могли бы вы помочь мне обменять некоторые товары, которые я купил?",return_exchange
Мне нужно найти заказ bqqfysqj,order_status
Можете ли вы помочь мне найти ближайший ко мне магазин?,general_info
"Я хотел бы узнать о ближайших к черту магазинах, не могли бы вы найти какую-нибудь информацию?",general_info
Я хотел бы увидеть статус моего возврата. вы мне поможете?,payment_refund
"Мой заказ не завершен, я хотел бы сообщить о неполной доставке",delivery
оператор,other
Дэн прислал мне какие-нибудь письма?,general_info
нет в наличии когда будет,product_info
"Мне нужна информация о чертовых зимних распродажах, где ее найти?",promo_loyalty
Нужно поговорить с чертовым оператором,other
"Мне нужно изменить мою личную информацию, помогите мне",account
Как предъявить чертову претензию клиенту к вашему бизнесу?,other
"Мне нужно вернуть деньги, помогите мне.",return_exchange
"Где я могу увидеть, когда мой товар прибудет?",delivery
"Я хотел бы отправить отзывы о продуктах, где я могу это сделать",other
"Я получаю сообщение об ошибке в приложении на своем планшете, помогите мне сообщить об этом",technical_issue
"Я хотел бы найти магазины поблизости, мне нужна помощь",general_info
"Мне нужна информация о товаре в магазине, где я могу ее получить?",return_exchange
"Мне нужно проверить часы работы твоего чертового магазина, ты мне поможешь?",general_info
Мне нужно указать дополнительный адрес доставки.,delivery
"Мне нужно поговорить со службой поддержки, могу ли я получить помощь?",general_info
Обновить покупку113542617735902,order_status
"Я хотел бы совершить гребаные платежи, могу ли я получить помощь?",payment_refund
"Я крайне недоволен тем, что ваши услуги помогают подать иск.",other
"Что мне нужно сделать, чтобы восстановить пин-код моей учетной записи пользователя",account
"Нужно поговорить с кем-нибудь, где это сделать",other
"Я хочу подать чертову жалобу, как я могу это сделать?",other
Я ожидаю возмещения в размере 10 долларов сша.,payment_refund
Помогите мне добавить несколько товаров в заказ usi3d4j7,order_status
Мне нужна помощь в восстановлении пароля моей учетной записи,account
Вы дадите мне информацию о следующих продажах?,promo_loyalty
Обновить премиум-аккаунт,account
Какие последние новости на фондовом рынке?,product_info
"Я бы хотел использовать твое приложение, как мне это сделать?",technical_issue
"Можешь мне помочь узнать, когда прибудет мой товар?",delivery
"Мне не нравится то, что я купил, как я мог это увидеть",return_exchange
"Я хотел бы проверить время доставки, помогите мне.",delivery
:: найти обменный курс для нас к фунту,payment_refund
"Я хотел бы вернуть товар, как это сделать?",return_exchange
"Я не знаю, как говорить с агентом-человеком",other
"Хочу отправить идеи, куда это сделать?",other
Как подать жалобу клиента,other
"Я хочу удалить товары из катра, как это сделать",product_info
Можете ли вы помочь мне потребовать возмещения денег?,payment_refund
"Мне нужно получить счет от джона, мне нужна помощь",payment_refund
"Я не могу заставить сайт работать на своем планшете, мне нужно сообщить об ошибке",technical_issue
"Нужно сообщить о проблемах с доставкой моего заказа, где это сделать",delivery
"Мне нужно отправить отзыв об услуге, как это сделать?",product_info
Как я могу найти информацию о весенних распродажах,promo_loyalty
"Мне нужно поговорить с человеком, как мне это сделать?",other
"Мне нужна информация о зимних распродажах, как я могу ее получить?",promo_loyalty
Куда сообщать об ошибках с регистрацией?,account
Каков рост стоимости акций за последнюю неделю дисней?,product_info
Перейти на платиновый аккаунт,account
Мне нужно отменить онлайн-заказ,order_status
"Мне нужно проверить, какие способы доставки у меня есть.",delivery
Не могли бы вы дать мне информацию о продажах,promo_loyalty
Не могли бы вы помочь мне вернуть товар онлайн?,return_exchange
"Я ищу информацию о следующих чертовых распродажах, ты мне поможешь?",promo_loyalty
ошибка на сайте,technical_issue
"Я хочу вернуть заказы онлайн, где мне это сделать?",return_exchange
"Я не знаю, что делать, чтобы указать новый адрес доставки.",delivery
Где я могу посмотреть наличие товара?,product_info
где мой заказ,order_status
есть ли этот товар,product_info
Как мне подать чертову потребительскую претензию?,other
"Мобильное приложение не работает на моем mac, как мне сообщить о проблеме",technical_issue
"Как я могу вернуть товар, купленный онлайн, в магазине?",return_exchange
"Мне нужна помощь, чтобы обновить мой адрес",delivery
Мне нужна информация о вашей политике возврата,return_exchange
Можно ли поговорить со службой поддержки клиентов,general_info
"У меня есть отзыв, вы поможете мне его отправить?",other
"Я хотел бы использовать ваше приложение, могу ли я получить помощь?",technical_issue
"Я хотел бы узнать больше о чертовых зимних распродажах, ты найдешь какую-нибудь информацию",promo_loyalty
Что такое ядерная триада?,general_info
"Мне нужна информация об этих чертовых зимних распродажах, где ее можно найти?",promo_loyalty
"Я не доволен вашей работой, подам жалобу на потребителя.",other
"Я хотел бы позвонить в службу поддержки клиентов, как я могу это сделать?",general_info
"Мне нужна помощь, чтобы быстро просмотреть счет № 37777.",payment_refund
"У меня есть комментарий о твоем бренде, мне нужна помощь, чтобы отправить его",other
"Мне не нужна моя учетная запись, можно отменить ее",account
Помоги мне найти магазины рядом со мной,general_info
Я пытаюсь связаться с чертовой службой поддержки клиентов.,general_info
Я пытаюсь поговорить с агентом,other
"Где я могу проверить, когда прибудет моя посылка",delivery
Можешь мне помочь добавить товары в корзину?,product_info
"Я не знаю, как подать жалобу клиента",other
"Я хочу найти магазин, где я могу это сделать?",general_info
"Хочу нам твое мобильное приложение, где я могу это сделать",technical_issue
"Что мне нужно сделать, чтобы использовать учетную запись platinum",account
"Мне нужно удалить товары из корзины, могу ли я получить помощь?",product_info
Мне нужна помощь в создании платиновой учетной записи,account
Мне не нужно изменить мой онлайн-заказ перед его отправкой. где я могу это сделать?,order_status
"Мобильное приложение не работает на моем mac, мне нужна помощь, чтобы сообщить об этой чертовой ошибке",technical_issue
"Я запросил обмен, но не получил его. можете ли вы помочь мне отследить статус моего замененного товара?",order_status
"Продукт, который я получил, был поврежден, мне нужна помощь, чтобы сообщить об этом",return_exchange
где взять промокод,promo_loyalty
"Я хочу вернуть чертову вещь, купленную в интернет-магазине, мне нужна помощь",return_exchange
можно вернуть?,return_exchange
"Мне нужна информация о часах работы вашего магазина, мне нужна помощь.",general_info
"Я хотел бы узнать больше о чертовых распродажах, не могли бы вы найти какую-нибудь информацию?",promo_loyalty
Где я могу получить информацию о чертовой распродаже?,promo_loyalty
спасибо,other
Покажите мне цену на фейсбук.,product_info
Что такое [число] евро в долл. сша?,payment_refund
Как скачать твое приложение?,technical_issue
Как написать отзыв?,product_info
Как мне проверить чертову историю покупок,account
Я ищу информацию о чертовой распродаже. могу ли я получить помощь?,promo_loyalty
"Мне нужно отменить товар, где мне это сделать?",order_status
"Мне нужно найти ближайший магазин, как это сделать?",general_info
Можешь помочь мне узнать час работы твоего магазина,general_info
"Я хотел бы узнать больше о чертовых продажах psring, дай мне немного информации",promo_loyalty
Где патегония?,general_info
Мне нужна помощь в отправке отзыва о продукте,other
Стоимостная цена gss energy ( &lt; &lt; энергетика &gt; &gt; ),product_info
скидка по промокоду,promo_loyalty
"Мне хотелось бы узнать о чертовой дате доставки, как я могу получить дополнительную информацию?",delivery
Сколько песо я могу получить за доллар прямо сейчас?,payment_refund
"Я отправил часть товаров обратно, но не получил замену, как отследить статус обмена?",order_status
"Я не могу заставить приложение работать на своем планшете, как мне сообщить об ошибке?",technical_issue
"Приложение не работает на моем компьютере, помогите мне сообщить о проблеме",technical_issue
"Я хотел бы посмотреть, где находится мой заказ, как мне его сделать?",order_status
Мне нужна помощь с добавлением чертовых товаров в корзину.,product_info
Мне нужно приобрести продукт,order_status
"Приложение не работает на моем устройстве, как мне повторить проблему?",technical_issue
верните деньги,payment_refund
"Я ищу информацию о следующих распродажах, могу ли я получить помощь?",promo_loyalty
Мне нужно сообщить об ошибках в продукте. как я могу это сделать?,product_info
Показать значение гуга для носка,product_info
"Мобильное приложение не работает на моем мобильном телефоне, я хочу сообщить о чертовой проблеме",technical_issue
Какой у вас номер телефона службы поддержки клиентов?,general_info
Как мне увидеть твою чертову политику возврата?,return_exchange
"Я ищу информацию о следующих распродажах, где я могу ее найти?",promo_loyalty
Мне нужна помощь в извлечении чертовых товаров из корзины,product_info
"Я бы хотел отменить онлайн-заказ, ты мне поможешь?",order_status
Можно ли получить возмещение моих денег,payment_refund
"Приложение не работает на моем мобильном телефоне, помогите мне сообщить об ошибке",technical_issue
"Я не знаю, как мне подать иск",other
Заказанная мной посылка была раздавлена. не могли бы вы помочь мне сообщить об этом?,return_exchange
У меня техническая проблема с приложением. помогите мне не сообщить об этом.,technical_issue
"Я ищу информацию о весенних распродажах, не могли бы вы мне помочь?",promo_loyalty
"Моя дебетовая карта была отклонена, мне нужна помощь, чтобы сообщить о проблеме с оплатой",payment_refund
Помогите мне оставить отзыв о вашей продукции,product_info
"Я ищу информацию о продукте, как я могу ее найти?",product_info
"Я хотел бы сделать переводы, помогите мне",payment_refund
Время поезда до места с длинным расстоянием,delivery
Где я мог бы получить информацию о чертовых распродажах?,promo_loyalty
Пытаюсь найти информацию о чертовых весенних распродажах,promo_loyalty
"Кто-то взломал мой пароль, можно ли его восстановить?",account
"Мне нужно поискать то, что я купил, помогите мне посмотреть мою чертову историю покупок.",account
"Я не знаю, что мне нужно сделать, чтобы уведомить о проблеме с оплатой",payment_refund
"Хочу посмотреть, как скоро мне ожидать заказ, как это сделать?",delivery
Я не могу заставить сайт работать на своем компьютере. не могли бы вы помочь мне сообщить о чертовой проблеме?,technical_issue
"Мне нужна помощь, чтобы проверить, как скоро я смогу ожидать свою покупку",delivery
"Помогите мне узнать, в какие часы я могу связаться со службой поддержки клиентов",general_info
Где я могу что-то заработать?,order_status
"Я купил товар, но выбрал неправильный размер, мне нужно изменить заказ",order_status
"Хотелось бы узнать о стоимости рассылки, где можно получить дополнительную информацию?",delivery
Где я могу проверить штраф за отмену,order_status
Помощь в проверке чертовых штрафов за досрочный выход,order_status
"Я тебя не понимаю, помоги мне поговорить с кем-нибудь",other
Возместить 10 долларов,payment_refund
"Можете ли вы помочь мне проверить, как скоро я могу ожидать посылку?",delivery
Как мне использовать приложение ru,technical_issue
товар сломался,return_exchange
"Я хочу отправить товар обратно, как мне это сделать?",return_exchange
Помогите оставить блин отзыв о товарах ру,product_info
"Мне нужна информация о продажах, как я могу ее получить",promo_loyalty
списали два раза,payment_refund
Почему я не могу указать действительный дополнительный адрес доставки,delivery
"Веб-сайт не работает на моем компьютере, помогите мне сообщить о проблеме",technical_issue
вылетает при оплате,technical_issue
Можно ли отправить отзыв о продукте?,other
Я хотел бы получить информацию о продажах netx,promo_loyalty
"Мне нужно добавить товары в корзину, как мне это сделать?",product_info
Когда начнутся следующие продажи,promo_loyalty
Текущие ставки на предпоследние периоды,payment_refund
Помогите получить мой счет №37777,payment_refund
Есть ли способ оставить отзыв о вашей компании?,product_info
"Я не могу заставить приложение работать на своем компьютере, мне нужно сообщить о чертовой проблеме",technical_issue
"Мобильное приложение не работает на моем mac, мне нужна помощь, чтобы сообщить о проблеме",technical_issue
где находится офис,general_info
Куда отправить заказ обратно?,return_exchange
Мобильное приложение не работает на моем устройстве. помогите мне сообщить о проблеме.,technical_issue
"Я получил продукт не той модели, мне нужна помощь, чтобы сообщить об этом",return_exchange
"Я хотел бы отследить свою посылку, где я могу это сделать?",order_status
Мне нужна помощь в загрузке счета № 12588.,payment_refund
доставляете в мой город?,delivery
"Мне нужна помощь, чтобы отправить предложения по продуктам",other
"Я ищу информацию о зимних распродажах, где я могу ее получить?",promo_loyalty
"Мне нужна информация о чертовых зимних распродажах, как я могу ее получить?",promo_loyalty
чёрная пятница,promo_loyalty
"Мне хотелось бы узнать больше о следующих распродажах, найти некоторую информацию",promo_loyalty
Я хочу увидеть вашу гарантию возврата денег. как я могу это сделать?,payment_refund
Заказ на обновление 8gxbriev,order_status
:: проверка валют,payment_refund
Я хочу увидеть расчетное время моего заказа. не могли бы вы мне помочь?,order_status
Скажи мне поезда из калифорнии в нью-джерси после 11 вечера.,delivery
"Мне нужно закрыть свой профиль, как это сделать?",account
"Мне нужно узнать, как скоро я смогу ожидать статью",delivery
Мне нужна помощь в составлении рекламации клиента,other
"Я бы хотел воспользоваться твоим чертовым приложением, оно мне поможет",technical_issue
"Я хотел бы вернуть товар, купленный в интернете, в магазине, где я могу это сделать",return_exchange
"Хочу проверить время доставки моей покупки, мне нужна помощь",delivery
"Я ищу информацию о ближайших распродажах, не могли бы вы мне помочь?",promo_loyalty
Можешь рассказать мне больше о чертовых распродажах?,promo_loyalty
"Мне нужна помощь, чтобы вытащить вещи из корзины.",product_info
"Я хотел бы поговорить с чертовой службой поддержки клиентов, где мне это сделать?",general_info
"Мне нужна помощь, чтобы проверить, какие у меня есть способы доставки",delivery
"Хочу узнать о твоих чертовых способах оплаты, как мне найти дополнительную информацию",payment_refund
Хочу помочь получить пароль моего prl-файла,account
"Я хотел бы увидеть наличие этого чертового предмета, не могли бы вы мне помочь?",product_info
"Продукт, который я заказал, работает неправильно, могу ли я сообщить о проблеме с продуктом",product_info
"Мне нужно запросить возмещение, где я могу это сделать",return_exchange
Искать магазины рядом со мной,general_info
"Я пытаюсь найти чертову компенсацию, помогите мне.",return_exchange
не приходит код,account
Что за время путешествий отсюда до далласа поездом?,delivery
Можете ли вы помочь мне восстановить pin-код моей учетной записи?,account
Мне нужна помощь с отправкой чертовых жалоб на продукт,other
"Этот товар, который я получил, неправильный, можете ли вы помочь мне сообщить об этом?",return_exchange
"Я хотел бы оставить комментарий о продукте, могу ли я получить помощь?",other
"Я бы хотел поговорить с кем-нибудь, где я мог бы это сделать",other
"Я хотел бы проверить статус моей замены, могу ли я получить некоторую помощь?",order_status
"Мне нужно произвести оплату, вы можете мне помочь?",payment_refund
"Я не знаю, как оставить отзыв об услуге",product_info
"Мне нужно посмотреть наличие какого-то товара в сети, где я могу это сделать?",product_info
"Мне нужна информация о зимних распродажах, как ее найти?",promo_loyalty
Долл. сша - фунт стерлингов,payment_refund
"Я не знаю, что мне нужно сделать, чтобы найти счет-фактуру № 85632.",payment_refund
Могу ли я подать рекламацию клиента против вашей компании,other
Дайте мне информацию о чертовых распродажах,promo_loyalty
"Есть адрес, где можно оставить отзыв?",product_info
Могу ли я вернуть некоторые вещи в магазине,return_exchange
Мне нужна помощь в проверке способов оплаты,payment_refund
промокод не работает,promo_loyalty
"Мне нужно отправить отзыв о продукте, помогите мне",other
"Я купил товар, но выбрал не ту модель. мне нужно обновить онлайн-заказ.",order_status
Подать счет №37777,payment_refund
"Что мне нужно сделать, чтобы получить компенсацию своих денег",payment_refund
"Я хочу узнать о вашей чертовой политике возмещения расходов, где я могу найти дополнительную информацию?",payment_refund
Нужна помощь в отправке отзыва об услуге,product_info
"Мне нужно поискать магазины рядом со мной, мне нужна помощь",general_info
верните мне деньги,payment_refund
"Один из продуктов неправильный, можно ли об этом сообщить?",return_exchange
"Я хочу предложить предложения по улучшению продукта, где я могу это сделать?",other
дайте чек,payment_refund
Мне нужна помощь в добавлении товаров в корзину,product_info
Где ближайший магазин?,general_info
Как посмотреть статус заказа 6ukqr40m,order_status
Сколько у сша [валюта_источник: доллары] в 100 евро?,payment_refund
"Помогите мне узнать, в какие часы доступна служба поддержки клиентов",general_info
"Я хочу узнать больше о следующих гребаных распродажах, найти некоторую информацию.",promo_loyalty
Мне нужно обменять товар,return_exchange
Как исправить проблемы с онлайн оплатой,payment_refund
"Я хотел бы открыть счет, где это сделать.",account
Как я могу увидеть вашу политику поворота?,return_exchange
"Мне нужно проверить твои гребаные часы покупок, ты можешь мне помочь?",general_info
"Что мне нужно сделать, чтобы отменить покупку k20x0tb0?",order_status
дай промокод,promo_loyalty
"Моя поставка неполная, можете ли вы помочь мне сообщить о неполной поставке?",delivery
"Я ищу информацию о чертовых зимних распродажах, могу ли я получить помощь?",promo_loyalty
Я хочу предъявить претензию клиенту,other
Стандартная учетная запись clsoe,account
"Я хочу узнать больше о продукте, дайте мне некоторую информацию",product_info
"Я указал неправильный товар, мне нужна помощь, чтобы сообщить об этом",return_exchange
"Я хотел бы поговорить с оператором, как это сделать?",other
Составить электронную почту на новый адрес,general_info
Когда дейви крокетт выжил и умер?,general_info
"Я ищу информацию о распродажах, где я могу ее получить?",promo_loyalty
Проверьте доступные варианты доставки,delivery
"Что мне нужно сделать, чтобы отменить покупку paolfjt6?",order_status
"Хочу добавить товары в корзину, как мне это сделать?",product_info
Некоторые предметы сломаны. можете ли вы помочь мне сообщить о них?,return_exchange
Как я могу отследить свой замененный товар?,order_status
оплата при получении,payment_refund
забыл пароль,account
есть в наличии?,product_info
"Я бы хотел отредактировать свой профиль, мог бы мне помочь",account
Я ищу информацию о весенних распродажах.,promo_loyalty
"Мне нужно сделать платеж, где я могу это сделать?",payment_refund
"Мне нужно вернуть чертову вещь онлайн, ты можешь мне помочь?",return_exchange
Я ищу информацию о статусе моего возмещения. не могли бы вы мне помочь?,payment_refund
Зарегистрироваться,account
"Я ищу возврат денег, помогите мне.",return_exchange
Обновить покупку00123842,order_status
"Я не знаю, что мне нужно сделать, чтобы поговорить со службой поддержки клиентов.",general_info
жалоба,other
"Я бы хотел найти свою чертову посылку, может мне помочь.",order_status
"Хочу изменить свой заказ, прежде чем отправить его, как это сделать",order_status
"Я ищу информацию о чертовых зимних распродажах, могу ли я получить какую-нибудь помощь?",promo_loyalty
"Я бы хотел воспользоваться твоим чертовым мобильным приложением, могу ли я получить помощь?",technical_issue
"Я хотел бы найти магазин, мне нужна помощь.",general_info
можно отменить заказ?,order_status
"Я не могу сделать перевод, как мне сообщить о проблеме с оплатой?",payment_refund
"Мне нужно получить возмещение, мне нужна помощь",return_exchange
"Я бы хотел сменить свою чертову учетную запись, где мне это сделать?",account
что лучше выбрать,product_info
Возникла проблема с отправкой дополнительного адреса доставки.,delivery
Я бы хотел использовать ваше мобильное приложение,technical_issue
"Я ищу информацию о чертовых продуктах, могу ли я получить помощь?",product_info
"Мне бы хотелось получить информацию о чертовых весенних распродажах, как мне ее найти?",promo_loyalty
"Где мне узнать, в какое время я могу позвонить в службу поддержки клиентов",general_info
"Приложение не работает на моем компьютере, мне нужно сообщить о проблеме",technical_issue
"Я хотел бы послать идеи по улучшению продукта, могу ли я получить помощь?",other
"Что это за поезд времени, приходящий из сакраменто?",delivery
"Если у меня есть 5 долларов, сколько это стоит в aud?",payment_refund
Куда я могу сообщить о проблемах с онлайн-платежами,payment_refund
"Я не знаю, что мне нужно сделать, чтобы сообщить о проблемах с платежами",payment_refund
Не могли бы вы помочь мне сообщить о чертовски неправильном продукте?,return_exchange
Есть ли у вас раздел для отправки отзывов об услуге?,product_info
Я пытаюсь поговорить с кем-нибудь,other
Не могу уведомить об ошибках при регистрации,account
висит загрузка,technical_issue
не работает фильтр,technical_issue
"Мне нужна помощь, разговариваю с кем-то",other
Посмотреть наличие товара онлайн,product_info
не тот товар прислали,return_exchange
У меня предмет не того размера.,return_exchange
"Хочу поговорить со службой поддержки, можете ли вы мне помочь?",general_info
Мне нужна помощь в восстановлении пароля моей учетной записи usrr,account
Я хотел бы увидеть доступность этого чертового продукта в интернете.,product_info
ваш сайт лагает,technical_issue
Можешь ли ты дать мне информацию о продажах,promo_loyalty
"Мне нужно обменять товары, как я могу это сделать?",return_exchange
"Я хочу воспользоваться твоим чертовым приложением, черт возьми.",technical_issue
"Я потерял счета от джона, пришлите их мне по почте.",payment_refund
Можете ли вы помочь мне подать гребаную рекламацию от клиента?,other
"Я купил товар, но он мне не нужен, как я могу отменить этот заказ?",order_status
Мне нужна информация об открытии счетов titanium,account
"Я хотел бы поговорить с чертовым агентом-человеком, помогите мне.",other
"Мне нужно найти магазин рядом со мной, помоги мне",general_info
"Мне нужно обменять купленные мной заказы, как это сделать?",return_exchange
"Я не знаю, что мне нужно сделать, чтобы подать жалобу клиента.",other
"Я не знаю, что мне нужно сделать, чтобы поговорить с кем-то",other
У меня возникли проблемы с отправкой другого адреса доставки,delivery
помогите,other
У меня есть почта?,general_info
"У меня есть комментарий о вашем бренде, как я могу его отправить?",other
"Мой адрес изменился, мне нужна помощь в его изменении",delivery
способы оплаты,payment_refund
"Я хочу узнать больше о продажах nrxt, вы найдете какую-нибудь информацию?",promo_loyalty
"Хочу отправить электронное письмо в службу поддержки клиентов, как мне это сделать?",general_info
Куда мне подать иск против вашего бизнеса,other
"Мне нужно связаться со службой поддержки, мне нужна помощь",general_info
"Я не знаю, как отменить заказ nqwaovvf",order_status
"Я хотел бы проверить чертову стоимость пересылки, где я могу это сделать?",delivery
Мне нужна помощь в сообщении о проблеме с оплатой,payment_refund
Получать счета от джона,payment_refund
реквизиты компании,general_info
"Мне нужно удалить товар из корзины, могу ли я получить помощь?",product_info
Мне нужно поговорить с человеком,other
"Я не знаю, как мне сбросить ключ доступа",account
"Я хочу, чтобы хелп вернул товар",return_exchange
Куда я могу отправить обратно этот товар?,return_exchange
"Я бы хотел использовать ваше приложение, как я могу это сделать?",technical_issue
"Мне нужно запросить счет, могу ли я получить помощь",payment_refund
"Мне нужно посмотреть часы твоих покупок, мне нужна помощь",general_info
"Мне не нужен мой аккаунт, помогите мне его удалить.",account
Я не хочу знать больше о продажах,promo_loyalty
Я хочу знать о часах работы твоего чертового магазина. ты дашь мне некоторую информацию?,general_info
"Мне нужна помощь, чтобы запросить возврат средств",return_exchange
Где я могу подписаться на вашу корпоративную рассылку?,account
"Моя доставка была задержана, это поможет мне сообщить о проблемах с доставкой.",delivery
Могу я получить направление к ближайшему бару?,delivery
"Нужно поискать что-то, что я купил, могу ли я посмотреть историю своих заказов",account
"Я ищу информацию о весенних распродажах, где я могу ее найти?",promo_loyalty
"Мне нужно обновить свою чертову учетную запись, как это сделать?",account
"Мне нужна информация о стоимости доставки, как я могу ее получить?",delivery
"Я тебя не понимаю, можешь помочь мне поговорить с агентом?",other
"Мне нужно найти магазины в моем районе, вы можете мне помочь?",general_info
"Я ищу счет, где я могу его найти?",payment_refund
долго ждать ещё?,order_status
"Я хотел бы отправить отзыв, где мне это сделать?",other
"Мне нужно проверить часы работы твоего чертового магазина, могу ли я чем-нибудь помочь?",general_info
"Хочу проверить, где моя посылка, может мне помочь",order_status
Показывает мне текущий статус покупки 29ufre3k,order_status
Получение счетов за восемь месяцев назад,payment_refund
"Мне нужно отменить товар, как мне это сделать?",order_status
где забрать заказ,delivery
"Где проверить, какие способы оплаты разрешены?",payment_refund
"Мне нужно воспользоваться твоим чертовым приложением, помоги мне.",technical_issue
"Мне нужна информация о часах работы вашего магазина, как ее найти?",general_info
"Я не могу заставить сайт работать на своем компьютере, как я могу сообщить об ошибке",technical_issue
"Я хотел бы узнать больше о распродажах, дайте мне некоторую информацию",promo_loyalty
"Я должен запросить возмещение, как я могу это сделать?",return_exchange
"Я хочу посмотреть, где мой груз, как я могу это сделать?",order_status
Информация о часах работы нашего магазина,general_info
"Приложение не работает на моем телефоне, как сообщить о проблеме?",technical_issue
"Я хотел бы вернуть товар, купленный онлайн в магазине, вы мне поможете?",return_exchange
"Мне нужно поискать гребаные магазины рядом со мной, мне нужна помощь.",general_info
"Мне нужно отследить свою посылку, как я могу это сделать?",order_status
"Нужно отправить чертовски предложение по улучшению продукта, помогите мне",other
"Мне нужно проверить, в каких случаях я могу запросить возмещение",payment_refund
Мне нужна помощь в проверке часов работы вашего магазина.,general_info
"У меня есть отзыв о вашей компании, помогите мне отправить его",other
Я хочу оставить отзыв о вашей компании,product_info
Как долго пройдёт путь от ньяка до коттеджа долина,delivery
"У меня проблема с моим чертовым аккаунтом, ты поможешь мне это изменить?",account
"Мой аккаунт украли, я бы хотел восстановить свой пароль",account
Можете ли вы помочь мне решить проблему с оплатой?,payment_refund
Можно ли подать чертову претензию от клиента?,other
"Я ищу информацию о распродажах, как мне ее найти?",promo_loyalty
"Я ищу информацию о продуктах, которые могли бы мне помочь.",product_info
"Я звоню, чтобы подать жалобу клиента на вашу организацию",other
"Я бы хотел сделать платеж, где мне это сделать?",payment_refund
"Мне нужно использовать ваше приложение, вы можете мне помочь?",technical_issue
"Ищу информацию о чертовых зимних распродажах, помогите.",promo_loyalty
Определить фотосинтез,general_info
Мне нужна помощь в отказе от подписки на новостную рассылку вашей компании,account
Я хотел бы проверить ваши правила возврата. не могли бы вы мне помочь?,return_exchange
"Мне нужна помощь, чтобы поговорить со службой поддержки клиентов",general_info
"Приложение не работает на моем мобильном телефоне, помогите мне сообщить о чертовой проблеме",technical_issue
"Я хочу добавить галстуки в корзину, ты мне поможешь?",product_info
"Отправь письмо моему брату и скажи, что годовщина свадьбы",general_info
Я жду возмещения в размере 10 долларов.,payment_refund
"Мне нужна информация о распродажах, как ее найти?",promo_loyalty
"У меня проблема с моей чертовой учетной записью, не могли бы вы помочь мне изменить ее?",account
"Пожалуйста, выясните цену акций microsoft в насдаке.",product_info
возврат средств,payment_refund
Порядок редактирования wq4yxl3s,order_status
Можно ли купить через ваш сайт,technical_issue
"Звоню, чтобы написать отзыв о товаре",product_info
"Я ищу информацию о следующих распродажах, как мне ее найти?",promo_loyalty
"Мне нужна помощь, чтобы проверить статус моего возмещения",payment_refund
"Мне нужна помощь, чтобы узнать, когда прибудет моя посылка",delivery
"Мне нужно вернуть товар, купленный онлайн, в магазин, где мне это сделать?",return_exchange
Где мне скачать твое приложение,technical_issue
Можно ли увидеть статус моего замененного товара?,order_status
Как я преобразую [валюта_источник: доллары] в песо,payment_refund
Дайте мне информацию о весенних распродажах,promo_loyalty
часы работы поддержки,general_info
Можете ли вы дать мне информацию о зимних распродажах?,promo_loyalty
"Я хотел бы посмотреть, где находится мой заказ, где я могу его сделать?",order_status
Где я могу получить информацию о способах доставки?,delivery
Я хочу связаться с агентом,other
"Мне нужно посмотреть твои правила возврата, где мне это сделать",return_exchange
"Мне нужно подать чертову жалобу на твою компанию, как это сделать",other
Как я могу найти информацию о статусе замены продукта?,order_status
Доставка в индию,delivery
Я хотел бы узнать больше о ваших часах работы. вы найдете какую-нибудь информацию?,general_info
Можете ли вы помочь мне получить возврат денег?,payment_refund
Сколько евро стоит по сравнению с долларом?,payment_refund
"Хочу узнать, в какое время я смогу связаться со службой поддержки",general_info
"Я хочу воспользоваться твоим чертовым приложением, как это сделать?",technical_issue
"Мне бы хотелось узнать больше о следующих распродажах, найти некоторую информацию",promo_loyalty
"Где я могу проверить, в какие часы я могу обратиться в службу поддержки клиентов",general_info
номер отслеживания,order_status
"Я купил товар, но выбрал не ту модель, хочу изменить заказ.",order_status
Помогите мне использовать платиновый профиль,account
Могу ли я добавить товар в корзину?,product_info
приложение тормозит,technical_issue
"Какова цена акций ""сенсекса"" сейчас?",product_info
Где я могу вернуть заказ онлайн,return_exchange
"Мне нужно представить идеи, вы мне поможете?",other
Где я мог бы скачать твое приложение,technical_issue
как выйти из аккаунта,account
"Мне нужно проверить, какие способы доставки доступны.",delivery
"Я хочу отследить свой возврат средств, как мне это сделать?",payment_refund
"Мне не нужна моя учетная запись, мне нужна помощь, чтобы закрыть ее",account
"Нужно сообщить о технической проблеме, приложение поможет мне",technical_issue
Создать новую учетную запись titanium для дочери,account
из чего сделано,product_info
Переключить продукт заказа 8хвобздс,order_status
Могу ли я увидеть статус моего возврата?,payment_refund
Помогите мне проверить статус возврата,payment_refund
номер телефона,general_info
"Я хочу воспользоваться твоим чертовым мобильным приложением, мне нужна помощь",technical_issue
Можете ли вы помочь мне увидеть принятые варианты оплаты?,payment_refund
"Я хотел бы узнать больше о чертовых зимних распродажах, найдёте ли вы информацию?",promo_loyalty
"Сайт не работает на моем мобильном телефоне, мне нужно сообщить о проблеме",technical_issue
"Мне нужно вернуть товар, купленный онлайн, в магазин. можете ли вы мне помочь?",return_exchange
Я бы хотел сообщить о проблемах с доставкой моего груза. где мне это сделать?,delivery
"Мне нужно отправить отзыв о вашем бренде, вы можете мне помочь?",other
"Я хотел бы подтвердить наличие этого чертового товара в магазине, как мне это сделать?",product_info
Не могли бы вы помочь мне добавить товар в корзину?,product_info
Я хотел бы узнать больше о следующих распродажах. можете ли вы дать мне некоторую информацию?,promo_loyalty
"Я не знаю, как я могу оставить комментарий для твоих людей",product_info
Мне нужна помощь в сообщении о технической проблеме с мобильным приложением,technical_issue
Расскажи мне больше о редактировании моего адреса,delivery
"Сайт не работает, помогите мне сообщить об ошибке",technical_issue
Сайт не работает на моем устройстве. можете ли вы помочь мне сообщить о проблеме?,technical_issue
"Мои личные данные неверны, мне нужна помощь в их изменении",account
"Я хотел бы отправить товар обратно, где я могу это сделать",return_exchange
"Я хотел бы узнать больше о следующих распродажах, вы дадите мне какую-нибудь информацию?",promo_loyalty
"Когда следующий поезд, путешествующий по городу, уезжает отсюда?",delivery
"Что мне нужно сделать, чтобы купить несколько товаров?",order_status
"Я заказал некоторые товары, как отменить покупку охфтрзад?",order_status
"Я не знаю, что мне нужно сделать, чтобы увидеть счет №37777.",payment_refund
"Мне нужна помощь, чтобы позвонить в чертову службу поддержки клиентов.",general_info
"Я хотел бы узнать больше об этом чертовом продукте, можете ли вы дать мне некоторую информацию?",product_info
"Мобильное приложение не работает, мне нужна помощь, чтобы сообщить об этой чертовой проблеме",technical_issue
"Какой-то предмет неправильный, помогите мне сообщить об этом",return_exchange
"Мне нужно отправить идею, могу ли я получить помощь?",other
У меня возникла проблема с редактированием адреса доставки.,delivery
"Мне нужно увидеть дату доставки, вы мне поможете?",delivery
Можно ли посмотреть наличие товаров онлайн,product_info
"Мне нужно сообщить о чертовой проблеме с доставкой, где я могу это сделать",delivery
"Мне нужно поговорить с чертовым человеком, где мне это сделать?",other
"Мне нужно обменять товар в магазине, вы мне поможете?",return_exchange
привет,other
Мне нужно использовать твое приложение,technical_issue
"Мне нужна помощь, чтобы сделать перевод",payment_refund
"Мне нужна помощь, чтобы найти мои счета от джона.",payment_refund
"Я хочу оставить отзыв о вашей компании, могу ли я получить некоторую помощь?",other
"Что мне нужно сделать, чтобы восстановить ключ доступа к моему профилю пользователя",account
Я ищу информацию о чертовых распродажах. можете ли вы мне помочь?,promo_loyalty
У меня возникла проблема с оплатой дебетовой картой. можете ли вы сообщить об этом?,payment_refund
ошибка 500,technical_issue
"Я хотел бы вернуть чертову вещь, вы можете мне помочь?",return_exchange
"Я запросил обмен, но не получил его. помогите мне отследить статус моего товара на замену.",order_status
"Я хочу подать жалобу на продукцию, как мне это сделать?",other
"Я хотел бы знать о чертовых магазинах поблизости, я дам мне некоторую информацию",general_info
"Мне нужно отправить предложения по продуктам, где я могу это сделать?",other
Я хочу знать о вашем процессе возврата,return_exchange
"Я хотел бы найти магазины рядом со мной, вы мне поможете?",general_info
Возникли проблемы с отменой покупки doy97f3p,order_status
"Мне нужна информация о чертовых распродажах, где я могу ее найти",promo_loyalty
"Хочу сделать платеж, как это сделать",payment_refund
"Я хотел бы знать о ближайших к черту магазинах, где я могу получить больше информации?",general_info
"Есть ли поезда, отправляющиеся из нью-йорка в 8 вечера?",delivery
"Мне нужна помощь, чтобы отменить заказ",order_status
Мне нужна информация о следующих чертовых распродажах,promo_loyalty
"Мне нужно найти ближайший ко мне магазин, как это сделать?",general_info
За сколько продаётся hp?,product_info
"Если бы у меня было 500 долларов, сколько бы это было иен?",payment_refund
Где я могу изменить адрес доставки?,delivery
Где я могу получить информацию о чертовом статусе моей замены,order_status
"Я хотел бы поговорить с кем-нибудь, как мне это сделать?",other
"Мне не нужен мой профиль, мне нужна помощь, чтобы удалить его",account
Добавить товар в заказ,order_status
"Товар в моей посылке неправильный, сообщите об этом",return_exchange
"Мне нужно сообщить о проблеме на сайте, где мне это сделать",technical_issue
"Я не знаю, как мне увидеть штрафы за увольнение",order_status
"Не нужно проверять часы работы, помогите мне",general_info
Какова цена акций (вставить),product_info
Обмен валюты,payment_refund
Мог бы рассказать мне больше о вашей политике возврата денег,payment_refund
У вас есть билеты на поезд?,delivery
"Мне нравится информация о зимних распродажах, как я могу ее получить?",promo_loyalty
"Мне нужна информация о чертовых весенних распродажах, как мне ее найти",promo_loyalty
Могу ли я предложить чертовски продукт?,other
Время поезда на станции гэри идёт к форту уэйну сегодня,delivery
Могу ли я перейти на стандартный аккаунт?,account
Кто жена обамы?,general_info
Я ищу информацию о продажах,promo_loyalty
Вы можете сказать мне обменный курс канадской валюты,payment_refund
Как пользоваться твоим мобильным приложением,technical_issue
"Я хочу использовать ваше мобильное приложение, как мне это сделать?",technical_issue
"Помогите узнать, в какие часы я могу связаться со службой поддержки",general_info
Какова цена googl сегодня,product_info
"Мне нужно оставить отзыв, где это сделать?",other
"Мне нужна информация о чертовых распродажах, как мне ее найти?",promo_loyalty
"Один из заказанных мной товаров был чертовски поврежден при доставке, сообщите об этом",return_exchange
"Нужна помощь, чтобы оставить комментарий к вашим продуктамa",product_info
"Мне нужно потребовать вернуть деньги, как я мог это сделать",return_exchange
как зарегистрироваться,account
Я не могу получать информационный бюллетень,account
как связаться,general_info
Мне нужно позвонить в службу поддержки клиентов,general_info
Я пытаюсь перейти на платиновый аккаунт,account
"Я купил товар, но выбрал неправильный размер, как изменить мой онлайн-заказ?",order_status
Мне нужна помощь в разговоре с чертовой службой поддержки клиентов.,general_info
"Я ищу информацию о твоем чертовом процессе возвращения, где я могу ее получить?",return_exchange
"Мне нужно обменять чертову вещь, которую я купил в магазине, где мне это сделать",return_exchange
"Мне нужна информация о времени доставки, как я могу ее найти?",delivery
Мне нужно просмотреть историю покупок. как я могу это сделать?,account
"Я хотел бы проверить наличие этого чертового предмета, вы можете мне помочь?",product_info
"Я хотел бы проверить, где моя гребаная доставка, мне нужна помощь.",order_status
"Я купил товар, но выбрал не ту модель, можно ли обновить мой заказ?",order_status
"Я хочу сообщить о сломанном товаре, как мне это сделать?",return_exchange
"Я бы хотел удалить товар из корзины, мне нужна помощь",product_info
"Сайт не работает на моем мобильном телефоне, помогите мне сообщить о проблеме",technical_issue
"Хочу узнать больше о чертовых зимних распродажах, найду кое-какую информацию",promo_loyalty
Информация об аннулировании моего премиум-аккаунта,account
"См. статус покупки lywi6xyr, черт возьми",order_status
"Я бы хотел проверить, где моя посылка, как это сделать",order_status
У меня возникла проблема с оплатой кредитной картой,payment_refund
Я хотел бы узнать о ваших часах работы. где я могу получить дополнительную информацию?,general_info
Где посмотреть чертову стоимость доставки,delivery
Где находится ближайший магазин,general_info
"Мне нужна информация о зимних распродажах, где я могу ее получить?",promo_loyalty
"Мне нужна компенсация, помоги мне ее получить.",return_exchange
"Я ищу информацию о распродажах, мне нужна помощь",promo_loyalty
"Нужна помощь, чтобы узнать, когда прибудет мой заказ",delivery
"Я хотел бы проверить наличие товаров онлайн, как это сделать?",product_info
"Я не знаю, что делать, чтобы потребовать возврат денег.",payment_refund
"Можно ли вернуть некоторые товары, которые были по акции",return_exchange
Мне нужна помощь в поиске моего корабля,order_status
"Я не могу заставить сайт работать на своем mac, помогите мне сообщить о чертовой проблеме",technical_issue
Сколько стоит фунт в долл. сша?,payment_refund
"Я ищу информацию о чертовых распродажах, ты мне поможешь?",promo_loyalty
Мне нужна помощь в определении даты доставки моей покупки,delivery
Как мне посмотреть часы работы твоего чертового магазина?,general_info
"Я не знаю, как мне указать адрес доставки.",delivery
"Я бы хотел воспользоваться твоим чертовым мобильным приложением, ты мне поможешь?",technical_issue
"Пожалуйста, дайте мне направление в парк рядом со мной.",delivery
"Я не помню свой пароль, помогите мне его сбросить",account
Можно ли подать жалобу,other
мой заказ уже отправили?,order_status
"Мне нужно проверить вашу политику возмещения, где это сделать?",payment_refund
"Я не могу заставить сайт работать на своем компьютере, могу ли я сообщить об ошибке",technical_issue
"Моя посылка была чертовски повреждена при доставке, можете ли вы сообщить об этом?",return_exchange
Я хотел бы узнать больше о ближайших магазинах. найдите некоторую информацию.,general_info
"Я ищу информацию о зимних распродажах, помогите мне.",promo_loyalty
"Приложение не работает на моем планшете, можно ли сообщить о проблеме?",technical_issue
"Мне нужна информация о статусе моего обмена, как я могу ее найти",order_status
"Я бы хотел воспользоваться твоим чертовым приложением, можешь мне помочь.",technical_issue
Можешь ли ты направить мне живого агента,other
"Я хотел бы поговорить с агентством, могу ли я получить помощь?",other
"Хочу обновить свой заказ перед отправкой, как мне это сделать?",order_status
"Мне бы хотелось найти магазины поблизости, мне нужна помощь",general_info
"Мне нужно найти магазины, где я могу это сделать",general_info
"Я хотел бы увидеть сроки доставки моего заказа, как это сделать?",delivery
"Какова цена ""форд сток""?",product_info
Как я могу получить информацию о чертовом статусе моего возмещения,payment_refund
Я хочу подписаться на рассылку новостей вашей компании,account
что вы умеете,other
"Поезд в 5 вечера в среду до роквилла, вы вовремя?",delivery
Могу ли я перейти на платиновый аккаунт,account
"Я не могу заставить сайт работать, мне нужно сообщить об ошибке",technical_issue
"Что ""apple"" закрыла вчера?",product_info
"Мне нужно связаться со службой поддержки клиентов, могу ли я получить помощь",general_info
Помогите мне отследить заказ,order_status
"Я хотел бы поговорить со службой поддержки, вы мне поможете?",general_info
Можете ли вы помочь мне подать претензию клиента?,other
"Я хотел бы обменять некоторые купленные вещи, где мне это сделать",return_exchange
"Мне нужно удалить товар из корзины, мне нужна помощь",product_info
можно обменять,return_exchange
Можешь рассказать мне больше о чертовой дате доставки,delivery
"Мне нужна помощь, чтобы найти заказ dbdmu6f5.",order_status
"Хочу использовать твое приложение, где это сделать",technical_issue
"Веб-сайт не работает, я хотел бы сообщить о проблеме",technical_issue
"Я не могу заставить приложение работать на своем планшете, можно ли сообщить об ошибке",technical_issue
Помогите мне подать иск против вашей компании,other
Я бы не хотел требовать возврата денег. не могли бы вы мне помочь?,return_exchange
"Я хотел бы получить информацию о зимних распродажах, где я могу ее получить?",promo_loyalty
Изменить заказ cff1c9t2,order_status
Я по ошибке ввел неправильный адрес,delivery
Где я могу оставить отзыв об услуге?,product_info
Я ищу возмещение,return_exchange
Я пытаюсь подать иск,other
"Мне нужно удалить учетную запись mjy, где я могу это сделать?",account
Как мне сделать перевод?,payment_refund
Мне нужна помощь в отправке адреса доставки,delivery
"Алекса описывает мне, как выглядит мяч.",general_info
"Купленный мной продукт не работает должным образом, могу ли я сообщить о проблеме с продуктом?",product_info
"Я совершил покупку, но не получил счет, как мне его запросить?",payment_refund
Как я могу оставить отзыв о продукте,other
"Мне нужна информация о статусе моего возмещения, как я могу ее получить?",payment_refund
Мне нужна помощь в решении чертовой проблемы с оплатой,payment_refund
"Мне нужно оплатить дебетовой картой, как я могу это сделать?",payment_refund
Я пытаюсь поговорить с ассистентом,other
Можно ли оставить отзыв о вашей компании?,product_info
"Мне нужно проверить наличие товара в магазине, не могли бы вы мне помочь?",product_info
какие размеры есть,product_info
"Мне нужна помощь, чтобы отправить отзыв о ваших услугах",product_info
"Я бы хотел воспользоваться твоим чертовым приложением, ты можешь мне помочь?",technical_issue
"Мне нужна информация о стоимости доставки, как ее найти?",delivery
Сделать почту для джека,general_info
"Я бы хотел создать учетную запись, где это сделать",account
Мне нужно отменить заказ,order_status
"Я хочу поговорить с чертовой службой поддержки, как я могу это сделать?",general_info
Как перейти на золотой счет?,account
"Мне нужно было произвести оплату, как я могу это сделать?",payment_refund
"Нужно отправить предложение по улучшению продукта, как я могу это сделать",other
Я хочу узнать больше о распродаже salex,promo_loyalty
Где мне ввести свой дополнительный адрес доставки?,delivery
"Я купил товар, но выбрал неправильный размер. я хочу обновить свой онлайн-заказ.",order_status
"Я хочу узнать больше о весенних распродажах, можете ли вы дать мне некоторую информацию?",promo_loyalty
"Мне необходимо проверить наличие товара в магазине, где я могу это сделать?",product_info
Валютные курсы,payment_refund
"Мне нужно удалить товар из корзины, можешь мне помочь?",product_info
"Я не могу заставить сайт работать на своем телефоне, мне нужна помощь, чтобы сообщить об ошибке",technical_issue
подойдёт ли мне,product_info
Я не вижу статус компенсации,payment_refund
"Я хотел бы поговорить с чертовой службой поддержки клиентов, мне нужна помощь.",general_info
"Хочу предложить идею по улучшению продукта, как я могу это сделать",other
Как пользоваться приложением ру,technical_issue
"Я ищу информацию о чертовых весенних распродажах, могу ли я получить помощь?",promo_loyalty
"Мне нужна информация о часах ваших покупок, как я могу ее получить?",general_info
"Я ищу информацию о весенних распродажах, мистер",promo_loyalty
"Хочу вернуть заказы онлайн, где это сделать",return_exchange
"Я хотел бы увидеть статус моего возврата, где мне это сделать",payment_refund
"Сайт не работает на моем мобильном телефоне, хочу сообщить об ошибке",technical_issue
"Нужна помощь, чтобы увидеть заказ knd8ptmn syatus",order_status
"Я хотел бы открыть учетную запись пользователя, как мне это сделать?",account
Помогите мне связаться со службой поддержки клиентов,general_info
Я не вижу твоей политики возврата денег,payment_refund
описание товара,product_info
"Я хочу подтвердить наличие товара в магазине, мне нужна помощь",product_info
Мне нужно обменять купленный товар,return_exchange
"Я хотел бы проверить наличие какого-то товара онлайн, как мне это сделать?",product_info
Где делл сейчас стоит на фондовом рынке?,product_info
"Я бы хотел использовать твое мобильное приложение, оно мне поможет",technical_issue
"Моя доставка не прибыла вовремя, как я могу сообщить о проблеме с доставкой?",delivery
"Помогите узнать, в какое время я могу связаться со службой поддержки клиентов",general_info
"Мобильное приложение не работает на моем устройстве, я хочу сообщить об ошибке",technical_issue
Мне нужна информация о чертовом статусе моего возмещения,payment_refund
Мне нужно получить мой счет № 12588,payment_refund
"Мобильное приложение не работает на моем телефоне, я хочу сообщить о проблеме",technical_issue
"Мне нужна помощь, чтобы поговорить с чертовым оператором",other
У меня возникла техническая проблема с приложением на моем мобильном телефоне. помогите мне сообщить об этом.,technical_issue
"Мобильное приложение не работает на моем мобильном телефоне, могу ли я сообщить об ошибке",technical_issue
Найди смысл обещания.,general_info
"Мне бы хотелось узнать больше о весенних распродажах, не могли бы вы дать мне некоторую информацию?",promo_loyalty
"Я хочу поговорить со службой поддержки, вы можете мне помочь?",general_info
Как вернуть товар в магазин,return_exchange
"Я хочу оплатить картой, как мне это сделать?",payment_refund
Можете ли вы помочь мне отказаться от подписки на вашу корпоративную рассылку?,account
"Мой пароль украли, могу я его сбросить?",account
хочу вернуть товар,return_exchange
Каковы текущие запасы для яху?,product_info
"Мне нужна информация о распродажах, как я могу ее получить?",promo_loyalty
"Я хотел бы узнать больше об этом чертовом продукте, не могли бы вы дать мне некоторую информацию?",product_info
"Нужно обменять чертову вещь, как я могу это сделать",return_exchange
Сколько евро 1 доллар?,payment_refund
"Я заплатил 10$ за заказ, хочу компенсацию",payment_refund
Название pda: во сколько xxxx прибудет хххх,delivery
Как я мог получить информацию о чертовых распродажах,promo_loyalty
"Я хотел бы проверить статус моего возврата, где мне это сделать",payment_refund
Хочу поменять некоторые позиции заказа u435ex1m,order_status
"Можно ли проверить, какие у меня способы доставки?",delivery
Мне нужна помощь с открытием премиум-аккаунта,account
Как я могу получить информацию о следующих гребаных распродажах?,promo_loyalty
"Я бы хотел удалить вещи из корзины, как мне это сделать?",product_info
Opdn титановый аккаунт,account
"Я не знаю, как говорить с агентом человека",other
"Мне нужно добавить товар в корзину, могу ли я получить помощь?",product_info
Как сообщить об ошибках с оплатой,payment_refund
статус возврата денег,payment_refund
"Я хотел бы узнать больше о следующих распродажах, вы дадите мне некоторую информацию?",promo_loyalty
поменять адрес,delivery
"Я хочу использовать ваше мобильное приложение, как это сделать?",technical_issue
"Мне нужна помощь, чтобы найти ближайший магазин",general_info
"Нужна помощь, чтобы подписаться на информационный бюллетень компании",account
Каково определение этого объекта?,general_info
Проблема с вводом моего нового адреса доставки,delivery
"Можно ли узнать, когда придет моя посылка?",delivery
Куда я могу подать потребительский иск против вашей компании?,other
Как я могу отправить отзыв о продукте?,product_info
Как обменять товар в магазине?,return_exchange
"Я не знаю, как мне восстановить ключ доступа к моему профилю.",account
Помогите подать жалобу потребителя на вашу компанию,other
"Я ищу информацию о продажах, где я могу ее получить?",promo_loyalty
Как мне вернуть некоторые вещи вне периода возврата?,return_exchange
Как добавить товар к покупке vh13ta8z?,order_status
"Мне нужно увидеть время доставки, как я могу это сделать",delivery
как ввести промокод,promo_loyalty
создать аккаунт,account
Мне бы хотелось узнать больше о чертовых продажах,promo_loyalty
Как посмотреть статус заказа loty4sc9?,order_status
"Мне нужна поддержка, чтобы обновить адрес доставки",delivery
"Я хотел бы проверить часы работы твоего чертового магазина, могу ли я получить некоторую помощь?",general_info
Где... находится?,general_info
"Я недоволен вашей работой, пишите претензию.",other
"Мне нужна информация о чертовом товаре в магазине, где я могу его найти",return_exchange
"Я бы хотел сделать гребаные переводы, можешь мне помочь.",payment_refund
"Есть ли адрес, по которому можно отправить отзыв о вашей компании?",product_info
сайт не работает,technical_issue
Помощь в разговоре со службой поддержки клиентов,general_info
Нужно обменять товар в магазине как это сделать,return_exchange
"Ищу информацию о чертовых весенних распродажах, как мне ее получить?",promo_loyalty
"Сайт не работает на моем телефоне, я хочу сообщить о чертовой проблеме",technical_issue
Где я могу найти информацию о следующих чертовых распродажах?,promo_loyalty
"Я бы хотел отменить элемент, как мне это сделать",order_status
Подача потребительского иска против вашего бизнеса,other
Каков обменный курс между сша и мексикой?,payment_refund
Как подать претензию клиента против вашей организации,other
"Мне нужна информация о распродажах wionter, как ее найти?",promo_loyalty
"Мне нужно открыть счет, ты можешь мне помочь?",account
email поддержки,general_info
Нужно подать чертову жалобу от клиента,other
Я ищу возврат средств,return_exchange
Нужно изменить порядок wd0fbxt1,order_status
"Мне нужно получить ваш корпоративный информационный бюллетень, мне нужна помощь",account
"Хочу увидеть чертову стоимость пересылки, где я могу это сделать",delivery
Как я могу оставить отзыв о наших услугах,product_info
Когда лучше всего отправиться в канаду?,delivery
как получить скидку,promo_loyalty
"Мне не нужен мой профиль, помогите мне удалить его.",account
Можешь ли ты помочь мне изменить мою чертову учетную запись?,account
Я заплатил 10 долларов за товар и хочу вернуть свои деньги,payment_refund
пункты выдачи,delivery
Куда вернуть товар онлайн,return_exchange
"Мне нужно найти свой онлайн-заказ, где я могу это сделать",order_status
"Я купил товар, но выбрал неправильный цвет, можно ли изменить мой онлайн-заказ?",order_status
Я хотел бы сообщить о проблеме с приобретенным мной продуктом. могу ли я получить помощь?,product_info
"Хочу оставить отзыв о ваших услугах, помогите мне",product_info
"Я совершил покупку и не получил счет, могу его получить",payment_refund
"Я хотел бы вернуть товары из интернета, мне нужна помощь",return_exchange
"Я не знаю, что мне нужно сделать, чтобы сбросить мою учетную запись пользователя ppwd",account
размерная сетка,product_info
"Что мне нужно сделать, чтобы отменить заказ 4p0r3w0q",order_status
Я пытаюсь поговорить с кем-то,other
"Я ищу информацию о весенних распродажах, где я могу ее получить?",promo_loyalty
Нужна помощь в связи с оператором,other
"Мне нужна информация о твоем чертовом процессе возвращения, как я могу ее получить?",return_exchange
Отправить письмо джерри о встрече.,general_info
"Ищу информацию о чертовых весенних распродажах, где ее взять?",promo_loyalty
"Можно ли отменить заказ, если он не отправлен?",order_status
программа лояльности,promo_loyalty
"Я хотел бы подтвердить наличие чертовых товаров в интернете, вы мне поможете?",product_info
Я хотел бы сообщить о проблемах с доставкой моего груза. вы мне поможете?,delivery
Сайт не работает на моем мобильном телефоне. можете ли вы помочь мне сообщить о проблеме?,technical_issue
Можно ли редактировать покупку zpgtkjn2?,order_status
Мне нужна помощь в проверке штрафа за увольнение,order_status
"Нужна помощь, чтобы запросить возврат моих денег",payment_refund
"Я хочу вернуть купленный товар, мне нужна помощь",return_exchange
Мне нужно отправить обратно заказ,return_exchange
Я хотел бы проверить историю покупок,account
"Что мне нужно сделать, чтобы узнать, когда придет моя статья?",delivery
"Я хотел бы узнать больше о распродажах, можете ли вы дать мне некоторую информацию?",promo_loyalty
Можешь помочь мне поговорить со службой поддержки клиентов?,general_info
"Я хочу повторить проблему с продуктом, как это сделать?",product_info
"Я хотел бы узнать о следующих распродажах, можете ли вы найти какую-нибудь информацию?",promo_loyalty
Я не могу изменить заказ mp86reyn,order_status
Любые последние письма,general_info
Можешь помочь мне связаться с кем-нибудь,other
Помощь в составлении иска,other
"Я хочу обменять эти заказы, которые я купил, где мне это сделать?",return_exchange
"Хочу позвонить в службу поддержки клиентов, где я могу это сделать",general_info
У меня возникают ошибки при попытке изменить адрес доставки.,delivery
Открыть счет в титаниуме,account
"У меня есть отзыв о продукте, помогите, мистер, отправьте его",other
"Некоторые товары повреждены, сообщите об этом",return_exchange
"Мне нравится информация о чертовых зимних распродажах, где я могу ее найти",promo_loyalty
Мне нужна помощь в отмене itwm,order_status
"Я не могу сделать перевод, как сообщить о чертовых проблемах с оплатой",payment_refund
"Я хочу зарегистрироваться, мне нужна помощь",account
"Моя карта не работает, мне нужно сообщить о чертовой проблеме с оплатой",payment_refund
"Мне нужно посмотреть, как скоро я смогу ожидать доставки",delivery
"Мне нужно добавить товары в корзину, могу ли я получить помощь?",product_info
Я стараюсь оставлять свой отзыв,product_info
у меня проблема,other
"Нужно написать комментарий о ваших услугах, как я могу это сделать",product_info
"Мне нужно проверить часы работы, как я могу это сделать",general_info
Я не могу создать учетную запись titanium,account
"Я хотел бы оставить комментарии о продуктах, которые могут мне помочь.",other
Помоги мне отредактировать мой аккаунт,account
"Мне нужна помощь в обновлении моего заказа, прежде чем вы его отправите",order_status
"Покажи мне, как поехать в бостон через сиэтл.",delivery
"Я хотел бы узнать больше о чертовых продажах, можете ли вы дать мне некоторую информацию?",promo_loyalty
"Звоню, чтобы оставить отзыв о вашей продукции.",product_info
"Я не знаю, как сообщить о проблеме с регистрацией",account
белый экран,technical_issue
Как я могу найти информацию о очередных распродажах,promo_loyalty
"Я потерял счет от джона, пришли мне его.",payment_refund
товар не подошёл,return_exchange
Я хотел бы узнать больше о продажах найти некоторую информацию,promo_loyalty
"Мне нужен аккаунт, где его создать",account
Я хочу ознакомиться с вашей политикой возврата средств. вы мне поможете?,payment_refund
Я не могу изменить адрес доставки,delivery
бесплатная доставка от какой суммы,delivery
Я хотел бы запросить возмещение,return_exchange
"Я хочу проверить стоимость рассылки, могу ли я это сделать?",delivery
"Я ищу информацию о чертовых распродажах, мне нужна помощь.",promo_loyalty
Я должен отправить свой отзыв,product_info
"Я не знаю, как отменить покупку k2zisu5r",order_status
Как поживает ibm?,product_info
Когда следующие распродажи,promo_loyalty
"Я хотел бы увидеть время доставки, вы можете мне помочь?",delivery
Мне нужно увидеть чертову дату доставки моей покупки. могу ли я это сделать?,delivery
Мне нужна помощь в подаче жалобы клиента,other
X цена акций компании,product_info
"Хочу сделать гребаные переводы, мне нужна помощь",payment_refund
"Что мне нужно сделать, чтобы создать учетную запись titanium для моего отца",account
"Мне нужно отследить свою чертову доставку, мне нужна помощь",order_status
"Я ищу информацию о продукте, где я могу ее получить",product_info
Почта x@x.org,general_info
"Мне нужно вернуть деньги, как это сделать?",return_exchange
"Я купил товар, но он мне не нужен, могу ли я отменить заказ",order_status
"Мне нужен аккаунт, помогите мне открыть его",account
"Продукт, который я получил, не работает должным образом, как я могу сообщить об ошибке продукта?",product_info
Как мне найти информацию о очередных распродажах?,promo_loyalty
Можешь помочь мне поговорить с ассистентом?,other
"Я по ошибке указал свой старый адрес, как я могу его обновить?",delivery
"Помощь, чтобы увидеть расчетное время покупки 01liox55",order_status
"Нужна помощь, чтобы проверить расчетное время покупки nblce01i",order_status
Мой заказ потерян. можете ли вы помочь мне сообщить о проблеме с доставкой?,delivery
кнопка не работает,technical_issue
Я пытаюсь найти информацию о чертовых распродажах,promo_loyalty
"Мне нужна информация о чертовых зимних распродажах, как мне ее найти?",promo_loyalty
"Я хотел бы увидеть наличие какого-то долбанного товара в магазине, где я могу это сделать?",product_info
"Я не знаю, что мне нужно сделать, чтобы получить счет №12588.",payment_refund
Я ищу информацию о чертовых распродажах.,promo_loyalty
"Нужно добавить товары в корзину, как мне это сделать",product_info
"Я хотел бы оплатить картой, вы можете мне помочь?",payment_refund
"Где я могу проверить, в какие часы я могу связаться со службой поддержки клиентов?",general_info
"Я хотел бы открыть счет, где я могу это сделать?",account
доставка в выходные,delivery
можно доставить сегодня?,delivery
Я стараюсь оставлять отзывы о ваших услугах.,product_info
"Мне нужно поговорить с чертовым кое-кем, ты можешь мне помочь?",other
стоимость доставки,delivery
Как я могу вернуть некоторые вещи в магазин?,return_exchange
Изменить данные в золотом аккаунте,account
Проблемы с исправлением порядка wgfn46ey,order_status
"Я ищу информацию о следующих чертовых распродажах, где ее найти?",promo_loyalty
"Мобильное приложение не работает на моем компьютере, мне нужно сообщить о проблеме",technical_issue
Есть поезд от филадельфии до нью-йорка в полдень?,delivery
"Я хочу отправить идею продукта, как это сделать?",other
"В моей доставке поврежденный товар, не могли бы вы помочь мне сообщить об этом?",return_exchange
"Мне нужно вернуть товар, который я купил в магазине онлайн, как я могу это сделать",return_exchange
хочу возврат денег,payment_refund
"Я хочу удалить товары из корзины, где это можно сделать?",product_info
"Нужно использовать твое мобильное приложение, где я могу это сделать",technical_issue
Мне нужна информация об этих чертовых распродажах,promo_loyalty
"Мне нужно проверить наличие товара в магазине, мне нужна помощь",product_info
обменять на другой цвет,return_exchange
Вы дадите мне информацию о продуктах?,product_info
Можешь дать мне информацию о чертовых весенних распродажах?,promo_loyalty
"Мне не нужно переходить на стандартную учетную запись, как мне это сделать",account
Я не могу добавить некоторые статьи для заказа hsrvkcu,order_status
Как я могу проверить наличие чертовых товаров онлайн?,product_info
Сколько стоит канадский доллар в сша?,payment_refund
"Я не знаю, как написать отзыв об услуге.",product_info
"Мне нужна информация о продуктах, как я могу ее получить?",product_info
Я хотел бы сообщить о проблемах в купленном мной продукте. где я могу это сделать?,product_info
"Мой заказ был утерян, как мне сообщить о проблемах с доставкой?",delivery
"Я хочу проверить вашу политику возврата, помогите мне.",payment_refund
"Я хочу проверить, какие варианты доставки есть",delivery
"Сайт не работает на моем устройстве, мне нужна помощь, чтобы сообщить о чертовой проблеме",technical_issue
Сколько продлятся летние распродажи?,promo_loyalty
"Мне нужно сообщить о проблеме на сайте, как я могу это сделать?",technical_issue
"Я не могу заставить приложение работать на моем мобильном телефоне, мне нужно сообщить о проблеме",technical_issue
"Я не знаю, как проверить счет #00108",payment_refund
"Я хочу связаться со службой поддержки клиентов, как мне это сделать?",general_info
"Сайт не работает на моем мобильном телефоне, могу ли я сообщить о проблеме?",technical_issue
Как скоро я могу ожидать доставку?,delivery
"Доставленные продукты soem чертовски раздавлены, можете сообщить об этом",return_exchange
Где я могу оставить отзыв о вашем бренде?,other
Могу ли я отправить обратно этот товар?,return_exchange
"Мне нужно поговорить со службой поддержки, где я могу это сделать?",general_info
"Хочу увидеть твою чертову политику возмещения расходов, мне нужна помощь",payment_refund
Расскажи мне о текущей цене эксксон-мобильных запасов.,product_info
"Моя посылка потерялась, мне нужна помощь, чтобы сообщить о проблеме с доставкой",delivery
"Я бы хотел использовать ваше мобильное приложение, могу ли я получить помощь?",technical_issue
Приобрести несколько предметов,order_status
доставка в регионы,delivery
"Я хотел бы заплатить чертовой картой, мне нужна помощь",payment_refund
"Хочу заплатить, можешь мне помочь",payment_refund
где посылка,order_status
"Можете ли вы показать мне, когда прибудет мой товар?",delivery
"Мне нужна информация о следующих распродажах, как я могу ее получить",promo_loyalty
Как использовать ваше приложение,technical_issue
Можешь помочь мне сбросить мой пароль?,account
Нужна помощь в просмотре комиссии за снятие средств,order_status
"Я хотел бы узнать больше о часах работы вашего чертового магазина, я дам мне некоторую информацию.",general_info
"Я бы хотел воспользоваться твоим чертовым приложением, где мне это сделать?",technical_issue
"Я не понимаю, ты не мог бы помочь мне поговорить с чертовым человеком",other
приложение вылетает,technical_issue
"Мне нужно поговорить с чертовой службой поддержки, не могли бы мне помочь",general_info
"Мне нужна помощь, чтобы просмотреть историю покупок",account
"Мне нужна помощь, чтобы увидеть плату за отмену",order_status
Как искать магазин,general_info
"Я хотел бы проверить время доставки, мне нужна помощь",delivery
У вас есть бесплатный номер для связи со службой поддержки,general_info
"Мне нужно вернуть товар онлайн, могу ли я это сделать?",return_exchange
Как я могу поговорить с оператором,other
У меня новый адрес электронной почты. можешь отправить e-mail?,general_info
"Мобильное приложение не работает на моем mac, можно ли сообщить об этой чертовой проблеме?",technical_issue
"Я хочу возмещение, вы поможете мне его запросить?",return_exchange
"Могу ли я вернуть товар, купленный онлайн, в магазине",return_exchange
Исправление данных в про аккаунте,account
"Я хотел бы подать гребаную жалобу, где я могу это сделать?",other
"Моя посылка неполная, можете ли вы помочь мне сообщить о неполной доставке?",delivery
"Я хочу оплатить дебетовой картой, где я могу это сделать?",payment_refund
"Я звоню, чтобы узнать, когда придет моя статья",delivery
"Я не могу заставить сайт работать на своем компьютере, мне нужна помощь, чтобы сообщить о чертовой проблеме",technical_issue
"Я хотел бы использовать ваше приложение, мне нужна помощь",technical_issue
"Я хотел бы отправить комментарий о твоей компании, ох, я это сделаю",other
"Я не вижу наличия чертовых товаров в магазине, мне нужна помощь",product_info
"Нужно представить идеи по улучшению продукта, помогите мне",other
Изменить данные в стандартном аккаунте,account
Мне нужна помощь в загрузке счетов от джона.,payment_refund
"Продюсеры, пожалуйста.",product_info
"Мне нужно использовать платиновый профиль, могу ли я получить помощь?",account
Я хотел бы оставить комментарий о вашем бренде,other
"Мне нужно проверить статус моего заменяющего продукта, помогите мне.",order_status
Мне нужна помощь в переходе на платиновый аккаунт,account
"Мой пароль взломали, помогите мне восстановить его",account
как вернуть товар,return_exchange
"Мне нужно запросить возврат денег, мне нужна помощь",return_exchange
"Я купил товар, но он мне не нужен, я не могу отменить этот заказ",order_status
"Мне нравится информация о чертовом продукте, как я могу ее получить?",product_info
"Мне нужна информация о чертовой распродаже, где ее найти?",promo_loyalty
"Я купил товар, но выбрал не ту модель, могу ли я изменить онлайн-заказ",order_status
"Кто-то украл мой профиль, сбрось пароль",account
не грузится страница,technical_issue
"Я хочу использовать ваше мобильное приложение, где мне это сделать?",technical_issue
Мне нужна помощь в проверке наличия товара,product_info
"Мне нужна помощь, чтобы поговорить с живым агентом",other
"Я ищу информацию о зимних распродажах, как я могу ее получить?",promo_loyalty
"Я ищу информацию о чертовых распродажах, как мне ее найти",promo_loyalty
"Я бы хотел узнать о сроках доставки моего заказа, могу дать мне некоторую информацию.",delivery
этот товар оригинальный?,product_info
"Я ищу информацию о весенних распродажах, как мне ее найти?",promo_loyalty
"Я хочу оставить отзыв о продукте, где я могу это сделать?",other
"Мне нужна информация о твоих чертовых способах оплаты, где я могу ее получить",payment_refund
"Т. е. если вы хотите сообщить о неправильном продукте, это может мне помочь.",return_exchange
"Хочу узнать о продукте, могу найти некоторую информацию",product_info
"Я хотел бы найти магазины в моем районе, как это сделать?",general_info
как написать жалобу,general_info
У меня возникла проблема с настройкой нового адреса доставки.,delivery
"Помогите мне узнать, в какое время доступна служба поддержки клиентов",general_info
"Мне нужно оставить отзыв о продукте, где это сделать?",other
"Что мне нужно сделать, чтобы связаться с человеком?",other
Я хочу обменять товар в магазине,return_exchange
Мне нужно обменять товар в магазине.,return_exchange
"Я не могу создать пользователя, нужна помощь, сообщить о проблеме с регистрацией",account
Есть какие-нибудь новые письма от...?,general_info
Я не могу создать профиль пользователя. помогите сообщить о проблемах с регистрацией.,account
"Мой профиль взломали, как мне сбросить пароль?",account
не проходит оплата,payment_refund
подробнее о товаре,product_info
"Я ищу информацию о чертовых распродажах, как мне ее найти?",promo_loyalty
"Я хотел бы поговорить с агентом, могу ли я получить помощь?",other
"Я купил товар, но он мне не нужен, я хочу отменить заказ",order_status
"Помогите мне узнать, в какое время я могу обратиться в службу поддержки клиентов",general_info
хочу поговорить с оператором,other
"Мне нужно обновить свои личные данные, как я могу это сделать?",account
"Мне нужна информация о весенних распродажах, где я могу ее найти?",promo_loyalty
Нужна помощь с отменой покупки fgkk1p85,order_status
Найти информацию о распродажах,promo_loyalty
"Я бы хотел расплатиться чертовой картой, как мне это сделать?",payment_refund
Куда мне сообщить о проблемах с регистрацией,account
"Мне нужно создать учетную запись пользователя, мне нужна помощь",account
"Я не знаю, как мне исправить адрес доставки",delivery
Помогите оставить отзыв о вашей продукции,product_info
"Как узнать, в какое время я могу позвонить в службу поддержки клиентов",general_info
где вы находитесь,general_info
"Хочу узнать больше о времени доставки, найдите некоторую информацию",delivery
Я не хочу использовать твое приложение,technical_issue
Во сколько поезд отправляется в айову?,delivery
"Мне нужна информация о чертовой распродаже, где я могу ее получить?",promo_loyalty
Как посмотреть наличие товара онлайн?,product_info
есть ли офис,general_info
"Хочу обменять купленный товар, помогите мне",return_exchange
дайте трек номер,order_status
Удалить премиум-аккаунт,account
"Мне нужна информация о следующих чертовых распродажах, как мне ее найти?",promo_loyalty
"Посмотри, что это слово значит.",general_info
"Я хотел бы отправить долбанную идею, как сделать продукт лучше, где я могу это сделать?",other
"Хочу подтвердить наличие товара в магазине, могу ли я получить помощь",product_info
промокод не применяется,promo_loyalty
"Моего пользователя украли, могу ли я восстановить свой пароль?",account
есть в другом цвете?,product_info
Я пытаюсь подать жалобу от клиента,other
"Хочу узнать о вашей политике возмещения расходов, как мне получить дополнительную информацию",payment_refund
Пришлите мне счет №00108,payment_refund
Мне нужно получить возмещение моих денег,payment_refund
распродажа,promo_loyalty
Я хочу информацию о продажах,promo_loyalty
Я ищу свою чертову историю покупок. не могли бы вы мне помочь ее найти?,account
Перечислить стоимость акций этой компании,product_info
Когда откроется твой магазин,general_info
"Я хочу купить 1r0yljzh, вы можете мне помочь?",order_status
пришлите квитанцию,payment_refund
"Мне нужно указать адрес доставки, как мне это сделать?",delivery
"Мне нужно воспользоваться вашим мобильным приложением, где я могу это сделать?",technical_issue
"Я ищу информацию о будущих распродажах, где я могу ее найти?",promo_loyalty
"Мне нужно проверить наличие товара, как мне это сделать?",product_info
"Один из предметов в моей посылке поврежден, помогите мне сообщить об этом",return_exchange
Мне нужна помощь в проверке разрешенных способов оплаты,payment_refund
Помогите мне удалить товар из заказа a39tahvv,order_status
"Мне нужна помощь, чтобы сообщить о чертовых проблемах с оплатой",payment_refund
Отправиться в nsdl и искать цены,product_info
"Мне нужна помощь, чтобы узнать, где моя доставка.",order_status
Я не могу поменять купленный продукт lkcebl56,order_status
Мне нужно найти покупку pn2mefqy помогите мне,order_status
"Мне нужно поговорить с агентом, мог бы мне помочь",other
"У меня чертовски жалоба на твой бренд, могу ли я ее отправить?",other
"Помогите мне вернуть товар, который я купил в магазине онлайн",return_exchange
спасибо за помощь,other
Мне нужна помощь в отправке идей для продукта,other
"Мне нужна информация о чертовых продуктах, как я могу ее получить?",product_info
"Мне нужна информация о чертовых распродажах, где я могу ее получить?",promo_loyalty
Помоги мне проверить часы работы твоего чертового магазина,general_info
сколько у меня бонусов,promo_loyalty
Могу ли я использовать твое мобильное приложение?,technical_issue
хочу отменить заказ,order_status
Где я могу настроить дополнительный адрес доставки,delivery
"Я хочу вернуть товар, купленный онлайн, в магазин, как я могу это сделать?",return_exchange
Какая почта службы поддержки клиентов,general_info
"Я хотел бы отменить онлайн-заказ, можете ли вы мне помочь?",order_status
"Мне нужна информация о чертовых распродажах, где я могу ее найти?",promo_loyalty
"Помогите узнать, в какие часы доступна служба поддержки клиентов",general_info
"Мне нужно поговорить с чертовым человеком, где я могу это сделать",other
"Продукт, который я получил, был раздавлен. не могли бы вы помочь мне сообщить об этом?",return_exchange
возврат товара,return_exchange
Не могли бы вы помочь мне подтвердить наличие этого чертового товара в интернете?,product_info
Как связаться со службой поддержки клиентов?,general_info
"Я хотел представить идеи, где мне это сделать?",other
"Нужно использовать ваше приложение, где это сделать",technical_issue
"Я не знаю, что мне нужно сделать, чтобы купить товар",order_status
"Мне нужно потребовать возврат средств, как это сделать",return_exchange
Я пытаюсь проверить твою чертову гарантию возврата денег.,payment_refund
"Я не знаю, как мне сообщить о чертовых проблемах с платежами",payment_refund
корзина пустая,technical_issue
Можно ли увидеть статус покупки lxev1o0n?,order_status
"Я потерял ключ доступа к своему профилю пользователя, помогите его восстановить.",account
Есть какие-нибудь новые письма?,general_info
"Я хочу поговорить с человеком, как мне это сделать?",other
"Я разместил заказ, помогите мне отменить его",order_status
"Я не получил посылку, мне нужна помощь, чтобы сообщить о проблеме с доставкой",delivery
Я должен подать иск против твоего бизнеса,other
Мне нужна помощь в проверке платы за досрочное прекращение,order_status
сколько ждать заказ,order_status
"Я хотел бы узнать больше о чертовых зимних распродажах, мог бы дать мне некоторую информацию",promo_loyalty
"Хочу использовать твое приложение, могу ли я получить помощь",technical_issue
Как перейти на платиновый аккаунт,account
Какова цена для марвела?,product_info
Могу ли я проверить наличие чертовых товаров онлайн?,product_info
"Приложение не работает на моем устройстве, помогите мне сообщить о проблеме",technical_issue
"Мне нужно отправить отзыв о твоем бренде, где я могу это сделать",other
Помогите поговорить со службой поддержки клиентов,general_info
"Я хотел бы узнать больше о чертовой распродаже, можете ли вы дать мне некоторую информацию?",promo_loyalty
"Мне нужна помощь, чтобы вернуть товар онлайн",return_exchange
"Мне нужна помощь, чтобы узнать, в какое время я могу позвонить в службу поддержки клиентов",general_info
какие акции,promo_loyalty
"Мне нужна помощь, чтобы узнать, как скоро я смогу получить свой продукт",delivery
"Продукт, который я заказал, неправильный, помогите мне сообщить об этом",return_exchange
"Я хочу сообщить о чертовой технической проблеме, где я могу это сделать?",technical_issue
"Я ищу информацию о чертовых весенних распродажах, как мне ее найти?",promo_loyalty
"Мне нужно проверить, где находится моя посылка, где я могу это сделать?",order_status
"Кто-то взломал моего пользователя, помогите мне восстановить пароль",account
Мне нужно поменять артикул заказа ts30v8iu,order_status
"Мне нужно отправить отзыв, мне нужна помощь",other
Я хочу узнать больше о весенних распродажах. можете ли вы дать мне некоторую информацию?,promo_loyalty
Помоги мне пообщаться с кем-нибудь,other
Нужна помощь с просьбой вернуть деньги,payment_refund
Можно ли использовать ваше мобильное приложение,technical_issue
сколько стоит,product_info
"Мне нужна информация о зимних распродажах, где я могу ее получить",promo_loyalty
"Веб-сайт не работает на моем устройстве, мне нужна помощь, чтобы сообщить об ошибке",technical_issue
"Мне нужно закрыть мой аккаунт, могу ли я это сделать",account
соедините с человеком,other
Помогите мне увидеть плату за досрочный выход,order_status
Нужна помощь в получении вызова #12588,payment_refund
"У меня ошибка в моей учетной записи пользователя, как я могу ее обновить?",account
- какова применимая плата за пересчет валют.,payment_refund
Во сколько поезд покидает филадельфию?,delivery
"Хочу воспользоваться твоим чертовым мобильным приложением, могу ли я получить помощь?",technical_issue
Могу ли я увидеть вашу политику возмещения?,payment_refund
"Мне нужно увидеть чертову стоимость доставки, где мне это сделать?",delivery
"Я хотел бы узнать о вашей чертовой политике возврата, где я могу получить дополнительную информацию",return_exchange
Мне нужно указать новый адрес доставки,delivery
Как я могу вернуть некоторые товары вне срока возврата?,return_exchange
Я пытаюсь найти информацию о часах работы твоего чертового магазина.,general_info
"Я хотел бы подать чертову жалобу на твой бренд, помоги мне.",other
"Сайт не работает на моем мобильном телефоне, могу ли я сообщить о проблеме",technical_issue
"Сайт не работает на моем телефоне, как сообщить о проблеме",technical_issue
Можете ли вы помочь мне составить претензию клиента?,other
Я ищу информацию о следующих распродажах. могу ли я получить помощь?,promo_loyalty
"Мне нужно посмотреть, в каких случаях я могу потребовать вернуть свои деньги",payment_refund
Могу дать мне информацию о весенних распродажах,promo_loyalty
"Я купил товар, но выбрал не ту модель, хочу изменить свой заказ",order_status
Мне нужна помощь в обмене чертовой вещи в магазине.,return_exchange
"Где я могу увидеть, когда придет моя посылка?",delivery
когда будет распродажа,promo_loyalty
не открывается сайт,technical_issue
Мне нужно уведомлять об ошибках при регистрации,account
Мне нужно подтвердить наличие товаров в магазине. могу ли я получить помощь?,product_info
"Мне нужно вернуть товар онлайн, где я могу это сделать?",return_exchange
"Я хочу вернуть товар, купленный онлайн, в магазин, как мне это сделать?",return_exchange
"Я купил товар, но он мне не нужен, как мне отменить заказ?",order_status
Помогите мне подать потребительский иск,other
"Я не знаю, что мне нужно сделать, чтобы поговорить с ассистентом",other
"Я хотел бы найти свою посылку, могу ли я получить помощь?",order_status
"Мне нужна помощь, чтобы поговорить с агентом-человеком",other
Мне не приходили письма за последние 5 часов?,general_info
хочу удалить аккаунт,account
"Мне нужно увидеть чертову дату доставки моей покупки, мне нужна помощь.",delivery
"Приложение не работает, мне нужна помощь, чтобы сообщить о проблеме",technical_issue
"Я ищу информацию о чертовых распродажах, где я могу ее найти?",promo_loyalty
"Я заказал чертову вещь, но не получил счет, помогите мне ее скачать.",payment_refund
Могу ли я купить через ваш сайт,technical_issue
"Мне нужно увидеть дату покупки, как я могу это сделать",delivery
"Мне нужно посмотреть, сколько времени потребуется, чтобы доставить мою посылку",delivery
"Я ищу информацию о чертовых зимних распродажах, как мне ее найти?",promo_loyalty
"Кто-то взломал мой профиль, помогите мне сбросить мой пароль",account
"Мне придется удалить свой аккаунт, где я это делаю",account
"Мне нужно воспользоваться твоим чертовым мобильным приложением, где мне это сделать?",technical_issue
"Мне нужно обменять товар, который я купил онлайн, в магазине. как это сделать?",return_exchange
Веб-сайт не работает на моем мобильном телефоне. можете ли вы помочь мне сообщить об ошибке?,technical_issue
отличие моделей,product_info
"Мне нужно проверить наличие какого-то товара в магазине, это может мне помочь.",product_info
"Я не могу заставить сайт работать, нет моего мобильного телефона, не могли бы вы помочь мне сообщить о проблеме?",technical_issue
"Я хочу обменять товар, где я могу это сделать?",return_exchange
Я хочу увидеть стоимость рассылки,delivery
Проблемы с настройкой адреса доставки,delivery
Мне нужно проверить процесс возврата средств. могу ли я получить помощь?,payment_refund
"Мне нужно узнать часы работы вашего магазина, помогите мне.",general_info
Мне нужна помощь в написании отзыва о продукте,product_info
"Мне нужна информация о продукте, как я могу ее получить?",product_info
"Сайт не работает на моем планшете, помогите, сообщите об ошибке",technical_issue
Помогите заказать несколько товаров,order_status
"Мне нужно вытащить вещи из тележки, где это сделать",product_info
"Я хотел бы поговорить с чертовым агентом-человеком, могу ли я получить помощь?",other
Мне нужно отследить возврат средств,payment_refund
Можешь помочь мне купить кое-какие товары?,order_status
"Я не знаю, как мне создать учетную запись titanium.",account
Найти информацию о чертовых весенних распродажах,promo_loyalty
уже неделю жду заказ,order_status
"Мне нужно посмотреть наличие какого-то гребаного товара в интернете, помогите мне",product_info
Мне нужна помощь в отмене премиум-аккаунта,account
Не могли бы вы дать мне информацию о следующих продажах?,promo_loyalty
Нужна помощь в подаче потребительского иска против вашей организации,other
"Нужно сообщить о чертовых дефектах в товаре, который я купил, как это сделать",product_info
"Мне нужно увидеть стоимость пересылки, как мне это сделать",delivery
Как я могу скачать твое приложение,technical_issue
Я бы хотел вернуть товар онлайн,return_exchange
Я хотел бы получить информацию о получении ключа доступа,account
Отменить подписку на рассылку,account
Можно ли сбросить ключ моей учетной записи?,account
"Я ищу информацию о сроках доставки моего заказа, как я могу ее получить?",delivery
Произошла ошибка при настройке адреса доставки,delivery
"Мобильное приложение не работает на моем компьютере, не могли бы вы помочь мне сообщить об ошибке?",technical_issue
"Моя посылка была отправлена ​​не на тот адрес, я должен сообщить о чертовых проблемах с доставкой",delivery
"Я ищу информацию о следующих распродажах, как я могу ее получить",promo_loyalty
"Хочу сообщить о проблемах в купленном мной продукте, нужно ли мне это сделать",product_info
"Я не знаю, что мне нужно сделать, чтобы поговорить с живым агентом",other
Мне нужна информация о чертовых зимних аслях.,promo_loyalty
"Сайт не работает на моем компьютере, я хотел бы сообщить о проблеме",technical_issue
"Я ищу информацию о зимних распродажах, может мне поможет",promo_loyalty
доставка в Москву,delivery
"Мне нужно использовать профиль platinum, как это сделать?",account
Приложение не работает на моем mac. не могли бы вы помочь мне сообщить о проблеме?,technical_issue
"Помощь в проверке, ох скоро могу ли я ожидать товар",delivery
Помогите мне купить несколько продуктов,order_status
В наши дни старбак много чего делает?,product_info
Я хочу сообщить об ошибках в купленном мной продукте. где я могу это сделать?,product_info
Информация об отмене подписки на рассылку новостей,account
"Продукт, который я получил, был раздавлен, мог бы сообщить об этом",return_exchange
"Мне нужно вернуть деньги, как мне это сделать?",return_exchange
Сколько стоит 1 евро в рупиях.,payment_refund
бонусные баллы,promo_loyalty
Я пытаюсь найти информацию о чертовых распродажах.,promo_loyalty
Проверь почту за последние 12 часов,general_info
"Ищу информацию о чертовых весенних распродажах, помогите.",promo_loyalty
"Моя посылка неполная, мне нужна помощь, чтобы сообщить о неполной поставке",delivery
"Хочу изменить свой онлайн-заказ перед использованием, могу ли я это сделать",order_status
"Я не знаю, что мне нужно сделать, чтобы совершить покупку",order_status
Я хочу сообщить о технической проблеме с приложением. мне нужна помощь.,technical_issue
Мне нужна помощь в обмене этого чертового товара,return_exchange
"Мне нужно найти магазин, как мне это сделать?",general_info
"Мне нужно удалить свой аккаунт, где это сделать?",account
У меня вопрос по поводу удаления моего премиум-аккаунта,account
"Я не могу заставить приложение работать на своем компьютере, могу ли я сообщить о проблеме",technical_issue
"Мне нужно отправить отзыв, чтобы сделать это",other
Есть что-нибудь по электронной почте за последний час?,general_info
"Мне нужно узнать чертову стоимость пересылки, можешь мне помочь?",delivery
"Хочу открыть чертову учетную запись пользователя, где я могу это сделать",account
не могу оплатить,payment_refund
Можешь помочь мне использовать платиновый профиль,account
изменить данные профиля,account
Помогите мне увидеть статус моей подписки на рассылку новостей,account
Помоги мне посмотреть часы работы твоего чертового магазина,general_info
"Хочу удалить вещи из корзины, мне нужна помощь",product_info
Могу ли я поговорить со службой поддержки клиентов,general_info
"Я хочу обменять купленные мной товары, могу ли я получить помощь?",return_exchange
"Я хотел бы вернуть товар, купленный онлайн, в магазин. можете ли вы мне помочь?",return_exchange
Где я могу купить несколько продуктов?,order_status
"Как я могу увидеть, сколько времени занимает доставка?",delivery
"Хочу изменить свои личные данные, мне нужна помощь",account
"Я ищу информацию о чертовых весенних распродажах, мне нужна помощь.",promo_loyalty
"Я хотел бы поговорить со службой поддержки, где это сделать",general_info
"Мне нужна информация о чертовых распродажах, как ее найти?",promo_loyalty
У меня возникла проблема с попыткой исправить мой адрес,delivery
Возможен ли обмен товара в магазине,return_exchange
"Мобильное приложение не работает, мне нужно попросить сообщить об этой чертовой ошибке",technical_issue
"Я хотел бы знать маршрут, по которому поезд отправится в майами.",delivery
Могу ли я получить список акций олы и uber?,product_info
"Я не использую свою премиум-аккаунт, мне нужна помощь в ее удалении",account
Где я могу заказать статью,order_status
статус заказа,order_status
Проверка счетов от джона,payment_refund
"Мне нужна помощь, чтобы поговорить с чертовой службой поддержки клиентов",general_info
как войти в аккаунт,account
"Мне нужно проверить твою чертову политику возврата, как я могу это сделать",return_exchange
сроки возврата,return_exchange
Я хотел бы сообщить о дефектах заказанного товара. можете ли вы мне помочь?,product_info
Изменить профессиональный аккаунт,account
"Помощь, чтобы узнать, в каких ситуациях я могу запросить возврат средств",payment_refund
"Я не знаю, что мне нужно сделать, чтобы пообщаться с оператором",other
"Нужно удалить товар из корзины, где я могу это сделать",product_info
"Мне нужно посмотреть часы работы твоего чертового магазина, как мне это сделать?",general_info
"Моя доставка не завершена, мне нужна помощь, чтобы сообщить о чертовой неполноте заказа",delivery
Где заказать несколько статей?,order_status
"Я хотел бы использовать ваше приложение, могу ли я получить помощь",technical_issue
"Я хочу вернуть товары онлайн, мне нужна помощь",return_exchange
"Мне нужно обновить свой заказ перед использованием, это мне поможет",order_status
"Какие вещи, которые я получил, неправильные, вы поможете мне сообщить о них?",return_exchange
"Я хочу обменять товар в магазине, вы мне поможете?",return_exchange
Могу ли я ввести свой дополнительный адрес доставки?,delivery
