text,category
"Мне нужна помощь, чтобы найти заказ dbdmu6f5.",order_status
"Мне нужно отправить отзыв, мне нужна помощь",other
Открыть фримиум-аккаунт,account
"Мне нужно отследить свою посылку, как я могу это сделать?",order_status
"Мобильное приложение не работает на моем mac, можно ли сообщить об этой чертовой проблеме?",technical_issue
"У меня есть отзыв о вашей компании, помогите мне отправить его",other
Я пытаюсь поговорить с агентом,other
"Мне нужно отправить идею, могу ли я получить помощь?",other
"Эхо, я получал письма от матери?",general_info
"Мне нужна информация о часах ваших покупок, как я могу ее получить?",general_info
"Один из продуктов неправильный, можно ли об этом сообщить?",return_exchange
Я ищу информацию о чертовых распродажах.,promo_loyalty
"Мне нужно удалить товар из корзины, могу ли я получить помощь?",product_info
"Мне нужна помощь, чтобы получить счет от джона",payment_refund
"Моя поставка неполная, можете ли вы помочь мне сообщить о неполной поставке?",delivery
Могу ли я поменять iem заказа vxymbrvv,order_status
"Помогите мне узнать, в какое время я могу обратиться в службу поддержки клиентов",general_info
Мне нужна помощь в извлечении чертовых товаров из корзины,product_info
Как бы мне заказать несколько статей,order_status
"Мне нужно проверить статус моего заменяющего продукта, помогите мне.",order_status
"Я хочу увидеть наличие товара, мне нужна помощь",product_info
Могу ли я получить список акций олы и uber?,product_info
Подать счет №37777,payment_refund
"Я хочу узнать больше о чертовых распродажах, можешь ли ты найти какую-нибудь информацию?",promo_loyalty
"Мне бы хотелось узнать больше о следующих распродажах, найти некоторую информацию",promo_loyalty
Как я могу использовать ваше приложение?,technical_issue
Мне нужно указать дополнительный адрес доставки.,delivery
"Я хотел бы отправить товар обратно, где я могу это сделать",return_exchange
Помощь в составлении иска,other
"Мне нужно обменять в магазине чертову вещь, купленную в интернете, как я могу это сделать?",return_exchange
"Я хотел бы найти ближайший магазин, не могли бы вы мне помочь?",general_info
"Моя дебетовая карта была отклонена, мне нужна помощь, чтобы сообщить о проблеме с оплатой",payment_refund
"Нужна помощь, оставив отзыв об услуге",product_info
"Я не могу заставить сайт работать, мне нужно сообщить об ошибке",technical_issue
Мне нужна помощь в обмене этого чертового товара,return_exchange
"Мой пароль взломали, помогите мне восстановить его",account
Мне нужна помощь в подаче жалобы клиента,other
"Хочу помочь проверить, есть ли какие-либо новости о моем возврате средств",payment_refund
"Я хотел бы вернуть товары из интернета, мне нужна помощь",return_exchange
"Я купил товар, но выбрал неправильный размер. как я могу изменить свой онлайн-заказ?",order_status
Найди смысл обещания.,general_info
Помогите мне добавить несколько товаров в заказ usi3d4j7,order_status
"Я хочу использовать ваше мобильное приложение, как мне это сделать?",technical_issue
"Я хотел бы отправить идею продукта, вы мне поможете?",other
"Я пытаюсь узнать, в какие часы я могу связаться со службой поддержки клиентов",general_info
"Я хотел бы закрыть свою учетную запись, могу ли я получить помощь?",account
Как искать магазин,general_info
"Мне нужно обменять товар в магазине, вы мне поможете?",return_exchange
"Этот сайт не работает на моем mac, помогите мне сообщить о проблеме",technical_issue
Где я могу заработать несколько статей?,order_status
"Я не могу заставить сайт работать на своем компьютере, мне нужна помощь, чтобы сообщить о чертовой проблеме",technical_issue
"Я ищу информацию о выставке, могу ли я ее получить?",promo_loyalty
"Один из заказанных мной товаров был чертовски поврежден при доставке, сообщите об этом",return_exchange
Я ожидаю возмещения 10 долларов,payment_refund
"Я отправил часть товаров обратно, но не получил замену, как отследить статус обмена?",order_status
"Я заказал некоторые товары, как отменить покупку охфтрзад?",order_status
"Я не могу заставить сайт работать на моем mac, мне нужно сообщить об ошибке",technical_issue
Помощь в разговоре со службой поддержки клиентов,general_info
Каков рост стоимости акций за последнюю неделю дисней?,product_info
"Мне нужно проверить, в какое время я могу обратиться в службу поддержки клиентов",general_info
"Мне не нужен мой профиль, мне нужна помощь, чтобы удалить его",account
"Предмет, который я получил, был сломан, как я мог об этом сообщить?",return_exchange
Мне нужно отменить заказ,order_status
Мне нужна информация о продажах,promo_loyalty
Отменить подписку на рассылку,account
"Мне нужна помощь в обмене товара, который я купил онлайн в магазине.",return_exchange
Сколько евро стоит по сравнению с долларом?,payment_refund
Жду блин возврата 10$,payment_refund
"Мне нужно потребовать вернуть деньги, как я мог это сделать",return_exchange
"Я заказал товар, но не получил счет. можете ли вы мне помочь его получить?",payment_refund
"Мне нужна помощь, чтобы поговорить с кем-то",other
"Некоторые предметы чертовски повреждены, как мне сообщить о них?",return_exchange
"Товары, которые я заказал, неверны. не могли бы вы помочь мне сообщить о них?",return_exchange
"Я бы хотел воспользоваться твоим чертовым приложением, где я могу это сделать?",technical_issue
Мне нужна помощь в определении даты доставки моей покупки,delivery
"Мне нужен аккаунт, где его создать",account
Изменение данных на платиновом аккаунте,account
"Мои личные данные неверны, мне нужна помощь в их изменении",account
Как обменять купленные мной товары?,return_exchange
"Мне нужна поддержка, чтобы обновить адрес доставки",delivery
Мне нужно просмотреть историю покупок. как я могу это сделать?,account
"Мне нужна информация об этих чертовых зимних распродажах, где ее можно найти?",promo_loyalty
Я бы не хотел требовать возврата денег. не могли бы вы мне помочь?,return_exchange
[валюта: доллары сша] к евро,payment_refund
"Нужно отправить этот товар обратно, где я могу это сделать",return_exchange
Где я могу вернуть заказ онлайн,return_exchange
Стоимостная цена gss energy ( &lt; &lt; энергетика &gt; &gt; ),product_info
Я хотел бы оплатить дебетовой картой,payment_refund
Не могу уведомить об ошибках при регистрации,account
Я пытаюсь найти информацию о чертовых распродажах,promo_loyalty
Я пытаюсь поговорить с кем-то,other
"Мне нужна помощь, чтобы узнать, есть ли какие-либо новости о моем возмещении",payment_refund
"Товар в моей посылке неправильный, сообщите об этом",return_exchange
"Маневры, связанные с дорожной скоростью",delivery
"Поезд в 5 вечера в среду до роквилла, вы вовремя?",delivery
"Я ищу информацию о чертовых распродажах, где я могу ее найти?",promo_loyalty
"Мне бы хотелось получить информацию о следующих распродажах, как мне ее найти?",promo_loyalty
"Я ищу информацию о распродажах, мне нужна помощь",promo_loyalty
"Я хочу купить 1r0yljzh, вы можете мне помочь?",order_status
Проблемы с вводом нового адреса доставки,delivery
"Я не получил все, что купил, помогите мне сообщить о пропаже товара",delivery
"Мне нужна информация о чертовом статусе моей замены, где я могу ее найти?",order_status
Сколько стоит фунт в долл. сша?,payment_refund
"Мне нужно воспользоваться вашим мобильным приложением, где я могу это сделать?",technical_issue
Можно ли оставить отзыв о вашей компании?,product_info
Помогите мне оставить отзыв о ваших услугах,product_info
Мне нужно использовать твое приложение,technical_issue
"Я не могу заставить приложение работать на своем компьютере, мне нужно сообщить об ошибке",technical_issue
Я хотел бы узнать больше о ваших часах работы. вы найдете какую-нибудь информацию?,general_info
"Я ищу информацию о чертовых распродажах, может мне поможет",promo_loyalty
Как пользоваться твоим мобильным приложением,technical_issue
"Я хочу отменить онлайн-заказ, вы можете мне помочь?",order_status
"Мне нужна информация о стоимости доставки, как я могу ее получить?",delivery
"Приложение не работает на моем устройстве, как мне повторить проблему?",technical_issue
"Помощь, чтобы увидеть расчетное время покупки 01liox55",order_status
"Мне нужно отменить заказ, как я могу это сделать?",order_status
"Я хотел бы заплатить чертовой картой, мне нужна помощь",payment_refund
"Мне бы хотелось найти магазины поблизости, мне нужна помощь",general_info
"Мобильное приложение не работает на моем компьютере, можете ли вы помочь мне сообщить о проблеме?",technical_issue
Нужна помощь в просмотре комиссии за снятие средств,order_status
"Я не знаю, что делать, чтобы перейти на платиновый аккаунт",account
Можете ли вы помочь мне увидеть принятые вами способы оплаты?,payment_refund
Какова цена для марвела?,product_info
"Мне нужно обновить свои личные данные, помогите мне.",account
"Не мог бы ты помочь мне обменять некоторые вещи, которые я купил?",return_exchange
Какова цена googl сегодня,product_info
Можете ли вы помочь мне восстановить pin-код моей учетной записи?,account
"Я хотел бы найти магазины в моем районе, как это сделать?",general_info
Не могли бы вы помочь мне проверить наличие этого чертового товара онлайн?,product_info
Мне нужно обменять товар,return_exchange
"Помощь, чтобы узнать, в каких ситуациях я могу запросить возврат средств",payment_refund
"Мне нужна помощь, разговариваю с кем-то",other
"Мне нужна информация о времени доставки, как я могу ее найти?",delivery
Нужно обменять товар в магазине как это сделать,return_exchange
"Где посмотреть, в какие часы я могу связаться со службой поддержки?",general_info
"Мне нужно поговорить со службой поддержки, могу ли я получить помощь",general_info
Мне хотелось бы узнать о твоих чертовых часах работы. как мне найти дополнительную информацию?,general_info
Мне нужна помощь в разговоре с чертовой службой поддержки клиентов.,general_info
Я хочу знать о часах работы твоего чертового магазина. ты дашь мне некоторую информацию?,general_info
"Мне нужно обновить свою чертову учетную запись, как это сделать?",account
Дайте мне информацию о чертовых распродажах,promo_loyalty
"Мне не нужна моя учетная запись, я бы хотел ее удалить",account
"Приложение не работает на моем компьютере, мне нужно сообщить о проблеме",technical_issue
"Я не знаю, как сообщить о проблеме с регистрацией",account
"Я купил товар, но выбрал не ту модель, хочу изменить заказ.",order_status
"Я купил товар, но выбрал неправильный размер. я хочу обновить свой онлайн-заказ.",order_status
"Я не знаю, что мне нужно сделать, чтобы купить товар",order_status
"Помогите мне узнать, в какие часы я могу связаться со службой поддержки клиентов",general_info
Мне нужно найти заказ bqqfysqj,order_status
Открытие нового аккаунта titanium,account
"Мне не нужна моя учетная запись, можно отменить ее",account
"Мне не хватает некоторых продуктов, которые я купил, мне нужна помощь, чтобы сообщить о них",delivery
Показать стоимость акций гуга,product_info
"Сайт не работает на моем устройстве, мне нужна помощь, чтобы сообщить о чертовой проблеме",technical_issue
"Я ищу информацию о зимних распродажах, как я могу ее получить?",promo_loyalty
"Я тебя не понимаю, помоги мне поговорить с кем-нибудь",other
"Мне нужно вернуть чертову вещь онлайн, ты можешь мне помочь?",return_exchange
"Я хочу узнать дату доставки, вы дадите мне некоторую информацию?",delivery
"Хочу открыть аккаунт, как это сделать",account
"Мне нужен счет, я хочу его найти.",payment_refund
"Хочу узнать о вашей политике возмещения расходов, как мне получить дополнительную информацию",payment_refund
"Мне нужно вернуть деньги, как мне это сделать?",return_exchange
"Мне нужно вернуть товар, который я купил в магазине, где я могу это сделать",return_exchange
"Я хотел бы сообщить о проблеме с купленным мной продуктом, мне нужна помощь",product_info
"Мне нужно удалить товары из корзины, могу ли я получить помощь?",product_info
"См. статус покупки lywi6xyr, черт возьми",order_status
"Я ищу информацию о весенних распродажах, где я могу ее получить?",promo_loyalty
"Я хотел бы найти магазины поблизости, мне нужна помощь",general_info
Можете ли вы помочь мне отписаться от новостной рассылки?,account
"Я хотел бы узнать больше о чертовой распродаже, найти некоторую информацию",promo_loyalty
Каковы цены на акции,product_info
"Я не знаю, как мне сбросить ключ доступа",account
Я хотел бы сообщить о проблеме с приобретенным мной продуктом. могу ли я получить помощь?,product_info
"Мне пришлось расплатиться чертовой дебетовой картой, где я мог это сделать?",payment_refund
Дайте мне информацию об открытии счета в titanium,account
Мне нужна помощь в обмене купленных мной товаров,return_exchange
"Нужно отправить предложение по улучшению продукта, как я могу это сделать",other
Я хотел бы узнать о вашей чертовой политике возврата денег. можете ли вы найти какую-нибудь информацию?,payment_refund
"Ищу информацию о распродаже, где ее можно получить",promo_loyalty
Где я могу увидеть предварительную плату за выход,order_status
Есть какие-нибудь новые письма от...?,general_info
"Что мне нужно сделать, чтобы использовать учетную запись platinum",account
"Мне нужна информация о весенних распродажах, где я могу ее получить?",promo_loyalty
"Я купил товар, но выбрал неправильный размер, как изменить мой онлайн-заказ?",order_status
"Мне нужна помощь, чтобы добавить товар в корзину.",product_info
Мне нужна помощь в общении с кем-то,other
Есть какие-нибудь новые письма?,general_info
"Я забыл ключ своего профиля, помогите мне его восстановить.",account
Как я могу найти информацию о товаре в магазине,return_exchange
"Хочу изменить свои личные данные, мне нужна помощь",account
"Мне нужно оставить отзыв о продукте, где это сделать?",other
"Кто-то взломал мой профиль, мне нужна помощь, чтобы восстановить пароль",account
Подача иска против вашего бизнеса,other
"Я не могу заставить сайт работать на своем компьютере, как я могу сообщить об ошибке",technical_issue
"Я хотел бы подтвердить наличие продуктов онлайн, мне нужна помощь",product_info
"Что мне нужно сделать, чтобы отменить покупку paolfjt6?",order_status
Мне нужно сообщить о проблемах с доставкой моего груза. где я могу это сделать?,delivery
Мне нужна помощь в проверке платы за досрочное прекращение,order_status
"Сайт не работает на моем mac, мне нужно сообщить об ошибке",technical_issue
Я не могу заставить приложение работать на моем компьютере сообщить о чертовой проблеме,technical_issue
"Мне нужно вытащить вещи из тележки, где это сделать",product_info
"Продукт, который я получил, был раздавлен, мог бы сообщить об этом",return_exchange
Могу ли я проверить наличие чертовых товаров онлайн?,product_info
"Я хотел бы сообщить о проблеме с приложением, помогите мне.",technical_issue
"Мне нужно оставить отзыв, где это сделать?",other
Я хотел бы узнать больше о чертовых распродажах.,promo_loyalty
"Мне придется удалить свой аккаунт, где я это делаю",account
"Мне нужно проверить, в каких случаях я могу запросить возврат средств",payment_refund
"Приложение не работает на моем мобильном телефоне, можете ли вы помочь мне сообщить об ошибке?",technical_issue
"Где я могу посмотреть, какие способы доставки доступны?",delivery
"Я хотел бы отследить свой возврат, надеюсь, смогу ли я это сделать?",payment_refund
Помогите удалить некоторые товары из покупки ezgn9lrn,order_status
"Моя посылка была отправлена ​​не на тот адрес, мне нужна помощь, чтобы сообщить о проблемах с доставкой",delivery
"Что мне нужно сделать, чтобы восстановить ключ доступа к моему профилю пользователя",account
Где я мог бы получить информацию о чертовых распродажах?,promo_loyalty
Я хочу предъявить претензию клиенту,other
Мне нужна помощь в проверке штрафа за увольнение,order_status
"Есть адрес, где можно оставить отзыв?",product_info
"Я совершил покупку, но не получил счет, как мне его скачать",payment_refund
"Мне нужно проверить наличие товара, как это сделать?",product_info
"Мне нужно поискать ближайший магазин, как мне это сделать",general_info
"Моя доставка была задержана, мне нужна помощь, чтобы сообщить о проблемах с доставкой",delivery
"Я хотел бы предложить идеи по улучшению продукта, где мне это сделать?",other
Где мне ввести свой дополнительный адрес доставки?,delivery
"Мне нужно найти магазины в моем районе, вы можете мне помочь?",general_info
"Я не знаю, как мне исправить адрес доставки",delivery
"Я не знаю, что мне нужно сделать, чтобы заказать некоторые статьи.",order_status
"Мне нужно подать чертову жалобу на твою компанию, как это сделать",other
"Мой аккаунт украли, я бы хотел восстановить свой пароль",account
"Я купил товар, но он мне не нужен, как мне отменить этот заказ",order_status
"Мне бы хотелось увидеть статус моего возмещения, где это сделать",payment_refund
"Помогите мне понять, при каких обстоятельствах я могу запросить возврат средств",payment_refund
Возникли проблемы с отменой покупки doy97f3p,order_status
Каков обменный курс на английский фунт и наши доллары?,payment_refund
"Мне нужно добавить товары в корзину, могу ли я получить помощь?",product_info
"Мне нужна информация о статусе моего обмена, как я могу ее найти",order_status
Можете ли вы помочь мне потребовать возмещения денег?,payment_refund
"Хочу узнать больше о твоем чертовом процессе возврата, могу найти некоторую информацию",return_exchange
"Я хочу оставить отзыв о вашей компании, могу ли я получить некоторую помощь?",other
Оставить отзыв об услуге,product_info
"Я бы хотел использовать ваше приложение, мы поможем мне",technical_issue
"Мне нужно узнать чертову стоимость пересылки, можешь мне помочь?",delivery
"Я ищу информацию о распродажах, как мне ее найти?",promo_loyalty
Мне нужна помощь в загрузке счета № 12588.,payment_refund
"Я хочу проверить ваши часы работы, помогите мне.",general_info
"Я хочу использовать ваше мобильное приложение, где мне это сделать?",technical_issue
"Хочу узнать о часах работы вашего магазина, где я могу найти дополнительную информацию",general_info
Мне нужно отправить ответ шарлотте.,general_info
"Я бы хотел проверить, где моя посылка, как это сделать",order_status
"Какова цена ""форд сток""?",product_info
Мне нужна помощь в редактировании моей учетной записи,account
"Я не могу заставить сайт работать на своем компьютере, мне нужна помощь, чтобы сообщить об ошибке",technical_issue
"Мне нравится информация о часах работы вашего магазина, где я могу ее получить",general_info
"Мне нужно указать адрес доставки, как мне это сделать?",delivery
В какой части страны есть тропические леса?,general_info
"Сайт не работает на моем мобильном телефоне, хочу сообщить об ошибке",technical_issue
"Я хотел бы вернуть товар онлайн, могу ли я получить помощь?",return_exchange
"Я хотел бы узнать часы работы вашего магазина, это мне поможет.",general_info
"Мне нужно посмотреть часы твоих покупок, мне нужна помощь",general_info
"Я не могу заставить веб-сайт работать на моем mac, мне нужна помощь, чтобы сообщить о проблеме",technical_issue
"Я хочу, чтобы хелп вернул товар",return_exchange
"Мне нравится информация о продукте, где я могу ее найти",product_info
"Я хочу вернуть товар, купленный онлайн, в магазин, как я могу это сделать?",return_exchange
"Я бы хотел сделать перевод, где я мог бы сделать это",payment_refund
Я хотел бы узнать больше о продажах найти некоторую информацию,promo_loyalty
"Я хочу узнать о вашей чертовой политике возврата, можете ли вы найти какую-нибудь информацию?",return_exchange
"Сделай так, чтобы акции поднялись или упали сегодня для уолмарта.",product_info
Можешь ли ты направить мне живого агента,other
"Мне нужна помощь, чтобы увидеть плату за отмену",order_status
"Я потерял счета от джона, пришлите их мне по почте.",payment_refund
"Я вас не понимаю, мне нужна помощь, чтобы поговорить с оператором",other
"Я бы хотел использовать твое мобильное приложение, оно бы мне помогло.",technical_issue
Можно ли отменить заказ после его размещения?,order_status
"Помогите мне понять, в каких случаях я могу потребовать вернуть свои деньги",payment_refund
"Нужна помощь, чтобы уведомить о проблеме с регистрацией",account
Исправление информации на счете platinum,account
Я жду возмещения в размере 10 долларов.,payment_refund
"Хочу узнать больше о следующих чертовых распродажах, давай найдём какую-нибудь информацию",promo_loyalty
"Мне нужно посмотреть, какие способы доставки вы предлагаете, как это сделать?",delivery
"Я заказал товар, отмените покупку 01jj7n7t",order_status
Какова цена акций (вставить),product_info
"Моя доставка опоздала, куда сообщить о проблемах с доставкой",delivery
См. законопроект № 12588,payment_refund
Могу ли я купить через твое приложение?,technical_issue
"Нужно добавить товары в корзину, как мне это сделать",product_info
"Приложение не работает на моем мобильном телефоне, помогите мне сообщить об ошибке",technical_issue
"Я сделал заказ, но мне не пришел счет, могу ли я его скачать?",payment_refund
"Мне нужно оставить комментарий к вашим услугам, как это сделать?",product_info
Некоторые предметы сломаны. можете ли вы помочь мне сообщить о них?,return_exchange
"Я хочу воспользоваться твоим чертовым мобильным приложением, где мне это сделать?",technical_issue
"Мне нужно просмотреть счета от джона, помогите мне.",payment_refund
"Хочу оставить комментарии о продуктах, где это сделать",other
Хочу сообщить об ошибках в приобретенном мной продукте,product_info
"Я хотел бы узнать больше о чертовых зимних распродажах, мог бы дать мне некоторую информацию",promo_loyalty
Просьба представить географическую информацию о x.,general_info
Есть ли у вас раздел для отправки отзывов об услуге?,product_info
"Я ищу информацию о распродажах, помогите мне.",promo_loyalty
"Мне нужно удалить чертову вещь из корзины, ты мне поможешь?",product_info
"Мне нужно найти что-то, что я купил. как просмотреть историю заказов?",account
Я ищу информацию о чертовых весенних распродажах. не могли бы вы мне помочь?,promo_loyalty
"Я хочу удалить товары из корзины, как мне это сделать?",product_info
Я не могу создать профиль пользователя. помогите сообщить о проблемах с регистрацией.,account
"Мне нужна помощь, чтобы позвонить в чертову службу поддержки клиентов.",general_info
"Я хотел бы увидеть, где мой заказ",order_status
Изменить информацию в бесплатном аккаунте,account
"Мне нужно предложить чертову идею, как сделать продукт лучше, не мог бы ты мне помочь",other
"Что мне нужно сделать, чтобы увидеть текущий статус компенсации?",payment_refund
"Я должен увидеть наличие какого-то гребаного товара в интернете, помогите мне.",product_info
Нужна помощь в открытии премиум-аккаунта,account
Я не получил подтверждение платежа. помогите мне сообщить о чертовой проблеме с оплатой.,payment_refund
Во сколько поезд отправляется из праги в брно?,delivery
Хочу увидеть чертову стоимость доставки,delivery
"Мне нужна информация о чертовых зимних распродажах, как я могу ее получить?",promo_loyalty
"Я не могу оплатить этот товар, отмените заказ 5080mlad.",order_status
Можно ли купить через ваш сайт,technical_issue
"Я бы хотел воспользоваться твоим чертовым приложением, мне нужна помощь",technical_issue
"Я ищу информацию о весенних распродажах, мне нужна помощь",promo_loyalty
"Хочу воспользоваться твоим чертовым мобильным приложением, могу ли я получить помощь?",technical_issue
"Я хотел бы обменять некачественный товар в магазине, где я могу это сделать?",return_exchange
Где я могу подписаться на вашу корпоративную рассылку?,account
Получать счета от джона,payment_refund
"Я хотел бы узнать больше о следующих гребаных распродажах, найти некоторую информацию.",promo_loyalty
Можете ли вы помочь мне заказать несколько ваших продуктов?,order_status
"Я хотел бы открыть счет, где это сделать.",account
"Приложение не работает, сообщите о проблеме",technical_issue
"Хочу проверить, где моя посылка, может мне помочь",order_status
"Мне нужно поискать то, что я купил, помогите мне посмотреть мою чертову историю покупок.",account
Как мне проверить чертову историю покупок,account
"Я хотел бы проверить чертову стоимость пересылки, где я могу это сделать?",delivery
Я пытаюсь связаться с чертовой службой поддержки клиентов.,general_info
"Мне нужно посмотреть часы работы твоего чертового магазина, как мне это сделать?",general_info
"Мне нужно добавить товары в корзину, помогите мне",product_info
Когда айфон обычно падает,product_info
"У меня есть комментарий о вашем бренде, как я могу его отправить?",other
"Мне нужно открыть учетную запись пользователя, не могли бы вы мне помочь?",account
Есть поезд от филадельфии до нью-йорка в полдень?,delivery
"Мне нужно сообщить о чертовой проблеме с доставкой, где я могу это сделать",delivery
"Я ищу информацию о зимних распродажах, может мне поможет",promo_loyalty
Я не могу изменить заказ mp86reyn,order_status
"Я совершил покупку, но не получил счет. помогите мне скачать ее.",payment_refund
Я должен сообщить о проблемах с регистрацией,account
"Мне нужна помощь, чтобы проверить, как скоро я смогу ожидать свою покупку",delivery
"Мне нужно использовать платиновый аккаунт, ты мне поможешь?",account
"Мне нужно воспользоваться твоим чертовым мобильным приложением, где я могу это сделать?",technical_issue
Как я мог использовать твое мобильное приложение?,technical_issue
Я хочу знать о вашем процессе возврата,return_exchange
"Я не могу заставить приложение работать на своем компьютере, мне нужно сообщить о чертовой проблеме",technical_issue
Нужно подать чертову жалобу от клиента,other
Могу ли я увидеть статус покупки 4q5ld2of,order_status
"Мне нужна помощь, чтобы сделать перевод",payment_refund
"Как узнать, в какие часы я могу связаться со службой поддержки клиентов",general_info
"Мне нужно поговорить с чертовым агентом, могу ли я получить помощь?",other
Ищу счет от джона,payment_refund
Как я могу найти информацию о распродажах?,promo_loyalty
"Мой аккаунт украли, помогите мне восстановить пароль",account
"Я хотел бы проверить статус моей замены, могу ли я получить некоторую помощь?",order_status
"Мне нужно проверить наличие товара в магазине, мне нужна помощь",product_info
Хочу поменять некоторые позиции заказа u435ex1m,order_status
"Помогите проверить, какие у меня способы доставки",delivery
У вас есть билеты на поезд?,delivery
Мне нужна помощь для обмена купленных мной товаров,return_exchange
"Мобильное приложение не работает на моем компьютере, мне нужна помощь, чтобы сообщить о проблеме",technical_issue
Можете ли вы помочь мне увидеть принятые варианты оплаты?,payment_refund
"Мне нужна помощь, чтобы настроить адрес доставки",delivery
Расскажи мне больше о редактировании моего адреса,delivery
"Я не могу вспомнить pin-код своего профиля, как его сбросить?",account
"Я не могу произвести платеж, не могли бы вы помочь мне сообщить о чертовых проблемах с оплатой?",payment_refund
"Мне нужно подтвердить наличие товара онлайн, можете ли вы мне помочь?",product_info
"Хочу узнать стоимость рассылки, как мне это сделать?",delivery
"Мне нужна помощь, чтобы просмотреть историю покупок",account
Скажи мне поезда из калифорнии в нью-джерси после 11 вечера.,delivery
Не могли бы вы помочь мне поговорить со службой поддержки?,general_info
"Я заплатил 10$ за заказ, хочу компенсацию",payment_refund
"Мне необходимо проверить наличие товара в магазине, где я могу это сделать?",product_info
Можно ли вернуть товар в магазине?,return_exchange
У меня есть почта?,general_info
Куда я могу подать жалобу на ваш бренд?,other
"Я ищу информацию о дате доставки моей покупки, мне нужна помощь",delivery
Найти информацию о чертовых весенних распродажах,promo_loyalty
"Мобильное приложение не работает на моем компьютере, не могли бы вы помочь мне сообщить об ошибке?",technical_issue
Я хочу знать больше о следующих распродажах,promo_loyalty
"Я хочу позвонить в чертову службу поддержки клиентов, как я могу это сделать?",general_info
"Мне нужно поговорить с человеком, ты можешь мне помочь?",other
"Мне нужна информация о чертовых распродажах, как я могу ее получить?",promo_loyalty
Мне нужна помощь в решении чертовой проблемы с оплатой,payment_refund
Мобильное приложение не работает на моем устройстве. помогите мне сообщить о проблеме.,technical_issue
Я ищу возврат средств,return_exchange
Отменить заказ xdl2ck5c,order_status
"Приложение не работает на моем планшете, можно ли сообщить о проблеме?",technical_issue
Помогите мне связаться со службой поддержки клиентов,general_info
"Я бы хотел воспользоваться твоим чертовым мобильным приложением, могу ли я получить помощь?",technical_issue
Не могли бы вы дать мне информацию о следующих продажах?,promo_loyalty
"Мне нужно воспользоваться твоим чертовым мобильным приложением, где мне это сделать?",technical_issue
Удалить товар из покупки 2tbysyja,order_status
Жду скидку 10 долларов,payment_refund
Я хочу ознакомиться с вашей политикой возврата средств. вы мне поможете?,payment_refund
Я хотел бы запросить возмещение,return_exchange
Веб-сайт не работает на моем мобильном телефоне. можете ли вы помочь мне сообщить об ошибке?,technical_issue
"Ищу информацию о чертовых зимних распродажах, где ее взять",promo_loyalty
Я хотел бы оставить комментарий о вашем бренде,other
Как перейти на платиновый аккаунт,account
Я пытаюсь поговорить с кем-нибудь,other
Мне нужно отправить отзыв об услуге,product_info
Я не могу поменять купленный продукт lkcebl56,order_status
"Мне нужна информация о статусе моего возмещения, как я могу ее получить?",payment_refund
"Я хочу обменять в магазине товар, купленный онлайн, как мне это сделать?",return_exchange
Сегодня днем в далласе приедет поезд?,delivery
"Нужно проверить часы работы твоего чертового магазина, можешь мне помочь",general_info
Покажите мне дорогу ближайшей железнодорожной станции.,delivery
"Я тебя не понимаю, можешь помочь мне поговорить с кем-то, черт возьми?",other
"Мне нужна помощь, чтобы сбросить ключ моей учетной записи",account
"Мне нужно изменить свою учетную запись, где это сделать",account
"Мне нужен аккаунт, помогите мне открыть его",account
"Сайт не работает на моем мобильном телефоне, мне нужна помощь, чтобы исправить ошибку",technical_issue
Как написать комментарий к вашей продукции?,product_info
Мне нужна помощь в информировании о проблемах с регистрацией,account
Мне нужно ввести другой адрес доставки,delivery
"Нужна помощь, чтобы проверить расчетное время покупки nblce01i",order_status
"Мне нужно посмотреть наличие какого-то гребаного товара в интернете, помогите мне",product_info
Я ищу информацию о статусе моего возмещения. не могли бы вы мне помочь?,payment_refund
Как я могу найти информацию о продуктах,product_info
"Если у меня есть 5 долларов, сколько это стоит в aud?",payment_refund
"Я хочу узнать больше о чертовых распродажах, вы найдете какую-нибудь информацию?",promo_loyalty
Вижу счет №85632,payment_refund
Можно ли увидеть статус моего замененного товара?,order_status
Какова цена amd на фондовом рынке?,product_info
"Моя доставка не прибыла вовремя, можете ли вы помочь мне сообщить о чертовых проблемах с доставкой?",delivery
"Мне нужно вернуть товары из интернета, могу ли я это сделать",return_exchange
"Я не знаю, как мне подать иск",other
Как пользоваться вашим мобильным приложением?,technical_issue
"Я получил не все купленные товары, сообщите о неполной комплектации",delivery
"У меня есть предложение, как сделать ваш продукт лучше. можете ли вы помочь мне отправить его?",other
"Я хотел бы увидеть наличие товара в интернете, вы мне поможете?",product_info
"Я хотел бы увидеть наличие этого чертового товара, где мне это сделать?",product_info
"Я ищу информацию о чертовых распродажах, ты мне поможешь?",promo_loyalty
"Что мне нужно сделать, чтобы пообщаться с агентом?",other
"Мне нужна помощь, чтобы сообщить об ошибке при онлайн-платеже",payment_refund
"Мне нужно найти магазины, где я могу это сделать",general_info
"Я хотел бы заполнить свои личные данные, как мне это сделать?",account
"Я хочу воспользоваться твоим чертовым приложением, могу ли я получить помощь?",technical_issue
"Приложение не работает на моем телефоне, мне нужно сообщить об этой чертовой проблеме",technical_issue
:: найти обменный курс для нас к фунту,payment_refund
Я ищу информацию о чертовой распродаже. могу ли я получить помощь?,promo_loyalty
Помогите мне написать комментарий к услуге,product_info
Отправить письмо джерри о встрече.,general_info
"Приложение не работает на моем мобильном телефоне, мне нужна помощь, чтобы сообщить об ошибке",technical_issue
Я хотел бы узнать о ваших часах работы. где я могу получить дополнительную информацию?,general_info
Не могли бы вы помочь мне увидеть чертову дату доставки?,delivery
"Я хотел бы поговорить со службой поддержки, вы мне поможете?",general_info
"Я ищу информацию о весенних распродажах, мистер",promo_loyalty
Маки жалоба,other
Мне нужна помощь в создании платиновой учетной записи,account
Мне нужна помощь в отправке идей для продукта,other
Как проверить текущий статус заказа 4ld9rmti?,order_status
"Мне нужно вернуть деньги, помогите мне.",return_exchange
"Помощь в проверке, ох скоро могу ли я ожидать товар",delivery
"Хочу использовать твое приложение, где это сделать",technical_issue
"Мне нужно отменить чертову вещь, как мне это сделать?",order_status
"Мне нужно проверить наличие товара, пожалуйста, помогите мне",product_info
"Я не использую свою премиум-аккаунт, мне нужна помощь в ее удалении",account
"Моя доставка не прибыла вовремя, как я могу сообщить о проблеме с доставкой?",delivery
"Wqanna совершать платежи, как мне это сделать?",payment_refund
"Некоторые предметы сломаны, вы поможете мне сообщить о них?",return_exchange
Где проверить какие способы доставки доступны?,delivery
"Я требую возврата денег, мне нужна помощь.",return_exchange
"Мне нужно просмотреть историю покупок, мне нужна помощь",account
Где заказать несколько статей?,order_status
"Мне нужно проверить, в каких случаях я могу запросить возмещение",payment_refund
"Хочу нам твое мобильное приложение, где я могу это сделать",technical_issue
"Мне нужна информация о чертовой распродаже, где я могу ее получить?",promo_loyalty
"Мне нужно добавить товар в корзину, могу ли я получить помощь?",product_info
Вы дадите мне информацию о продажах?,promo_loyalty
Помощь в загрузке моих счетов от джона,payment_refund
"Я хотел бы узнать больше о следующих распродажах, вы дадите мне какую-нибудь информацию?",promo_loyalty
Возможен ли обмен товара в магазине,return_exchange
"Мне не нужен мой профиль, помогите мне удалить его.",account
Хочу исправить личную информацию,account
Обновить покупку00123842,order_status
"Нужна помощь, чтобы поговорить с живым агентом",other
"Мне не нужен мой профиль, можно ли его отменить",account
"Мне нужно вернуть товары онлайн, могу ли я получить помощь",return_exchange
"Можешь мне помочь, используя стандартный профиль?",account
"Продукт, который я получил, неправильный, не могли бы вы помочь мне сообщить об этом?",return_exchange
"Мне нужно проверить твои часы работы, как это сделать?",general_info
"Мне не нужна моя учетная запись, мне нужна помощь, чтобы закрыть ее",account
"Я не знаю, как связаться со службой поддержки клиентов",general_info
"Я хочу удалить товары из корзины, где я могу это сделать?",product_info
"Сайт не работает на моем мобильном телефоне, могу ли я сообщить о проблеме?",technical_issue
Как связаться со службой поддержки клиентов?,general_info
"Нужна помощь, чтобы получить компенсацию денег",payment_refund
Мне не нужно изменить мой онлайн-заказ перед его отправкой. где я могу это сделать?,order_status
"Я хотел бы использовать ваше мобильное приложение, не могли бы вы мне помочь?",technical_issue
Произошла ошибка при настройке адреса доставки,delivery
"Хочу отправить идеи, куда это сделать?",other
"Мне нужно совершить платежи, где это сделать?",payment_refund
Можно ли будет проверить статус моего заменяющего продукта?,order_status
"Я ищу информацию о следующих чертовых распродажах, где ее найти?",promo_loyalty
"Мне нужно посмотреть, где находится моя посылка, как я могу это сделать?",order_status
"Я хотел бы узнать больше о распродажах, дайте мне некоторую информацию.",promo_loyalty
Я хотел бы проверить историю покупок,account
Нужна помощь в проверке комиссий за снятие средств,order_status
"Мне нужна помощь, чтобы поговорить с чертовым оператором",other
"Мне нужна информация о продукте, как я могу ее получить?",product_info
Информация о часах работы нашего магазина,general_info
"Мне нужно открыть счет, ты можешь мне помочь?",account
"Не могу сделать перевод, нужно сообщить о проблемах с оплатой",payment_refund
Вопрос об отмене покупки a8ylxaxu,order_status
"Мне нужно подтвердить наличие чертовых товаров в магазине, поможет мне",product_info
"Я хотел бы поговорить с чертовым оператором, могу ли я получить помощь?",other
Что такое johnzena,general_info
"Я хочу вернуть купленный товар, мне нужна помощь",return_exchange
Помогите скачать счет №37777,payment_refund
Могу ли я отправить обратно этот товар?,return_exchange
Что такое ядерная триада?,general_info
"Мне нужна помощь, чтобы узнать наличие товара",product_info
"Я хочу отправить идею продукта, как это сделать?",other
"Я ищу информацию о распродажах, где я могу ее получить?",promo_loyalty
"Я совершил покупку, но не получил счет, как мне его запросить?",payment_refund
"Можешь показать мне, как отправиться в музей полета в сиэтле.",delivery
"Мне нужна помощь, чтобы подать иск",other
"Я не могу заставить сайт работать на своем планшете, мне нужно сообщить об ошибке",technical_issue
"Хочу использовать твое приложение, может мне помочь",technical_issue
"Что мне нужно сделать, чтобы загрузить счет № 85632?",payment_refund
"Я хотел бы найти магазины рядом со мной, вы мне поможете?",general_info
"Мне нужно запросить возврат денег, мне нужна помощь",return_exchange
"Когда следующий поезд, путешествующий по городу, уезжает отсюда?",delivery
"Я хотел бы отменить заказ, вы можете мне помочь?",order_status
"Моя доставка не завершена, мне нужна помощь, чтобы сообщить об отсутствующем товаре",delivery
"Ищу информацию о очередных распродажах, мне нужна помощь",promo_loyalty
"Я ищу информацию о продуктах, мне нужна помощь",product_info
Сколько времени на поезд?,delivery
"Я тебя не понимаю, можешь помочь мне поговорить с агентом?",other
"Я хочу закрыть свой профиль, как мне это сделать?",account
"Мне нужна помощь, чтобы отменить заказ",order_status
Когда поезд f сегодня поедет?,delivery
Я не могу перейти на стандартную учетную запись,account
Помогите мне использовать платиновый профиль,account
"Я купил товар, но выбрал не ту модель, могу ли я изменить онлайн-заказ",order_status
"Мне нужно обменять товар в магазине, как я могу это сделать",return_exchange
Как вернуть товар в магазин,return_exchange
"Мне нужна помощь, чтобы поговорить с агентом-человеком",other
"Я хочу сообщить о сломанном товаре, как мне это сделать?",return_exchange
Можно ли подать чертову претензию от клиента?,other
"Мне нужно удалить предмет из аккаунта, где мне это сделать",product_info
"Я хотел бы обменять купленный товар, не могли бы вы мне помочь?",return_exchange
"Нужна помощь, чтобы оставить комментарий к вашим продуктамa",product_info
"Мне нужно обновить свои личные данные, как я могу это сделать?",account
"Хочу открыть аккаунт, как это сделать",account
"У меня проблема с моим чертовым аккаунтом, ты поможешь мне это изменить?",account
"Мне нужно отправить предложения по продукту, вы мне поможете?",other
"Мне нужно сделать платеж, где я могу это сделать?",payment_refund
"Мне не нужно переходить на стандартную учетную запись, как мне это сделать",account
"Мне нужно получить счет от джона, мне нужна помощь",payment_refund
"Помогите проверить, когда придет моя покупка",delivery
"Хочу изменить свой заказ, прежде чем отправить его, как это сделать",order_status
"Нужно проверить, где находится мой онлайн-заказ, как я могу это сделать",order_status
Мне нужна информация о восстановлении pwd,account
Мне нужна помощь с проверкой расчетного времени заказа qv9la5x1.,order_status
"Я не получил свой заказ, как я могу сообщить о проблемах с доставкой",delivery
"Я ищу информацию о весенних распродажах, где я могу ее найти?",promo_loyalty
Как скоро я могу ожидать доставку?,delivery
"Я не знаю, что мне нужно сделать, чтобы уведомить о проблеме с оплатой",payment_refund
"Хочу добавить товары в корзину, где мне это сделать?",product_info
"Как я могу увидеть, сколько времени занимает доставка?",delivery
Могу ли я купить через ваш сайт,technical_issue
Как я могу поговорить с агентом-человеком?,other
"Мне нужно изменить мой заказ на omline, прежде чем использовать его, могу ли я получить некоторую помощь",order_status
"Мне нужно закрыть свой профиль, как это сделать?",account
Где мне скачать ваше приложение?,technical_issue
"Мне нужно посмотреть наличие товара, могу ли я получить помощь",product_info
"Я хочу оставить отзыв о продукте, где я могу это сделать?",other
"Я хотел бы проверить статус моей замены, как мне это сделать?",order_status
"Нужно отправить обратный заказ, не могли бы вы мне помочь?",return_exchange
Мне нужна помощь в редактировании заказа 056qw26f,order_status
"Я должен запросить возмещение, как я могу это сделать?",return_exchange
"Я звоню, чтобы узнать, когда придет моя статья",delivery
"Хочу увидеть дату доставки моего заказа, пожалуйста, помогите мне",delivery
"У меня проблема с моей чертовой учетной записью пользователя, можно ли ее обновить?",account
Как мне посмотреть часы работы твоего чертового магазина?,general_info
"Я хотел бы найти магазин, мне нужна помощь.",general_info
Нужна помощь в подаче иска против вашей организации,other
Сколько продлятся летние распродажи?,promo_loyalty
Можете ли вы дать мне информацию о весенних распродажах?,promo_loyalty
Дай мне направление от фарипира до гурпура.,delivery
"Я не знаю, как я могу отправить отзыв о вашей компании.",product_info
Какие особенности в таблице?,general_info
Мне нужна информация о вашей политике возврата средств. можете ли вы мне помочь?,payment_refund
Мне нужна помощь в проверке разрешенных способов оплаты,payment_refund
"Я не знаю, что мне нужно сделать, чтобы поговорить с кем-то",other
"Мне нужно отправить предложения, мне нужна помощь",other
Как мне увидеть твою чертову политику возврата?,return_exchange
"Я хотел бы посмотреть, где моя посылка, как я могу это сделать?",order_status
"Я бы соврал, чтобы узнать больше о зимних распродажах, найти некоторую информацию",promo_loyalty
Не могли бы вы дать мне информацию о продажах,promo_loyalty
Я хотел бы сообщить о чертовой проблеме с доставкой. могу ли я это сделать?,delivery
Дайте мне информацию о весенних распродажах,promo_loyalty
"Я не знаю, как отменить покупку k2zisu5r",order_status
"Я ищу информацию о офигенном товаре в магазине, где я могу его найти?",return_exchange
Проверьте доступные варианты доставки,delivery
Как мне купить несколько ваших товаров?,order_status
"Сайт не работает на моем телефоне, я хочу помочь сообщить о проблеме",technical_issue
Можешь помочь мне использовать платиновый профиль,account
"Я не могу заставить сайт работать на своем планшете, сообщите об ошибке",technical_issue
Сколько я получу за 100 мексиканских песо?,payment_refund
"Мне нужно найти ближайший ко мне магазин, как это сделать?",general_info
Мне нужно посмотреть часы работы твоего чертового магазина. могу ли я получить помощь?,general_info
"Я хотел бы оставить комментарий, могу ли я получить помощь?",other
"Я не могу создать пользователя, нужна помощь, сообщить о проблеме с регистрацией",account
"Мне нужно изменить свою учетную запись пользователя, где я могу это сделать?",account
"Я разместил заказ, помогите мне отменить его",order_status
"Можешь мне помочь узнать, когда прибудет мой товар?",delivery
"Я хотел бы оставить чертовски предложение, могу ли я получить помощь?",other
"Как мне узнать, в какое время доступна служба поддержки клиентов?",general_info
Где мне скачать твое приложение,technical_issue
"Можете ли вы помочь мне узнать, какие варианты оплаты вы принимаете?",payment_refund
"Мне нужно проверить дату доставки, мне нужна помощь",delivery
"Я не знаю, что мне нужно сделать, чтобы сообщить о проблемах с платежами",payment_refund
"Я по ошибке указал свой старый адрес, как я могу его обновить?",delivery
"Мне нужна информация о зимних распродажах, где ее можно найти?",promo_loyalty
Я хочу узнать больше об отмене подписки на рассылку новостей,account
"У меня есть комментарий о вашей компании, помогите мне его отправить.",other
Нужно отписаться от вашей рассылки,account
Как я могу отправить отзыв?,product_info
"Я хотел бы посмотреть, где находится мой заказ, где я могу его сделать?",order_status
Могу ли я использовать твое мобильное приложение?,technical_issue
"Какой-то предмет неправильный, помогите мне сообщить об этом",return_exchange
"Я бы хотел узнать о сроках доставки моего заказа, могу дать мне некоторую информацию.",delivery
Сколько у сша [валюта_источник: доллары] в 100 евро?,payment_refund
Помогите мне удалить товар из заказа a39tahvv,order_status
"Хочу зарегистрироваться, мне нужна помощь",account
Мне нужно отправить отзыв,other
"Я не понимаю, мне нужна помощь, чтобы поговорить с кем-то трахающимся",other
Перейти на платиновый аккаунт,account
"Мне нужно обменять предметы, где мне это сделать",return_exchange
"Мне нужно поговорить со службой поддержки, где я могу это сделать?",general_info
"Продукты в моей доставке неверны, помогите мне сообщить о них",return_exchange
"Мне нужно поговорить с чертовой службой поддержки, не могли бы мне помочь",general_info
"Нужно поговорить с агентом, где я могу это сделать",other
"Мне нужно проверить часы работы, где я могу это сделать",general_info
"Я не знаю, что мне нужно сделать, чтобы увидеть счет №37777.",payment_refund
"Хочу обменять купленный товар, помогите мне",return_exchange
"Продукт, который я получил, был раздавлен. не могли бы вы помочь мне сообщить об этом?",return_exchange
Мне нужно поменять артикул заказа ts30v8iu,order_status
"Хочу узнать больше о сроках доставки моей покупки, могу найти некоторую информацию",delivery
"У тебя есть номер телефона, чтобы связаться с чертовой службой поддержки клиентов?",general_info
"Мне нужна информация о чертовых распродажах, где я могу ее найти",promo_loyalty
"Мне нужно поискать гребаные магазины рядом со мной, мне нужна помощь.",general_info
Могу ли я поговорить со службой поддержки клиентов,general_info
"Я хотел бы получить чертову компенсацию, где я могу это сделать?",return_exchange
Могу ли я увидеть вашу политику возмещения?,payment_refund
"Сайт не работает на моем мобильном телефоне, могу ли я сообщить об ошибке?",technical_issue
"Я хотел бы узнать больше о чертовых продуктах, можете ли вы дать мне некоторую информацию?",product_info
"Я хочу сделать гребаные переводы, могу ли я получить помощь?",payment_refund
"Я купил товар, но выбрал неправильный цвет, можно ли изменить мой онлайн-заказ?",order_status
"Моя доставка была задержана, это поможет мне сообщить о проблемах с доставкой.",delivery
"Мне нужно изменить товар при покупке. febswkop, помогите мне.",order_status
Как сообщить об ошибках с оплатой,payment_refund
"Я хотел бы узнать больше о часах работы вашего чертового магазина, я дам мне некоторую информацию.",general_info
"Мне нужна информация о распродажах, где я могу ее получить?",promo_loyalty
"Мне нужна информация о весенних распродажах, где я могу ее найти?",promo_loyalty
Можно ли увидеть статус покупки lxev1o0n?,order_status
:: проверка валют,payment_refund
"Мне нужна информация о распродажах, как ее найти?",promo_loyalty
"Хочу поговорить со службой поддержки, мне нужна помощь",general_info
"У меня ошибка в моей учетной записи пользователя, как я могу ее обновить?",account
"Мне бы хотелось получить информацию о чертовых весенних распродажах, как мне ее найти?",promo_loyalty
Мне нужна помощь в сообщении о технической проблеме с мобильным приложением,technical_issue
"Мне нужно сообщить о проблеме на сайте, где мне это сделать",technical_issue
Название pda: во сколько xxxx прибудет хххх,delivery
"Я хотел бы проверить наличие чертовых товаров в магазине, как я могу это сделать?",product_info
"Я ищу информацию о весенних распродажах, не могли бы вы мне помочь?",promo_loyalty
"Я хочу оставить комментарий о вашем бренде, мне нужна помощь",other
"Я бы хотел сделать гребаные переводы, можешь мне помочь.",payment_refund
"Мне нужна информация о чертовом товаре в магазине, где я могу его получить",return_exchange
"Я хотел бы увидеть сроки доставки моего заказа, как это сделать?",delivery
"Мне нужно отследить свою посылку, где я могу это сделать",order_status
"Мне нужно вернуть деньги, как это сделать?",return_exchange
Я по ошибке ввел неправильный адрес,delivery
Где я могу обменять этот товар?,return_exchange
Помогите мне подать иск клиента против вашей компании,other
"Мне нужно отменить товар, где это сделать?",order_status
"Хочу проверить наличие товара в магазине, как я могу это сделать",product_info
"Я хотел бы подать гребаную жалобу, где я могу это сделать?",other
"Я не знаю, как оставить отзыв об услуге",product_info
- какова применимая плата за пересчет валют.,payment_refund
Мне нужна помощь в переходе на платиновый аккаунт,account
"Мне нужно посмотреть варианты доставки, как мне это сделать",delivery
Мне нужна помощь в отмене покупки dv6lzg49,order_status
"Я хочу знать о статусе моего возмещения, как я могу найти дополнительную информацию?",payment_refund
"Мне нужна помощь, чтобы отправить отзыв о ваших услугах",product_info
"Я бы хотел использовать ваше приложение, как я могу это сделать?",technical_issue
Хочу подать жалобу потребителя на вашу организацию,other
"Мне нужна помощь, чтобы узнать, когда прибудет моя посылка",delivery
Я хотел бы увидеть статус моего возврата. вы мне поможете?,payment_refund
"Мне нужно уведомить о долбаных проблемах с оплатой, где это сделать?",payment_refund
"Я хотел бы помочь со службой поддержки клиентов, которая могла бы мне помочь",general_info
"Хочу использовать твой azpp, где мне это сделать?",technical_issue
Помогите мне подать жалобу на вашу компанию,other
"Мой пароль украли, могу я его сбросить?",account
Помоги мне пообщаться с кем-нибудь,other
Мне нужно обменять товар в магазине.,return_exchange
"Нужно отправить идеи для продукта, где мне это сделать",other
"Мне нужна информация о чертовых зимних распродажах, где ее найти?",promo_loyalty
Я пытаюсь найти информацию о чертовых распродажах.,promo_loyalty
"Я не могу заставить приложение работать на моем мобильном телефоне, мне нужно сообщить о проблеме",technical_issue
Можно ли будет сесть на платиновый аккаунт,account
"Нужно проверить наличие товара, помогите мне",product_info
Мне нужна информация о вашей политике возврата,return_exchange
"Приложение не работает на моем устройстве, мне нужно сообщить о проблеме",technical_issue
"Я хотел бы увидеть статус моего возврата, где мне это сделать",payment_refund
Мне нужно указать новый адрес доставки,delivery
"Я не знаю, что делать, чтобы возбудить иск потребителя",other
"Что мне нужно сделать, чтобы получить компенсацию своих денег",payment_refund
"Я не доволен вашей работой, как мне предъявить претензию?",other
"Что мне нужно сделать, чтобы отменить заказ 4p0r3w0q",order_status
"Мне нужно воспользоваться твоим чертовым приложением, помоги мне.",technical_issue
"Мне нужно использовать ваше мобильное приложение, помогите мне.",technical_issue
"Мне нужно удалить товар из корзины, мне нужна помощь",product_info
"Я потерял счет от джона, пришли мне его.",payment_refund
"Я хотел бы узнать больше об этом чертовом продукте, можете ли вы дать мне некоторую информацию?",product_info
Мне нужно поговорить с кем-нибудь,other
"Мне нужно поговорить с человеком, как мне это сделать?",other
"Я хотел бы проверить чертову стоимость доставки, где я могу это сделать",delivery
"Я ищу информацию о продукте, как я могу ее найти?",product_info
"Я ищу счет, где я могу его найти?",payment_refund
Можешь ли ты дать мне информацию о продажах,promo_loyalty
"Что мне нужно сделать, чтобы купить несколько товаров?",order_status
"Хочу отправить отзыв о вашем бренде, как я могу это сделать",other
Сколько стоит $x...,payment_refund
"Я купил товар, но он мне не нужен, могу ли я отменить заказ",order_status
"Я не могу заставить сайт работать на своем планшете, могу ли я сообщить о проблеме",technical_issue
"Мне нужна информация о товаре в магазине, где я могу ее получить?",return_exchange
"Я хочу поговорить со службой поддержки, вы можете мне помочь?",general_info
Я стараюсь оставлять свой отзыв,product_info
"Я хочу проверить срок доставки, как мне это сделать?",delivery
"Я не знаю, как подать жалобу клиента",other
Как я могу получить информацию о следующих гребаных распродажах?,promo_loyalty
"Я бы хотел вернуть товар онлайн, где мне это сделать?",return_exchange
"Я не знаю, что делать, чтобы потребовать возврат денег.",payment_refund
Переключить продукт заказа 8хвобздс,order_status
"Мобильное приложение не работает на моем мобильном телефоне, могу ли я сообщить об ошибке",technical_issue
"Хочу заплатить, можешь мне помочь",payment_refund
Мне нужна помощь с подпиской на рассылку новостей,account
"Хочу получить счет от джона, помоги мне",payment_refund
"Я хотел бы закрыть свою чертову учетную запись пользователя, как я могу это сделать?",account
Я ищу информацию о твоем чертовом процессе возврата.,return_exchange
"У меня есть отзыв, вы поможете мне его отправить?",other
"Я потерял свой пароль, я хочу его восстановить",account
"Мобильное приложение не работает, мне нужно попросить сообщить об этой чертовой ошибке",technical_issue
"Я хотел бы найти чертову стойку, мне нужна помощь",general_info
"Я хотел бы узнать больше о чертовых зимних распродажах, найдёте ли вы информацию?",promo_loyalty
"Мне нужно посмотреть, как скоро я смогу ожидать доставки",delivery
Где делл сейчас стоит на фондовом рынке?,product_info
"Мне нужно запросить возмещение, можете ли вы мне помочь?",return_exchange
"Я хотел бы увидеть наличие какого-то долбанного товара в магазине, где я могу это сделать?",product_info
Как посмотреть статус заказа 6ukqr40m,order_status
"Я хотел бы отправить идею продукта, как я могу это сделать?",other
Я пытаюсь увидеть статус заказа iupcku97.,order_status
"Я разместил онлайн-заказ, помогите мне его отменить",order_status
"Я купил товар, но выбрал не ту модель, можно ли обновить мой заказ?",order_status
Помощь в создании еще одной гребаной фримиум-аккаунта,account
Вы можете сказать мне обменный курс канадской валюты,payment_refund
"Мне нужно обменять товар в магазине, как я могу это сделать?",return_exchange
"Моя посылка была чертовски повреждена при доставке, можете ли вы сообщить об этом?",return_exchange
"Я ищу информацию о следующих распродажах, как я могу ее получить",promo_loyalty
"Хочу посмотреть часы работы твоего магазина, как мне это сделать?",general_info
"Мобильное приложение не работает на моем мобильном телефоне, помогите мне сообщить о проблеме",technical_issue
"Хочу использовать твое приложение, могу ли я получить помощь",technical_issue
"Я хотел бы узнать о чертовых продуктах, как я могу получить больше информации?",product_info
"Я ищу информацию о следующих распродажах, где я могу ее найти?",promo_loyalty
Я хотел бы сообщить о дефектах заказанного товара. можете ли вы мне помочь?,product_info
Как мне сделать перевод?,payment_refund
Где я могу найти информацию о чертовой стоимости доставки,delivery
Где проверить наличие товара в магазине?,product_info
"Мне нужно вернуть товар онлайн, могу ли я это сделать?",return_exchange
Помоги мне найти магазины рядом со мной,general_info
"Мне нужно найти магазин, как мне это сделать?",general_info
"Мне нужно связаться со службой поддержки, мне нужна помощь",general_info
"Мне хотелось бы узнать о чертовой дате доставки, как я могу получить дополнительную информацию?",delivery
"Мне нужна помощь, чтобы проверить, какие у меня есть способы доставки",delivery
"Сайт не работает на моем планшете, помогите, сообщите об ошибке",technical_issue
"Мне нужна помощь, чтобы представить чертову идею продукта",other
"Мне нужно отправить отзыв о продукте, как я мог это сделать?",other
"Пожалуйста, дайте мне подробности: 1 долл. сша = rs",payment_refund
Мне нужна помощь с открытием премиум-аккаунта,account
Мне нужна помощь в проверке наличия товара,product_info
"Мой пароль взломали, я не хочу его восстанавливать",account
"Я ищу информацию о дате доставки моей покупки, где я могу ее получить?",delivery
Время проверки поезда калки с станции джодпур в понедельник,delivery
"Мне нужна информация о часах работы вашего магазина, где я могу ее найти?",general_info
Есть ли у вас способ оставить отзыв о ваших услугах?,product_info
Помогите отправить отзыв о вашей продукции,product_info
"Я не знаю, что мне нужно сделать, чтобы поговорить с живым агентом",other
Не могли бы вы дать мне информацию о распродажах?,promo_loyalty
"Я хотел бы вернуть чертову вещь, вы можете мне помочь?",return_exchange
Открыть счет в титаниуме,account
"Мне нужно вернуть товар онлайн, где я могу это сделать?",return_exchange
"Мне нужно обменять чертову вещь, которую я купил в магазине, где мне это сделать",return_exchange
"Мне нужно создать учетную запись пользователя, мне нужна помощь",account
"Мне нужно обменять товар, могу ли я получить помощь?",return_exchange
Куда я могу сообщить о проблемах с онлайн-платежами,payment_refund
"Как сообщить о чертовски дефектном товаре, который я получил",product_info
"Мне нужна помощь, чтобы связаться со службой поддержки клиентов",general_info
"Я ищу информацию о твоих чертовых часах посещения магазинов, как я могу ее получить?",general_info
"Мне нужно увидеть дату доставки, вы мне поможете?",delivery
"Мне нужно узнать часы работы вашего магазина, помогите мне.",general_info
"Я хотел бы проверить наличие товаров онлайн, как это сделать?",product_info
"Мне нужна информация о продукте, где я могу ее найти?",product_info
"Я не знаю, как купить несколько статей",order_status
"Приложение не работает на моем мобильном телефоне, можно ли сообщить о проблеме",technical_issue
"Мне не нужен мой профиль, мне нужна помощь, чтобы его закрыть.",account
"Нужно удалить товары из корзины, можете мне помочь",product_info
Могу ли я добавить товар в корзину?,product_info
"Я хотел бы узнать о вашей гарантии возврата денег, дайте мне некоторую информацию",payment_refund
"Мне нужна помощь, чтобы вытащить вещи из корзины.",product_info
Где... находится?,general_info
Помогите мне купить несколько продуктов,order_status
Поддерживает попытку редактирования адреса,delivery
Я ожидаю скидку 10 долларов,payment_refund
"Мой заказ не завершен, я хотел бы сообщить о неполной доставке",delivery
Нужна помощь в подаче иска клиента против вашей организации,other
"Я бы хотел сменить свою чертову учетную запись, где мне это сделать?",account
"Мне нужно отменить пункт, где мне это сделать",order_status
Как я могу оставить отзыв о продукте,other
"Я бы хотел отменить элемент, как мне это сделать",order_status
Мне нужна помощь в составлении рекламации клиента,other
Можешь помочь мне поговорить с ассистентом?,other
"Мне нужна информация о стоимости доставки, как ее найти?",delivery
"Мне нужно посмотреть наличие какого-то товара в сети, где я могу это сделать?",product_info
Когда лучше всего отправиться в канаду?,delivery
Я хотел бы сообщить о проблемах с доставкой моего заказа. могу ли я получить помощь?,delivery
Можешь помочь мне сбросить мой пароль?,account
Мне нужна помощь в разговоре с агентом-человеком,other
Можешь помочь мне узнать час работы твоего магазина,general_info
"Нужно представить идеи по улучшению продукта, помогите мне",other
"Я не знаю, что мне нужно сделать, чтобы восстановить свой pin-код.",account
"Приложение не работает на моем устройстве, помогите мне сообщить о проблеме",technical_issue
"Мне нужно проверить время доставки моего заказа, помогите мне.",delivery
Исправление данных в про аккаунте,account
"Мне нужно обменять товар, который я купил онлайн, в магазине, где мне это сделать",return_exchange
"Я хотел бы узнать больше о распродажах, не могли бы вы найти какую-нибудь информацию?",promo_loyalty
Отследить заказ,order_status
Сколько австралийцев можно купить за один фунт стерлингов?,payment_refund
Мне нужна помощь в отказе от подписки на новостную рассылку вашей компании,account
Как исправить проблемы с онлайн оплатой,payment_refund
"Мне не нужен мой аккаунт, помогите мне его удалить.",account
"Я хочу узнать больше о следующих распродажах, можешь ли ты дать мне какую-нибудь информацию?",promo_loyalty
"Мне нужна информация о часах работы вашего магазина, как ее найти?",general_info
Могу ли я перейти на стандартный аккаунт?,account
"Хотелось бы узнать о стоимости рассылки, где можно получить дополнительную информацию?",delivery
Мне не нужно изменять свои личные данные,account
Как я могу найти информацию о очередных распродажах,promo_loyalty
Изменить данные в золотом аккаунте,account
Как перейти на золотой счет?,account
"Я хотел бы использовать ваше приложение, мне нужна помощь",technical_issue
"Я ищу информацию о чертовых весенних распродажах, как мне ее найти?",promo_loyalty
"Мне нужна информация о часах работы вашего магазина, где я могу ее получить?",general_info
"Я бы солгал, чтобы узнать больше о чертовых продажах, дай мне какую-нибудь информацию?",promo_loyalty
"Я не знаю, как отменить подписку на рассылку новостей",account
Где находится ближайший магазин,general_info
"Мой профиль взломали, мне нужна помощь в сбросе пароля",account
Могу ли я ввести свой дополнительный адрес доставки?,delivery
"Я хочу удалить товар из корзины, как мне это сделать?",product_info
"Мне нравится информация о чертовых зимних распродажах, где я могу ее получить",promo_loyalty
"Мне нужно увидеть дату покупки, как я могу это сделать",delivery
Когда дейви крокетт выжил и умер?,general_info
"Я хочу использовать ваше приложение, не могли бы вы мне помочь?",technical_issue
Как я могу купить через urwebsite,technical_issue
"Я не знаю, как мне проверить штрафы за увольнение",order_status
"Мне бы хотелось узнать больше о весенних распродажах, не могли бы вы дать мне некоторую информацию?",promo_loyalty
Где я мог подписаться на чертову корпоративную рассылку?,account
"Мне нужно обменять товар, который я купил онлайн, в магазине. как это сделать?",return_exchange
"Мне нужно поискать магазины рядом со мной, мне нужна помощь",general_info
"Я хотел бы увидеть время доставки, вы можете мне помочь?",delivery
Мне нужна помощь в просмотре платы за отмену,order_status
Помогите исправить порядок v9yh4y3k,order_status
"Мне нужна информация о твоем чертовом процессе возвращения, как я могу ее получить?",return_exchange
У вас есть бесплатный номер для связи со службой поддержки,general_info
Я хочу информацию о продажах,promo_loyalty
"Сайт не работает на моем компьютере, я хотел бы сообщить о проблеме",technical_issue
Я получил новые письма сегодня?,general_info
Помоги мне проверить часы работы твоего чертового магазина,general_info
"Я купил товар, но выбрал неправильный цвет, мне нужно обновить свой онлайн-заказ",order_status
"Нужна помощь, чтобы увидеть заказ knd8ptmn syatus",order_status
"Веб-сайт не работает на моем mac, мне нужна помощь, чтобы сообщить о проблеме",technical_issue
"Звоню, чтобы оставить отзыв о вашей продукции.",product_info
Как посмотреть статус заказа loty4sc9?,order_status
"Мне нужно использовать твое мобильное приложение, как я мог это сделать?",technical_issue
Мне нужна помощь с отправкой чертовых жалоб на продукт,other
"Я ищу информацию о чертовом товаре в магазине, помогите мне.",return_exchange
Нужна помощь в подаче иска потребителя,other
"Я не знаю, что делать, чтобы получить предмет",order_status
"Я хотел бы узнать о часах работы вашего чертового магазина, как мне получить дополнительную информацию?",general_info
"Мобильное приложение не работает на моем телефоне, могу ли я сообщить о проблеме?",technical_issue
"Хочу узнать больше о распродажах, могу дать мне некоторую информацию",promo_loyalty
Как я могу оставить отзыв о наших услугах,product_info
Проблемы с исправлением порядка wgfn46ey,order_status
"Я хочу связаться со службой поддержки клиентов, как мне это сделать?",general_info
Мне нужно поговорить с человеком,other
"Я ищу информацию о продуктах, которые могли бы мне помочь.",product_info
"Я ищу информацию о твоем чертовом процессе возвращения, где я могу ее получить?",return_exchange
"Я не понимаю, мне нужно поговорить с человеком",other
"Мне нужно запросить счет, могу ли я получить помощь",payment_refund
"Мне нужна помощь, чтобы отправить комментарий о вашем бренде",other
"Привет, у меня есть новые письма.",general_info
"Я не знаю, что делать, чтобы указать новый адрес доставки.",delivery
Как предъявить чертову претензию клиенту к вашему бизнесу?,other
"Хочу отправить жалобу, мне нужна помощь",other
"Хочу узнать больше о сроках доставки моей покупки, дашь мне некоторую информацию?",delivery
Мне нужно обменять купленный товар,return_exchange
"Я хочу найти магазин, где я могу это сделать?",general_info
Куда мне подать иск против вашего бизнеса,other
Как мне купить через ваше мобильное приложение?,technical_issue
Что было самыми длинными зданиями в мире,general_info
"Мне нужно посмотреть, сколько времени потребуется, чтобы прибыть посылка.",delivery
"Я хотел бы позвонить в службу поддержки клиентов, как я могу это сделать?",general_info
"Мне нужно подать жалобу на товар, могу ли я получить помощь?",other
Во сколько закрываются ваши магазины,general_info
"Я хотел бы поговорить с чертовым агентом-человеком, помогите мне.",other
"Я не помню свой пароль, помогите мне его сбросить",account
Как долго пройдёт путь от ньяка до коттеджа долина,delivery
"Я купил товар, но он мне не нужен, я не могу отменить этот заказ",order_status
"Мне нужно изменить мою личную информацию, помогите мне",account
Зарегистрироваться,account
"Мне нужно вернуть товар онлайн, как я могу это сделать",return_exchange
"Я хотел бы проверить наличие какого-то товара онлайн, как мне это сделать?",product_info
Время проверки 10887 поезда со станции луни во вторник,delivery
Обновить информацию на счете platinum,account
"Я хочу узнать, когда прибудет мой товар, мне нужна помощь",delivery
Где я могу найти информацию о следующих чертовых распродажах?,promo_loyalty
"Хочу использовать твое мобильное приложение, помоги мне",technical_issue
Помогите мне проверить чертову историю покупок,account
"Сайт не работает на моем мобильном телефоне, как мне сообщить об этой чертовой проблеме?",technical_issue
Как я могу найти информацию о следующих распродажах,promo_loyalty
"Сайт не работает на моем телефоне, я хочу сообщить о чертовой проблеме",technical_issue
Открыть стандартный счет для моего отца,account
Я хочу увидеть расчетное время моего заказа. не могли бы вы мне помочь?,order_status
"Мне нужна помощь, чтобы отправить предложения по продуктам",other
Могу ли я закрыть платиновый аккаунт?,account
Помогите получить мой счет №37777,payment_refund
"Я ищу информацию о следующих чертовых распродажах, ты мне поможешь?",promo_loyalty
"Я хотел бы узнать больше о следующих распродажах, ты дашь мне некоторую информацию?",promo_loyalty
Обменный курс от кад к доллару сша,payment_refund
"Товар, который я получил, неправильный, мне нужна помощь, чтобы сообщить об этом",return_exchange
"Где я могу проверить, когда прибудет моя посылка",delivery
"У меня не работает сайт на моем mac, помогите мне сообщить о чертовой проблеме.",technical_issue
"У меня есть отзыв о продукте, помогите, мистер, отправьте его",other
"Я хочу посмотреть, где мой груз, как я могу это сделать?",order_status
"Я ищу информацию о чертовых зимних распродажах, могу ли я получить помощь?",promo_loyalty
"Мне нужна помощь, чтобы узнать, где моя посылка",order_status
Помогите мне проверить комиссию за снятие средств,order_status
Как я могу отследить свой замененный товар?,order_status
"Я хотел бы сделать переводы, помогите мне",payment_refund
"Мне не хочется видеть время доставки моего заказа, как я могу это сделать?",delivery
"Моя карта не работает, мне нужно сообщить о чертовой проблеме с оплатой",payment_refund
Как посмотреть наличие товара онлайн?,product_info
Проверка счетов от джона,payment_refund
Мне нужно получить возмещение моих денег,payment_refund
Сколько стоит канадский доллар в сша?,payment_refund
"Мобильное приложение не работает на моем телефоне, я хочу сообщить о проблеме",technical_issue
Куда мне сообщить о проблемах с регистрацией,account
"Я хочу обменять товар, где я могу это сделать?",return_exchange
Сколько иен за каждый доллар,payment_refund
"Я бы хотел вернуть деньги, где мне это сделать?",return_exchange
"Мне нужно вернуть заказ онлайн, мне нужна помощь",return_exchange
"Хочу найти магазины в моем районе, могу ли я получить помощь",general_info
Я получаю чертову ошибку в приложении на своем телефоне. можете ли вы помочь мне сообщить об этом?,technical_issue
Где я могу проверить штраф за отмену,order_status
"Можно ли проверить, какие у меня способы доставки?",delivery
Заказ на обновление 8gxbriev,order_status
"Мне нужно вернуть товар, может мне поможет",return_exchange
"Я не знаю, как говорить с агентом человека",other
"Мне нужно использовать платиновый профиль, могу ли я получить помощь?",account
"Я хотел бы подать чертову жалобу на твой бренд, помоги мне.",other
"Мне нужно изменить мой онлайн-заказ, прежде чем отправлять его, не могли бы вы мне помочь?",order_status
Я больше не могу позволить себе заказ dhgf2o0e,order_status
"Я хотел бы поговорить со службой поддержки, где это сделать",general_info
Asxsistance получение вашего информационного бюллетеня,account
"Что мне нужно сделать, чтобы создать учетную запись titanium для моего отца",account
Я ищу информацию о чертовых распродажах. не могли бы вы мне помочь?,promo_loyalty
Каков обменный курс между динаром и фунтом,payment_refund
"Помогите мне узнать, в какое время доступна служба поддержки клиентов",general_info
"Мне нужно изменить покупку duckqerc, мне нужна помощь",order_status
"Я бы хотел воспользоваться твоим чертовым приложением, оно мне поможет",technical_issue
"Хочу узнать больше о чертовых зимних распродажах, найду кое-какую информацию",promo_loyalty
Долл. сша - фунт стерлингов,payment_refund
"Не могли бы вы помочь мне обменять товар, который я купил в магазине онлайн?",return_exchange
"Я бы хотел воспользоваться твоим чертовым мобильным приложением, мне нужна помощь",technical_issue
"Я ищу информацию о следующих распродажах, могу ли я получить помощь?",promo_loyalty
Можно ли сделать заказ из дели?,delivery
"Я ищу информацию о зимних распродажах, помогите мне.",promo_loyalty
"Мне нужно проверить чертову стоимость доставки, помогите мне.",delivery
"Я хотел бы проверить время доставки, мне нужна помощь",delivery
Я хочу обменять товар в магазине,return_exchange
"Ищу информацию о следующих распродажах, мне нужна помощь",promo_loyalty
Я хотел бы сообщить об ошибках в купленном мной продукте. не могли бы вы мне помочь?,product_info
Я хочу сообщить об ошибках в купленном мной продукте. где я могу это сделать?,product_info
"Я хочу проверить вашу политику возврата, помогите мне.",payment_refund
"Я хотел бы совершить гребаные платежи, могу ли я получить помощь?",payment_refund
Я не могу говорить с агентом,other
"Сайт не работает на моем устройстве, помогите мне сообщить об этой чертовой проблеме",technical_issue
Мне нужно отправить комментарий о вашей компании.,other
"Мне нужна помощь, чтобы узнать, какие варианты оплаты вы принимаете",payment_refund
Как мне использовать приложение ru,technical_issue
"Мне нужно произвести оплату, вы можете мне помочь?",payment_refund
"Я хочу чертову учетную запись пользователя, могу ее создать",account
"Я хочу сообщить о чертовски неправильных товарах, мне нужна помощь",return_exchange
Возникла проблема с отправкой дополнительного адреса доставки.,delivery
"Я бы хотел поговорить с кем-нибудь, где я мог бы это сделать",other
"Мне нужна информация о продуктах, как я могу ее получить?",product_info
"Мобильное приложение не работает на моем мобильном телефоне, я хочу сообщить о чертовой проблеме",technical_issue
Как мне поговорить с кем-то?,other
"У меня есть предложение по улучшению вашего продукта, можете ли вы его прислать?",other
"Моя посылка потерялась, мне нужна помощь, чтобы сообщить о проблеме с доставкой",delivery
"Мне нужно запросить возмещение, где я могу это сделать",return_exchange
Где проверить наличие чертового товара,product_info
"Мне нужно вернуть товар, который я купил в магазине онлайн, как я могу это сделать",return_exchange
"Мне нужно использовать профиль platinum, как это сделать?",account
Я ищу информацию о зимних распродажах,promo_loyalty
"Мобильное приложение не работает на моем устройстве, мне нужна помощь, чтобы сообщить об ошибке",technical_issue
"Я бы хотел удалить товар из корзины, мне нужна помощь",product_info
"Я заказал чертову вещь, но не получил счет, помогите мне ее скачать.",payment_refund
"Моя посылка неполная, мне нужна помощь, чтобы сообщить о неполной поставке",delivery
Можно ли поговорить со службой поддержки клиентов,general_info
"Мне нужно отправить отзыв о продукте, мне нужна помощь",other
Нужно изменить порядок wd0fbxt1,order_status
"Я хотел бы узнать больше о следующих распродажах, могу дать мне некоторую информацию",promo_loyalty
Я бы хотел сообщить о проблемах с доставкой моего груза. где мне это сделать?,delivery
"Я бы хотел использовать твое мобильное приложение, как мне это сделать?",technical_issue
"Мне нужно проверить наличие какого-то товара в магазине, это может мне помочь.",product_info
Хочу узнать об отмене подписки на новостную рассылку моей компании,account
"Мне нужно отправить отзыв о вашем бренде, вы можете мне помочь?",other
Сколько евро 1 доллар?,payment_refund
"Я не могу открыть счет, мне нужно сообщить о проблеме с регистрацией",account
"Я хотел бы использовать ваше мобильное приложение, как мне это сделать?",technical_issue
"Я ищу информацию о твоих чертовых часах работы, ты мне поможешь?",general_info
Opdn титановый аккаунт,account
"Я хочу использовать ваше мобильное приложение, где я могу это сделать?",technical_issue
"Я хотел бы узнать больше о чертовых распродажах, можете ли вы дать мне некоторую информацию?",promo_loyalty
"Кто-то взломал мой профиль, помогите мне сбросить мой пароль",account
Как мне позвонить в службу поддержки клиентов?,general_info
"Что мне нужно сделать, чтобы восстановить пин-код моей учетной записи пользователя",account
"Хочу открыть счет, где это сделать",account
"Я бы хотел отменить онлайн-заказ, ты мне поможешь?",order_status
Какова цена яблочного запаса сегодня,product_info
Мне нужно связаться с человеком,other
Во сколько поезд отправляется в айову?,delivery
Я пытаюсь подать иск,other
"Я хотел бы узнать больше о твоих чертовых часах работы, можешь ли ты найти какую-нибудь информацию?",general_info
Приложение не работает на моем планшете. не могли бы вы помочь мне сообщить об ошибке?,technical_issue
Можно ли посмотреть наличие товаров онлайн,product_info
Как я могу вернуть товар в магазин,return_exchange
Мне нужно подтвердить наличие товаров в магазине. могу ли я получить помощь?,product_info
"Я хотел бы увидеть наличие этого чертового предмета, не могли бы вы мне помочь?",product_info
"Я хочу использовать ваше приложение, как это сделать?",technical_issue
Как мне получить возврат денег?,payment_refund
Могу ли я изменить заказ l9b16c1s,order_status
Как мне использовать твое мобильное приложение,technical_issue
Хочу отправить обзор продукта,other
Я хотел бы увидеть статус моего возмещения. не могли бы вы мне помочь?,payment_refund
"Я хотел бы найти свою посылку, могу ли я получить помощь?",order_status
"Мой профиль взломали, как мне сбросить пароль?",account
Мне нужно подать жалобу на ваш бренд. вы мне поможете?,other
Помоги мне отредактировать мой аккаунт,account
Можете ли вы помочь мне решить проблему с оплатой?,payment_refund
"Мне нужно воспользоваться твоим чертовым мобильным приложением, как я могу это сделать?",technical_issue
"Я хотел бы оставить комментарии о продуктах, которые могут мне помочь.",other
"Я хотел бы оплатить картой, вы можете мне помочь?",payment_refund
Проблема со сбросом ключа доступа,account
"Нужна помощь, оставлю свой отзыв об услуге",product_info
"Я ищу информацию о чертовых распродажах, как мне ее найти?",promo_loyalty
"Я сделал заказ и не получил счет, мне нужна помощь, чтобы его скачать",payment_refund
"Я звоню, чтобы подать жалобу клиента на вашу компанию.",other
Помощь в проверке чертовых штрафов за досрочный выход,order_status
Могу ли я удалить товар из корзины,product_info
Где я могу получить информацию о чертовом статусе моей замены,order_status
"Мне нужно связаться со службой поддержки, могу ли я получить помощь?",general_info
Мне нужна информация о чертовых зимних аслях.,promo_loyalty
"Могу ли я вернуть товар, купленный онлайн, в магазине",return_exchange
Можешь показать мне эту чертову историю покупок?,account
"Мне нужна помощь, чтобы найти мои счета от джона.",payment_refund
Расскажите мне о сегодняшних рыночных тенденциях для [компании],product_info
"Мне нужна информация о следующих распродажах, как я могу ее получить",promo_loyalty
У меня возникла проблема с попыткой исправить мой адрес,delivery
"Я хотел бы узнать больше о ближайших к черту магазинах, вы можете дать мне некоторую информацию?",general_info
Сколько сообщений джон смит прислал мне за последние 12 месяцев?,general_info
"Приложение не работает, мне нужна помощь, чтобы сообщить о чертовой проблеме",technical_issue
"Хочу посмотреть, как скоро мне ожидать заказ, как это сделать?",delivery
"Я ищу информацию о продажах, могу ли я получить помощь?",promo_loyalty
"Я хочу узнать больше о весенних распродажах, можете ли вы дать мне некоторую информацию?",promo_loyalty
"Ищу информацию о очередных долбаных распродажах, как мне ее получить?",promo_loyalty
"Мне нужно проверить наличие товаров в магазине, могу ли я получить помощь?",product_info
"Мне нужно воспользоваться твоим чертовым приложением, могу ли я получить помощь?",technical_issue
Я хотел бы сообщить о проблемах в купленном мной продукте. где я могу это сделать?,product_info
"Я хотел бы подтвердить наличие чертовых товаров в интернете, вы мне поможете?",product_info
"Могу ли я посмотреть, сколько времени займет доставка товара?",delivery
"Мне нужно обновить свой заказ перед использованием, это мне поможет",order_status
"Я запросил обмен, но не получил его. помогите мне отследить статус моего товара на замену.",order_status
Можно ли будет купить через ваше приложение?,technical_issue
"Мне не нужно разговаривать со службой поддержки, где мне это сделать?",general_info
"Я не знаю, что делать, чтобы поговорить с кем-то",other
"Хочу увидеть наличие товара, помогите мне",product_info
"Веб-сайт не работает, я хотел бы сообщить о проблеме",technical_issue
"Я хотел бы проверить историю заказов, как это сделать?",account
Поставки в дели,delivery
Могу ли я подать рекламацию клиента?,other
У меня возникла проблема с переводом с помощью кредитной карты. не могли бы вы помочь мне сообщить об этом?,payment_refund
Как мне изменить покупку e8tgxpc4?,order_status
"Я купил товар, но выбрал неправильный размер, мне нужно изменить заказ",order_status
"Я не могу заставить приложение работать на своем планшете, можно ли сообщить об ошибке",technical_issue
"Я разместил онлайн-заказ, хочу его отменить",order_status
"Заказанная мной посылка была раздавлена, как я могу об этом сообщить?",return_exchange
"Я хочу вернуть чертову вещь, купленную в интернет-магазине, мне нужна помощь",return_exchange
"Я хочу отменить товар, как мне это сделать?",order_status
"У меня ошибка в моей чертовой учетной записи, можно ли ее отредактировать",account
"Продукт, который я купил, работает правильно, могу ли я сообщить о проблеме с продуктом",product_info
Изменить данные в стандартном аккаунте,account
"Мне нужно найти свою чертову посылку, как мне это сделать?",order_status
"Мне нужно вернуть заказ онлайн, как я могу это сделать",return_exchange
"Я хочу узнать больше о продажах nrxt, вы найдете какую-нибудь информацию?",promo_loyalty
Где я могу оставить отзыв о вашем бренде?,other
"Я бы хотел отредактировать свой профиль, мог бы мне помочь",account
"Мне не нужно изменять свою чертову учетную запись пользователя, могу ли я получить помощь",account
"Я ищу информацию о продукте, где я могу ее получить",product_info
"Я хочу узнать больше о следующих распродажах, можешь ли ты найти какую-нибудь информацию?",promo_loyalty
"Мой продукт не работает так, как указано. помогите мне сообщить о проблеме с продуктом.",product_info
Куда я могу подать жалобу на товар?,other
У меня новый адрес электронной почты. можешь отправить e-mail?,general_info
"Я хотел бы использовать ваше приложение, где я могу это сделать?",technical_issue
"Мне нужна информация о вашем процессе возврата, как я могу ее получить?",return_exchange
"Ищу информацию о чертовых весенних распродажах, помогите.",promo_loyalty
"Какие вещи, которые я получил, неправильные, вы поможете мне сообщить о них?",return_exchange
"Мне нужно проверить твои гребаные часы покупок, могу ли я получить помощь?",general_info
"Мне не нравится то, что я купил, как я мог это увидеть",return_exchange
Можно ли обменять некоторые купленные товары kta0prfg,order_status
"Я хотел бы увидеть срок доставки моей покупки, как это сделать?",delivery
"Я ищу информацию о чертовых распродажах, помогите мне",promo_loyalty
"Мне нужно закрыть мой аккаунт, могу ли я это сделать",account
"Я хочу узнать больше о чертовой распродаже, не могли бы вы дать мне некоторую информацию?",promo_loyalty
Как я могу найти информацию о весенних распродажах,promo_loyalty
"Что мне нужно сделать, чтобы связаться с человеком?",other
"Ищу информацию о чертовых весенних распродажах, как мне ее получить?",promo_loyalty
"Доставленные продукты soem чертовски раздавлены, можете сообщить об этом",return_exchange
"Я не могу заставить сайт работать на своем телефоне, мне нужна помощь, чтобы сообщить об ошибке",technical_issue
"Я запросил обмен, но не получил его. можете ли вы помочь мне отследить статус моего замененного товара?",order_status
Я ищу информацию о чертовых распродажах. можете ли вы мне помочь?,promo_loyalty
"Нужно обменять чертову вещь, как я могу это сделать",return_exchange
"Мне нужно потребовать возврат средств, где я могу это сделать?",return_exchange
"Я хочу поговорить с человеком, как мне это сделать?",other
"Я хочу оплатить дебетовой картой, где я могу это сделать?",payment_refund
"Я совершил покупку и не получил счет, могу его получить",payment_refund
Приобрести несколько предметов,order_status
"Мне не нужна моя учетная запись, мне нужна помощь в ее удалении",account
Я бы хотел вернуть товар онлайн,return_exchange
"Мне нужна помощь, чтобы узнать, как скоро я смогу получить свой продукт",delivery
Мне нужно найти покупку pn2mefqy помогите мне,order_status
Сайт не работает на моем мобильном телефоне. можете ли вы помочь мне сообщить о проблеме?,technical_issue
"Нужно написать комментарий о ваших услугах, как я могу это сделать",product_info
"Я хочу узнать о вашей чертовой политике возмещения расходов, где я могу найти дополнительную информацию?",payment_refund
"Мне нужна информация о следующих чертовых распродажах, как мне ее найти?",promo_loyalty
"Скажите мне, в какие часы я могу связаться со службой поддержки клиентов",general_info
"Я бы хотел сделать платеж, где мне это сделать?",payment_refund
Мне нужна помощь в приобретении некоторых ваших продуктов,order_status
"Нужно сообщить о чертовых дефектах в товаре, который я купил, как это сделать",product_info
"Мне нужно обменять товар, который я купил в магазине онлайн",return_exchange
"Кто-то взломал мой пароль, можно ли его восстановить?",account
"Мне нужно изменить свой заказ, прежде чем использовать его, мне нужна помощь",order_status
Мне нужна помощь в загрузке счетов от джона.,payment_refund
"Мне нужна помощь в обновлении моего заказа, прежде чем вы его отправите",order_status
Мне нужно получить мой счет № 12588,payment_refund
Доставка в индию,delivery
"Мне нужна учетная запись пользователя, можешь помочь мне ее создать?",account
"Хочу удалить товар из корзины, могу ли я это сделать",product_info
"Я хотел бы проверить часы работы твоего чертового магазина, могу ли я получить некоторую помощь?",general_info
Как я могу купить через ваше мобильное приложение,technical_issue
Как я могу связаться со службой поддержки клиентов?,general_info
"Я хотел бы исправить свои личные данные, мне нужна помощь",account
"Я крайне недоволен тем, что ваши услуги помогают подать иск.",other
Мне нужна помощь с проверкой часов работы твоего чертового магазина.,general_info
Не могли бы помочь мне отследить мою посылку,order_status
"Что мне нужно сделать, чтобы отменить покупку 0661z77g?",order_status
"Я ищу информацию о сроках доставки моего заказа, как я могу ее получить?",delivery
Мне нужно отменить онлайн-заказ,order_status
"Я указал неправильный товар, мне нужна помощь, чтобы сообщить об этом",return_exchange
"Я не знаю, что мне нужно сделать, чтобы поговорить с ассистентом",other
Где я могу заказать статью,order_status
Я хочу обновить свой адрес,delivery
Можете ли вы помочь мне настроить другой адрес доставки?,delivery
"Мне нужна помощь, чтобы удалить мою чертову учетную запись пользователя",account
Можешь помочь мне связаться с кем-нибудь,other
Название pda: как долго до xxxx airives на станции xxxxxxx,delivery
"Мне нужно позвонить в службу поддержки клиентов, как мне это сделать?",general_info
"Где я могу проверить, в какие часы я могу связаться со службой поддержки клиентов?",general_info
"Мне нужно отправить заказ обратно, я получу помощь",return_exchange
"Мне нужна помощь, чтобы увидеть плату за досрочный выход",order_status
Любые важные уведомления.,general_info
"Мне нужна помощь, чтобы открыть счет titanium для моего отца.",account
Хочу указать адрес доставки,delivery
"Я не могу сделать перевод, как сообщить о чертовых проблемах с оплатой",payment_refund
Какой у вас номер телефона службы поддержки клиентов?,general_info
Могу ли я переключить что-нибудь порядка dpdgr17c?,order_status
"Путь, пожалуйста.",delivery
"Я хочу оплатить картой, как мне это сделать?",payment_refund
"Я ищу информацию о чертовых зимних распродажах, могу ли я получить какую-нибудь помощь?",promo_loyalty
Почему я не могу указать действительный дополнительный адрес доставки,delivery
Cn я могу разместить заказ из дели?,delivery
Нужна помощь в связи с оператором,other
Кто жена обамы?,general_info
"У меня есть комментарий о продукте, как я могу его отправить",other
Мне нужно проверить процесс возврата средств. как мне это сделать?,payment_refund
Я не могу создать учетную запись titanium,account
Можно ли использовать ваше приложение?,technical_issue
Не могли бы помочь мне исправить заказ j5wmq5lv,order_status
"Я не знаю, как проверить счет #00108",payment_refund
"Мне нравится информация о чертовых расходах на рассылку, где бы она ни была, я ее получу",delivery
"Мне нужна информация о распродажах wionter, как ее найти?",promo_loyalty
"Мне нужна помощь, чтобы поговорить с чертовой службой поддержки клиентов",general_info
"Нужно использовать ваше мобильное приложение, где я могу это сделать",technical_issue
"Хочу позвонить в службу поддержки клиентов, где я могу это сделать",general_info
Удалить премиум-аккаунт,account
Как я могу поговорить с оператором,other
"Моя доставка неправильная, я хочу сообщить об этом",return_exchange
"Мне нужна учетная запись пользователя, да!",account
"Я хотел бы увидеть наличие этих чертовых предметов, не могли бы вы мне помочь?",product_info
Я получал письма от тима?,general_info
Мне нужна информация о чертовом статусе моего возмещения,payment_refund
Могу ли я сообщить об ошибках при регистрации,account
Порядок редактирования cumqfixg,order_status
Я не могу добавить некоторые статьи для заказа hsrvkcu,order_status
Мне нужно воспользоваться твоим чертовым мобильным папой.,technical_issue
Мне нужна помощь в исправлении моего адреса,delivery
"Пожалуйста, дайте мне направление в парк рядом со мной.",delivery
"Мне нужно поговорить со службой поддержки, чтобы это сделать",general_info
"Мне нужно отправить отзыв об услуге, как это сделать?",product_info
"Я не знаю, что мне нужно сделать, чтобы найти счет-фактуру № 85632.",payment_refund
"Я не знаю, как отказаться от подписки на новостную рассылку вашей компании",account
"Где я могу проверить, в какие часы я могу обратиться в службу поддержки клиентов",general_info
Мне бы хотелось узнать больше о чертовых продажах,promo_loyalty
"Я хотел бы узнать о времени доставки, можете ли вы найти какую-нибудь информацию?",delivery
"Моя доставка не завершена, мне нужна помощь, чтобы сообщить о чертовой неполноте заказа",delivery
Сайт не работает на моем устройстве. можете ли вы помочь мне сообщить о проблеме?,technical_issue
"Я бы хотел создать учетную запись, где это сделать",account
"Мобильное приложение не работает, могу ли я сообщить об ошибке?",technical_issue
"Мне нравится информация о весенних распродажах, как ее найти?",promo_loyalty
"Я купил товар, но он мне не нужен, я хочу отменить заказ",order_status
Есть ли электронное письмо для связи со службой поддержки?,general_info
Мне нужно приобрести продукт,order_status
Я хочу оставить отзыв о вашей компании,product_info
Я пытаюсь подать жалобу клиента,other
Я бы хотел использовать ваше мобильное приложение,technical_issue
"Я хочу вернуть заказы онлайн, где мне это сделать?",return_exchange
Как мне вернуть некоторые вещи вне периода возврата?,return_exchange
"Я хочу обменять товар, купленный онлайн, в магазине, как мне это сделать?",return_exchange
"Мне нужно увидеть время доставки, как я могу это сделать",delivery
"Можете ли вы помочь мне проверить, в каких случаях я могу запросить возврат средств?",payment_refund
"Мне нужно представить идеи, вы мне поможете?",other
"Я не знаю, что мне нужно сделать, чтобы перейти на платиновый аккаунт.",account
Куда я могу подать потребительский иск против вашей компании?,other
Во сколько поезд покидает филадельфию?,delivery
Как подать жалобу клиента,other
"Я бы хотел отправить заказ обратно, как мне это сделать?",return_exchange
"Как проверить, в какое время я могу связаться со службой поддержки клиентов?",general_info
"Я хотел бы проверить, где находится моя доставка, не могли бы вы мне помочь?",order_status
Я хочу узнать больше о распродаже salex,promo_loyalty
Можете ли вы помочь мне найти ближайший ко мне магазин?,general_info
"Я хотел бы увидеть ваши варианты оплаты, где мне это сделать",payment_refund
"Хочу предложить идею по улучшению продукта, как я могу это сделать",other
"Я не знаю, как отменить заказ b8k5f7lb",order_status
"Я хотел бы вернуть товар, купленный онлайн, в магазин. можете ли вы мне помочь?",return_exchange
"Я купил товар, но он мне не нравится, могу ли я его вернуть?",return_exchange
Могу ли я отправить отзыв об услуге?,product_info
"Хочу указать дополнительный адрес доставки, как это сделать?",delivery
Поговорить со службой поддержки клиентов,general_info
"Мне нужно найти магазин поблизости, как мне это сделать?",general_info
Мне нужна помощь в восстановлении пароля моей учетной записи,account
"Я хотел бы поговорить с чертовой службой поддержки клиентов, мне нужна помощь.",general_info
Приложение не работает на моем mac. не могли бы вы помочь мне сообщить о проблеме?,technical_issue
Я не вижу твоей политики возврата денег,payment_refund
"Хочу добавить товары в корзину, как мне это сделать?",product_info
Мне нужно изменить данные моего аккаунта. не могли бы вы мне помочь?,account
Где я могу посмотреть наличие товара?,product_info
У меня возникла проблема с редактированием адреса доставки.,delivery
Есть ли адрес для отправки отзывов о вашей продукции?,product_info
Как я могу вернуть некоторые товары вне срока возврата?,return_exchange
"Приложение не работает на моем телефоне, я должен сообщить об этой чертовой проблеме",technical_issue
"Что мне нужно сделать, чтобы отменить покупку k20x0tb0?",order_status
"Я хочу подать чертову жалобу, как я могу это сделать?",other
"Я бы хотел использовать твое приложение, как мне это сделать?",technical_issue
"Приложение не работает на моем компьютере, помогите мне сообщить о проблеме",technical_issue
"Мне нужно отслеживать свой замененный продукт, могу ли я получить помощь?",order_status
"Один из чертовых товаров, которые я получил, неправильный, помогите мне сообщить об этом",return_exchange
"Мне нужна информация о чертовом продюсере, как мне ее найти?",product_info
Можно ли использовать ваше мобильное приложение,technical_issue
Можно ли вернуть некоторые вещи в магазин?,return_exchange
"Кто-то взломал мой профиль, не могли бы вы помочь мне восстановить мой пароль?",account
"Я хочу обменять товар в магазине, вы мне поможете?",return_exchange
Можете ли вы помочь мне обменять товар в магазине?,return_exchange
Как поживает ibm?,product_info
Помогите мне увидеть статус моей подписки на рассылку новостей,account
"Я бы хотел открыть счет, могу ли я получить помощь",account
Я больше не могу оплатить покупку vuzvuj46,order_status
"Моего пользователя украли, могу ли я восстановить свой пароль?",account
"Мне нужна помощь, чтобы позвонить в службу поддержки клиентов",general_info
"Я хочу представить идею продукта, мне нужна помощь",other
Как мне вернуть товар онлайн,return_exchange
Мой босс прислал мне новые письма сегодня?,general_info
"Я хочу поговорить с чертовой службой поддержки, как я могу это сделать?",general_info
"Сайт не работает на моем мобильном телефоне, могу ли я сообщить о проблеме",technical_issue
"Я ищу информацию о статусе моего возмещения, где я могу его получить",payment_refund
"Мне нужно отправить отзыв, могу ли я получить помощь?",other
Можно ли использовать твое мобильное приложение?,technical_issue
"Я сделал заказ и не получил счет, мне нужна помощь с его получением",payment_refund
"Продукт, который я получил, был поврежден, мне нужна помощь, чтобы сообщить об этом",return_exchange
Вы дадите мне информацию о продуктах?,product_info
Мобильное приложение не работает на моем планшете. можете ли вы помочь мне сообщить о проблеме?,technical_issue
"Мне нужно обменять товары, как я могу это сделать?",return_exchange
Где ближайший магазин?,general_info
"Я хочу решить проблемы с оплатой, могу ли я получить помощь?",payment_refund
"Я хотел бы вернуть товар, который я купил в магазине онлайн",return_exchange
Не могли бы вы помочь мне сообщить о чертовски неправильном продукте?,return_exchange
"Мне нужно обменять купленные мной заказы, как это сделать?",return_exchange
"Хочу узнать о твоих чертовых способах оплаты, как мне найти дополнительную информацию",payment_refund
Даст мне информацию о следующих продажах,promo_loyalty
"Я бы хотел использовать твое приложение, где это сделать",technical_issue
Показывает мне текущий статус покупки 29ufre3k,order_status
Можно ли редактировать покупку zpgtkjn2?,order_status
Я не получил все купленные товары. куда мне сообщить о неполном заказе?,delivery
Можно ли подать жалобу,other
"Мне нужна информация о чертовых продуктах, как я могу ее получить?",product_info
"Можно ли узнать, когда придет моя посылка?",delivery
"Я хотел бы поговорить с агентством, могу ли я получить помощь?",other
Помогите мне связаться с кем-нибудь,other
У меня возникла проблема с оплатой кредитной картой,payment_refund
Я хочу увидеть вашу гарантию возврата денег. как я могу это сделать?,payment_refund
"Приложение не работает на моем устройстве, мне нужно сообщить об ошибке",technical_issue
"Я хотел бы вернуть товар, купленный в интернете, в магазине, где это сделать",return_exchange
Не могли бы вы помочь мне добавить товар в корзину?,product_info
"Скажи мне, какова география в этом регионе.",general_info
"Мне нужно проверить время доставки моей покупки, могу ли я получить помощь",delivery
"Мне нужно вернуть в магазин товар, который я купил в интернете. вы мне поможете?",return_exchange
Можете ли вы помочь мне отказаться от подписки на вашу корпоративную рассылку?,account
"Мне нужно сообщить о чертовой неполной доставке, помогите мне",delivery
Помогите мне оставить отзыв о вашей продукции,product_info
Мне нужна помощь в сообщении о проблеме с оплатой,payment_refund
"Я ищу информацию о следующих распродажах, как мне ее найти?",promo_loyalty
"Я не знаю, как я могу получить денежную компенсацию",payment_refund
Мне нужна помощь в проверке часов работы вашего магазина.,general_info
"Я ищу информацию о весенних распродажах, как мне ее найти?",promo_loyalty
"Я хотел бы оставить комментарий о продукте, могу ли я получить помощь?",other
"В моей доставке поврежденный товар, не могли бы вы помочь мне сообщить об этом?",return_exchange
"Кто-то взломал мой пароль, как мне его сбросить?",account
"Нужна помощь, чтобы запросить возврат моих денег",payment_refund
"Помощь в проверке, когда придет моя статья",delivery
"Мне нужно изменить свой онлайн-заказ, прежде чем отправлять его, где мне это сделать",order_status
"Я бы хотел удалить вещи из корзины, как мне это сделать?",product_info
"Где я могу увидеть, когда придет моя посылка?",delivery
"Я хотел бы найти магазины рядом со мной, могу ли я получить помощь?",general_info
"Мне нужно обменять купленный товар, как это сделать?",return_exchange
Сколько времени на поезд из нью-йорка в покипси?,delivery
"Мне нужна информация о зимних распродажах, где я могу ее получить?",promo_loyalty
"У меня есть комментарий о твоем бренде, я бы хотел его отправить.",other
Где заказать статью?,order_status
Можно ли создать учетную запись пользователя,account
"Моя посылка не укомплектована, как я могу сообщить об отсутствующем товаре?",delivery
"Мне нужно отправить отзыв, чтобы сделать это",other
"Как я могу увидеть, какие варианты доставки доступны?",delivery
"Я хочу проверить стоимость рассылки, могу ли я это сделать?",delivery
Есть ли подъезжающий поезд из лондона в париж и во сколько?,delivery
Я хотел бы получить информацию о получении ключа доступа,account
"Хочу узнать больше о чертовых распродажах, не могли бы вы дать мне некоторую информацию?",promo_loyalty
"Я не знаю, как мне сообщить о чертовых проблемах с платежами",payment_refund
"Мне бы хотелось поискать в чертовом магазине, как я мог это сделать",general_info
"Я хотел бы узнать больше об этом чертовом продукте, не могли бы вы дать мне некоторую информацию?",product_info
Мне нужна информация об открытии счетов titanium,account
Я хотел бы проверить ваши правила возврата. не могли бы вы мне помочь?,return_exchange
"Мне не нужен мой профиль, ох, можно я его закрою",account
"Сайт не работает на моем компьютере, можно ли сообщить об этой проблеме?",technical_issue
"Мне нужно поговорить со службой поддержки, могу ли я получить помощь?",general_info
Я хотел бы предложить идею по улучшению продукта,other
У меня есть новое письмо?,general_info
"Я не знаю, как отменить покупку jmfuyl0o",order_status
Можешь ли ты помочь мне вернуть товар онлайн?,return_exchange
"Хочу оставить отзыв, ты мне поможешь?",other
Какова ставка между песо и иеной?,payment_refund
"Мне нужно обменять некоторые товары, могу ли я получить помощь?",return_exchange
"Хочу увидеть чертову стоимость пересылки, где я могу это сделать",delivery
"Мне нужна помощь, чтобы отправить обратно товар",return_exchange
Можете ли вы помочь мне составить список разрешенных способов оплаты?,payment_refund
Я должен сообщить о проблемах с оплатой,payment_refund
Можешь помочь мне поговорить со службой поддержки клиентов?,general_info
Я должен подать иск,other
У меня вопрос по поводу удаления моего премиум-аккаунта,account
"Я бы хотел использовать твое приложение, мне нужна помощь",technical_issue
Каков обменный курс между сша и мексикой?,payment_refund
Я хочу подать иск против вашего бизнеса,other
"Мне нужно удалить свой аккаунт, где это сделать",account
Ищу информацию о сроках доставки,delivery
"Я хочу использовать ваше мобильное приложение, как это сделать?",technical_issue
Могу ли я предложить чертовски продукт?,other
"Мне нужна помощь, чтобы загрузить мой счет № 37777.",payment_refund
"Где проверить, когда придет мой товар?",delivery
"Сайт не работает на моем телефоне, как сообщить о проблеме",technical_issue
Искать магазины рядом со мной,general_info
"Хочу поговорить со службой поддержки, можете ли вы мне помочь?",general_info
"Я хотел бы использовать ваше мобильное приложение, могу ли я получить помощь?",technical_issue
"Мне нужна информация о чертовых весенних распродажах, как я могу ее найти?",promo_loyalty
"Напиши саре, если она сегодня свободна на завтрак.",general_info
"Мне нужно воспользоваться твоим чертовым мобильным приложением, как мне это сделать?",technical_issue
Какие последние новости на фондовом рынке?,product_info
Можете ли вы помочь мне составить претензию клиента?,other
"Мне нужна помощь, чтобы поговорить с живым агентом",other
"Мне нужна помощь, чтобы оставить отзыв о ваших услугах",product_info
"Хочу воспользоваться твоим чертовым приложением, ты мне поможешь?",technical_issue
"Приложение не работает на моем компьютере, помогите мне сообщить о чертовой проблеме",technical_issue
"Мне нужно найти ближайший магазин, как это сделать?",general_info
Редактирование платинового аккаунта,account
"Посмотри, что это слово значит.",general_info
"Некоторые товары повреждены, сообщите об этом",return_exchange
"Хочу узнать, в какое время я смогу связаться со службой поддержки",general_info
"Я хочу знать о самых дорогих магазинах, где мне найти дополнительную информацию?",general_info
"Я бы хотел убрать долбанные продукты из корзины, помогите мне.",product_info
"Я хотел бы запросить возврат средств, могу ли я получить некоторую помощь?",return_exchange
"Я хотел бы оставить комментарий о продукте, где я могу это сделать",other
Я не могу оплатить заказ 1cmfs82g,order_status
"Я бы хотел поговорить с кем-нибудь, черт возьми, мне нужна помощь",other
Я пытаюсь перейти на платиновый аккаунт,account
Как обменять товар в магазине?,return_exchange
Где я могу изменить адрес доставки?,delivery
Информация о продажах,promo_loyalty
"Есть ли поезда, отправляющиеся из нью-йорка в 8 вечера?",delivery
"Мобильное приложение не работает на моем mac, мне нужна помощь, чтобы сообщить об этой чертовой ошибке",technical_issue
"Я хотел бы поговорить с чертовой службой поддержки клиентов, где мне это сделать?",general_info
Как я мог получить информацию о чертовых распродажах,promo_loyalty
Подача потребительского иска против вашего бизнеса,other
"Мне нужно проверить часы работы твоего чертового магазина, могу ли я чем-нибудь помочь?",general_info
"Мне нужно увидеть чертову стоимость доставки, где мне это сделать?",delivery
Один из купленных мною предметов был чертовски раздавлен. вы поможете мне сообщить об этом?,return_exchange
"Я ищу информацию о следующих распродажах, может мне помочь.",promo_loyalty
Помогите сообщить о проблеме с регистрацией,account
"Я хотел бы отменить онлайн-заказ, можете ли вы мне помочь?",order_status
Помогите поговорить со службой поддержки клиентов,general_info
"Я хотел бы открыть счет, где я могу это сделать?",account
"Мне нужен аккаунт, ты поможешь мне его открыть?",account
"Хочу отправить электронное письмо в службу поддержки клиентов, как мне это сделать?",general_info
"Мне нужно проверить наличие товара, как мне это сделать?",product_info
"Мне нужно отправить чертову жалобу на ваш бренд, где это сделать?",other
"Я ищу информацию о будущих распродажах, где я могу ее найти?",promo_loyalty
Статус заказа 41t2ol87,order_status
Какова текущая цена акций...,product_info
"Я бы хотел найти магазины, как мне это сделать?",general_info
"Я хотел бы сообщить о чертовой технической проблеме, могу ли я получить помощь?",technical_issue
Показать все поезда и время ни,delivery
"Мне нужна помощь, чтобы отменить продукт",order_status
Куда отправить заказ обратно?,return_exchange
"Мне нужно найти то, что я купил, мне нужна помощь в просмотре истории моих покупок.",account
"У меня ошибка в моей гребаной учетной записи, ты поможешь мне ее изменить?",account
Можно ли отменить заказ?,order_status
"Мобильное приложение не работает на моем mac, как мне сообщить о проблеме",technical_issue
"Мне нужно обменять товар, который я купил в магазине ni store, как мне это сделать",return_exchange
"Мне нужно отменить товар, как мне это сделать?",order_status
Сколько времени на поезд...,delivery
"Мне нужно удалить учетную запись mjy, где я могу это сделать?",account
"Мне нужно узнать, в какое время я могу связаться со службой поддержки клиентов",general_info
Помощь в заказе статьи,order_status
"Я заказал чертову вещь и не получил счет, помогите мне ее скачать",payment_refund
"Я не знаю, как мне восстановить ключ доступа к моему профилю.",account
"Мне нужно проверить, в какие часы доступна поддержка клиентов",general_info
"Звоню, чтобы написать отзыв о товаре",product_info
"Не могли бы вы помочь мне обменять некоторые товары, которые я купил?",return_exchange
Как мне отправить электронное письмо в службу поддержки клиентов?,general_info
Можете ли вы помочь мне подать претензию клиента?,other
"Мне нужно сообщить о проблеме на сайте, как я могу это сделать?",technical_issue
"Я бы хотел найти свою чертову посылку, может мне помочь.",order_status
"Хочу узнать больше о весенних распродажах, могу найти некоторую информацию",promo_loyalty
"Мне нужна информация о чертовых распродажах, как мне ее найти?",promo_loyalty
"Хочу оставить отзыв о ваших услугах, помогите мне",product_info
Куда мне снова подать жалобу клиента на вашу компанию?,other
Дэн прислал мне какие-нибудь письма?,general_info
Как я могу увидеть историю заказов?,account
"Мне нужно удалить свой аккаунт, где это сделать?",account
"Я хотел бы узнать о вашей чертовой политике возврата, где я могу получить дополнительную информацию",return_exchange
"Я хочу воспользоваться твоим чертовым мобильным приложением, как мне это сделать?",technical_issue
"Я хотел бы получить информацию о зимних распродажах, где я могу ее получить?",promo_loyalty
"Нужно удалить товар из корзины, где я могу это сделать",product_info
"Сири, какой американский доллар в японском йене?",payment_refund
"Мне нужно посмотреть, сколько времени потребуется, чтобы доставить мою посылку",delivery
"Я не могу заставить сайт работать, нет моего мобильного телефона, не могли бы вы помочь мне сообщить о проблеме?",technical_issue
"Мне нужно вернуть товар онлайн, как я могу это сделать?",return_exchange
"Я купил товар, но выбрал не ту модель. мне нужно обновить онлайн-заказ.",order_status
Ответь на письмо кристи и скажи спасибо большое.,general_info
За сколько продаётся hp?,product_info
Как мне подать претензию?,other
Помоги мне проверить наличие чертового товара,product_info
"Покажи мне, как поехать в бостон через сиэтл.",delivery
Я хочу связаться с агентом,other
"Мне нужно отправить отзыв о продукте, могу ли я получить помощь?",other
"Мне нужно увидеть стоимость пересылки, как мне это сделать",delivery
"Мне нужно посмотреть, в каких случаях я могу потребовать вернуть свои деньги",payment_refund
"Какова цена акций ""сенсекса"" сейчас?",product_info
"Я хочу узнать больше о следующих гребаных распродажах, найти некоторую информацию.",promo_loyalty
Сколько [валюта_источник: доллары] в фунте?,payment_refund
Проверь почту за последние 12 часов,general_info
"Мне нужна информация о следующих распродажах, как я могу ее получить?",promo_loyalty
Как я могу оставить комментарий о товаре?,other
Нужна помощь в отправке отзыва об услуге,product_info
"Я бы хотел расплатиться чертовой картой, как мне это сделать?",payment_refund
"Хочу проверить время доставки моей покупки, мне нужна помощь",delivery
"География, пожалуйста?",general_info
Помоги мне отследить мою чертову доставку,order_status
Сведения об товарно-материальных запасах,product_info
"Опыт с тобой был плохим, помогите мне подать жалобу",other
"Один из заказанных мной товаров был чертовски поврежден во время отправки, мог бы сообщить об этом",return_exchange
"Могу ли я отменить заказ, если он уже отправлен?",order_status
"Один из продуктов, которые я купил, был чертовски раздавлен, можно ли сообщить об этом?",return_exchange
Я хотел бы получить информацию о продажах netx,promo_loyalty
"Я получаю сообщение об ошибке в приложении на своем компьютере, как мне сообщить об этом",technical_issue
"Мне нужно проверить твою чертову политику возврата, как я могу это сделать",return_exchange
"Продукт, который я получил, не работает должным образом, как я могу сообщить об ошибке продукта?",product_info
Какова ставка изменения между долларом сша и jpy,payment_refund
Могу ли я купить через ваш сайт?,technical_issue
"Я хочу повторить проблему с продуктом, как это сделать?",product_info
"Мне нужна информация о зимних распродажах, где я могу ее получить",promo_loyalty
"Я хотел бы узнать больше о чертовых распродажах, не могли бы вы найти какую-нибудь информацию?",promo_loyalty
Нужна помощь в подаче потребительского иска против вашей организации,other
"Мне нужна информация о чертовых магазинах поблизости, где я могу ее получить",general_info
"Мне нужно увидеть текущий статус заказа m9553wys, помогите мне.",order_status
"Мне нужна информация о зимних распродажах, как ее найти?",promo_loyalty
"Я хочу добавить галстуки в корзину, ты мне поможешь?",product_info
"Хочу подтвердить наличие товара в магазине, могу ли я получить помощь",product_info
"Я хочу обменять купленные мной товары, могу ли я получить помощь?",return_exchange
"Я купил товар, но выбрал не ту модель, хочу изменить свой заказ",order_status
Сколько песо я могу получить за доллар прямо сейчас?,payment_refund
Как подать претензию клиента против вашей организации,other
"Сайт не работает, я хотел бы сообщить о проблеме",technical_issue
"Я купил товар, но он мне не нужен, мне нужно отменить заказ",order_status
"Мне нужно потребовать возврат средств, как это сделать",return_exchange
"Нужно проверить наличие чертовых товаров в интернете, как я могу это сделать",product_info
"Мне нужна помощь, чтобы найти ближайший магазин",general_info
"Мне нужна информация о продажах, как я могу ее найти?",promo_loyalty
"У меня есть жалоба, помогите мне ее подать",other
"Я хочу узнать о чертовом продукте, где мне найти дополнительную информацию?",product_info
"Я хочу обменять эти заказы, которые я купил, где мне это сделать?",return_exchange
"Мне нужно вернуть товар, купленный онлайн, в магазин, где мне это сделать?",return_exchange
"Я хочу зарегистрироваться, мне нужна помощь",account
"Мне нужна информация о чертовых весенних распродажах, как мне ее найти",promo_loyalty
"Я вас не понимаю, мне нужна помощь, чтобы поговорить с агентом-человеком.",other
Я хочу отправить обратно чертову вещь. не могли бы вы мне помочь?,return_exchange
"Я не знаю, как изменить предмет покупки 2v5qznx0",order_status
Как я могу найти информацию о восстановлении ключа,account
Мне нужно увидеть чертову дату доставки моей покупки. могу ли я это сделать?,delivery
Проблема с вводом моего нового адреса доставки,delivery
Покажите мне цену на фейсбук.,product_info
Я хочу поговорить со службой поддержки клиентов,general_info
Могу ли я связаться со службой поддержки клиентов,general_info
"Мне нужна учетная запись, мне нужна помощь в ее создании",account
"Я не знаю, что мне нужно сделать, чтобы сбросить мою учетную запись пользователя ppwd",account
Помогите подать жалобу потребителя на вашу компанию,other
"Мне нужна информация о чертовых весенних распродажах, как мне ее найти?",promo_loyalty
Обновить покупку113542617735902,order_status
"Мне хотелось бы узнать больше о следующих распродажах, найти некоторую информацию",promo_loyalty
"Мне нужно проверить твои гребаные часы покупок, ты можешь мне помочь?",general_info
"Мне нужно проверить наличие товара, ты мне поможешь?",product_info
"Мне нужна помощь, чтобы изменить адрес доставки",delivery
"Нужно просмотреть мою историю покупок, вы мне поможете",account
"Как проверить, в какое время я могу позвонить в службу поддержки?",general_info
Могу ли я использовать твое приложение,technical_issue
"Мне нужна помощь, чтобы найти магазины рядом со мной",general_info
"Мне нужна информация о вашей политике возврата средств, где я могу ее получить",payment_refund
Я не могу добавить некоторые продукты для покупки mjuf2i2h,order_status
"Мне нужно поговорить с чертовым кое-кем, ты можешь мне помочь?",other
"Я бы хотел использовать ваше мобильное приложение, помогите мне.",technical_issue
Я хочу увидеть стоимость рассылки,delivery
"Мне нужно отследить свою чертову доставку, мне нужна помощь",order_status
"Я бы хотел поговорить с кем-нибудь, мне нужна помощь",other
"Мне нужна помощь, чтобы запросить возврат средств",return_exchange
Я хочу подписаться на рассылку новостей вашей компании,account
Я хочу указать адрес доставки,delivery
Как мне подать чертову потребительскую претензию?,other
Как я преобразую [валюта_источник: доллары] в песо,payment_refund
"Я хочу возмещение, ты поможешь мне его запросить?",return_exchange
Сколько стоит 1 евро в рупиях.,payment_refund
"У меня комментарий к товару, помоги мне его отправить",other
"Я хочу подтвердить наличие товара в магазине, мне нужна помощь",product_info
"Нужно найти мою посылку, как я могу это сделать",order_status
Мне нужна информация о чертовых распродажах,promo_loyalty
"Я звоню, чтобы узнать, как скоро мне ожидать посылку.",delivery
"Хочу изменить свой онлайн-заказ перед использованием, могу ли я это сделать",order_status
"Я хотел бы проверить наличие этого чертового предмета, вы можете мне помочь?",product_info
"Я хотел бы отправить жалобы на продукт, не могли бы мне помочь",other
Где я могу оставить отзыв об услуге?,product_info
"Мне нужно проверить, где находится моя посылка, где я могу это сделать?",order_status
"Я хочу добавить товары в корзину, где я могу это сделать?",product_info
"Мне нужно с кем-нибудь поговорить, как мне это сделать?",other
Я хотел бы получить счет,payment_refund
У меня проблемы с отправкой дополнительного адреса доставки,delivery
"Мне нужно сообщить о проблеме с приложением, где это сделать?",technical_issue
"Я хочу возмещение, вы поможете мне его запросить?",return_exchange
"Мне нужно поговорить с чертовым человеком, где мне это сделать?",other
"Я хочу вернуть товар, купленный онлайн, в магазин, как мне это сделать?",return_exchange
Можно ли заказать из дели?,delivery
Уведомлять об ошибках при регистрации,account
"Хочу поговорить с человеком, могу ли я получить помощь",other
"Я хочу вернуть деньги, помогите мне запросить это",return_exchange
Приложение не работает на моем мобильном телефоне. не могли бы вы помочь мне сообщить об ошибке?,technical_issue
Я пытаюсь подать жалобу от клиента,other
"Мне не нужен мой профиль, помоги мне закрыть его.",account
"Отправь письмо моему брату и скажи, что годовщина свадьбы",general_info
Показать значение гуга для носка,product_info
Я ищу информацию о весенних распродажах.,promo_loyalty
Посмотреть наличие товара онлайн,product_info
Мне нужна помощь с добавлением чертовых товаров в корзину.,product_info
"Я хотел бы оставить отзыв о продукте, мне нужна помощь",other
Помощь в предъявлении претензии клиенту против вашей организации,other
"Я хочу удалить товар из корзины, не могли бы вы мне помочь?",product_info
"Мне нужно проверить часы работы твоего чертового магазина, ты мне поможешь?",general_info
"Я не знаю, как говорить с агентом-человеком",other
"Я получил продукт не той модели, мне нужна помощь, чтобы сообщить об этом",return_exchange
"Я хотел бы узнать больше о продажах iwnter, дам мне некоторую информацию.",promo_loyalty
"Я хотел бы открыть учетную запись пользователя, как мне это сделать?",account
"Мне нужно найти свою чертову посылку, где ее взять?",order_status
Что такое обменный курс доллара,payment_refund
Мобильное приложение не работает на моем планшете. не могли бы вы помочь мне сообщить о проблеме?,technical_issue
"Я хотел бы отправить комментарий о вашем бренде, где это сделать",other
"Я хочу узнать о продукте, как я могу получить дополнительную информацию?",product_info
"Я хочу узнать больше о чертовых зимних распродажах, найти информацию",promo_loyalty
"Я не знаю, что делать, чтобы увидеть плату за отмену бронирования.",order_status
Мой заказ потерян. можете ли вы помочь мне сообщить о проблеме с доставкой?,delivery
"Я заказал чертову вещь и не получил счет, можешь ли ты мне помочь с ее получением?",payment_refund
"Мне нужно отменить товар, где мне это сделать?",order_status
У меня возникли проблемы с отправкой другого адреса доставки,delivery
Можешь мне помочь добавить товары в корзину?,product_info
"Я не знаю, что мне нужно сделать, чтобы получить счет №12588.",payment_refund
Помогите мне увидеть плату за досрочный выход,order_status
"Мне нужно поговорить с чертовым кем-нибудь, помоги мне.",other
"Мне нужно проверить наличие товара в магазине, не могли бы вы мне помочь?",product_info
Какая почта службы поддержки клиентов,general_info
Можешь дать мне информацию о чертовых весенних распродажах?,promo_loyalty
Нужна помощь с просьбой вернуть деньги,payment_refund
"Я купил товар, но выбрал не ту модель. я хотел бы изменить свой онлайн-заказ.",order_status
"Я хочу вернуть товары онлайн, мне нужна помощь",return_exchange
"Можете ли вы помочь мне проверить, как скоро я могу ожидать посылку?",delivery
"Я хотел бы узнать больше о чертовых зимних распродажах, ты найдешь какую-нибудь информацию",promo_loyalty
"Я не знаю, что мне нужно сделать, чтобы поговорить со службой поддержки клиентов.",general_info
Помогите мне восстановить мой пропуск,account
Мне нужно уведомлять об ошибках при регистрации,account
"Я хотел бы узнать больше о весенних распродажах, вы найдете какую-нибудь информацию?",promo_loyalty
Где я могу получить информацию о продукте,product_info
"Мне нужно вернуть товар, купленный онлайн, в магазин. можете ли вы мне помочь?",return_exchange
Где вокзал?,delivery
"Один из предметов в моей посылке поврежден, помогите мне сообщить об этом",return_exchange
Как мне найти информацию о очередных распродажах?,promo_loyalty
"Мне нужно увидеть твою чертову обратную почту, как я могу это сделать?",return_exchange
"Я потерял пароль, восстанови его",account
"Мне нужна помощь, чтобы отправить обратно товар.",return_exchange
"Хочу вернуть чертову вещь, которую я купил в магазине онлайн, могу ли я это сделать",return_exchange
"Нужно сообщить о технической проблеме, приложение поможет мне",technical_issue
Как удалить долбаные товары из корзины?,product_info
Я пытаюсь найти информацию об изменении адреса,delivery
"Нужно поговорить с кем-нибудь, где это сделать",other
"Я бы хотел использовать ваше мобильное приложение, где мне это сделать?",technical_issue
Что такое акции apple,product_info
Стандартная учетная запись clsoe,account
"Продукт, который я заказал, неправильный, помогите мне сообщить об этом",return_exchange
Вы дадите мне информацию о следующих продажах?,promo_loyalty
Мне нужна помощь в обмене чертовой вещи в магазине.,return_exchange
Расскажи мне о текущей цене эксксон-мобильных запасов.,product_info
"Я не могу совершать переводы, сообщаю о проблемах с оплатой",payment_refund
"Мне нужно обменять заказ, который я купил, помогите мне",return_exchange
Нужно поискать счет от джона,payment_refund
Мне нужна помощь в отправке адреса доставки,delivery
"Приложение не работает на моем компьютере, мне нужна помощь, чтобы повторить ошибку",technical_issue
"Как я могу проверить, какие способы оплаты разрешены?",payment_refund
"Я хотел бы узнать о следующих распродажах, можете ли вы найти какую-нибудь информацию?",promo_loyalty
"Я хотел бы отследить свою посылку, где я могу это сделать?",order_status
Сколько стоит доллар сша против рупии?,payment_refund
Дайте мне цену акций intel,product_info
"Приложение не работает на моем мобильном телефоне, не могли бы вы помочь мне сообщить о проблеме?",technical_issue
Мне нужна помощь в отмене itwm,order_status
"Я ищу возврат денег, помогите мне.",return_exchange
Мне не приходили письма за последние 5 часов?,general_info
"Я хочу проверить, какие варианты доставки есть",delivery
Мне нужно отправить обратно заказ,return_exchange
"Мне нужно вернуть вещи онлайн, как это сделать",return_exchange
"У меня чертовски жалоба на твой бренд, могу ли я ее отправить?",other
Можешь ли ты помочь мне изменить мою чертову учетную запись?,account
Как я могу связаться со службой поддержки клиентов,general_info
Изменить профессиональный аккаунт,account
"Я ищу информацию о чертовых распродажах, как мне ее найти",promo_loyalty
Как я могу вернуть некоторые вещи в магазин?,return_exchange
"Мне нужно вернуть в магазин товар, который я купил в интернете. могу ли я получить помощь?",return_exchange
"Я бы хотел отправить заказ обратно, ты мне поможешь?",return_exchange
"Я хотел бы проверить перерыв в заказе, могу ли я получить некоторую помощь?",account
Мне нужна помощь в проверке способов оплаты,payment_refund
У меня жалоба на продукцию,other
Я не хочу использовать твое приложение,technical_issue
"Мне нужно найти магазин рядом со мной, помоги мне",general_info
"Мне нужна помощь, чтобы вернуть товар онлайн",return_exchange
"Мне нужна помощь, чтобы сообщить о чертовых проблемах с оплатой",payment_refund
Помоги мне проверить наличие этого чертового товара,product_info
Мне нужна помощь в отмене премиум-аккаунта,account
Как добавить товар к покупке vh13ta8z?,order_status
"Нужно сообщить о проблемах с доставкой моего заказа, где это сделать",delivery
Возместить 10 долларов,payment_refund
"Я хотел бы вернуть товар онлайн, как я могу это сделать?",return_exchange
"Хочу узнать о твоем чертовом процессе возврата денег, дай мне немного информации",payment_refund
Пришлите мне счет №00108,payment_refund
"Кто-то украл мой профиль, сбрось пароль",account
"Я хочу отследить свой возврат средств, как мне это сделать?",payment_refund
"Мне нужна помощь, чтобы узнать, в какое время я могу позвонить в службу поддержки клиентов",general_info
"Я не знаю, как я могу оставить комментарий для твоих людей",product_info
"Я ищу информацию о чертовой распродаже, где ее найти?",promo_loyalty
Где я могу найти информацию о распродажах?,promo_loyalty
"Я хотел бы использовать ваше приложение, как я могу это сделать?",technical_issue
"Моя посылка прибыла чертовски поврежденной, не могли бы вы помочь мне сообщить об этом?",return_exchange
"Если я хочу обменять то, что купил, это поможет мне",return_exchange
Не могли бы вы помочь мне получить возврат денег?,return_exchange
"Моя посылка неполная, можете ли вы помочь мне сообщить о неполной доставке?",delivery
Могу ли я проверить штраф за досрочный выход,order_status
Не могли бы помочь мне проверить наличие товаров в магазине,product_info
"Нужно найти ближайший ко мне магазин, могу ли я получить помощь",general_info
Обмен валюты,payment_refund
Не могли бы вы помочь мне закрыть золотой аккаунт?,account
Составить электронную почту на новый адрес,general_info
Помогите мне подать потребительский иск,other
"Я хотел бы посмотреть, где находится мой заказ, как мне его сделать?",order_status
"Моя доставка не была вовремя, мне нужна помощь, чтобы сообщить о чертовой проблеме с доставкой",delivery
"Ищу информацию о чертовых зимних распродажах, помогите.",promo_loyalty
Можно ли добиться возврата денег?,return_exchange
У меня возникла техническая проблема с приложением на моем мобильном телефоне. помогите мне сообщить об этом.,technical_issue
"Мне нужно подать жалобу, могу ли я получить помощь?",other
"Я хотел бы запросить возврат средств, мне нужна помощь",return_exchange
Как я могу увидеть вашу политику поворота?,return_exchange
"Я хотел бы увидеть статус моего возврата, как это сделать?",payment_refund
Мне нужна помощь в добавлении товаров в корзину,product_info
"Я хотел бы узнать больше о чертовой распродаже, можете ли вы дать мне некоторую информацию?",promo_loyalty
"Нужно использовать ваше приложение, где это сделать",technical_issue
Отменить покупку00123842,order_status
"Я хочу обменять товар, где я могу это сделать?",return_exchange
Как долго мы доберемся до центра.,delivery
"Мне нужно отправить отзыв о продукте, помогите мне",other
"Я не использую свою премиум-учетную запись, мне нужна помощь, чтобы закрыть ее",account
Можете ли вы помочь мне получить возврат денег?,payment_refund
Есть что-нибудь от эмилии?,general_info
Куда я могу подать жалобу клиента на вашу компанию,other
Обновить премиум-аккаунт,account
Можешь рассказать мне больше о чертовых распродажах?,promo_loyalty
"Мне нужно обновить свой заказ, прежде чем ты его отправишь, помогите мне",order_status
"Я бы хотел воспользоваться твоим чертовым мобильным приложением, можно мне помочь?",technical_issue
"Я пытаюсь найти чертову компенсацию, помогите мне.",return_exchange
"Помогите узнать, в какое время я могу связаться со службой поддержки клиентов",general_info
"Мне нужно запросить право на забвение, где мне это сделать?",account
Я пытаюсь подать жалобу,other
Где я могу получить информацию о чертовой распродаже?,promo_loyalty
Мне нужна помощь в написании отзыва о продукте,product_info
"Я хочу найти магазины рядом со мной, помогите мне",general_info
Нужна помощь в отмене заказа dq0drmyz,order_status
Не могли бы вы помочь мне отправить товар обратно?,return_exchange
Видя плату за прекращение,order_status
Когда поезд отправляется в айову?,delivery
"Мне нужно увидеть чертову дату доставки моей покупки, мне нужна помощь.",delivery
"Мне нужна информация о твоих чертовых способах оплаты, где я могу ее получить",payment_refund
"Я хочу сообщить о чертовой технической проблеме, где я могу это сделать?",technical_issue
Не могли бы вы помочь мне добавить товары в корзину?,product_info
"Мобильное приложение не работает на моем компьютере, помогите мне сообщить о проблеме",technical_issue
Мог бы рассказать мне больше о вашей политике возврата денег,payment_refund
"Сайт не работает на моем мобильном телефоне, помогите мне сообщить о чертовой проблеме",technical_issue
Мне нужна помощь в составлении потребительской претензии,other
"Помогите мне узнать, в какие часы доступна служба поддержки клиентов",general_info
"Где я могу проверить, где моя доставка",order_status
"Хочу воспользоваться твоим чертовым приложением, могу ли я получить помощь?",technical_issue
Я пытаюсь найти информацию о часах работы твоего чертового магазина.,general_info
Как скачать твое приложение?,technical_issue
"Помогите узнать, в какие часы я могу связаться со службой поддержки",general_info
"Нужно изменить свой профиль, могу ли я получить помощь",account
Как я могу найти информацию о статусе замены продукта?,order_status
"Я не знаю, как написать отзыв об услуге.",product_info
"Ищу информацию о чертовых продуктах, где ее взять?",product_info
"Хочу использовать твое приложение, ты мне поможешь?",technical_issue
"Я бы хотел поговорить с чертовым человеком, который мог бы мне помочь.",other
"Я хотел бы знать о чертовых магазинах поблизости, я дам мне некоторую информацию",general_info
"Я хочу предложить предложения по улучшению продукта, где я могу это сделать?",other
Я хотел бы узнать о твоих чертовых способах оплаты. могу найти некоторую информацию.,payment_refund
"Я хочу воспользоваться твоим чертовым мобильным приложением, мне нужна помощь",technical_issue
"Я хочу удалить товары из корзины, где это можно сделать?",product_info
"Мобильное приложение не работает на моем компьютере, мне нужно сообщить о проблеме",technical_issue
Какая разница между вчерашними и сегодняшними ценами на акции уолмарта?,product_info
"Я хотел бы вернуть товар, как мне это сделать?",return_exchange
"Нужно использовать твое мобильное приложение, где я могу это сделать",technical_issue
"Мне нравится информация о зимних распродажах, как я могу ее получить?",promo_loyalty
Где я могу настроить дополнительный адрес доставки,delivery
Помогите поговорить с помощником,other
"Мне нужно добавить товар в корзину, помогите мне.",product_info
"Я хотел бы узнать больше о следующих распродажах, найти некоторую информацию.",promo_loyalty
Что за время путешествий отсюда до далласа поездом?,delivery
"Я звоню, чтобы подать жалобу клиента на вашу организацию",other
Не могли бы вы помочь мне отправить жалобы на продукты?,other
"Я потерял ключ доступа к своему профилю пользователя, помогите его восстановить.",account
"Я хотел бы обменять некоторые купленные вещи, где мне это сделать",return_exchange
"Я не знаю, как мне создать учетную запись titanium.",account
Как я могу использовать ваше приложение,technical_issue
Объясни мне о роке!,general_info
"Как узнать, в какое время я могу позвонить в службу поддержки клиентов",general_info
"Я совершил чертову покупку, но мне не пришел счет, как мне ее скачать",payment_refund
"Мой заказ отменен, помогите мне сообщить об этом",return_exchange
"Мне нужно поговорить с чертовым человеком, где я могу это сделать",other
"Мне нужно посмотреть чертову историю заказов, что мне делать?",account
"Сайт не работает на моем мобильном телефоне, помогите мне сообщить о проблеме",technical_issue
"Я хочу воспользоваться твоим чертовым приложением, черт возьми.",technical_issue
"Я ищу информацию о чертовых весенних распродажах, мне нужна помощь.",promo_loyalty
"Я ищу информацию о чертовых зимних распродажах, где я могу ее найти?",promo_loyalty
Могу ли я увидеть статус моего возврата?,payment_refund
Изменить информацию в аккаунте platinum,account
Как использовать ваше приложение,technical_issue
"Очень полезно, могу я с кем-нибудь поболтать",other
"Мне бы хотелось увидеть срок доставки моего заказа, где это сделать",delivery
"Хочу найти магазин, как мне это сделать?",general_info
Где посмотреть чертову стоимость доставки,delivery
"Нужно отправить чертовски предложение по улучшению продукта, помогите мне",other
"Т. е. если вы хотите сообщить о неправильном продукте, это может мне помочь.",return_exchange
Можете ли вы помочь мне увидеть штрафы за досрочный выход?,order_status
Можете ли вы помочь мне подать гребаную рекламацию от клиента?,other
"Я купил товар, но он мне не нужен, как мне отменить заказ?",order_status
"Сайт не работает на моем мобильном телефоне, мне нужно сообщить о проблеме",technical_issue
Когда следующие распродажи,promo_loyalty
"Обменный курс, который я получу с иностранной валютой",payment_refund
"Я не вижу наличия чертовых товаров в магазине, мне нужна помощь",product_info
Валютные курсы,payment_refund
"Мне нужно добавить товары в корзину, как мне это сделать?",product_info
"Я не знаю, как мне увидеть штрафы за увольнение",order_status
Я хотел бы сообщить о проблемах с доставкой моего груза. вы мне поможете?,delivery
Правильные данные платинового аккаунта,account
"Мой адрес изменился, мне нужна помощь в его изменении",delivery
Как написать отзыв?,product_info
"Я хотел бы отправить отзывы о продуктах, где я могу это сделать",other
"Нужна помощь, чтобы узнать, когда прибудет мой заказ",delivery
"Мне нужно отправить комментарий к товару, где это сделать?",other
"Я хотел бы вернуть товар, купленный онлайн в магазине, вы мне поможете?",return_exchange
Я хочу удалить товар из корзины,product_info
Мне нужна помощь в поиске моего гребаного онлайн-заказа.,order_status
"Мне нужно вернуть заказ онлайн, помогите мне.",return_exchange
"Хочу вернуть заказы онлайн, где это сделать",return_exchange
Я хочу подтвердить наличие товара онлайн,product_info
"Я хотел бы использовать ваше мобильное приложение, как это сделать?",technical_issue
"Мне нравится информация о чертовом продукте, как я могу ее получить?",product_info
Мне нужно увидеть расчетное время покупки 9u2jah4c.,order_status
"Я хотел представить идеи, где мне это сделать?",other
"Приложение не работает на моем мобильном телефоне, помогите мне сообщить о чертовой проблеме",technical_issue
"Я ищу информацию о чертовом статусе моего отказа, мне нужна помощь.",payment_refund
"Приложение не работает на моем телефоне, как сообщить о проблеме?",technical_issue
Я хотел бы сообщить о проблемах с доставкой моего груза. не могли бы вы мне помочь?,delivery
Определить фотосинтез,general_info
Произошла ошибка при отправке адреса доставки,delivery
"Я ищу информацию о чертовом продукте, могу ли я получить помощь?",product_info
"Я не получил подтверждение платежа. мне нужна помощь, чтобы сообщить о проблеме с оплатой.",payment_refund
"Я недоволен вашей работой, пишите претензию.",other
"Веб-сайт не работает на моем устройстве, мне нужна помощь, чтобы сообщить об ошибке",technical_issue
"Мне нужно выехать, помогите мне",payment_refund
"Я хочу подать жалобу на продукцию, как мне это сделать?",other
"Я хотел бы узнать больше о распродажах, можете ли вы дать мне некоторую информацию?",promo_loyalty
Как пользоваться платиновым профилем?,account
Пада проверяет фондовые цены на эту продукцию.,product_info
Можете помочь мне поговорить со службой поддержки клиентов,general_info
"Мне нужно проверить, какие способы доставки доступны.",delivery
"Мне нужно просмотреть мою чертову историю заказов, можешь мне помочь?",account
"Я не могу зарегистрироваться, могу ли я сообщить о проблемах с регистрацией?",account
Помогите заказать несколько товаров,order_status
"Что это за поезд времени, приходящий из сакраменто?",delivery
"У меня проблема с моей чертовой учетной записью, не могли бы вы помочь мне изменить ее?",account
"Хочу обновить свой заказ перед отправкой, как мне это сделать?",order_status
"Веб-сайт не работает на моем компьютере, помогите мне сообщить о проблеме",technical_issue
"Я хотел бы использовать ваше приложение, могу ли я получить помощь?",technical_issue
Я не могу заставить сайт работать на своем компьютере. не могли бы вы помочь мне сообщить о чертовой проблеме?,technical_issue
"Приложение не работает на моем компьютере, как мне сообщить о проблеме",technical_issue
"Мне нужно использовать ваше приложение, вы можете мне помочь?",technical_issue
"Я бы хотел изменить свой профиль, где это сделать.",account
Ты поможешь мне отправить обратно этот заказ?,return_exchange
"Мне нужно вернуть онлайн-заказ, мне нужна помощь",return_exchange
"Я не знаю, как перейти на платиновый аккаунт",account
"Хочу увидеть твой процесс возврата, мог бы мне помочь",return_exchange
Сделать почту для джека,general_info
"Нужна помощь, просмотрите варианты доставки",delivery
Где я могу что-то заработать?,order_status
Как я могу получать информационный бюллетень твоей чертовой компании?,account
"Я ищу информацию о чертовых зимних распродажах, как мне ее найти?",promo_loyalty
"Я хотел бы использовать ваше мобильное приложение, вы можете мне помочь?",technical_issue
"Мне нравится информация о следующих чертовых распродажах, где я могу ее получить",promo_loyalty
Перечислить стоимость акций этой компании,product_info
"Мне нужна помощь, чтобы проверить статус моего возмещения",payment_refund
"Я не знаю, как мне указать адрес доставки.",delivery
Время поезда до места с длинным расстоянием,delivery
Помогите оставить блин отзыв о товарах ру,product_info
Что такое [число] евро в долл. сша?,payment_refund
"Мне нужна информация о чертовой распродаже, где ее найти?",promo_loyalty
"Я хотел бы узнать больше о зимних распродажах, найду некоторую информацию",promo_loyalty
Почта x@x.org,general_info
Еще один стандартный аккаунт,account
"Я хочу воспользоваться твоим чертовым мобильным приложением, где это сделать?",technical_issue
Проблемы с настройкой адреса доставки,delivery
"Как я могу вернуть товар, купленный онлайн, в магазине?",return_exchange
"Если бы у меня было 500 долларов, сколько бы это было иен?",payment_refund
Порядок редактирования wq4yxl3s,order_status
Где я могу купить несколько продуктов?,order_status
Я бы хотел использовать ваше приложение,technical_issue
"Мне нужна компенсация, помоги мне ее получить.",return_exchange
"Я хочу узнать больше о следующих распродажах, дайте мне немного информации.",promo_loyalty
Я должен отправить свой отзыв,product_info
"Мне нужно оставить отзыв о вашей компании, как я могу это сделать?",other
"Я хотел бы обменять товар в магазине, могу ли я получить помощь?",return_exchange
"Продюсеры, пожалуйста.",product_info
"Каков обменный курс между 500 долларов, что я фрак?",payment_refund
"Я хотел бы подтвердить наличие этого чертового товара в магазине, как мне это сделать?",product_info
"Я хотел бы узнать больше о следующих распродажах, вы дадите мне некоторую информацию?",promo_loyalty
"Мне нужна информация о ближайших распродажах, как мне ее найти?",promo_loyalty
"Мобильное приложение не работает, мне нужна помощь, чтобы сообщить об этой чертовой проблеме",technical_issue
"Мне нужна помощь, чтобы отправить отзыв о нашей компании",product_info
Как я могу получить информацию о чертовой стоимости доставки?,delivery
"Мне нужно поискать магазин, ты мне поможешь?",general_info
"Я не могу заставить приложение работать на своем планшете, как мне сообщить об ошибке?",technical_issue
"Я бы хотел вернуть этот заказ, мне нужна помощь.",return_exchange
"Мне нужна компенсация, как я могу ее получить?",return_exchange
"Я хотел бы проверить время доставки моего заказа, помогите мне",delivery
Я ищу свою чертову историю покупок. не могли бы вы мне помочь ее найти?,account
Можете ли вы помочь мне увидеть наличие этого чертового продукта в интернете?,product_info
"Я хочу удалить товары из катра, как это сделать",product_info
Помогите мне подать иск против вашей компании,other
"Приложение не работает, мне нужна помощь, чтобы сообщить о проблеме",technical_issue
Мне нужно сообщить об ошибках в продукте. как я могу это сделать?,product_info
Мне нужна помощь в поиске моего корабля,order_status
"Я хотел бы подтвердить наличие товаров в магазине, мне нужна помощь",product_info
Я ожидаю возмещения в размере 10 долларов сша.,payment_refund
Я хотел бы узнать больше о чертовых весенних распродажах. можете ли вы дать мне некоторую информацию?,promo_loyalty
"Я бы хотел использовать твое мобильное приложение, оно мне поможет",technical_issue
Я должен подать иск против твоего бизнеса,other
"Я бы хотел использовать ваше мобильное приложение, могу ли я получить помощь?",technical_issue
Мне нужна помощь в поиске счета,payment_refund
"Я не знаю, как отменить заказ r7v7e9bp",order_status
"Я ищу информацию о чертовых продуктах, могу ли я получить помощь?",product_info
Могу я получить направление к ближайшему бару?,delivery
Какая цена?,payment_refund
Могу ли я перейти на платиновый аккаунт,account
Как отменить покупку sywfcsjd?,order_status
"Я хотел бы узнать больше о чертовых продажах psring, дай мне немного информации",promo_loyalty
"Я звоню, чтобы узнать, когда придет мой товар",delivery
"Помогите узнать, в каких случаях я могу потребовать вернуть свои деньги",payment_refund
"Я не знаю, как мне поговорить со службой поддержки клиентов",general_info
"Некоторые продукты в моей посылке указаны неверно, мне нужна помощь, чтобы сообщить о них",return_exchange
Не могли бы вы помочь мне сообщить о проблемах с оплатой?,payment_refund
"Хочу подтвердить наличие чертовых товаров в интернете, мне поможет",product_info
"Мне нужно вернуть заказ, помогите мне.",return_exchange
"Мне нужна информация о зимних распродажах, как я могу ее получить?",promo_loyalty
Мне нужно позвонить в службу поддержки клиентов,general_info
"Мне нужно позвонить в службу поддержки клиентов, как я могу это сделать?",general_info
"Я не могу заставить сайт работать на моем компьютере, мне нужно сообщить об ошибке",technical_issue
"Мне нужна помощь, чтобы обновить мой адрес",delivery
Расскажи мне о моей подписке на твой информационный бюллетень,account
Можете помочь мне отправить отзыв о продукте,other
"Мое впечатление от вас было ужасным, подайте жалобу",other
"Я не знаю, что мне нужно сделать, чтобы совершить покупку",order_status
"Я не могу заплатить, где я могу заметить чертову проблему с оплатой?",payment_refund
"Хочу сделать платеж, как это сделать",payment_refund
"Мне нужно получить ваш корпоративный информационный бюллетень, мне нужна помощь",account
Не могли бы вы помочь мне подтвердить наличие этого чертового товара в интернете?,product_info
"Мне нужна информация о чертовых зимних распродажах, где я могу ее получить",promo_loyalty
Заказанная мной посылка была раздавлена. не могли бы вы помочь мне сообщить об этом?,return_exchange
"Я получаю сообщение об ошибке в приложении на своем планшете, помогите мне сообщить об этом",technical_issue
У меня возникла проблема с оплатой дебетовой картой. можете ли вы сообщить об этом?,payment_refund
Можно ли отправить отзыв о продукте?,other
"Я хотел бы узнать больше о распродажах, дайте мне некоторую информацию",promo_loyalty
Хочу помочь получить пароль моего prl-файла,account
"Я хотел бы проверить чертову стоимость пересылки, мне поможет",delivery
"Я не знаю, что сделать, чтобы оставить мнение",product_info
"Помогите узнать, в какие часы доступна служба поддержки клиентов",general_info
"Я бы хотел воспользоваться твоим чертовым мобильным приложением, ты мне поможешь?",technical_issue
"Можно ли вернуть некоторые товары, которые были по акции",return_exchange
"Я хочу поговорить с человеком, вы мне поможете?",other
"Есть ли раздел, где можно оставить отзыв о вашей продукции?",product_info
"Можете ли вы показать мне, когда прибудет мой товар?",delivery
Хочу узнать больше о чертовых весенних распродажах,promo_loyalty
Мне нужна помощь в информировании об ошибках с платежами,payment_refund
"Я хочу узнать больше о продукте, дайте мне некоторую информацию",product_info
"Продукт, который я заказал, работает неправильно, могу ли я сообщить о проблеме с продуктом",product_info
Получение счетов за восемь месяцев назад,payment_refund
Добавить товар в заказ,order_status
Информация об отмене подписки на рассылку новостей,account
"Я хотел бы отправить комментарий о твоей компании, ох, я это сделаю",other
"Мой аккаунт взломали, мне нужна помощь в восстановлении пароля",account
Что это за родной город в театре болшой?,general_info
"Мне нужна помощь, чтобы проверить счет № 12588",payment_refund
Я пытаюсь проверить твою чертову гарантию возврата денег.,payment_refund
"Мобильное приложение не работает на моем устройстве, я хочу сообщить об ошибке",technical_issue
"Я ищу информацию о чертовых весенних распродажах, могу ли я получить помощь?",promo_loyalty
Долл. сша/евро,payment_refund
Можете ли вы дать мне информацию о зимних распродажах?,promo_loyalty
Я не могу получать информационный бюллетень,account
Как скоро я могу ожидать свою покупку,delivery
Могу ли я разместить заказ из индии?,delivery
"Мне нужно обменять чертову вещь, которую я купил в магазине, мне нужна помощь",return_exchange
"Я не понимаю, как общаться с кем-то",other
Проблема с вводом вторичного адреса доставки,delivery
"Мне нужно узнать, как скоро я смогу ожидать статью",delivery
Нужна помощь в получении вызова #12588,payment_refund
"Я хотел бы вернуть товар, как это сделать?",return_exchange
Время работы поезда,delivery
"Мне нужна информация о зимних распродажах, как я могу ее получить",promo_loyalty
Сколько стоит акции фбр?,product_info
"Купленный мной продукт не работает должным образом, могу ли я сообщить о проблеме с продуктом?",product_info
"Проверить, есть ли новые сообщения по электронной почте",general_info
Сколько лет мэриан кэри?,general_info
У меня возникла проблема с настройкой нового адреса доставки.,delivery
"Товар, который я получил, был раздавлен. не могли бы вы помочь мне сообщить об этом?",return_exchange
"Я пропустил товар в покупке gbuvsr83, можете ли вы его добавить?",order_status
"Хочу проверить наличие товара в магазине, могу ли я получить помощь",product_info
"Мне нужна информация о чертовом товаре в магазине, где я могу его найти",return_exchange
"Я сделал заказ, но мне не пришел счет, помогите мне его получить",payment_refund
"Я допустил ошибку, помогите мне изменить заказ ulgums02",order_status
"Мне нужно оставить комментарий о вашей компании, как я могу это сделать?",other
"Мне нужна информация о часах работы вашего магазина, мне нужна помощь.",general_info
"Кто-то взломал мой профиль, могу ли я сбросить свой пароль?",account
Изменить заказ cff1c9t2,order_status
"Где я могу проверить, какие способы оплаты вы принимаете?",payment_refund
"Мне нужно обменять кое-какие вещи, которые я купил, мне нужна помощь",return_exchange
"Я хотел бы вернуть товар, купленный в интернете, в магазине, где я могу это сделать",return_exchange
Когда начнутся следующие продажи,promo_loyalty
"Помогите мне проверить, какие способы доставки доступны",delivery
Как сообщить о проблемах с регистрацией,account
"Нужна помощь, чтобы подписаться на информационный бюллетень компании",account
"Мне нравится информация о продажах, как я могу ее получить?",promo_loyalty
"Я тебя не понимаю, помоги мне поговорить с чертовым человеком.",other
Пытаюсь найти информацию о чертовых весенних распродажах,promo_loyalty
Как я могу скачать твое приложение,technical_issue
"Нужно сообщить о технической проблеме с мобильным приложением, мне поможет",technical_issue
"Мне нужно проверить твои часы работы, где это сделать",general_info
"Я хотел бы узнать больше о чертовых зимних распродажах, можете ли вы дать мне некоторую информацию?",promo_loyalty
"Мне нужно оплатить дебетовой картой, как я могу это сделать?",payment_refund
"Мне нужно проверить, какие способы доставки у меня есть.",delivery
"Мне нужна информация о продажах, где я могу ее получить?",promo_loyalty
Мне нужна помощь в отправке отзыва о продукте,other
"У меня есть комментарий о твоем бренде, мне нужна помощь, чтобы отправить его",other
У меня техническая проблема с приложением. помогите мне не сообщить об этом.,technical_issue
"Где я могу увидеть, когда мой товар прибудет?",delivery
Могу дать мне информацию о весенних распродажах,promo_loyalty
"Я хотел бы использовать ваше приложение, как мне это сделать?",technical_issue
"Я не могу заставить сайт работать на своем mac, помогите мне сообщить о чертовой проблеме",technical_issue
Есть что-нибудь по электронной почте за последний час?,general_info
"Я хотел бы проверить время доставки, помогите мне.",delivery
"Мне нужно посмотреть часы работы твоего чертового магазина, где это посмотреть",general_info
"Хочу узнать больше о чертовых распродажах, можешь ли ты найти какую-нибудь информацию?",promo_loyalty
"Я хотел бы поговорить с кем-нибудь, как мне это сделать?",other
"Я бы хотел воспользоваться твоим чертовым приложением, ты можешь мне помочь?",technical_issue
"Мне нужна информация о чертовых распродажах, как ее найти?",promo_loyalty
"Мне нужно вернуть заказ, только где мне это сделать",return_exchange
"Мне нужна информация о чертовых распродажах, где я могу ее получить?",promo_loyalty
Я пытаюсь отредактировать покупку 7vyz8kup,order_status
Жду рибейт 10 долларов,payment_refund
Я не могу сообщить об ошибках при регистрации,account
"Мне нужно купить кое-какие вещи, могу ли я получить помощь?",order_status
"Хочу отправить электронное письмо в службу поддержки клиентов, могу ли я это сделать",general_info
"Сайт не работает на моем мобильном телефоне, как сообщить об ошибке",technical_issue
"Помогите мне вернуть товар, который я купил в магазине онлайн",return_exchange
"Я хотел бы предложить чертову идею по улучшению продукта, как я могу это сделать?",other
"Этот товар, который я получил, неправильный, можете ли вы помочь мне сообщить об этом?",return_exchange
У меня возникают ошибки при попытке изменить адрес доставки.,delivery
"Мне нужно найти ближайший ко мне магазин, где я могу это сделать?",general_info
"Хочу открыть чертову учетную запись пользователя, где я могу это сделать",account
Можно ли сбросить ключ моей учетной записи?,account
Можно ли получить возмещение моих денег,payment_refund
"Мне нужно проверить статус замены, помогите мне",order_status
"Хочу узнать о продукте, могу найти некоторую информацию",product_info
"Я ищу информацию о чертовых распродажах, как мне ее получить?",promo_loyalty
"Я хочу узнать стоимость доставки, где мне это сделать?",delivery
"Хочу удалить вещи из корзины, мне нужна помощь",product_info
Мне нужна помощь в восстановлении пароля моей учетной записи usrr,account
Мне нужна информация об этих чертовых распродажах,promo_loyalty
Можете ли вы помочь мне увидеть плату за отмену?,order_status
Прислал мне какие-нибудь письма?,general_info
"Мне нужно купить кое-какие продукты, как я могу это сделать?",order_status
Помогите оставить отзыв о вашей продукции,product_info
"Сколько евро я получу за 100,00 [валюта: доллары]",payment_refund
Я хотел бы узнать больше о следующих распродажах. можете ли вы дать мне некоторую информацию?,promo_loyalty
Помощь в получении возмещения,payment_refund
"Что мне нужно сделать, чтобы узнать, когда придет моя статья?",delivery
Я забыл включить товар в покупку 7wgekza5,order_status
Куда я могу отправить обратно этот товар?,return_exchange
Сколько стоит билет на поезд до денвера отсюда?,delivery
"Мне нужна информация о чертовых зимних распродажах, как мне ее найти?",promo_loyalty
Что такое 50 кг в фунтах?,general_info
"Я купил товар, но он мне не нужен, как я могу отменить этот заказ?",order_status
"Хочу узнать больше о времени доставки, найдите некоторую информацию",delivery
"Я хочу отправить электронное письмо в службу поддержки клиентов, где мне это сделать?",general_info
"Я хотел бы поговорить с оператором, как это сделать?",other
Мне нужно отследить возврат средств,payment_refund
"Я купил товар, отменить заказ 7kc7qf9b",order_status
"Мне нужно заплатить картой, где это сделать",payment_refund
Я пытаюсь поговорить с ассистентом,other
"Я хотел бы проверить часы работы вашего магазина, могу ли я это сделать",general_info
"Мне нужна информация о распродажах, как я могу ее получить?",promo_loyalty
"Я ищу информацию о чертовых распродажах, мне нужна помощь.",promo_loyalty
"Я хотел бы сообщить о чертовски неправильных продуктах, как мне это сделать?",return_exchange
Могу ли я оставить проклятое мнение о товаре?,product_info
"Я не знаю, как скачать счет №37777.",payment_refund
"Мобильное приложение не работает на моем компьютере, как мне сообщить о проблеме",technical_issue
"Сайт не работает, сообщите о проблеме",technical_issue
"Я бы хотел проверить, где моя посылка, мне нужна помощь",order_status
Отправиться в nsdl и искать цены,product_info
Во сколько поезд отправляется в лагос?,delivery
Я хочу получить информацию о стоимости пересылки,delivery
Каковы текущие запасы для яху?,product_info
Где я мог бы скачать твое приложение,technical_issue
"Мне нужно найти свой онлайн-заказ, где я могу это сделать",order_status
Когда последний поезд с рабочего отпуска,delivery
"Что мне нужно сделать, чтобы проверить комиссию за досрочный выход?",order_status
"Я хочу отправить товар обратно, как мне это сделать?",return_exchange
"Я не понимаю, как мне поговорить с агентом-человеком",other
"Мне нравится информация о чертовых зимних распродажах, где я могу ее найти",promo_loyalty
"Я сделал заказ и не получил счет, могу ли я его скачать",payment_refund
"Я заплатил 10 долларов за этот товар, пытаюсь получить скидку",payment_refund
"Один из купленных мной товаров был чертовски поврежден, могу ли я сообщить об этом?",return_exchange
Мне нужно отредактировать свою чертову учетную запись пользователя,account
У вас есть адрес для отправки отзыва?,product_info
Где патегония?,general_info
X цена акций компании,product_info
"Я купил товар, но выбрал неправильный цвет, как изменить мой онлайн-заказ?",order_status
"Мой продукт работает неправильно, мне нужна помощь, чтобы сообщить о проблеме с продуктом",product_info
"Я ищу информацию о чертовых весенних распродажах, как мне ее получить?",promo_loyalty
Я больше не пользуюсь про-аккаунтом и пытаюсь его удалить,account
Я хотел бы исправить свои личные данные. вы мне поможете?,account
"Мне нужна помощь, чтобы поговорить со службой поддержки клиентов",general_info
"Я ищу информацию о чертовых распродажах, мне нужна помощь",promo_loyalty
"Мне нужно удалить товар из корзины, можешь мне помочь?",product_info
"Олли, ты должен найти другой путь к моему месту назначения.",delivery
"Я не знаю, как отменить заказ nqwaovvf",order_status
"Я хотел бы вернуть товары онлайн, могу ли я получить помощь?",return_exchange
"Нужно поговорить с чертовой службой поддержки, где мне это сделать?",general_info
"Я бы хотел обменять товар в магазине, где я могу это сделать?",return_exchange
Я хотел бы узнать больше о ближайших магазинах. найдите некоторую информацию.,general_info
"Пожалуйста, выясните цену акций microsoft в насдаке.",product_info
Я не могу изменить адрес доставки,delivery
"Я не знаю, что мне нужно сделать, чтобы пообщаться с оператором",other
Мне нужна помощь в изменении товара eyxrg41m,order_status
Есть ли какие-нибудь письма с 4 часов вечера?,general_info
Могу ли я подать рекламацию клиента против вашей компании,other
"Я не могу заставить приложение работать на своем компьютере, могу ли я сообщить о проблеме",technical_issue
"Хочу сделать гребаные переводы, мне нужна помощь",payment_refund
"Я хочу вернуть купленный товар, что мне делать?",return_exchange
Куда вернуть товар онлайн,return_exchange
Я ищу возмещение,return_exchange
"Я не могу сделать перевод, как мне сообщить о проблеме с оплатой?",payment_refund
Как я могу получить информацию о чертовом статусе моего возмещения,payment_refund
Мне нужно проверить процесс возврата средств. могу ли я получить помощь?,payment_refund
"Я хотел бы узнать о ближайших к черту магазинах, не могли бы вы найти какую-нибудь информацию?",general_info
"Мне нужна информация о следующих распродажах, где я могу ее получить?",promo_loyalty
"Я хотел бы удалить офигенные товары из корзины, где это сделать?",product_info
"Я хочу добавить товар в корзину, где это можно сделать?",product_info
"Мне нужно связаться со службой поддержки клиентов, могу ли я получить помощь",general_info
"Я не могу заставить приложение работать на своем компьютере, мне нужно сообщить о проблеме",technical_issue
"Я хотел бы отправить отзыв, где мне это сделать?",other
Я ищу информацию о чертовых весенних распродажах,promo_loyalty
"Я не знаю, что мне нужно сделать, чтобы подать жалобу клиента.",other
"Мне нужно проверить часы работы, как я могу это сделать",general_info
Я заплатил 10 долларов за товар и хочу вернуть свои деньги,payment_refund
Хочу узнать больше о продажах,promo_loyalty
"Я должен сообщить о чертовых проблемах с приобретенным мной продуктом, как я могу это сделать",product_info
Я хочу узнать больше о весенних распродажах. можете ли вы дать мне некоторую информацию?,promo_loyalty
"Мне нужна помощь, чтобы отправить предложение",other
"Нужно поискать что-то, что я купил, могу ли я посмотреть историю своих заказов",account
"Я ищу информацию о зимних распродажах, где я могу ее получить?",promo_loyalty
"Я не могу заставить сайт работать, как мне сообщить об ошибке",technical_issue
"Я ищу информацию о ближайших распродажах, не могли бы вы мне помочь?",promo_loyalty
"Мне не нужен мой последний предмет, отмени заказ b6w0l0l8",order_status
"Хочу увидеть твою чертову политику возмещения расходов, мне нужна помощь",payment_refund
"Ищу информацию о чертовых весенних распродажах, где ее взять?",promo_loyalty
"Я хотел бы использовать ваше приложение, могу ли я получить помощь",technical_issue
"Приложение не работает на моем мобильном телефоне, могу ли я сообщить об этой чертовой проблеме?",technical_issue
"Хочу знать о чертовых расходах на пересылку, найдешь ли ты какую-нибудь информацию?",delivery
"Я ищу информацию о продажах, где я могу ее получить?",promo_loyalty
Хочу знать о чертовом продукте,product_info
"Я хотел бы проверить, где моя гребаная доставка, мне нужна помощь.",order_status
"Я не знаю, что мне нужно сделать, чтобы связаться с помощником",other
Могу ли я разместить заказ из дели?,delivery
Где я могу отследить свою чертову посылку?,order_status
Как я могу отправить отзыв о продукте?,product_info
"Нужно посмотреть, в какие часы я могу связаться со службой поддержки",general_info
Я не вижу статус компенсации,payment_refund
Не могли бы вы дать мне информацию о зимних распродажах?,promo_loyalty
"Я хотел бы поговорить с чертовым агентом-человеком, могу ли я получить помощь?",other
"Я бы хотел заплатить чертовой картой, ты можешь мне помочь?",payment_refund
Я хотел бы увидеть доступность этого чертового продукта в интернете.,product_info
Открытие премиум-аккаунта для жены,account
"Я бы хотел воспользоваться твоим чертовым приложением, можешь мне помочь.",technical_issue
"Я хотел бы знать о ближайших к черту магазинах, где я могу получить больше информации?",general_info
Мне нужна информация о следующих чертовых распродажах,promo_loyalty
"Мой аккаунт взломали, не могли бы вы помочь мне сбросить мой пароль?",account
"Помогите проверить, как скоро я получу свой продукт",delivery
"Я не получил посылку, мне нужна помощь, чтобы сообщить о проблеме с доставкой",delivery
Можешь рассказать мне больше о чертовой дате доставки,delivery
Не могли бы вы помочь мне вернуть товар онлайн?,return_exchange
"Мне нужно найти магазин, где я могу это сделать?",general_info
"Что ""apple"" закрыла вчера?",product_info
"Я хотел бы обменять некоторые товары, где это сделать?",return_exchange
"Есть ли электронное письмо, по которому можно отправить отзыв о вашей продукции?",product_info
"Мне нужна информация о чертовых распродажах, где я могу ее найти?",promo_loyalty
"Мне нужна помощь, чтобы узнать, где моя доставка.",order_status
Когда откроется твой магазин,general_info
Помощь в получении моего pin-кода пользователя,account
Помогите уведомить о гребаной ошибке с онлайн-платежами,payment_refund
"Есть ли адрес, по которому можно отправить отзыв о вашей компании?",product_info
"Я хотел бы использовать ваше приложение, где мне это сделать?",technical_issue
"Я хотел бы поговорить с агентом, могу ли я получить помощь?",other
Не могу добавить товар в заказ cs7q7mw4,order_status
Хочу узнать больше о весенних распродажах,promo_loyalty
Время поезда на станции гэри идёт к форту уэйну сегодня,delivery
Можете ли вы помочь мне связаться со службой поддержки клиентов?,general_info
Возникла проблема с изменением адреса доставки,delivery
У меня предмет не того размера.,return_exchange
"Мне нужно оставить комментарий, где это сделать",other
"Я хотел бы проверить статус моего возврата, как я могу это сделать?",payment_refund
Помоги мне посмотреть часы работы твоего чертового магазина,general_info
"Сайт не работает, помогите мне сообщить об ошибке",technical_issue
"Я хотел бы узнать больше о распродажах, вы найдете какую-нибудь информацию?",promo_loyalty
Я ищу информацию о продажах,promo_loyalty
"Мне нужно вернуть товар онлайн, как это сделать",return_exchange
"Я не получил свою посылку, мне нужна помощь в сообщении о проблемах с доставкой.",delivery
Мне нужна помощь с проверкой наличия этого чертового товара,product_info
Даст мне информацию о часах работы,general_info
"Я купил офигенный товар, но выбрал не ту модель, хочу обновить заказ.",order_status
"Мне нужно отправить отзыв, помогите мне",other
Могу ли я вернуть некоторые вещи в магазине,return_exchange
Куда сообщать об ошибках с регистрацией?,account
"Мне нужна информация о продажах, как я могу ее получить",promo_loyalty
"Мне нужно посмотреть твои правила возврата, где мне это сделать",return_exchange
Нужно поговорить с чертовым оператором,other
"Мой аккаунт украли, не могли бы вы помочь мне сбросить мой пароль?",account
"Я хочу проверить, где моя посылка",order_status
"Где мне узнать, в какое время я могу позвонить в службу поддержки клиентов",general_info
"Я не доволен вашей работой, подам жалобу на потребителя.",other
Где мне обменять эту чертову вещь,return_exchange
"Мне нужно проверить плату за ранний выход, мне нужна помощь",order_status
"Моя посылка была отправлена ​​не на тот адрес, я должен сообщить о чертовых проблемах с доставкой",delivery
"Мне нужна помощь, чтобы узнать, где мой груз.",order_status
Я ищу информацию о следующих распродажах. могу ли я получить помощь?,promo_loyalty
Мне нужна помощь с добавлением продукта для покупки upt0biq1.,order_status
"Мне нужно отправить предложения по продуктам, где я могу это сделать?",other
Помогите мне проверить статус возврата,payment_refund
"Мой заказ был утерян, как мне сообщить о проблемах с доставкой?",delivery
Хочу помочь поговорить с человеком,other
Создать новую учетную запись titanium для дочери,account
"Мне нужна информация о чертовых весенних распродажах, где я могу ее получить?",promo_loyalty
Я ищу информацию о продажах. не могли бы вы мне помочь?,promo_loyalty
Я хочу подать жалобу на вашу компанию,other
Как я могу проверить наличие чертовых товаров онлайн?,product_info
Информация об аннулировании моего премиум-аккаунта,account
"Я хотел бы узнать о вашей политике возврата денег, можете ли вы найти некоторую информацию?",payment_refund
Как пользоваться приложением ру,technical_issue
"Мне нужна помощь, чтобы поговорить с кем-нибудь",other
"Я хотел бы узнать больше о чертовых продажах, можете ли вы дать мне некоторую информацию?",promo_loyalty
Я хочу сообщить о технической проблеме с приложением. мне нужна помощь.,technical_issue
"Мне нужно найти ближайший магазин, могу ли я получить помощь?",general_info
"Мне нужно поговорить с агентом, мог бы мне помочь",other
"Я не понимаю, ты не мог бы помочь мне поговорить с чертовым человеком",other
"Я совершил покупку и не получил счет-фактуру, не могли бы вы его получить?",payment_refund
"Мне нужно отправить товар обратно, где я могу это сделать?",return_exchange
Текущие ставки на предпоследние периоды,payment_refund
Хочу сообщить об ошибках продукта,product_info
Есть ли способ оставить отзыв о вашей компании?,product_info
"Я не могу заставить сайт работать на своем компьютере, могу ли я сообщить об ошибке",technical_issue
"Не нужно проверять часы работы, помогите мне",general_info
"Хочу сообщить о проблемах в купленном мной продукте, нужно ли мне это сделать",product_info
"Где проверить, какие способы оплаты разрешены?",payment_refund
Можно ли сделать заказ из индии?,delivery
"Кто-то взломал моего пользователя, помогите мне восстановить пароль",account
Нужна помощь с отменой покупки fgkk1p85,order_status
"Мне нужно обменять товар, который я купил в магазине, ты мне поможешь?",return_exchange
"Мне нужно использовать ваше мобильное приложение, как это сделать?",technical_issue
"Я хочу воспользоваться твоим чертовым приложением, как это сделать?",technical_issue
Какова цена акций ibm?,product_info
Можете ли вы помочь мне указать новый адрес доставки?,delivery
Я стараюсь оставлять отзывы о ваших услугах.,product_info
"Я ищу информацию о зимних распродажах, могу ли я получить помощь?",promo_loyalty
Помощь в написании комментария к вашей продукции,product_info
"Я хотел бы отправить долбанную идею, как сделать продукт лучше, где я могу это сделать?",other
Можешь помочь мне купить кое-какие товары?,order_status
"Я хотел бы проверить статус моего возврата, где мне это сделать",payment_refund
Ошибка при настройке моего дополнительного адреса доставки,delivery
"Мне нужно отправить электронное письмо в службу поддержки клиентов, как я могу это сделать",general_info
"Что мне нужно сделать, чтобы пообщаться с ассистентом?",other
"Мне нужно получить возмещение, мне нужна помощь",return_exchange
Любые последние письма,general_info
Могу ли я связаться с помощником?,other
"Я хочу вернуть товар онлайн, где я могу это сделать?",return_exchange
Не могли бы вы дать мне прежний график на будущее.,product_info
"Я ищу информацию о продажах, как я могу ее получить?",promo_loyalty
"Я ищу информацию о следующих чертовых распродажах, где я могу ее получить",promo_loyalty
"Мобильное приложение не работает на моем mac, мне нужна помощь, чтобы сообщить о проблеме",technical_issue
"Алекса описывает мне, как выглядит мяч.",general_info
Не могли бы вы помочь мне вернуть товары онлайн?,return_exchange
Показать все электронные сообщения о контрактах,general_info
"Мне нужно отправить отзыв о твоем бренде, где я могу это сделать",other
"Я бы хотел воспользоваться твоим чертовым приложением, где мне это сделать?",technical_issue
Информация об аннулировании моего аккаунта titanium,account
"Я хочу получить возмещение, вы мне поможете?",return_exchange
Найти информацию о распродажах,promo_loyalty
"Я хочу посмотреть, сколько времени потребуется, чтобы прибыть росистая доставка.",delivery
"Я хотел бы знать маршрут, по которому поезд отправится в майами.",delivery
Помогите мне отследить заказ,order_status
Я хочу знать дату доставки моего заказа,delivery
"Мне нужно проверить вашу политику возмещения, где это сделать?",payment_refund
"Я хотел бы послать идеи по улучшению продукта, могу ли я получить помощь?",other
"Я хочу воспользоваться твоим чертовым мобильным приложением, как я могу это сделать?",technical_issue
"Я хочу вернуть заказы онлайн, где я могу это сделать?",return_exchange
"Нужно посмотреть часы работы вашего магазина, где это сделать",general_info
"Можно ли отменить заказ, если он не отправлен?",order_status
Каково определение этого объекта?,general_info
"Хочу использовать твое мобильное приложение, мне нужна помощь",technical_issue
"Мне нужно было произвести оплату, как я могу это сделать?",payment_refund
"Игрок, играющий в игру",general_info
"Что мне нужно сделать, чтобы удалить премиум-аккаунт",account
"Я не могу заставить сайт работать на своем компьютере, помогите мне сообщить о чертовой проблеме",technical_issue
"Я купил товар, но выбрал неправильный цвет, как я могу обновить свой онлайн-заказ?",order_status
Где я могу получить информацию о способах доставки?,delivery
В наши дни старбак много чего делает?,product_info
"Мне нужна помощь, чтобы быстро просмотреть счет № 37777.",payment_refund
Я не хочу знать больше о продажах,promo_loyalty
