chunk_id,category,source_group,source_file,source_path,header_h1,header_h2,header_h3,header_path,text,token_count
stg5_chunk_00001,delivery,faq,delivery_policy.md,backend\data\knowledge_base\delivery_policy.md,Доставка,Можно ли получить заказ курьером?,,Доставка > Можно ли получить заказ курьером?,"# Доставка
## Можно ли получить заказ курьером?

Да, заказ можно получить курьерской доставкой СДЭК.",27
stg5_chunk_00002,delivery,faq,delivery_policy.md,backend\data\knowledge_base\delivery_policy.md,Доставка,Можно ли получить заказ курьером?,Москва и Санкт-Петербург,Доставка > Можно ли получить заказ курьером? > Москва и Санкт-Петербург,"# Доставка
## Можно ли получить заказ курьером?
### Москва и Санкт-Петербург

- Срок доставки: 1–2 рабочих дня - Стоимость: 300₽ - Бесплатно при заказе от 5000₽",41
stg5_chunk_00003,delivery,faq,delivery_policy.md,backend\data\knowledge_base\delivery_policy.md,Доставка,Можно ли получить заказ курьером?,Регионы России,Доставка > Можно ли получить заказ курьером? > Регионы России,"# Доставка
## Можно ли получить заказ курьером?
### Регионы России

- Срок доставки: 3–7 рабочих дней - Стоимость: от 400₽ - Точная стоимость зависит от региона и веса - Бесплатно при заказе от 7000₽",51
stg5_chunk_00004,delivery,faq,delivery_policy.md,backend\data\knowledge_base\delivery_policy.md,Доставка,Можно ли получить заказ курьером?,Интервалы доставки,Доставка > Можно ли получить заказ курьером? > Интервалы доставки,"# Доставка
## Можно ли получить заказ курьером?
### Интервалы доставки

- 10:00–14:00 - 14:00–18:00 - 18:00–22:00

---",32
stg5_chunk_00005,delivery,faq,delivery_policy.md,backend\data\knowledge_base\delivery_policy.md,Доставка,Сколько дней идёт заказ?,,Доставка > Сколько дней идёт заказ?,"# Доставка
## Сколько дней идёт заказ?

Срок доставки зависит от выбранного способа доставки и региона.

- Курьерская доставка по Москве и Санкт-Петербургу: 1–2 рабочих дня - Курьерская доставка по регионам России: 3–7 рабочих дней - Почта России: 7–14 рабочих дней - Самовывоз из пункта выдачи СДЭК: 2–5 рабочих дней - Экспресс-доставка по Москве: в день заказа

---",96
stg5_chunk_00006,delivery,faq,delivery_policy.md,backend\data\knowledge_base\delivery_policy.md,Доставка,Какие есть способы доставки?,,Доставка > Какие есть способы доставки?,"# Доставка
## Какие есть способы доставки?

Доступны следующие способы доставки:

1. Курьерская доставка СДЭК 2. Почта России 3. Самовывоз из пунктов выдачи СДЭК 4. Экспресс-доставка по Москве

---",50
stg5_chunk_00007,delivery,faq,delivery_policy.md,backend\data\knowledge_base\delivery_policy.md,Доставка,Можно ли оформить самовывоз?,,Доставка > Можно ли оформить самовывоз?,"# Доставка
## Можно ли оформить самовывоз?

Да, можно оформить самовывоз из пунктов выдачи СДЭК.

- Более 2000 пунктов по всей России - Бесплатно при любой сумме заказа - Срок доставки в пункт: 2–5 рабочих дней - Хранение в пункте: до 7 дней бесплатно

---",64
stg5_chunk_00008,delivery,faq,delivery_policy.md,backend\data\knowledge_base\delivery_policy.md,Доставка,Есть ли экспресс-доставка?,,Доставка > Есть ли экспресс-доставка?,"# Доставка
## Есть ли экспресс-доставка?

Да, для Москвы доступна экспресс-доставка.

- Доставка в день заказа - Стоимость: 800₽ - Заказ должен быть оформлен и оплачен до 12:00 - Доставка осуществляется с 18:00 до 22:00

---",53
stg5_chunk_00009,delivery,faq,delivery_policy.md,backend\data\knowledge_base\delivery_policy.md,Доставка,Сколько стоит доставка?,,Доставка > Сколько стоит доставка?,"# Доставка
## Сколько стоит доставка?

Стоимость доставки зависит от способа и региона.",16
stg5_chunk_00010,delivery,faq,delivery_policy.md,backend\data\knowledge_base\delivery_policy.md,Доставка,Сколько стоит доставка?,Курьерская доставка,Доставка > Сколько стоит доставка? > Курьерская доставка,"# Доставка
## Сколько стоит доставка?
### Курьерская доставка

- Москва и Санкт-Петербург: 300₽ - Регионы России: от 400₽",32
stg5_chunk_00011,delivery,faq,delivery_policy.md,backend\data\knowledge_base\delivery_policy.md,Доставка,Сколько стоит доставка?,Почта России,Доставка > Сколько стоит доставка? > Почта России,"# Доставка
## Сколько стоит доставка?
### Почта России

- от 250₽",17
stg5_chunk_00012,delivery,faq,delivery_policy.md,backend\data\knowledge_base\delivery_policy.md,Доставка,Сколько стоит доставка?,Самовывоз,Доставка > Сколько стоит доставка? > Самовывоз,"# Доставка
## Сколько стоит доставка?
### Самовывоз

- бесплатно",14
stg5_chunk_00013,delivery,faq,delivery_policy.md,backend\data\knowledge_base\delivery_policy.md,Доставка,Сколько стоит доставка?,Экспресс-доставка по Москве,Доставка > Сколько стоит доставка? > Экспресс-доставка по Москве,"# Доставка
## Сколько стоит доставка?
### Экспресс-доставка по Москве

- 800₽

Также доставка может быть бесплатной при достижении минимальной суммы заказа: - от 5000₽ для Москвы и Санкт-Петербурга - от 7000₽ для регионов - от 10000₽ для Почты России

---",62
stg5_chunk_00014,delivery,faq,delivery_policy.md,backend\data\knowledge_base\delivery_policy.md,Доставка,Доставляете ли вы в регионы?,,Доставка > Доставляете ли вы в регионы?,"# Доставка
## Доставляете ли вы в регионы?

Да, мы доставляем по всей территории Российской Федерации.

Также доставка доступна в: - Республику Беларусь - Республику Казахстан

---",42
stg5_chunk_00015,delivery,faq,delivery_policy.md,backend\data\knowledge_base\delivery_policy.md,Доставка,Как отследить доставку?,,Доставка > Как отследить доставку?,"# Доставка
## Как отследить доставку?

После отправки заказа вы получите: - SMS с трек-номером - Email с трек-номером - Уведомление в личном кабинете

Отследить посылку можно: - на сайте транспортной компании - в разделе «Мои заказы»

---",67
stg5_chunk_00016,delivery,faq,delivery_policy.md,backend\data\knowledge_base\delivery_policy.md,Доставка,Можно ли изменить адрес доставки?,,Доставка > Можно ли изменить адрес доставки?,"# Доставка
## Можно ли изменить адрес доставки?

Да, адрес доставки можно изменить:

- до момента отправки заказа со склада - через личный кабинет в разделе «Мои заказы» - через службу поддержки

После отправки заказа изменение возможно только через транспортную компанию. В некоторых случаях может потребоваться доплата.

---",65
stg5_chunk_00017,delivery,faq,delivery_policy.md,backend\data\knowledge_base\delivery_policy.md,Доставка,Что проверять при получении заказа?,,Доставка > Что проверять при получении заказа?,"# Доставка
## Что проверять при получении заказа?

При получении заказа рекомендуется:

- проверить комплектность - проверить целостность упаковки - проверить товар на наличие дефектов

Если обнаружена проблема, не забирайте заказ и сразу свяжитесь со службой поддержки.",54
stg5_chunk_00018,payment,faq,payment_methods.md,backend\data\knowledge_base\payment_methods.md,Оплата,Какие есть способы оплаты?,,Оплата > Какие есть способы оплаты?,"# Оплата
## Какие есть способы оплаты?

Доступны следующие способы оплаты:

1. Банковская карта 2. СБП (Система быстрых платежей) 3. Apple Pay / Google Pay 4. Оплата при получении (наложенный платёж)

---",56
stg5_chunk_00019,payment,faq,payment_methods.md,backend\data\knowledge_base\payment_methods.md,Оплата,Можно ли оплатить заказ онлайн?,,Оплата > Можно ли оплатить заказ онлайн?,"# Оплата
## Можно ли оплатить заказ онлайн?

Да, заказ можно оплатить онлайн следующими способами:

- банковской картой - через СБП - через Apple Pay - через Google Pay

При онлайн-оплате деньги списываются сразу после оформления заказа.

---",55
stg5_chunk_00020,payment,faq,payment_methods.md,backend\data\knowledge_base\payment_methods.md,Оплата,Можно ли оплатить картой?,,Оплата > Можно ли оплатить картой?,"# Оплата
## Можно ли оплатить картой?

Да, заказ можно оплатить банковской картой.

Принимаются карты: - Visa - MasterCard - МИР - Maestro

---",37
stg5_chunk_00021,payment,faq,payment_methods.md,backend\data\knowledge_base\payment_methods.md,Оплата,Есть ли оплата при получении?,,Оплата > Есть ли оплата при получении?,"# Оплата
## Есть ли оплата при получении?

Да, доступна оплата при получении — наложенный платёж.

Условия: - дополнительная комиссия: 50₽ - доступно для заказов до 10000₽ - оплатить можно наличными или картой курьеру / в отделении

Ограничения: - недоступно для цифровых товаров - недоступно для товаров на предзаказ

---",84
stg5_chunk_00022,payment,faq,payment_methods.md,backend\data\knowledge_base\payment_methods.md,Оплата,Можно ли оплатить через СБП?,,Оплата > Можно ли оплатить через СБП?,"# Оплата
## Можно ли оплатить через СБП?

Да, доступна оплата через СБП.

- без комиссии - моментальное зачисление - оплата через приложение вашего банка

Чтобы оплатить через СБП: 1. выберите СБП при оформлении заказа 2. отсканируйте QR-код или перейдите по ссылке 3. подтвердите оплату в приложении банка

---",83
stg5_chunk_00023,payment,faq,payment_methods.md,backend\data\knowledge_base\payment_methods.md,Оплата,Можно ли оплатить через Apple Pay или Google Pay?,,Оплата > Можно ли оплатить через Apple Pay или Google Pay?,"# Оплата
## Можно ли оплатить через Apple Pay или Google Pay?

Да, доступна оплата через Apple Pay и Google Pay.

- быстрая оплата в один клик - работает на устройствах с поддержкой NFC - данные карты не передаются магазину

---",56
stg5_chunk_00024,payment,faq,payment_methods.md,backend\data\knowledge_base\payment_methods.md,Оплата,Когда списываются деньги?,,Оплата > Когда списываются деньги?,"# Оплата
## Когда списываются деньги?

Если заказ оплачен онлайн, деньги списываются сразу после оформления заказа.

---",27
stg5_chunk_00025,payment,faq,payment_methods.md,backend\data\knowledge_base\payment_methods.md,Оплата,Безопасно ли оплачивать на сайте?,,Оплата > Безопасно ли оплачивать на сайте?,"# Оплата
## Безопасно ли оплачивать на сайте?

Да, оплата на сайте безопасна.

- используется защищённое соединение SSL - данные карты не сохраняются на наших серверах - соблюдается стандарт PCI DSS

---",53
stg5_chunk_00026,payment,faq,payment_methods.md,backend\data\knowledge_base\payment_methods.md,Оплата,"Что делать, если оплата не проходит?",,"Оплата > Что делать, если оплата не проходит?","# Оплата
## Что делать, если оплата не проходит?

Если оплата не проходит:

1. проверьте правильность введённых данных карты 2. убедитесь, что на карте достаточно средств 3. проверьте, не отключены ли онлайн-платежи в банке 4. попробуйте другую карту или другой способ оплаты 5. обратитесь в службу поддержки

---",72
stg5_chunk_00027,payment,faq,payment_methods.md,backend\data\knowledge_base\payment_methods.md,Оплата,"Что делать, если деньги списались, но заказ не создался?",,"Оплата > Что делать, если деньги списались, но заказ не создался?","# Оплата
## Что делать, если деньги списались, но заказ не создался?

Если деньги списались, а заказ не создался:

- свяжитесь со службой поддержки - деньги будут возвращены автоматически в течение 3–5 дней - либо заказ будет создан вручную

---",62
stg5_chunk_00028,payment,faq,payment_methods.md,backend\data\knowledge_base\payment_methods.md,Оплата,Как возвращаются деньги?,,Оплата > Как возвращаются деньги?,"# Оплата
## Как возвращаются деньги?

При отмене заказа или возврате товара:

- деньги возвращаются на ту карту или счёт, с которого была произведена оплата - срок возврата — до 10 рабочих дней - если заказ был оплачен наложенным платежом, возврат выполняется переводом на указанные реквизиты

---",73
stg5_chunk_00029,payment,faq,payment_methods.md,backend\data\knowledge_base\payment_methods.md,Оплата,Есть ли рассрочка?,,Оплата > Есть ли рассрочка?,"# Оплата
## Есть ли рассрочка?

Нет, рассрочка в настоящий момент не предоставляется.

---",23
stg5_chunk_00030,payment,faq,payment_methods.md,backend\data\knowledge_base\payment_methods.md,Оплата,Где получить чек и документы?,,Оплата > Где получить чек и документы?,"# Оплата
## Где получить чек и документы?

После оплаты электронный чек отправляется на email.

Для юридических лиц доступны: - счёт - закрывающие документы",32
stg5_chunk_00031,promo_loyalty,faq,promo_codes.md,backend\data\knowledge_base\promo_codes.md,Промокоды и программа лояльности,Как применить промокод?,,Промокоды и программа лояльности > Как применить промокод?,"# Промокоды и программа лояльности
## Как применить промокод?

Чтобы применить промокод:

1. Добавьте товары в корзину 2. Перейдите к оформлению заказа 3. Найдите поле «У меня есть промокод» 4. Введите код (например, SALE2026) 5. Нажмите «Применить» 6. Скидка автоматически отобразится в итоговой сумме

---",83
stg5_chunk_00032,promo_loyalty,faq,promo_codes.md,backend\data\knowledge_base\promo_codes.md,Промокоды и программа лояльности,Где ввести промокод?,,Промокоды и программа лояльности > Где ввести промокод?,"# Промокоды и программа лояльности
## Где ввести промокод?

Поле для ввода промокода находится на странице оформления заказа. Найдите надпись «У меня есть промокод» и введите код перед оплатой.

---",52
stg5_chunk_00033,promo_loyalty,faq,promo_codes.md,backend\data\knowledge_base\promo_codes.md,Промокоды и программа лояльности,Почему промокод не работает?,,Промокоды и программа лояльности > Почему промокод не работает?,"# Промокоды и программа лояльности
## Почему промокод не работает?

Возможные причины:

- Истёк срок действия промокода - Промокод не распространяется на выбранные товары - Не достигнута минимальная сумма заказа - Промокод уже был использован ранее - Промокод нельзя совместить с текущей скидкой или распродажей

---",77
stg5_chunk_00034,promo_loyalty,faq,promo_codes.md,backend\data\knowledge_base\promo_codes.md,Промокоды и программа лояльности,Можно ли использовать два промокода одновременно?,,Промокоды и программа лояльности > Можно ли использовать два промокода одновременно?,"# Промокоды и программа лояльности
## Можно ли использовать два промокода одновременно?

Нет, на один заказ можно применить только один промокод.

---",33
stg5_chunk_00035,promo_loyalty,faq,promo_codes.md,backend\data\knowledge_base\promo_codes.md,Промокоды и программа лояльности,Какие правила у промокодов?,,Промокоды и программа лояльности > Какие правила у промокодов?,"# Промокоды и программа лояльности
## Какие правила у промокодов?

- Один промокод на один заказ - Промокод нужно применить до оплаты - Промокоды не возвращаются при отмене заказа - Промокоды не обмениваются на деньги

---",58
stg5_chunk_00036,promo_loyalty,faq,promo_codes.md,backend\data\knowledge_base\promo_codes.md,Промокоды и программа лояльности,Есть ли сейчас акции или скидки?,,Промокоды и программа лояльности > Есть ли сейчас акции или скидки?,"# Промокоды и программа лояльности
## Есть ли сейчас акции или скидки?

Актуальные промокоды и акции публикуются:

- На главной странице сайта - В email-рассылке - В Telegram-канале магазина - В разделе «Акции» на сайте

---",58
stg5_chunk_00037,promo_loyalty,faq,promo_codes.md,backend\data\knowledge_base\promo_codes.md,Промокоды и программа лояльности,Есть ли программа лояльности?,,Промокоды и программа лояльности > Есть ли программа лояльности?,"# Промокоды и программа лояльности
## Есть ли программа лояльности?

Да, у нас действует программа лояльности с бонусными баллами.",30
stg5_chunk_00038,promo_loyalty,faq,promo_codes.md,backend\data\knowledge_base\promo_codes.md,Промокоды и программа лояльности,Есть ли программа лояльности?,Как начисляются баллы,Промокоды и программа лояльности > Есть ли программа лояльности? > Как начисляются баллы,"# Промокоды и программа лояльности
## Есть ли программа лояльности?
### Как начисляются баллы

- За каждую покупку начисляется 5% от суммы заказа в виде бонусов - 1 бонусный балл = 1 рубль - Баллы начисляются после получения заказа",60
stg5_chunk_00039,promo_loyalty,faq,promo_codes.md,backend\data\knowledge_base\promo_codes.md,Промокоды и программа лояльности,Есть ли программа лояльности?,Как потратить бонусы,Промокоды и программа лояльности > Есть ли программа лояльности? > Как потратить бонусы,"# Промокоды и программа лояльности
## Есть ли программа лояльности?
### Как потратить бонусы

- Бонусами можно оплатить до 30% стоимости следующего заказа - При оформлении выберите «Списать бонусы» и укажите сумму - Минимальная сумма для списания: 100 баллов",65
stg5_chunk_00040,promo_loyalty,faq,promo_codes.md,backend\data\knowledge_base\promo_codes.md,Промокоды и программа лояльности,Есть ли программа лояльности?,Срок действия бонусов,Промокоды и программа лояльности > Есть ли программа лояльности? > Срок действия бонусов,"# Промокоды и программа лояльности
## Есть ли программа лояльности?
### Срок действия бонусов

Бонусы действуют 12 месяцев с момента начисления.

---",35
stg5_chunk_00041,promo_loyalty,faq,promo_codes.md,backend\data\knowledge_base\promo_codes.md,Промокоды и программа лояльности,Как узнать баланс бонусов?,,Промокоды и программа лояльности > Как узнать баланс бонусов?,"# Промокоды и программа лояльности
## Как узнать баланс бонусов?

Проверить баланс бонусов можно:

- В личном кабинете в разделе «Мои бонусы» - В мобильном приложении - Обратившись в службу поддержки

---",53
stg5_chunk_00042,promo_loyalty,faq,promo_codes.md,backend\data\knowledge_base\promo_codes.md,Промокоды и программа лояльности,Есть ли реферальная программа?,,Промокоды и программа лояльности > Есть ли реферальная программа?,"# Промокоды и программа лояльности
## Есть ли реферальная программа?

Да, вы можете пригласить друга и получить бонусы.

- За каждого приведённого друга вы получаете 500 бонусов (после его первого заказа) - Ваш друг получает промокод на 10% скидку на первый заказ - Реферальная ссылка доступна в личном кабинете",77
stg5_chunk_00043,returns_refunds,faq,return_policy.md,backend\data\knowledge_base\return_policy.md,Возврат и обмен товаров,Можно ли вернуть товар?,,Возврат и обмен товаров > Можно ли вернуть товар?,"# Возврат и обмен товаров
## Можно ли вернуть товар?

Да, вы можете вернуть товар надлежащего качества в установленные сроки.

---",30
stg5_chunk_00044,returns_refunds,faq,return_policy.md,backend\data\knowledge_base\return_policy.md,Возврат и обмен товаров,Сколько дней на возврат?,,Возврат и обмен товаров > Сколько дней на возврат?,"# Возврат и обмен товаров
## Сколько дней на возврат?

Сроки возврата зависят от категории товара:

- Электроника и бытовая техника: 14 дней с момента получения - Одежда и обувь: 30 дней с момента получения - Аксессуары и прочие товары: 14 дней с момента получения

Отсчёт начинается со дня, следующего за днём получения.

---",77
stg5_chunk_00045,returns_refunds,faq,return_policy.md,backend\data\knowledge_base\return_policy.md,Возврат и обмен товаров,Какие условия возврата?,,Возврат и обмен товаров > Какие условия возврата?,"# Возврат и обмен товаров
## Какие условия возврата?

Для возврата товар должен:

- сохранять товарный вид и потребительские свойства - быть в заводской упаковке (если она была) - иметь все ярлыки и бирки - не иметь следов использования

---",58
stg5_chunk_00046,returns_refunds,faq,return_policy.md,backend\data\knowledge_base\return_policy.md,Возврат и обмен товаров,Как оформить возврат?,Через личный кабинет,Возврат и обмен товаров > Как оформить возврат? > Через личный кабинет,"# Возврат и обмен товаров
## Как оформить возврат?
### Через личный кабинет

1. Войдите в личный кабинет 2. Перейдите в раздел «Мои заказы» 3. Выберите нужный заказ 4. Нажмите «Оформить возврат» 5. Заполните форму с указанием причины 6. Дождитесь подтверждения от поддержки",70
stg5_chunk_00047,returns_refunds,faq,return_policy.md,backend\data\knowledge_base\return_policy.md,Возврат и обмен товаров,Как оформить возврат?,Через службу поддержки,Возврат и обмен товаров > Как оформить возврат? > Через службу поддержки,"# Возврат и обмен товаров
## Как оформить возврат?
### Через службу поддержки

Напишите в чат или на email support@example-shop.ru с номером заказа.

---",38
stg5_chunk_00048,returns_refunds,faq,return_policy.md,backend\data\knowledge_base\return_policy.md,Возврат и обмен товаров,Когда вернут деньги?,,Возврат и обмен товаров > Когда вернут деньги?,"# Возврат и обмен товаров
## Когда вернут деньги?

Деньги возвращаются в течение 10 рабочих дней с момента получения товара на складе.

---",32
stg5_chunk_00049,returns_refunds,faq,return_policy.md,backend\data\knowledge_base\return_policy.md,Возврат и обмен товаров,Деньги вернут на карту?,,Возврат и обмен товаров > Деньги вернут на карту?,"# Возврат и обмен товаров
## Деньги вернут на карту?

Да, деньги возвращаются на ту карту или счёт, с которого была произведена оплата.

Если заказ был оплачен наложенным платежом, возврат выполняется переводом на указанные вами реквизиты.

---",61
stg5_chunk_00050,returns_refunds,faq,return_policy.md,backend\data\knowledge_base\return_policy.md,Возврат и обмен товаров,Компенсируется ли стоимость доставки при возврате?,,Возврат и обмен товаров > Компенсируется ли стоимость доставки при возврате?,"# Возврат и обмен товаров
## Компенсируется ли стоимость доставки при возврате?

Стоимость доставки при возврате товара надлежащего качества не компенсируется.

Исключение: если товар оказался бракованным — стоимость обратной доставки компенсируется полностью.

---",52
stg5_chunk_00051,returns_refunds,faq,return_policy.md,backend\data\knowledge_base\return_policy.md,Возврат и обмен товаров,"Что делать, если пришёл бракованный товар?",,"Возврат и обмен товаров > Что делать, если пришёл бракованный товар?","# Возврат и обмен товаров
## Что делать, если пришёл бракованный товар?

Если товар пришёл с дефектом или браком:

- обратитесь в поддержку в течение гарантийного срока - предоставьте фото или видео дефекта - стоимость обратной доставки будет компенсирована - вам предложат замену товара или возврат денег

---",69
stg5_chunk_00052,returns_refunds,faq,return_policy.md,backend\data\knowledge_base\return_policy.md,Возврат и обмен товаров,Можно ли обменять товар?,,Возврат и обмен товаров > Можно ли обменять товар?,"# Возврат и обмен товаров
## Можно ли обменять товар?

Да, товар можно обменять, если он не подошёл по размеру, цвету или модели.

Сроки обмена: - стандартные товары: 14 дней - одежда и обувь: 30 дней

Условия обмена совпадают с условиями возврата: товар должен сохранять товарный вид и упаковку.

---",81
stg5_chunk_00053,returns_refunds,faq,return_policy.md,backend\data\knowledge_base\return_policy.md,Возврат и обмен товаров,Какие товары нельзя вернуть?,,Возврат и обмен товаров > Какие товары нельзя вернуть?,"# Возврат и обмен товаров
## Какие товары нельзя вернуть?

Не подлежат возврату:

- нижнее бельё - парфюмерия и косметика после вскрытия упаковки - товары индивидуального изготовления (кастомные) - цифровые товары (ключи активации, подписки)",64
stg5_chunk_00054,returns_refunds,faq,warranty.md,backend\data\knowledge_base\warranty.md,Гарантия на товары,Какая гарантия на товар?,,Гарантия на товары > Какая гарантия на товар?,"# Гарантия на товары
## Какая гарантия на товар?

Гарантийный срок зависит от категории товара:

- Электроника и бытовая техника: 12 месяцев от производителя - Одежда и обувь: 30 дней - Аксессуары и мелкая электроника: 14 дней - Мебель: 18 месяцев

---",67
stg5_chunk_00055,returns_refunds,faq,warranty.md,backend\data\knowledge_base\warranty.md,Гарантия на товары,Можно ли продлить гарантию?,,Гарантия на товары > Можно ли продлить гарантию?,"# Гарантия на товары
## Можно ли продлить гарантию?

Да, при покупке техники можно приобрести расширенную гарантию.

- Продлевает стандартную гарантию до 24 или 36 месяцев - Покрывает больше случаев, включая случайные повреждения - Стоимость: 5–15% от цены товара

---",63
stg5_chunk_00056,returns_refunds,faq,warranty.md,backend\data\knowledge_base\warranty.md,Гарантия на товары,Что покрывает гарантия?,,Гарантия на товары > Что покрывает гарантия?,"# Гарантия на товары
## Что покрывает гарантия?

Гарантия распространяется на:

- производственный брак - дефекты материалов - неисправности при правильной эксплуатации

---",37
stg5_chunk_00057,returns_refunds,faq,warranty.md,backend\data\knowledge_base\warranty.md,Гарантия на товары,Что не является гарантийным случаем?,,Гарантия на товары > Что не является гарантийным случаем?,"# Гарантия на товары
## Что не является гарантийным случаем?

Гарантия не распространяется на:

- механические повреждения (удары, падения, царапины) - повреждения от воздействия жидкости - следы самостоятельного ремонта или вскрытия - повреждения от неправильной эксплуатации - естественный износ

---",69
stg5_chunk_00058,returns_refunds,faq,warranty.md,backend\data\knowledge_base\warranty.md,Гарантия на товары,"Что делать, если товар сломался?",,"Гарантия на товары > Что делать, если товар сломался?","# Гарантия на товары
## Что делать, если товар сломался?

Если товар вышел из строя в течение гарантийного срока:

1. Обратитесь в поддержку (чат, email, телефон) 2. Предоставьте номер заказа, описание проблемы, фото или видео дефекта 3. Мы рассмотрим обращение и предложим: - замену на новый товар - ремонт в сервисном центре - возврат денежных средств

---",80
stg5_chunk_00059,returns_refunds,faq,warranty.md,backend\data\knowledge_base\warranty.md,Гарантия на товары,Куда обращаться по гарантии?,,Гарантия на товары > Куда обращаться по гарантии?,"# Гарантия на товары
## Куда обращаться по гарантии?

- Чат на сайте - Email: support@example-shop.ru - Телефон: 8-800-123-45-67

---",40
stg5_chunk_00060,returns_refunds,faq,warranty.md,backend\data\knowledge_base\warranty.md,Гарантия на товары,Сколько длится гарантийный ремонт?,,Гарантия на товары > Сколько длится гарантийный ремонт?,"# Гарантия на товары
## Сколько длится гарантийный ремонт?

- Рассмотрение обращения: 1–2 рабочих дня - Диагностика товара: до 10 рабочих дней - Ремонт: до 45 дней - Замена товара: 3–7 рабочих дней

---",54
stg5_chunk_00061,returns_refunds,faq,warranty.md,backend\data\knowledge_base\warranty.md,Гарантия на товары,Нужно ли отправлять товар на ремонт самому?,,Гарантия на товары > Нужно ли отправлять товар на ремонт самому?,"# Гарантия на товары
## Нужно ли отправлять товар на ремонт самому?

Нет, мы организуем бесплатный забор товара курьером. Также можно лично передать товар в сервисный центр — адрес предоставит служба поддержки.

---",48
stg5_chunk_00062,returns_refunds,faq,warranty.md,backend\data\knowledge_base\warranty.md,Гарантия на товары,Можно ли обменять товар по гарантии?,,Гарантия на товары > Можно ли обменять товар по гарантии?,"# Гарантия на товары
## Можно ли обменять товар по гарантии?

Да, если товар признан бракованным после диагностики, вам могут предложить замену на аналогичный товар.

---",40
stg5_chunk_00063,returns_refunds,faq,warranty.md,backend\data\knowledge_base\warranty.md,Гарантия на товары,Обмен товара (не гарантийный случай),,Гарантия на товары > Обмен товара (не гарантийный случай),"# Гарантия на товары
## Обмен товара (не гарантийный случай)

Если товар не подошёл по размеру, цвету или модели, его можно обменять:

- Стандартные товары: в течение 14 дней - Одежда и обувь: в течение 30 дней

Условия: товар должен сохранять товарный вид, упаковку и бирки.",75
stg5_chunk_00064,order_support,rag_raw,order_status_support.md,ml\data\kb_stage5\raw\order_status_support.md,Статус заказа и отслеживание,Краткий ответ,,Статус заказа и отслеживание > Краткий ответ,"# Статус заказа и отслеживание
## Краткий ответ

Статус заказа можно проверить в личном кабинете в разделе «Мои заказы» или в мобильном приложении. После отправки заказа вы получите трек-номер для отслеживания на сайте транспортной компании. Если статус не обновляется более 3 рабочих дней, рекомендуем обратиться в службу поддержки.

---",81
stg5_chunk_00065,order_support,rag_raw,order_status_support.md,ml\data\kb_stage5\raw\order_status_support.md,Статус заказа и отслеживание,Где посмотреть статус заказа?,,Статус заказа и отслеживание > Где посмотреть статус заказа?,"# Статус заказа и отслеживание
## Где посмотреть статус заказа?

Проверить текущий статус заказа можно несколькими способами:",27
stg5_chunk_00066,order_support,rag_raw,order_status_support.md,ml\data\kb_stage5\raw\order_status_support.md,Статус заказа и отслеживание,Где посмотреть статус заказа?,На сайте,Статус заказа и отслеживание > Где посмотреть статус заказа? > На сайте,"# Статус заказа и отслеживание
## Где посмотреть статус заказа?
### На сайте

1. Войдите в личный кабинет 2. Перейдите в раздел «Мои заказы» 3. Найдите нужный заказ по номеру или дате 4. Текущий статус отображается рядом с номером заказа",63
stg5_chunk_00067,order_support,rag_raw,order_status_support.md,ml\data\kb_stage5\raw\order_status_support.md,Статус заказа и отслеживание,Где посмотреть статус заказа?,В мобильном приложении,Статус заказа и отслеживание > Где посмотреть статус заказа? > В мобильном приложении,"# Статус заказа и отслеживание
## Где посмотреть статус заказа?
### В мобильном приложении

1. Откройте приложение 2. Перейдите в раздел «Заказы» 3. Нажмите на нужный заказ для просмотра деталей",49
stg5_chunk_00068,order_support,rag_raw,order_status_support.md,ml\data\kb_stage5\raw\order_status_support.md,Статус заказа и отслеживание,Где посмотреть статус заказа?,Через службу поддержки,Статус заказа и отслеживание > Где посмотреть статус заказа? > Через службу поддержки,"# Статус заказа и отслеживание
## Где посмотреть статус заказа?
### Через службу поддержки

Если у вас нет доступа к личному кабинету, вы можете узнать статус заказа: - в чате на сайте - по email: support@example-shop.ru - по телефону: 8-800-123-45-67

Для запроса статуса через поддержку потребуется номер заказа или email, указанный при оформлении.

---",86
stg5_chunk_00069,order_support,rag_raw,order_status_support.md,ml\data\kb_stage5\raw\order_status_support.md,Статус заказа и отслеживание,Что означают статусы заказа?,Новый,Статус заказа и отслеживание > Что означают статусы заказа? > Новый,"# Статус заказа и отслеживание
## Что означают статусы заказа?
### Новый

Заказ оформлен и принят в систему. Ожидает подтверждения оператором или автоматической обработки. Обычно этот статус длится от нескольких минут до 2 часов в рабочее время.",60
stg5_chunk_00070,order_support,rag_raw,order_status_support.md,ml\data\kb_stage5\raw\order_status_support.md,Статус заказа и отслеживание,Что означают статусы заказа?,Подтверждён,Статус заказа и отслеживание > Что означают статусы заказа? > Подтверждён,"# Статус заказа и отслеживание
## Что означают статусы заказа?
### Подтверждён

Заказ подтверждён. Начинается сборка и подготовка к отправке. На этом этапе ещё можно внести изменения в заказ через службу поддержки.",59
stg5_chunk_00071,order_support,rag_raw,order_status_support.md,ml\data\kb_stage5\raw\order_status_support.md,Статус заказа и отслеживание,Что означают статусы заказа?,В сборке,Статус заказа и отслеживание > Что означают статусы заказа? > В сборке,"# Статус заказа и отслеживание
## Что означают статусы заказа?
### В сборке

Заказ передан на склад для комплектации. Товары собираются и упаковываются. Изменения в составе заказа на этом этапе уже невозможны.",58
stg5_chunk_00072,order_support,rag_raw,order_status_support.md,ml\data\kb_stage5\raw\order_status_support.md,Статус заказа и отслеживание,Что означают статусы заказа?,Передан в доставку,Статус заказа и отслеживание > Что означают статусы заказа? > Передан в доставку,"# Статус заказа и отслеживание
## Что означают статусы заказа?
### Передан в доставку

Заказ передан транспортной компании. В ближайшее время появится трек-номер для отслеживания. Обычно трек-номер становится доступен в течение 24 часов после смены статуса.",68
stg5_chunk_00073,order_support,rag_raw,order_status_support.md,ml\data\kb_stage5\raw\order_status_support.md,Статус заказа и отслеживание,Что означают статусы заказа?,В пути,Статус заказа и отслеживание > Что означают статусы заказа? > В пути,"# Статус заказа и отслеживание
## Что означают статусы заказа?
### В пути

Заказ находится в процессе доставки. Отслеживайте перемещение по трек-номеру на сайте транспортной компании или в разделе «Мои заказы».",57
stg5_chunk_00074,order_support,rag_raw,order_status_support.md,ml\data\kb_stage5\raw\order_status_support.md,Статус заказа и отслеживание,Что означают статусы заказа?,Готов к выдаче,Статус заказа и отслеживание > Что означают статусы заказа? > Готов к выдаче,"# Статус заказа и отслеживание
## Что означают статусы заказа?
### Готов к выдаче

Заказ доставлен в пункт выдачи или ожидает передачи курьеру для доставки по адресу. Хранение в пункте выдачи бесплатно до 7 дней.",57
stg5_chunk_00075,order_support,rag_raw,order_status_support.md,ml\data\kb_stage5\raw\order_status_support.md,Статус заказа и отслеживание,Что означают статусы заказа?,Доставлен,Статус заказа и отслеживание > Что означают статусы заказа? > Доставлен,"# Статус заказа и отслеживание
## Что означают статусы заказа?
### Доставлен

Заказ успешно получен. Если вы обнаружили проблему с товаром, обратитесь в поддержку в течение гарантийного срока.",48
stg5_chunk_00076,order_support,rag_raw,order_status_support.md,ml\data\kb_stage5\raw\order_status_support.md,Статус заказа и отслеживание,Что означают статусы заказа?,Отменён,Статус заказа и отслеживание > Что означают статусы заказа? > Отменён,"# Статус заказа и отслеживание
## Что означают статусы заказа?
### Отменён

Заказ был отменён по вашей инициативе или по техническим причинам. Если была произведена оплата, деньги будут возвращены в течение 10 рабочих дней.

---",59
stg5_chunk_00077,order_support,rag_raw,order_status_support.md,ml\data\kb_stage5\raw\order_status_support.md,Статус заказа и отслеживание,Почему статус заказа не меняется?,,Статус заказа и отслеживание > Почему статус заказа не меняется?,"# Статус заказа и отслеживание
## Почему статус заказа не меняется?

Если статус заказа не обновляется, это может быть вызвано несколькими причинами:",36
stg5_chunk_00078,order_support,rag_raw,order_status_support.md,ml\data\kb_stage5\raw\order_status_support.md,Статус заказа и отслеживание,Почему статус заказа не меняется?,Заказ в статусе «Новый» более 2 часов,Статус заказа и отслеживание > Почему статус заказа не меняется? > Заказ в статусе «Новый» более 2 часов,"# Статус заказа и отслеживание
## Почему статус заказа не меняется?
### Заказ в статусе «Новый» более 2 часов

- В рабочее время (10:00–19:00 по Москве) подтверждение обычно происходит в течение 1–2 часов. - В нерабочее время, выходные и праздничные дни обработка может занять до следующего рабочего дня. - Если заказ не подтверждён более 24 часов, обратитесь в поддержку.",95
stg5_chunk_00079,order_support,rag_raw,order_status_support.md,ml\data\kb_stage5\raw\order_status_support.md,Статус заказа и отслеживание,Почему статус заказа не меняется?,Заказ в статусе «В сборке» более 2 дней,Статус заказа и отслеживание > Почему статус заказа не меняется? > Заказ в статусе «В сборке» более 2 дней,"# Статус заказа и отслеживание
## Почему статус заказа не меняется?
### Заказ в статусе «В сборке» более 2 дней

- Возможно, один из товаров временно отсутствует на складе. - Возможно, идёт проверка оплаты (при некоторых способах оплаты). - Обратитесь в поддержку для уточнения.",66
stg5_chunk_00080,order_support,rag_raw,order_status_support.md,ml\data\kb_stage5\raw\order_status_support.md,Статус заказа и отслеживание,Почему статус заказа не меняется?,"Заказ в статусе «Передан в доставку», но трек-номер не появился","Статус заказа и отслеживание > Почему статус заказа не меняется? > Заказ в статусе «Передан в доставку», но трек-номер не появился","# Статус заказа и отслеживание
## Почему статус заказа не меняется?
### Заказ в статусе «Передан в доставку», но трек-номер не появился

- Трек-номер обычно появляется в течение 24 часов после передачи в доставку. - Иногда транспортная компания обновляет данные с задержкой до 48 часов. - Если трек-номер не появился через 48 часов, обратитесь в поддержку.",92
stg5_chunk_00081,order_support,rag_raw,order_status_support.md,ml\data\kb_stage5\raw\order_status_support.md,Статус заказа и отслеживание,Почему статус заказа не меняется?,Заказ в статусе «В пути» и не движется более 5 дней,Статус заказа и отслеживание > Почему статус заказа не меняется? > Заказ в статусе «В пути» и не движется более 5 дней,"# Статус заказа и отслеживание
## Почему статус заказа не меняется?
### Заказ в статусе «В пути» и не движется более 5 дней

- Проверьте трек-номер на сайте транспортной компании. - Возможны задержки из-за логистических факторов (погода, загруженность, удалённый регион). - Если посылка не движется более 7 дней, обратитесь в поддержку — мы свяжемся с транспортной компанией.

---",105
stg5_chunk_00082,order_support,rag_raw,order_status_support.md,ml\data\kb_stage5\raw\order_status_support.md,Статус заказа и отслеживание,Когда появляется трек-номер?,,Статус заказа и отслеживание > Когда появляется трек-номер?,"# Статус заказа и отслеживание
## Когда появляется трек-номер?

Трек-номер появляется после того, как заказ передан транспортной компании.",34
stg5_chunk_00083,order_support,rag_raw,order_status_support.md,ml\data\kb_stage5\raw\order_status_support.md,Статус заказа и отслеживание,Когда появляется трек-номер?,Сроки появления,Статус заказа и отслеживание > Когда появляется трек-номер? > Сроки появления,"# Статус заказа и отслеживание
## Когда появляется трек-номер?
### Сроки появления

- Обычно: в течение **24 часов** после смены статуса на «Передан в доставку» - В редких случаях: до **48 часов** (зависит от транспортной компании)",65
stg5_chunk_00084,order_support,rag_raw,order_status_support.md,ml\data\kb_stage5\raw\order_status_support.md,Статус заказа и отслеживание,Когда появляется трек-номер?,Где найти трек-номер,Статус заказа и отслеживание > Когда появляется трек-номер? > Где найти трек-номер,"# Статус заказа и отслеживание
## Когда появляется трек-номер?
### Где найти трек-номер

- В личном кабинете в карточке заказа - В SMS-уведомлении - В email-уведомлении - В мобильном приложении",59
stg5_chunk_00085,order_support,rag_raw,order_status_support.md,ml\data\kb_stage5\raw\order_status_support.md,Статус заказа и отслеживание,Когда появляется трек-номер?,Если трек-номер не появился,Статус заказа и отслеживание > Когда появляется трек-номер? > Если трек-номер не появился,"# Статус заказа и отслеживание
## Когда появляется трек-номер?
### Если трек-номер не появился

- Подождите 48 часов с момента смены статуса на «Передан в доставку» - Если после 48 часов трек-номера нет, обратитесь в поддержку с номером заказа

---",69
stg5_chunk_00086,order_support,rag_raw,order_status_support.md,ml\data\kb_stage5\raw\order_status_support.md,Статус заказа и отслеживание,"Что делать, если заказ завис?",,"Статус заказа и отслеживание > Что делать, если заказ завис?","# Статус заказа и отслеживание
## Что делать, если заказ завис?

Если вы считаете, что заказ обрабатывается слишком долго или «завис» на одном статусе:",39
stg5_chunk_00087,order_support,rag_raw,order_status_support.md,ml\data\kb_stage5\raw\order_status_support.md,Статус заказа и отслеживание,"Что делать, если заказ завис?",Шаг 1. Проверьте нормальные сроки,"Статус заказа и отслеживание > Что делать, если заказ завис? > Шаг 1. Проверьте нормальные сроки","# Статус заказа и отслеживание
## Что делать, если заказ завис?
### Шаг 1. Проверьте нормальные сроки

Убедитесь, что прошло достаточно времени: - «Новый» → подтверждение: до 24 часов - «В сборке» → отправка: до 2 рабочих дней - «Передан в доставку» → трек-номер: до 48 часов - «В пути» → доставка: зависит от региона и способа доставки",98
stg5_chunk_00088,order_support,rag_raw,order_status_support.md,ml\data\kb_stage5\raw\order_status_support.md,Статус заказа и отслеживание,"Что делать, если заказ завис?",Шаг 2. Проверьте трек-номер,"Статус заказа и отслеживание > Что делать, если заказ завис? > Шаг 2. Проверьте трек-номер","# Статус заказа и отслеживание
## Что делать, если заказ завис?
### Шаг 2. Проверьте трек-номер

Если заказ в статусе «В пути», проверьте актуальную информацию по трек-номеру на сайте транспортной компании. Иногда статус в нашей системе обновляется с задержкой.",71
stg5_chunk_00089,order_support,rag_raw,order_status_support.md,ml\data\kb_stage5\raw\order_status_support.md,Статус заказа и отслеживание,"Что делать, если заказ завис?",Шаг 3. Обратитесь в поддержку,"Статус заказа и отслеживание > Что делать, если заказ завис? > Шаг 3. Обратитесь в поддержку","# Статус заказа и отслеживание
## Что делать, если заказ завис?
### Шаг 3. Обратитесь в поддержку

Если сроки превышены: - Напишите в чат на сайте - Отправьте email на support@example-shop.ru - Позвоните: 8-800-123-45-67

При обращении укажите: - Номер заказа - Дату оформления - Текущий статус, который вы видите - Что именно вас беспокоит",92
stg5_chunk_00090,order_support,rag_raw,order_status_support.md,ml\data\kb_stage5\raw\order_status_support.md,Статус заказа и отслеживание,"Что делать, если заказ завис?",Шаг 4. Дождитесь ответа,"Статус заказа и отслеживание > Что делать, если заказ завис? > Шаг 4. Дождитесь ответа","# Статус заказа и отслеживание
## Что делать, если заказ завис?
### Шаг 4. Дождитесь ответа

Служба поддержки ответит в течение 1–2 рабочих дней. В случае проблемы с доставкой мы свяжемся с транспортной компанией и сообщим вам результат.

---",63
stg5_chunk_00091,order_support,rag_raw,order_status_support.md,ml\data\kb_stage5\raw\order_status_support.md,Статус заказа и отслеживание,Можно ли ускорить обработку заказа?,,Статус заказа и отслеживание > Можно ли ускорить обработку заказа?,"# Статус заказа и отслеживание
## Можно ли ускорить обработку заказа?

К сожалению, стандартные сроки обработки заказа нельзя сократить, так как они зависят от: - наличия товара на складе - очерёдности обработки заказов - работы транспортной компании",57
stg5_chunk_00092,order_support,rag_raw,order_status_support.md,ml\data\kb_stage5\raw\order_status_support.md,Статус заказа и отслеживание,Можно ли ускорить обработку заказа?,Что можно сделать:,Статус заказа и отслеживание > Можно ли ускорить обработку заказа? > Что можно сделать:,"# Статус заказа и отслеживание
## Можно ли ускорить обработку заказа?
### Что можно сделать:

- **Оплатить заказ онлайн** — заказы с предоплатой обрабатываются быстрее, чем заказы с оплатой при получении - **Выбрать экспресс-доставку** (только для Москвы) — доставка в день заказа при оформлении до 12:00 - **Оформить заказ в рабочее время** — заказы, оформленные в рабочие часы (10:00–19:00 Мск), подтверждаются быстрее",110
stg5_chunk_00093,order_support,rag_raw,order_status_support.md,ml\data\kb_stage5\raw\order_status_support.md,Статус заказа и отслеживание,Можно ли ускорить обработку заказа?,Что нельзя ускорить:,Статус заказа и отслеживание > Можно ли ускорить обработку заказа? > Что нельзя ускорить:,"# Статус заказа и отслеживание
## Можно ли ускорить обработку заказа?
### Что нельзя ускорить:

- Сборку на складе (зависит от загрузки) - Транзит транспортной компании (зависит от маршрута) - Таможенное оформление (для международных доставок)

---",67
stg5_chunk_00094,order_support,rag_raw,order_status_support.md,ml\data\kb_stage5\raw\order_status_support.md,Статус заказа и отслеживание,FAQ,Где мой заказ?,Статус заказа и отслеживание > FAQ > Где мой заказ?,"# Статус заказа и отслеживание
## FAQ
### Где мой заказ?

Проверьте статус заказа в личном кабинете в разделе «Мои заказы». Если заказ уже отправлен, используйте трек-номер для отслеживания на сайте транспортной компании.",61
stg5_chunk_00095,order_support,rag_raw,order_status_support.md,ml\data\kb_stage5\raw\order_status_support.md,Статус заказа и отслеживание,FAQ,Мой заказ отправили?,Статус заказа и отслеживание > FAQ > Мой заказ отправили?,"# Статус заказа и отслеживание
## FAQ
### Мой заказ отправили?

Если статус заказа «Передан в доставку» или «В пути», значит заказ уже отправлен. Трек-номер появится в личном кабинете в течение 24–48 часов после отправки.",61
stg5_chunk_00096,order_support,rag_raw,order_status_support.md,ml\data\kb_stage5\raw\order_status_support.md,Статус заказа и отслеживание,FAQ,Когда придёт мой заказ?,Статус заказа и отслеживание > FAQ > Когда придёт мой заказ?,"# Статус заказа и отслеживание
## FAQ
### Когда придёт мой заказ?

Срок доставки зависит от выбранного способа и региона. Ориентировочную дату доставки можно посмотреть в карточке заказа в личном кабинете.",52
stg5_chunk_00097,order_support,rag_raw,order_status_support.md,ml\data\kb_stage5\raw\order_status_support.md,Статус заказа и отслеживание,FAQ,Почему заказ отменился?,Статус заказа и отслеживание > FAQ > Почему заказ отменился?,"# Статус заказа и отслеживание
## FAQ
### Почему заказ отменился?

Заказ может быть отменён по нескольким причинам: товар закончился на складе, не удалось подтвердить оплату, или истёк срок ожидания подтверждения. В случае отмены деньги возвращаются автоматически в течение 10 рабочих дней.",72
stg5_chunk_00098,order_support,rag_raw,order_status_support.md,ml\data\kb_stage5\raw\order_status_support.md,Статус заказа и отслеживание,FAQ,Могу ли я узнать статус заказа без личного кабинета?,Статус заказа и отслеживание > FAQ > Могу ли я узнать статус заказа без личного кабинета?,"# Статус заказа и отслеживание
## FAQ
### Могу ли я узнать статус заказа без личного кабинета?

Да, вы можете обратиться в поддержку (чат, email, телефон) и назвать номер заказа или email, указанный при оформлении.",52
stg5_chunk_00099,order_support,rag_raw,order_status_support.md,ml\data\kb_stage5\raw\order_status_support.md,Статус заказа и отслеживание,FAQ,Можно ли отследить заказ по номеру телефона?,Статус заказа и отслеживание > FAQ > Можно ли отследить заказ по номеру телефона?,"# Статус заказа и отслеживание
## FAQ
### Можно ли отследить заказ по номеру телефона?

Нет, отслеживание по номеру телефона недоступно. Используйте трек-номер или номер заказа.",49
stg5_chunk_00100,order_support,rag_raw,order_status_support.md,ml\data\kb_stage5\raw\order_status_support.md,Статус заказа и отслеживание,FAQ,"Что делать, если трек-номер не работает?","Статус заказа и отслеживание > FAQ > Что делать, если трек-номер не работает?","# Статус заказа и отслеживание
## FAQ
### Что делать, если трек-номер не работает?

Если трек-номер не находится на сайте транспортной компании, подождите 24 часа — данные могут обновляться с задержкой. Если через 24 часа трек-номер по-прежнему не работает, обратитесь в поддержку.",75
stg5_chunk_00101,order_support,rag_raw,order_status_support.md,ml\data\kb_stage5\raw\order_status_support.md,Статус заказа и отслеживание,FAQ,"Статус заказа «Доставлен», но я ничего не получал","Статус заказа и отслеживание > FAQ > Статус заказа «Доставлен», но я ничего не получал","# Статус заказа и отслеживание
## FAQ
### Статус заказа «Доставлен», но я ничего не получал

Обратитесь в службу поддержки с номером заказа. Мы проверим информацию у транспортной компании и разберёмся в ситуации.",51
stg5_chunk_00102,account,rag_raw,account_login.md,ml\data\kb_stage5\raw\account_login.md,Вход в аккаунт и восстановление доступа,Краткий ответ,,Вход в аккаунт и восстановление доступа > Краткий ответ,"# Вход в аккаунт и восстановление доступа
## Краткий ответ

Войти в личный кабинет можно на сайте или в мобильном приложении, используя email и пароль. Если вы забыли пароль, воспользуйтесь функцией восстановления на странице входа. Если код подтверждения не приходит, проверьте папку «Спам» и убедитесь, что email указан верно. При невозможности восстановить доступ самостоятельно обратитесь в службу поддержки.

---",94
stg5_chunk_00103,account,rag_raw,account_login.md,ml\data\kb_stage5\raw\account_login.md,Вход в аккаунт и восстановление доступа,Как войти в личный кабинет?,На сайте,Вход в аккаунт и восстановление доступа > Как войти в личный кабинет? > На сайте,"# Вход в аккаунт и восстановление доступа
## Как войти в личный кабинет?
### На сайте

1. Нажмите «Войти» в правом верхнем углу сайта 2. Введите email, указанный при регистрации 3. Введите пароль 4. Нажмите «Войти»",62
stg5_chunk_00104,account,rag_raw,account_login.md,ml\data\kb_stage5\raw\account_login.md,Вход в аккаунт и восстановление доступа,Как войти в личный кабинет?,В мобильном приложении,Вход в аккаунт и восстановление доступа > Как войти в личный кабинет? > В мобильном приложении,"# Вход в аккаунт и восстановление доступа
## Как войти в личный кабинет?
### В мобильном приложении

1. Откройте приложение 2. Нажмите «Войти» 3. Введите email и пароль 4. Нажмите «Войти»",57
stg5_chunk_00105,account,rag_raw,account_login.md,ml\data\kb_stage5\raw\account_login.md,Вход в аккаунт и восстановление доступа,Как войти в личный кабинет?,Важно,Вход в аккаунт и восстановление доступа > Как войти в личный кабинет? > Важно,"# Вход в аккаунт и восстановление доступа
## Как войти в личный кабинет?
### Важно

- Логин — это всегда email, указанный при регистрации - Пароль чувствителен к регистру (заглавные и строчные буквы различаются) - Если вы регистрировались через социальную сеть, используйте кнопку соответствующей соцсети на странице входа

---",79
stg5_chunk_00106,account,rag_raw,account_login.md,ml\data\kb_stage5\raw\account_login.md,Вход в аккаунт и восстановление доступа,Не могу войти в аккаунт — что делать?,,Вход в аккаунт и восстановление доступа > Не могу войти в аккаунт — что делать?,"# Вход в аккаунт и восстановление доступа
## Не могу войти в аккаунт — что делать?

Если при попытке входа возникает ошибка, проверьте следующее:",36
stg5_chunk_00107,account,rag_raw,account_login.md,ml\data\kb_stage5\raw\account_login.md,Вход в аккаунт и восстановление доступа,Не могу войти в аккаунт — что делать?,1. Неправильный email,Вход в аккаунт и восстановление доступа > Не могу войти в аккаунт — что делать? > 1. Неправильный email,"# Вход в аккаунт и восстановление доступа
## Не могу войти в аккаунт — что делать?
### 1. Неправильный email

- Убедитесь, что вводите именно тот email, который использовали при регистрации - Проверьте, нет ли опечатки (например, gmail.com вместо gmal.com) - Если у вас несколько email-адресов, попробуйте каждый",81
stg5_chunk_00108,account,rag_raw,account_login.md,ml\data\kb_stage5\raw\account_login.md,Вход в аккаунт и восстановление доступа,Не могу войти в аккаунт — что делать?,2. Неправильный пароль,Вход в аккаунт и восстановление доступа > Не могу войти в аккаунт — что делать? > 2. Неправильный пароль,"# Вход в аккаунт и восстановление доступа
## Не могу войти в аккаунт — что делать?
### 2. Неправильный пароль

- Проверьте раскладку клавиатуры (русская/английская) - Проверьте, не включён ли Caps Lock - Попробуйте восстановить пароль через «Забыли пароль?»",70
stg5_chunk_00109,account,rag_raw,account_login.md,ml\data\kb_stage5\raw\account_login.md,Вход в аккаунт и восстановление доступа,Не могу войти в аккаунт — что делать?,3. Аккаунт заблокирован,Вход в аккаунт и восстановление доступа > Не могу войти в аккаунт — что делать? > 3. Аккаунт заблокирован,"# Вход в аккаунт и восстановление доступа
## Не могу войти в аккаунт — что делать?
### 3. Аккаунт заблокирован

- После 5 неудачных попыток входа аккаунт временно блокируется на 30 минут - Подождите 30 минут и попробуйте снова - Если блокировка не снимается, обратитесь в поддержку",70
stg5_chunk_00110,account,rag_raw,account_login.md,ml\data\kb_stage5\raw\account_login.md,Вход в аккаунт и восстановление доступа,Не могу войти в аккаунт — что делать?,4. Технические проблемы,Вход в аккаунт и восстановление доступа > Не могу войти в аккаунт — что делать? > 4. Технические проблемы,"# Вход в аккаунт и восстановление доступа
## Не могу войти в аккаунт — что делать?
### 4. Технические проблемы

- Очистите кэш и cookies браузера - Попробуйте другой браузер - Попробуйте войти через мобильное приложение - Если проблема сохраняется, обратитесь в поддержку

---",64
stg5_chunk_00111,account,rag_raw,account_login.md,ml\data\kb_stage5\raw\account_login.md,Вход в аккаунт и восстановление доступа,Как восстановить пароль?,,Вход в аккаунт и восстановление доступа > Как восстановить пароль?,"# Вход в аккаунт и восстановление доступа
## Как восстановить пароль?

Если вы забыли пароль, его можно сбросить самостоятельно.",26
stg5_chunk_00112,account,rag_raw,account_login.md,ml\data\kb_stage5\raw\account_login.md,Вход в аккаунт и восстановление доступа,Как восстановить пароль?,Пошаговая инструкция,Вход в аккаунт и восстановление доступа > Как восстановить пароль? > Пошаговая инструкция,"# Вход в аккаунт и восстановление доступа
## Как восстановить пароль?
### Пошаговая инструкция

1. Перейдите на страницу входа 2. Нажмите «Забыли пароль?» 3. Введите email, указанный при регистрации 4. Нажмите «Отправить код» 5. Проверьте почту — вам придёт письмо с кодом подтверждения 6. Введите код на сайте 7. Задайте новый пароль 8. Нажмите «Сохранить»",99
stg5_chunk_00113,account,rag_raw,account_login.md,ml\data\kb_stage5\raw\account_login.md,Вход в аккаунт и восстановление доступа,Как восстановить пароль?,Требования к новому паролю,Вход в аккаунт и восстановление доступа > Как восстановить пароль? > Требования к новому паролю,"# Вход в аккаунт и восстановление доступа
## Как восстановить пароль?
### Требования к новому паролю

- Минимум 8 символов - Должен содержать хотя бы одну заглавную букву - Должен содержать хотя бы одну цифру - Не должен совпадать с предыдущими 3 паролями

---",68
stg5_chunk_00114,account,rag_raw,account_login.md,ml\data\kb_stage5\raw\account_login.md,Вход в аккаунт и восстановление доступа,Не приходит код подтверждения — что делать?,,Вход в аккаунт и восстановление доступа > Не приходит код подтверждения — что делать?,"# Вход в аккаунт и восстановление доступа
## Не приходит код подтверждения — что делать?

Если после запроса восстановления пароля код не приходит на почту:",33
stg5_chunk_00115,account,rag_raw,account_login.md,ml\data\kb_stage5\raw\account_login.md,Вход в аккаунт и восстановление доступа,Не приходит код подтверждения — что делать?,Шаг 1. Проверьте папку «Спам»,Вход в аккаунт и восстановление доступа > Не приходит код подтверждения — что делать? > Шаг 1. Проверьте папку «Спам»,"# Вход в аккаунт и восстановление доступа
## Не приходит код подтверждения — что делать?
### Шаг 1. Проверьте папку «Спам»

Письмо с кодом может попасть в папку «Спам» или «Нежелательная почта». Проверьте эти папки.",62
stg5_chunk_00116,account,rag_raw,account_login.md,ml\data\kb_stage5\raw\account_login.md,Вход в аккаунт и восстановление доступа,Не приходит код подтверждения — что делать?,Шаг 2. Подождите несколько минут,Вход в аккаунт и восстановление доступа > Не приходит код подтверждения — что делать? > Шаг 2. Подождите несколько минут,"# Вход в аккаунт и восстановление доступа
## Не приходит код подтверждения — что делать?
### Шаг 2. Подождите несколько минут

Иногда доставка письма занимает до 5 минут. Не запрашивайте код повторно сразу.",46
stg5_chunk_00117,account,rag_raw,account_login.md,ml\data\kb_stage5\raw\account_login.md,Вход в аккаунт и восстановление доступа,Не приходит код подтверждения — что делать?,Шаг 3. Проверьте правильность email,Вход в аккаунт и восстановление доступа > Не приходит код подтверждения — что делать? > Шаг 3. Проверьте правильность email,"# Вход в аккаунт и восстановление доступа
## Не приходит код подтверждения — что делать?
### Шаг 3. Проверьте правильность email

Убедитесь, что вы указали именно тот email, на который зарегистрирован аккаунт.",48
stg5_chunk_00118,account,rag_raw,account_login.md,ml\data\kb_stage5\raw\account_login.md,Вход в аккаунт и восстановление доступа,Не приходит код подтверждения — что делать?,Шаг 4. Запросите код повторно,Вход в аккаунт и восстановление доступа > Не приходит код подтверждения — что делать? > Шаг 4. Запросите код повторно,"# Вход в аккаунт и восстановление доступа
## Не приходит код подтверждения — что делать?
### Шаг 4. Запросите код повторно

Если через 5 минут письмо не пришло, нажмите «Отправить код повторно». Повторная отправка доступна через 60 секунд.",57
stg5_chunk_00119,account,rag_raw,account_login.md,ml\data\kb_stage5\raw\account_login.md,Вход в аккаунт и восстановление доступа,Не приходит код подтверждения — что делать?,Шаг 5. Проверьте настройки почтового ящика,Вход в аккаунт и восстановление доступа > Не приходит код подтверждения — что делать? > Шаг 5. Проверьте настройки почтового ящика,"# Вход в аккаунт и восстановление доступа
## Не приходит код подтверждения — что делать?
### Шаг 5. Проверьте настройки почтового ящика

- Убедитесь, что ящик не переполнен - Убедитесь, что домен example-shop.ru не в чёрном списке - Добавьте noreply@example-shop.ru в контакты",80
stg5_chunk_00120,account,rag_raw,account_login.md,ml\data\kb_stage5\raw\account_login.md,Вход в аккаунт и восстановление доступа,Не приходит код подтверждения — что делать?,Шаг 6. Обратитесь в поддержку,Вход в аккаунт и восстановление доступа > Не приходит код подтверждения — что делать? > Шаг 6. Обратитесь в поддержку,"# Вход в аккаунт и восстановление доступа
## Не приходит код подтверждения — что делать?
### Шаг 6. Обратитесь в поддержку

Если код не приходит после нескольких попыток: - Напишите в чат на сайте - Отправьте email на support@example-shop.ru - Позвоните: 8-800-123-45-67

При обращении укажите: - Email аккаунта - Примерную дату регистрации - Имя и фамилию, указанные в профиле

---",98
stg5_chunk_00121,account,rag_raw,account_login.md,ml\data\kb_stage5\raw\account_login.md,Вход в аккаунт и восстановление доступа,Как изменить email аккаунта?,,Вход в аккаунт и восстановление доступа > Как изменить email аккаунта?,"# Вход в аккаунт и восстановление доступа
## Как изменить email аккаунта?

Если вы хотите сменить email, привязанный к аккаунту:",30
stg5_chunk_00122,account,rag_raw,account_login.md,ml\data\kb_stage5\raw\account_login.md,Вход в аккаунт и восстановление доступа,Как изменить email аккаунта?,Через личный кабинет,Вход в аккаунт и восстановление доступа > Как изменить email аккаунта? > Через личный кабинет,"# Вход в аккаунт и восстановление доступа
## Как изменить email аккаунта?
### Через личный кабинет

1. Войдите в личный кабинет 2. Перейдите в раздел «Настройки профиля» 3. Нажмите «Изменить email» 4. Введите новый email 5. Подтвердите изменение кодом, отправленным на старый email 6. Подтвердите новый email кодом, отправленным на новый адрес",89
stg5_chunk_00123,account,rag_raw,account_login.md,ml\data\kb_stage5\raw\account_login.md,Вход в аккаунт и восстановление доступа,Как изменить email аккаунта?,Важно,Вход в аккаунт и восстановление доступа > Как изменить email аккаунта? > Важно,"# Вход в аккаунт и восстановление доступа
## Как изменить email аккаунта?
### Важно

- Нельзя сменить email, если к нему привязаны активные заказы в обработке - Новый email не должен быть привязан к другому аккаунту",51
stg5_chunk_00124,account,rag_raw,account_login.md,ml\data\kb_stage5\raw\account_login.md,Вход в аккаунт и восстановление доступа,Как изменить email аккаунта?,Если нет доступа к старому email,Вход в аккаунт и восстановление доступа > Как изменить email аккаунта? > Если нет доступа к старому email,"# Вход в аккаунт и восстановление доступа
## Как изменить email аккаунта?
### Если нет доступа к старому email

Обратитесь в службу поддержки. Потребуется подтверждение личности: - ФИО - номер телефона из профиля - номер любого предыдущего заказа

---",57
stg5_chunk_00125,account,rag_raw,account_login.md,ml\data\kb_stage5\raw\account_login.md,Вход в аккаунт и восстановление доступа,Как изменить номер телефона?,Через личный кабинет,Вход в аккаунт и восстановление доступа > Как изменить номер телефона? > Через личный кабинет,"# Вход в аккаунт и восстановление доступа
## Как изменить номер телефона?
### Через личный кабинет

1. Войдите в аккаунт 2. Перейдите в «Настройки профиля» 3. Нажмите «Изменить телефон» 4. Введите новый номер 5. Подтвердите SMS-кодом на новый номер",66
stg5_chunk_00126,account,rag_raw,account_login.md,ml\data\kb_stage5\raw\account_login.md,Вход в аккаунт и восстановление доступа,Как изменить номер телефона?,Через поддержку,Вход в аккаунт и восстановление доступа > Как изменить номер телефона? > Через поддержку,"# Вход в аккаунт и восстановление доступа
## Как изменить номер телефона?
### Через поддержку

Если нет доступа к личному кабинету: - обратитесь в поддержку - назовите email аккаунта и номер любого заказа - новый номер будет привязан после верификации

---",54
stg5_chunk_00127,account,rag_raw,account_login.md,ml\data\kb_stage5\raw\account_login.md,Вход в аккаунт и восстановление доступа,Как зарегистрироваться?,На сайте,Вход в аккаунт и восстановление доступа > Как зарегистрироваться? > На сайте,"# Вход в аккаунт и восстановление доступа
## Как зарегистрироваться?
### На сайте

1. Нажмите «Регистрация» в правом верхнем углу 2. Введите email 3. Придумайте пароль 4. Укажите имя и номер телефона 5. Подтвердите email кодом из письма",59
stg5_chunk_00128,account,rag_raw,account_login.md,ml\data\kb_stage5\raw\account_login.md,Вход в аккаунт и восстановление доступа,Как зарегистрироваться?,В мобильном приложении,Вход в аккаунт и восстановление доступа > Как зарегистрироваться? > В мобильном приложении,"# Вход в аккаунт и восстановление доступа
## Как зарегистрироваться?
### В мобильном приложении

1. Откройте приложение 2. Нажмите «Создать аккаунт» 3. Заполните форму регистрации 4. Подтвердите email",48
stg5_chunk_00129,account,rag_raw,account_login.md,ml\data\kb_stage5\raw\account_login.md,Вход в аккаунт и восстановление доступа,Как зарегистрироваться?,Важно,Вход в аккаунт и восстановление доступа > Как зарегистрироваться? > Важно,"# Вход в аккаунт и восстановление доступа
## Как зарегистрироваться?
### Важно

- На один email можно зарегистрировать только один аккаунт - После регистрации вы получите приветственные бонусные баллы

---",40
stg5_chunk_00130,account,rag_raw,account_login.md,ml\data\kb_stage5\raw\account_login.md,Вход в аккаунт и восстановление доступа,Проблемы с личным кабинетом,Личный кабинет не загружается,Вход в аккаунт и восстановление доступа > Проблемы с личным кабинетом > Личный кабинет не загружается,"# Вход в аккаунт и восстановление доступа
## Проблемы с личным кабинетом
### Личный кабинет не загружается

- Очистите кэш браузера - Попробуйте другой браузер или режим «Инкогнито» - Проверьте интернет-соединение - Если проблема сохраняется, обратитесь в поддержку",68
stg5_chunk_00131,account,rag_raw,account_login.md,ml\data\kb_stage5\raw\account_login.md,Вход в аккаунт и восстановление доступа,Проблемы с личным кабинетом,Данные в личном кабинете отображаются некорректно,Вход в аккаунт и восстановление доступа > Проблемы с личным кабинетом > Данные в личном кабинете отображаются некорректно,"# Вход в аккаунт и восстановление доступа
## Проблемы с личным кабинетом
### Данные в личном кабинете отображаются некорректно

- Обновите страницу (F5 или Ctrl+R) - Выйдите из аккаунта и войдите снова - Если проблема не решается, обратитесь в поддержку",67
stg5_chunk_00132,account,rag_raw,account_login.md,ml\data\kb_stage5\raw\account_login.md,Вход в аккаунт и восстановление доступа,Проблемы с личным кабинетом,Не вижу свои заказы,Вход в аккаунт и восстановление доступа > Проблемы с личным кабинетом > Не вижу свои заказы,"# Вход в аккаунт и восстановление доступа
## Проблемы с личным кабинетом
### Не вижу свои заказы

- Убедитесь, что вошли в тот же аккаунт, с которого оформляли заказ - Если заказ оформлен без регистрации (как гость), он не отображается в личном кабинете — обратитесь в поддержку с номером заказа

---",72
stg5_chunk_00133,account,rag_raw,account_login.md,ml\data\kb_stage5\raw\account_login.md,Вход в аккаунт и восстановление доступа,FAQ,"Не могу войти в аккаунт, что делать?","Вход в аккаунт и восстановление доступа > FAQ > Не могу войти в аккаунт, что делать?","# Вход в аккаунт и восстановление доступа
## FAQ
### Не могу войти в аккаунт, что делать?

Проверьте правильность email и пароля. Убедитесь, что Caps Lock выключен и раскладка клавиатуры правильная. Если пароль забыт, нажмите «Забыли пароль?» на странице входа.",71
stg5_chunk_00134,account,rag_raw,account_login.md,ml\data\kb_stage5\raw\account_login.md,Вход в аккаунт и восстановление доступа,FAQ,"Забыл пароль, как восстановить?","Вход в аккаунт и восстановление доступа > FAQ > Забыл пароль, как восстановить?","# Вход в аккаунт и восстановление доступа
## FAQ
### Забыл пароль, как восстановить?

Нажмите «Забыли пароль?» на странице входа, введите email и следуйте инструкциям. Код для сброса будет отправлен на вашу почту.",58
stg5_chunk_00135,account,rag_raw,account_login.md,ml\data\kb_stage5\raw\account_login.md,Вход в аккаунт и восстановление доступа,FAQ,Код для восстановления пароля не приходит,Вход в аккаунт и восстановление доступа > FAQ > Код для восстановления пароля не приходит,"# Вход в аккаунт и восстановление доступа
## FAQ
### Код для восстановления пароля не приходит

Проверьте папку «Спам», подождите до 5 минут, убедитесь в правильности email. Если код не приходит после нескольких попыток, обратитесь в поддержку.",58
stg5_chunk_00136,account,rag_raw,account_login.md,ml\data\kb_stage5\raw\account_login.md,Вход в аккаунт и восстановление доступа,FAQ,Как поменять пароль?,Вход в аккаунт и восстановление доступа > FAQ > Как поменять пароль?,"# Вход в аккаунт и восстановление доступа
## FAQ
### Как поменять пароль?

Войдите в личный кабинет, перейдите в «Настройки профиля», выберите «Изменить пароль». Введите текущий пароль и задайте новый.",58
stg5_chunk_00137,account,rag_raw,account_login.md,ml\data\kb_stage5\raw\account_login.md,Вход в аккаунт и восстановление доступа,FAQ,Как поменять email?,Вход в аккаунт и восстановление доступа > FAQ > Как поменять email?,"# Вход в аккаунт и восстановление доступа
## FAQ
### Как поменять email?

В личном кабинете перейдите в «Настройки профиля» и нажмите «Изменить email». Потребуется подтверждение через старый и новый email.",56
stg5_chunk_00138,account,rag_raw,account_login.md,ml\data\kb_stage5\raw\account_login.md,Вход в аккаунт и восстановление доступа,FAQ,Как поменять телефон?,Вход в аккаунт и восстановление доступа > FAQ > Как поменять телефон?,"# Вход в аккаунт и восстановление доступа
## FAQ
### Как поменять телефон?

В личном кабинете перейдите в «Настройки профиля» и нажмите «Изменить телефон». Новый номер потребуется подтвердить SMS-кодом.",55
stg5_chunk_00139,account,rag_raw,account_login.md,ml\data\kb_stage5\raw\account_login.md,Вход в аккаунт и восстановление доступа,FAQ,Можно ли войти без пароля?,Вход в аккаунт и восстановление доступа > FAQ > Можно ли войти без пароля?,"# Вход в аккаунт и восстановление доступа
## FAQ
### Можно ли войти без пароля?

Нет, для входа всегда требуется пароль. Если вы забыли пароль, воспользуйтесь функцией восстановления.",46
stg5_chunk_00140,account,rag_raw,account_login.md,ml\data\kb_stage5\raw\account_login.md,Вход в аккаунт и восстановление доступа,FAQ,"Мой аккаунт заблокирован, что делать?","Вход в аккаунт и восстановление доступа > FAQ > Мой аккаунт заблокирован, что делать?","# Вход в аккаунт и восстановление доступа
## FAQ
### Мой аккаунт заблокирован, что делать?

Если аккаунт заблокирован после нескольких неудачных попыток входа, подождите 30 минут. Если блокировка не снимается, обратитесь в поддержку.",55
stg5_chunk_00141,account,rag_raw,account_login.md,ml\data\kb_stage5\raw\account_login.md,Вход в аккаунт и восстановление доступа,FAQ,Как удалить аккаунт?,Вход в аккаунт и восстановление доступа > FAQ > Как удалить аккаунт?,"# Вход в аккаунт и восстановление доступа
## FAQ
### Как удалить аккаунт?

Для удаления аккаунта обратитесь в службу поддержки. Удаление выполняется в течение 5 рабочих дней. После удаления восстановление аккаунта невозможно.",49
stg5_chunk_00142,payment,rag_raw,payment_failures.md,ml\data\kb_stage5\raw\payment_failures.md,Проблемы с оплатой,Краткий ответ,,Проблемы с оплатой > Краткий ответ,"# Проблемы с оплатой
## Краткий ответ

Если оплата не проходит, проверьте данные карты, баланс и настройки онлайн-платежей в банке. Если деньги списались, но заказ не создался, не паникуйте — деньги вернутся автоматически в течение 3–5 дней, либо заказ будет создан вручную после обращения в поддержку. При любых проблемах с оплатой вы можете связаться с нами через чат, email или телефон.

---",98
stg5_chunk_00143,payment,rag_raw,payment_failures.md,ml\data\kb_stage5\raw\payment_failures.md,Проблемы с оплатой,Оплата не проходит — что делать?,,Проблемы с оплатой > Оплата не проходит — что делать?,"# Проблемы с оплатой
## Оплата не проходит — что делать?

Если при попытке оплатить заказ возникает ошибка, последовательно проверьте следующее:",34
stg5_chunk_00144,payment,rag_raw,payment_failures.md,ml\data\kb_stage5\raw\payment_failures.md,Проблемы с оплатой,Оплата не проходит — что делать?,1. Проверьте данные карты,Проблемы с оплатой > Оплата не проходит — что делать? > 1. Проверьте данные карты,"# Проблемы с оплатой
## Оплата не проходит — что делать?
### 1. Проверьте данные карты

- Убедитесь, что номер карты введён без ошибок - Проверьте срок действия карты — возможно, карта истекла - Проверьте CVV/CVC-код на обратной стороне карты - Убедитесь, что имя владельца карты введено латиницей (если требуется)",84
stg5_chunk_00145,payment,rag_raw,payment_failures.md,ml\data\kb_stage5\raw\payment_failures.md,Проблемы с оплатой,Оплата не проходит — что делать?,2. Проверьте баланс карты,Проблемы с оплатой > Оплата не проходит — что делать? > 2. Проверьте баланс карты,"# Проблемы с оплатой
## Оплата не проходит — что делать?
### 2. Проверьте баланс карты

- Убедитесь, что на карте достаточно средств для оплаты заказа - Учитывайте, что банк может удерживать небольшую сумму для проверки карты",56
stg5_chunk_00146,payment,rag_raw,payment_failures.md,ml\data\kb_stage5\raw\payment_failures.md,Проблемы с оплатой,Оплата не проходит — что делать?,3. Проверьте настройки онлайн-платежей,Проблемы с оплатой > Оплата не проходит — что делать? > 3. Проверьте настройки онлайн-платежей,"# Проблемы с оплатой
## Оплата не проходит — что делать?
### 3. Проверьте настройки онлайн-платежей

- Некоторые банки по умолчанию отключают онлайн-платежи - Проверьте в мобильном приложении банка, включены ли интернет-платежи - Проверьте лимит на онлайн-операции — возможно, он ниже суммы заказа",79
stg5_chunk_00147,payment,rag_raw,payment_failures.md,ml\data\kb_stage5\raw\payment_failures.md,Проблемы с оплатой,Оплата не проходит — что делать?,4. Проверьте 3D Secure,Проблемы с оплатой > Оплата не проходит — что делать? > 4. Проверьте 3D Secure,"# Проблемы с оплатой
## Оплата не проходит — что делать?
### 4. Проверьте 3D Secure

- При оплате банк может запросить подтверждение через SMS-код - Убедитесь, что номер телефона, привязанный к карте, актуален - Если SMS-код не приходит, обратитесь в свой банк",69
stg5_chunk_00148,payment,rag_raw,payment_failures.md,ml\data\kb_stage5\raw\payment_failures.md,Проблемы с оплатой,Оплата не проходит — что делать?,5. Попробуйте другой способ оплаты,Проблемы с оплатой > Оплата не проходит — что делать? > 5. Попробуйте другой способ оплаты,"# Проблемы с оплатой
## Оплата не проходит — что делать?
### 5. Попробуйте другой способ оплаты

Если карта не работает, попробуйте: - другую банковскую карту - СБП (Система быстрых платежей) - Apple Pay или Google Pay - оплату при получении (наложенный платёж)",69
stg5_chunk_00149,payment,rag_raw,payment_failures.md,ml\data\kb_stage5\raw\payment_failures.md,Проблемы с оплатой,Оплата не проходит — что делать?,6. Попробуйте позже,Проблемы с оплатой > Оплата не проходит — что делать? > 6. Попробуйте позже,"# Проблемы с оплатой
## Оплата не проходит — что делать?
### 6. Попробуйте позже

Иногда проблема вызвана временной недоступностью платёжной системы. Подождите 15–30 минут и попробуйте снова.

---",51
stg5_chunk_00150,payment,rag_raw,payment_failures.md,ml\data\kb_stage5\raw\payment_failures.md,Проблемы с оплатой,"Деньги списались, но заказ не создался",,"Проблемы с оплатой > Деньги списались, но заказ не создался","# Проблемы с оплатой
## Деньги списались, но заказ не создался

Это одна из самых частых и тревожных ситуаций. Вот что нужно знать:",35
stg5_chunk_00151,payment,rag_raw,payment_failures.md,ml\data\kb_stage5\raw\payment_failures.md,Проблемы с оплатой,"Деньги списались, но заказ не создался",Почему так происходит,"Проблемы с оплатой > Деньги списались, но заказ не создался > Почему так происходит","# Проблемы с оплатой
## Деньги списались, но заказ не создался
### Почему так происходит

- Произошёл сбой связи между банком и нашей системой - Платёж прошёл в банке, но подтверждение не дошло до нашего сервера - Это техническая ошибка, а не мошенничество",70
stg5_chunk_00152,payment,rag_raw,payment_failures.md,ml\data\kb_stage5\raw\payment_failures.md,Проблемы с оплатой,"Деньги списались, но заказ не создался",Что будет с деньгами,"Проблемы с оплатой > Деньги списались, но заказ не создался > Что будет с деньгами","# Проблемы с оплатой
## Деньги списались, но заказ не создался
### Что будет с деньгами

- В большинстве случаев деньги возвращаются **автоматически** в течение **3–5 рабочих дней** - Иногда банк отменяет холдирование в течение нескольких часов - Деньги вернутся на ту же карту, с которой была попытка оплаты",77
stg5_chunk_00153,payment,rag_raw,payment_failures.md,ml\data\kb_stage5\raw\payment_failures.md,Проблемы с оплатой,"Деньги списались, но заказ не создался",Что нужно сделать,"Проблемы с оплатой > Деньги списались, но заказ не создался > Что нужно сделать","# Проблемы с оплатой
## Деньги списались, но заказ не создался
### Что нужно сделать

1. **Не пытайтесь оплатить заказ повторно** сразу — это может привести к двойному списанию 2. Подождите 15–30 минут и проверьте, не появился ли заказ в личном кабинете 3. Если заказ не появился, обратитесь в поддержку",77
stg5_chunk_00154,payment,rag_raw,payment_failures.md,ml\data\kb_stage5\raw\payment_failures.md,Проблемы с оплатой,"Деньги списались, но заказ не создался",Что сообщить в поддержку,"Проблемы с оплатой > Деньги списались, но заказ не создался > Что сообщить в поддержку","# Проблемы с оплатой
## Деньги списались, но заказ не создался
### Что сообщить в поддержку

- Номер заказа (если он был показан на экране) - Email, указанный при оформлении - Сумму списания - Последние 4 цифры карты - Скриншот SMS от банка о списании (если есть)",75
stg5_chunk_00155,payment,rag_raw,payment_failures.md,ml\data\kb_stage5\raw\payment_failures.md,Проблемы с оплатой,"Деньги списались, но заказ не создался",Что мы сделаем,"Проблемы с оплатой > Деньги списались, но заказ не создался > Что мы сделаем","# Проблемы с оплатой
## Деньги списались, но заказ не создался
### Что мы сделаем

- Проверим статус платежа в нашей системе - Либо создадим заказ вручную - Либо подтвердим, что деньги будут возвращены автоматически

---",60
stg5_chunk_00156,payment,rag_raw,payment_failures.md,ml\data\kb_stage5\raw\payment_failures.md,Проблемы с оплатой,Оплата зависла — экран не отвечает,,Проблемы с оплатой > Оплата зависла — экран не отвечает,"# Проблемы с оплатой
## Оплата зависла — экран не отвечает

Если при оплате экран завис или долго не обновляется:",30
stg5_chunk_00157,payment,rag_raw,payment_failures.md,ml\data\kb_stage5\raw\payment_failures.md,Проблемы с оплатой,Оплата зависла — экран не отвечает,Что делать,Проблемы с оплатой > Оплата зависла — экран не отвечает > Что делать,"# Проблемы с оплатой
## Оплата зависла — экран не отвечает
### Что делать

1. **Не закрывайте страницу** сразу — возможно, идёт обработка 2. Подождите **2–3 минуты** 3. Если страница не обновилась, проверьте: - SMS от банка о списании — было ли списание? - Раздел «Мои заказы» — появился ли заказ?",82
stg5_chunk_00158,payment,rag_raw,payment_failures.md,ml\data\kb_stage5\raw\payment_failures.md,Проблемы с оплатой,Оплата зависла — экран не отвечает,Если деньги списались и заказ появился,Проблемы с оплатой > Оплата зависла — экран не отвечает > Если деньги списались и заказ появился,"# Проблемы с оплатой
## Оплата зависла — экран не отвечает
### Если деньги списались и заказ появился

Всё в порядке, оплата прошла. Страница зависла из-за сетевого сбоя.",46
stg5_chunk_00159,payment,rag_raw,payment_failures.md,ml\data\kb_stage5\raw\payment_failures.md,Проблемы с оплатой,Оплата зависла — экран не отвечает,"Если деньги списались, но заказа нет","Проблемы с оплатой > Оплата зависла — экран не отвечает > Если деньги списались, но заказа нет","# Проблемы с оплатой
## Оплата зависла — экран не отвечает
### Если деньги списались, но заказа нет

Обратитесь в поддержку (см. раздел выше «Деньги списались, но заказ не создался»).",50
stg5_chunk_00160,payment,rag_raw,payment_failures.md,ml\data\kb_stage5\raw\payment_failures.md,Проблемы с оплатой,Оплата зависла — экран не отвечает,Если деньги не списались,Проблемы с оплатой > Оплата зависла — экран не отвечает > Если деньги не списались,"# Проблемы с оплатой
## Оплата зависла — экран не отвечает
### Если деньги не списались

Попробуйте оформить заказ и оплатить его заново.

---",36
stg5_chunk_00161,payment,rag_raw,payment_failures.md,ml\data\kb_stage5\raw\payment_failures.md,Проблемы с оплатой,Ошибка банка при оплате,,Проблемы с оплатой > Ошибка банка при оплате,"# Проблемы с оплатой
## Ошибка банка при оплате

Если сайт показывает сообщение «Ошибка банка» или «Платёж отклонён банком»:",39
stg5_chunk_00162,payment,rag_raw,payment_failures.md,ml\data\kb_stage5\raw\payment_failures.md,Проблемы с оплатой,Ошибка банка при оплате,Возможные причины,Проблемы с оплатой > Ошибка банка при оплате > Возможные причины,"# Проблемы с оплатой
## Ошибка банка при оплате
### Возможные причины

- Банк отклонил транзакцию по внутренним правилам безопасности - Включён запрет на онлайн-платежи - Превышен суточный или месячный лимит - Карта заблокирована или истекла - Подозрение на мошенничество со стороны банка",80
stg5_chunk_00163,payment,rag_raw,payment_failures.md,ml\data\kb_stage5\raw\payment_failures.md,Проблемы с оплатой,Ошибка банка при оплате,Что делать,Проблемы с оплатой > Ошибка банка при оплате > Что делать,"# Проблемы с оплатой
## Ошибка банка при оплате
### Что делать

1. Позвоните в свой банк и уточните причину отклонения 2. Попросите банк разблокировать транзакцию для нашего магазина 3. Попробуйте оплатить другой картой или другим способом 4. Если проблема повторяется с разными картами, обратитесь в нашу поддержку

---",76
stg5_chunk_00164,payment,rag_raw,payment_failures.md,ml\data\kb_stage5\raw\payment_failures.md,Проблемы с оплатой,Когда вернутся деньги за неудачную оплату?,Стандартные сроки,Проблемы с оплатой > Когда вернутся деньги за неудачную оплату? > Стандартные сроки,"# Проблемы с оплатой
## Когда вернутся деньги за неудачную оплату?
### Стандартные сроки

- Автоматический возврат холдирования: **от нескольких часов до 3 дней** - Принудительный возврат через нашу систему: **до 5 рабочих дней** - Возврат через банк: **до 10 рабочих дней**",66
stg5_chunk_00165,payment,rag_raw,payment_failures.md,ml\data\kb_stage5\raw\payment_failures.md,Проблемы с оплатой,Когда вернутся деньги за неудачную оплату?,От чего зависит скорость,Проблемы с оплатой > Когда вернутся деньги за неудачную оплату? > От чего зависит скорость,"# Проблемы с оплатой
## Когда вернутся деньги за неудачную оплату?
### От чего зависит скорость

- От вашего банка (разные банки обрабатывают возвраты с разной скоростью) - От типа операции (холд vs полное списание) - От платёжной системы (Visa, MasterCard, МИР)",70
stg5_chunk_00166,payment,rag_raw,payment_failures.md,ml\data\kb_stage5\raw\payment_failures.md,Проблемы с оплатой,Когда вернутся деньги за неудачную оплату?,Если прошло более 10 рабочих дней,Проблемы с оплатой > Когда вернутся деньги за неудачную оплату? > Если прошло более 10 рабочих дней,"# Проблемы с оплатой
## Когда вернутся деньги за неудачную оплату?
### Если прошло более 10 рабочих дней

Обратитесь в поддержку с подтверждением списания (выписка из банка или скриншот SMS). Мы проверим статус возврата и при необходимости инициируем повторный возврат.

---",64
stg5_chunk_00167,payment,rag_raw,payment_failures.md,ml\data\kb_stage5\raw\payment_failures.md,Проблемы с оплатой,Как проверить статус оплаты?,В личном кабинете,Проблемы с оплатой > Как проверить статус оплаты? > В личном кабинете,"# Проблемы с оплатой
## Как проверить статус оплаты?
### В личном кабинете

1. Перейдите в раздел «Мои заказы» 2. Откройте карточку заказа 3. Статус оплаты отображается рядом со статусом заказа: - **Оплачен** — оплата прошла успешно - **Ожидает оплаты** — заказ создан, но оплата ещё не получена - **Ошибка оплаты** — платёж не прошёл, требуется повторная попытка - **Возврат** — инициирован возврат денежных средств",113
stg5_chunk_00168,payment,rag_raw,payment_failures.md,ml\data\kb_stage5\raw\payment_failures.md,Проблемы с оплатой,Как проверить статус оплаты?,Через банк,Проблемы с оплатой > Как проверить статус оплаты? > Через банк,"# Проблемы с оплатой
## Как проверить статус оплаты?
### Через банк

- Проверьте историю операций в мобильном приложении банка - Если видите операцию со статусом «Холдирование», деньги ещё не списаны окончательно и могут быть возвращены автоматически

---",58
stg5_chunk_00169,payment,rag_raw,payment_failures.md,ml\data\kb_stage5\raw\payment_failures.md,Проблемы с оплатой,Двойное списание — что делать?,,Проблемы с оплатой > Двойное списание — что делать?,"# Проблемы с оплатой
## Двойное списание — что делать?

Если деньги списались дважды за один заказ:",28
stg5_chunk_00170,payment,rag_raw,payment_failures.md,ml\data\kb_stage5\raw\payment_failures.md,Проблемы с оплатой,Двойное списание — что делать?,Почему так бывает,Проблемы с оплатой > Двойное списание — что делать? > Почему так бывает,"# Проблемы с оплатой
## Двойное списание — что делать?
### Почему так бывает

- Вы случайно нажали кнопку «Оплатить» дважды - Произошёл технический сбой, и повторный запрос обработался как новый платёж - Банк провёл два холдирования",65
stg5_chunk_00171,payment,rag_raw,payment_failures.md,ml\data\kb_stage5\raw\payment_failures.md,Проблемы с оплатой,Двойное списание — что делать?,Что делать,Проблемы с оплатой > Двойное списание — что делать? > Что делать,"# Проблемы с оплатой
## Двойное списание — что делать?
### Что делать

1. **Не паникуйте** — в большинстве случаев одно из списаний отменяется автоматически 2. Проверьте, не создалось ли два заказа в личном кабинете 3. Если создался только один заказ, второе списание вернётся автоматически 4. Если создалось два заказа, отмените лишний через личный кабинет или поддержку 5. Обратитесь в поддержку с информацией о двойном списании",101
stg5_chunk_00172,payment,rag_raw,payment_failures.md,ml\data\kb_stage5\raw\payment_failures.md,Проблемы с оплатой,Двойное списание — что делать?,Сроки возврата второго списания,Проблемы с оплатой > Двойное списание — что делать? > Сроки возврата второго списания,"# Проблемы с оплатой
## Двойное списание — что делать?
### Сроки возврата второго списания

- Обычно: 3–5 рабочих дней - Максимум: до 10 рабочих дней

---",43
stg5_chunk_00173,payment,rag_raw,payment_failures.md,ml\data\kb_stage5\raw\payment_failures.md,Проблемы с оплатой,Безопасно ли оплачивать на сайте?,,Проблемы с оплатой > Безопасно ли оплачивать на сайте?,"# Проблемы с оплатой
## Безопасно ли оплачивать на сайте?

Да, оплата на нашем сайте безопасна.",28
stg5_chunk_00174,payment,rag_raw,payment_failures.md,ml\data\kb_stage5\raw\payment_failures.md,Проблемы с оплатой,Безопасно ли оплачивать на сайте?,Как мы защищаем ваши данные,Проблемы с оплатой > Безопасно ли оплачивать на сайте? > Как мы защищаем ваши данные,"# Проблемы с оплатой
## Безопасно ли оплачивать на сайте?
### Как мы защищаем ваши данные

- Все платежи проходят через защищённое SSL-соединение - Данные вашей карты **не сохраняются** на наших серверах - Мы используем сертифицированную платёжную систему, соответствующую стандарту **PCI DSS** - Все операции подтверждаются через 3D Secure (SMS-код от банка)

---",99
stg5_chunk_00175,payment,rag_raw,payment_failures.md,ml\data\kb_stage5\raw\payment_failures.md,Проблемы с оплатой,FAQ,"Оплата не проходит, что делать?","Проблемы с оплатой > FAQ > Оплата не проходит, что делать?","# Проблемы с оплатой
## FAQ
### Оплата не проходит, что делать?

Проверьте данные карты, баланс и настройки онлайн-платежей в банке. Попробуйте другую карту или другой способ оплаты. Если ничего не помогает, обратитесь в поддержку.",55
stg5_chunk_00176,payment,rag_raw,payment_failures.md,ml\data\kb_stage5\raw\payment_failures.md,Проблемы с оплатой,FAQ,"Деньги списались, а заказ не создался","Проблемы с оплатой > FAQ > Деньги списались, а заказ не создался","# Проблемы с оплатой
## FAQ
### Деньги списались, а заказ не создался

Не пытайтесь оплатить повторно. Подождите 15–30 минут. Если заказ не появился, обратитесь в поддержку. Деньги вернутся автоматически в течение 3–5 дней, либо заказ будет создан вручную.",67
stg5_chunk_00177,payment,rag_raw,payment_failures.md,ml\data\kb_stage5\raw\payment_failures.md,Проблемы с оплатой,FAQ,Когда вернут деньги за неудачную оплату?,Проблемы с оплатой > FAQ > Когда вернут деньги за неудачную оплату?,"# Проблемы с оплатой
## FAQ
### Когда вернут деньги за неудачную оплату?

Обычно возврат происходит автоматически в течение 3–5 рабочих дней. Максимальный срок — до 10 рабочих дней.",41
stg5_chunk_00178,payment,rag_raw,payment_failures.md,ml\data\kb_stage5\raw\payment_failures.md,Проблемы с оплатой,FAQ,Почему банк отклоняет оплату?,Проблемы с оплатой > FAQ > Почему банк отклоняет оплату?,"# Проблемы с оплатой
## FAQ
### Почему банк отклоняет оплату?

Банк может отклонить платёж из-за отключённых онлайн-платежей, превышения лимита, блокировки карты или подозрения на мошенничество. Позвоните в свой банк для уточнения.",68
stg5_chunk_00179,payment,rag_raw,payment_failures.md,ml\data\kb_stage5\raw\payment_failures.md,Проблемы с оплатой,FAQ,"Оплата зависла, что делать?","Проблемы с оплатой > FAQ > Оплата зависла, что делать?","# Проблемы с оплатой
## FAQ
### Оплата зависла, что делать?

Не закрывайте страницу, подождите 2–3 минуты. Затем проверьте SMS от банка и раздел «Мои заказы». Если деньги списались, а заказа нет — обратитесь в поддержку.",63
stg5_chunk_00180,payment,rag_raw,payment_failures.md,ml\data\kb_stage5\raw\payment_failures.md,Проблемы с оплатой,FAQ,"Можно ли оплатить заказ другим способом, если карта не работает?","Проблемы с оплатой > FAQ > Можно ли оплатить заказ другим способом, если карта не работает?","# Проблемы с оплатой
## FAQ
### Можно ли оплатить заказ другим способом, если карта не работает?

Да, вы можете использовать СБП, Apple Pay, Google Pay или оплату при получении (наложенный платёж).",50
stg5_chunk_00181,payment,rag_raw,payment_failures.md,ml\data\kb_stage5\raw\payment_failures.md,Проблемы с оплатой,FAQ,"Списали деньги дважды, что делать?","Проблемы с оплатой > FAQ > Списали деньги дважды, что делать?","# Проблемы с оплатой
## FAQ
### Списали деньги дважды, что делать?

Проверьте, не создалось ли два заказа. Если заказ один, второе списание вернётся автоматически в течение 3–5 дней. Обратитесь в поддержку, если возврат не произошёл.",62
stg5_chunk_00182,payment,rag_raw,payment_failures.md,ml\data\kb_stage5\raw\payment_failures.md,Проблемы с оплатой,FAQ,"Как убедиться, что сайт безопасен для оплаты?","Проблемы с оплатой > FAQ > Как убедиться, что сайт безопасен для оплаты?","# Проблемы с оплатой
## FAQ
### Как убедиться, что сайт безопасен для оплаты?

Наш сайт использует SSL-шифрование, сертифицирован по PCI DSS, не хранит данные карт и поддерживает 3D Secure.",51
stg5_chunk_00183,delivery,rag_raw,delivery_tracking.md,ml\data\kb_stage5\raw\delivery_tracking.md,Отслеживание доставки и решение проблем с доставкой,Краткий ответ,,Отслеживание доставки и решение проблем с доставкой > Краткий ответ,"# Отслеживание доставки и решение проблем с доставкой
## Краткий ответ

После отправки заказа вы получите трек-номер по SMS, email и в личном кабинете. Отследить посылку можно на сайте транспортной компании или в разделе «Мои заказы». Если посылка не движется, курьер не приехал или возникли другие проблемы с доставкой, обратитесь в службу поддержки с номером заказа и трек-номером.

---",102
stg5_chunk_00184,delivery,rag_raw,delivery_tracking.md,ml\data\kb_stage5\raw\delivery_tracking.md,Отслеживание доставки и решение проблем с доставкой,Где найти трек-номер?,,Отслеживание доставки и решение проблем с доставкой > Где найти трек-номер?,"# Отслеживание доставки и решение проблем с доставкой
## Где найти трек-номер?

Трек-номер доступен в нескольких местах:",33
stg5_chunk_00185,delivery,rag_raw,delivery_tracking.md,ml\data\kb_stage5\raw\delivery_tracking.md,Отслеживание доставки и решение проблем с доставкой,Где найти трек-номер?,В личном кабинете,Отслеживание доставки и решение проблем с доставкой > Где найти трек-номер? > В личном кабинете,"# Отслеживание доставки и решение проблем с доставкой
## Где найти трек-номер?
### В личном кабинете

1. Войдите в личный кабинет 2. Перейдите в раздел «Мои заказы» 3. Откройте карточку нужного заказа 4. Трек-номер отображается в блоке «Доставка»",73
stg5_chunk_00186,delivery,rag_raw,delivery_tracking.md,ml\data\kb_stage5\raw\delivery_tracking.md,Отслеживание доставки и решение проблем с доставкой,Где найти трек-номер?,В уведомлениях,Отслеживание доставки и решение проблем с доставкой > Где найти трек-номер? > В уведомлениях,"# Отслеживание доставки и решение проблем с доставкой
## Где найти трек-номер?
### В уведомлениях

После отправки заказа трек-номер приходит: - в SMS на номер телефона из профиля - в email-уведомлении - в push-уведомлении мобильного приложения",67
stg5_chunk_00187,delivery,rag_raw,delivery_tracking.md,ml\data\kb_stage5\raw\delivery_tracking.md,Отслеживание доставки и решение проблем с доставкой,Где найти трек-номер?,Когда появляется трек-номер,Отслеживание доставки и решение проблем с доставкой > Где найти трек-номер? > Когда появляется трек-номер,"# Отслеживание доставки и решение проблем с доставкой
## Где найти трек-номер?
### Когда появляется трек-номер

- Обычно в течение 24 часов после смены статуса на «Передан в доставку» - В редких случаях — до 48 часов - Если через 48 часов трек-номер не появился, обратитесь в поддержку

---",77
stg5_chunk_00188,delivery,rag_raw,delivery_tracking.md,ml\data\kb_stage5\raw\delivery_tracking.md,Отслеживание доставки и решение проблем с доставкой,Как отследить доставку?,На сайте транспортной компании,Отслеживание доставки и решение проблем с доставкой > Как отследить доставку? > На сайте транспортной компании,"# Отслеживание доставки и решение проблем с доставкой
## Как отследить доставку?
### На сайте транспортной компании

1. Скопируйте трек-номер из личного кабинета 2. Перейдите на сайт транспортной компании: - СДЭК: cdek.ru/tracking - Почта России: pochta.ru/tracking 3. Введите трек-номер в поле отслеживания 4. Система покажет текущее местоположение и историю перемещения посылки",107
stg5_chunk_00189,delivery,rag_raw,delivery_tracking.md,ml\data\kb_stage5\raw\delivery_tracking.md,Отслеживание доставки и решение проблем с доставкой,Как отследить доставку?,В личном кабинете,Отслеживание доставки и решение проблем с доставкой > Как отследить доставку? > В личном кабинете,"# Отслеживание доставки и решение проблем с доставкой
## Как отследить доставку?
### В личном кабинете

В карточке заказа доступна краткая информация о статусе доставки. Для подробной истории перемещений рекомендуем сайт транспортной компании.",57
stg5_chunk_00190,delivery,rag_raw,delivery_tracking.md,ml\data\kb_stage5\raw\delivery_tracking.md,Отслеживание доставки и решение проблем с доставкой,Как отследить доставку?,В мобильном приложении,Отслеживание доставки и решение проблем с доставкой > Как отследить доставку? > В мобильном приложении,"# Отслеживание доставки и решение проблем с доставкой
## Как отследить доставку?
### В мобильном приложении

Откройте карточку заказа в приложении — там отображается текущий статус доставки и ссылка на отслеживание.

---",56
stg5_chunk_00191,delivery,rag_raw,delivery_tracking.md,ml\data\kb_stage5\raw\delivery_tracking.md,Отслеживание доставки и решение проблем с доставкой,Посылка не движется — почему?,,Отслеживание доставки и решение проблем с доставкой > Посылка не движется — почему?,"# Отслеживание доставки и решение проблем с доставкой
## Посылка не движется — почему?

Если трек-номер показывает, что посылка не перемещается уже несколько дней:",44
stg5_chunk_00192,delivery,rag_raw,delivery_tracking.md,ml\data\kb_stage5\raw\delivery_tracking.md,Отслеживание доставки и решение проблем с доставкой,Посылка не движется — почему?,Возможные причины,Отслеживание доставки и решение проблем с доставкой > Посылка не движется — почему? > Возможные причины,"# Отслеживание доставки и решение проблем с доставкой
## Посылка не движется — почему?
### Возможные причины

- **Логистическая задержка**: перегрузка сортировочного центра, особенно в период распродаж и праздников - **Погодные условия**: плохая погода может задержать доставку в отдалённые регионы - **Ожидание консолидации**: транспортная компания может ждать набора партии для отправки в ваш регион - **Задержка обновления трекинга**: иногда данные отслеживания обновляются с опозданием на 1–3 дня - **Таможенное оформление**: для международных доставок (Беларусь, Казахстан) возможна задержка на таможне",163
stg5_chunk_00193,delivery,rag_raw,delivery_tracking.md,ml\data\kb_stage5\raw\delivery_tracking.md,Отслеживание доставки и решение проблем с доставкой,Посылка не движется — почему?,Что делать,Отслеживание доставки и решение проблем с доставкой > Посылка не движется — почему? > Что делать,"# Отслеживание доставки и решение проблем с доставкой
## Посылка не движется — почему?
### Что делать

1. Подождите 3–5 дней — часто статус обновляется с задержкой 2. Проверьте трекинг на сайте транспортной компании (не только в нашей системе) 3. Если посылка не движется более 7 дней, обратитесь в поддержку",79
stg5_chunk_00194,delivery,rag_raw,delivery_tracking.md,ml\data\kb_stage5\raw\delivery_tracking.md,Отслеживание доставки и решение проблем с доставкой,Посылка не движется — почему?,Что мы сделаем,Отслеживание доставки и решение проблем с доставкой > Посылка не движется — почему? > Что мы сделаем,"# Отслеживание доставки и решение проблем с доставкой
## Посылка не движется — почему?
### Что мы сделаем

- Свяжемся с транспортной компанией - Уточним местонахождение посылки - Сообщим вам результат в течение 1–2 рабочих дней

---",63
stg5_chunk_00195,delivery,rag_raw,delivery_tracking.md,ml\data\kb_stage5\raw\delivery_tracking.md,Отслеживание доставки и решение проблем с доставкой,Можно ли изменить адрес доставки?,До отправки заказа,Отслеживание доставки и решение проблем с доставкой > Можно ли изменить адрес доставки? > До отправки заказа,"# Отслеживание доставки и решение проблем с доставкой
## Можно ли изменить адрес доставки?
### До отправки заказа

Да, адрес можно изменить: - через личный кабинет в разделе «Мои заказы» - через службу поддержки",50
stg5_chunk_00196,delivery,rag_raw,delivery_tracking.md,ml\data\kb_stage5\raw\delivery_tracking.md,Отслеживание доставки и решение проблем с доставкой,Можно ли изменить адрес доставки?,После отправки заказа,Отслеживание доставки и решение проблем с доставкой > Можно ли изменить адрес доставки? > После отправки заказа,"# Отслеживание доставки и решение проблем с доставкой
## Можно ли изменить адрес доставки?
### После отправки заказа

Изменение возможно, но с ограничениями: - нужно связаться с транспортной компанией через нашу поддержку - может потребоваться доплата за перенаправление - не все транспортные компании поддерживают изменение адреса в пути",73
stg5_chunk_00197,delivery,rag_raw,delivery_tracking.md,ml\data\kb_stage5\raw\delivery_tracking.md,Отслеживание доставки и решение проблем с доставкой,Можно ли изменить адрес доставки?,Как запросить изменение,Отслеживание доставки и решение проблем с доставкой > Можно ли изменить адрес доставки? > Как запросить изменение,"# Отслеживание доставки и решение проблем с доставкой
## Можно ли изменить адрес доставки?
### Как запросить изменение

1. Обратитесь в поддержку как можно раньше 2. Сообщите номер заказа и новый адрес доставки 3. Мы проверим возможность изменения и сообщим результат

---",56
stg5_chunk_00198,delivery,rag_raw,delivery_tracking.md,ml\data\kb_stage5\raw\delivery_tracking.md,Отслеживание доставки и решение проблем с доставкой,Можно ли изменить дату или время доставки?,Курьерская доставка СДЭК,Отслеживание доставки и решение проблем с доставкой > Можно ли изменить дату или время доставки? > Курьерская доставка СДЭК,"# Отслеживание доставки и решение проблем с доставкой
## Можно ли изменить дату или время доставки?
### Курьерская доставка СДЭК

- Дату и временной интервал можно изменить до момента выезда курьера - Обратитесь в поддержку с номером заказа и желаемой датой и временем - Доступные интервалы: 10:00–14:00, 14:00–18:00, 18:00–22:00",83
stg5_chunk_00199,delivery,rag_raw,delivery_tracking.md,ml\data\kb_stage5\raw\delivery_tracking.md,Отслеживание доставки и решение проблем с доставкой,Можно ли изменить дату или время доставки?,Почта России,Отслеживание доставки и решение проблем с доставкой > Можно ли изменить дату или время доставки? > Почта России,"# Отслеживание доставки и решение проблем с доставкой
## Можно ли изменить дату или время доставки?
### Почта России

- Дату доставки изменить нельзя — посылка поступает в отделение по стандартному маршруту - Можно только дождаться уведомления о поступлении и забрать в удобное время",65
stg5_chunk_00200,delivery,rag_raw,delivery_tracking.md,ml\data\kb_stage5\raw\delivery_tracking.md,Отслеживание доставки и решение проблем с доставкой,Можно ли изменить дату или время доставки?,Самовывоз из пункта выдачи,Отслеживание доставки и решение проблем с доставкой > Можно ли изменить дату или время доставки? > Самовывоз из пункта выдачи,"# Отслеживание доставки и решение проблем с доставкой
## Можно ли изменить дату или время доставки?
### Самовывоз из пункта выдачи

- Забрать заказ можно в любое время в часы работы пункта выдачи - Срок хранения: до 7 дней бесплатно

---",54
stg5_chunk_00201,delivery,rag_raw,delivery_tracking.md,ml\data\kb_stage5\raw\delivery_tracking.md,Отслеживание доставки и решение проблем с доставкой,Курьер не приехал — что делать?,,Отслеживание доставки и решение проблем с доставкой > Курьер не приехал — что делать?,"# Отслеживание доставки и решение проблем с доставкой
## Курьер не приехал — что делать?

Если курьер не приехал в назначенный день или интервал:",36
stg5_chunk_00202,delivery,rag_raw,delivery_tracking.md,ml\data\kb_stage5\raw\delivery_tracking.md,Отслеживание доставки и решение проблем с доставкой,Курьер не приехал — что делать?,Шаг 1. Проверьте статус заказа,Отслеживание доставки и решение проблем с доставкой > Курьер не приехал — что делать? > Шаг 1. Проверьте статус заказа,"# Отслеживание доставки и решение проблем с доставкой
## Курьер не приехал — что делать?
### Шаг 1. Проверьте статус заказа

Убедитесь, что статус заказа действительно «Готов к доставке» или «В пути». Иногда доставка переносится автоматически.",60
stg5_chunk_00203,delivery,rag_raw,delivery_tracking.md,ml\data\kb_stage5\raw\delivery_tracking.md,Отслеживание доставки и решение проблем с доставкой,Курьер не приехал — что делать?,Шаг 2. Проверьте контактные данные,Отслеживание доставки и решение проблем с доставкой > Курьер не приехал — что делать? > Шаг 2. Проверьте контактные данные,"# Отслеживание доставки и решение проблем с доставкой
## Курьер не приехал — что делать?
### Шаг 2. Проверьте контактные данные

Убедитесь, что номер телефона в профиле актуален — курьер мог не дозвониться.",56
stg5_chunk_00204,delivery,rag_raw,delivery_tracking.md,ml\data\kb_stage5\raw\delivery_tracking.md,Отслеживание доставки и решение проблем с доставкой,Курьер не приехал — что делать?,Шаг 3. Подождите до конца дня,Отслеживание доставки и решение проблем с доставкой > Курьер не приехал — что делать? > Шаг 3. Подождите до конца дня,"# Отслеживание доставки и решение проблем с доставкой
## Курьер не приехал — что делать?
### Шаг 3. Подождите до конца дня

Иногда курьер задерживается из-за пробок или большого количества доставок. Интервал может сдвинуться на 30–60 минут.",65
stg5_chunk_00205,delivery,rag_raw,delivery_tracking.md,ml\data\kb_stage5\raw\delivery_tracking.md,Отслеживание доставки и решение проблем с доставкой,Курьер не приехал — что делать?,Шаг 4. Обратитесь в поддержку,Отслеживание доставки и решение проблем с доставкой > Курьер не приехал — что делать? > Шаг 4. Обратитесь в поддержку,"# Отслеживание доставки и решение проблем с доставкой
## Курьер не приехал — что делать?
### Шаг 4. Обратитесь в поддержку

Если курьер не приехал до конца рабочего дня: - Напишите в чат на сайте - Позвоните: 8-800-123-45-67 - Мы свяжемся с транспортной компанией и назначим повторную доставку",79
stg5_chunk_00206,delivery,rag_raw,delivery_tracking.md,ml\data\kb_stage5\raw\delivery_tracking.md,Отслеживание доставки и решение проблем с доставкой,Курьер не приехал — что делать?,Повторная доставка,Отслеживание доставки и решение проблем с доставкой > Курьер не приехал — что делать? > Повторная доставка,"# Отслеживание доставки и решение проблем с доставкой
## Курьер не приехал — что делать?
### Повторная доставка

- Повторная доставка бесплатна - Обычно назначается на следующий рабочий день - Вы можете выбрать удобный интервал

---",50
stg5_chunk_00207,delivery,rag_raw,delivery_tracking.md,ml\data\kb_stage5\raw\delivery_tracking.md,Отслеживание доставки и решение проблем с доставкой,Посылка повреждена при доставке,,Отслеживание доставки и решение проблем с доставкой > Посылка повреждена при доставке,"# Отслеживание доставки и решение проблем с доставкой
## Посылка повреждена при доставке

Если при получении вы обнаружили, что посылка повреждена:",37
stg5_chunk_00208,delivery,rag_raw,delivery_tracking.md,ml\data\kb_stage5\raw\delivery_tracking.md,Отслеживание доставки и решение проблем с доставкой,Посылка повреждена при доставке,При курьерской доставке,Отслеживание доставки и решение проблем с доставкой > Посылка повреждена при доставке > При курьерской доставке,"# Отслеживание доставки и решение проблем с доставкой
## Посылка повреждена при доставке
### При курьерской доставке

1. Осмотрите упаковку при курьере 2. Если видны повреждения, **откройте при курьере** и проверьте содержимое 3. Если товар повреждён: - откажитесь от получения - составьте акт с курьером - сообщите в нашу поддержку 4. Если повреждена только упаковка, а товар цел — можно принять заказ",114
stg5_chunk_00209,delivery,rag_raw,delivery_tracking.md,ml\data\kb_stage5\raw\delivery_tracking.md,Отслеживание доставки и решение проблем с доставкой,Посылка повреждена при доставке,При получении в пункте выдачи или на почте,Отслеживание доставки и решение проблем с доставкой > Посылка повреждена при доставке > При получении в пункте выдачи или на почте,"# Отслеживание доставки и решение проблем с доставкой
## Посылка повреждена при доставке
### При получении в пункте выдачи или на почте

1. Осмотрите упаковку до подписания документов 2. При обнаружении повреждений попросите сотрудника составить акт 3. Сфотографируйте повреждения 4. Обратитесь в нашу поддержку с фото и номером заказа",80
stg5_chunk_00210,delivery,rag_raw,delivery_tracking.md,ml\data\kb_stage5\raw\delivery_tracking.md,Отслеживание доставки и решение проблем с доставкой,Посылка повреждена при доставке,Что мы сделаем,Отслеживание доставки и решение проблем с доставкой > Посылка повреждена при доставке > Что мы сделаем,"# Отслеживание доставки и решение проблем с доставкой
## Посылка повреждена при доставке
### Что мы сделаем

- Организуем замену товара или возврат денег - Компенсируем стоимость обратной доставки - Рассмотрим обращение в течение 1–2 рабочих дней

---",61
stg5_chunk_00211,delivery,rag_raw,delivery_tracking.md,ml\data\kb_stage5\raw\delivery_tracking.md,Отслеживание доставки и решение проблем с доставкой,Получил не тот товар,,Отслеживание доставки и решение проблем с доставкой > Получил не тот товар,"# Отслеживание доставки и решение проблем с доставкой
## Получил не тот товар

Если в посылке оказался не тот товар, который вы заказывали:",35
stg5_chunk_00212,delivery,rag_raw,delivery_tracking.md,ml\data\kb_stage5\raw\delivery_tracking.md,Отслеживание доставки и решение проблем с доставкой,Получил не тот товар,Что делать,Отслеживание доставки и решение проблем с доставкой > Получил не тот товар > Что делать,"# Отслеживание доставки и решение проблем с доставкой
## Получил не тот товар
### Что делать

1. Сфотографируйте полученный товар и этикетку на упаковке 2. Не выбрасывайте упаковку 3. Обратитесь в поддержку с номером заказа и фотографиями 4. Мы организуем: - бесплатный забор неправильного товара курьером - отправку правильного товара - или возврат денег (по вашему выбору)",98
stg5_chunk_00213,delivery,rag_raw,delivery_tracking.md,ml\data\kb_stage5\raw\delivery_tracking.md,Отслеживание доставки и решение проблем с доставкой,Получил не тот товар,Сроки решения,Отслеживание доставки и решение проблем с доставкой > Получил не тот товар > Сроки решения,"# Отслеживание доставки и решение проблем с доставкой
## Получил не тот товар
### Сроки решения

- Рассмотрение: 1–2 рабочих дня - Отправка правильного товара: 1–3 рабочих дня после подтверждения - Возврат денег: до 10 рабочих дней

---",61
stg5_chunk_00214,delivery,rag_raw,delivery_tracking.md,ml\data\kb_stage5\raw\delivery_tracking.md,Отслеживание доставки и решение проблем с доставкой,FAQ,Где трек-номер моего заказа?,Отслеживание доставки и решение проблем с доставкой > FAQ > Где трек-номер моего заказа?,"# Отслеживание доставки и решение проблем с доставкой
## FAQ
### Где трек-номер моего заказа?

Трек-номер доступен в личном кабинете в карточке заказа. Также он приходит в SMS и email после отправки заказа. Обычно трек-номер появляется в течение 24–48 часов после передачи заказа в доставку.",77
stg5_chunk_00215,delivery,rag_raw,delivery_tracking.md,ml\data\kb_stage5\raw\delivery_tracking.md,Отслеживание доставки и решение проблем с доставкой,FAQ,Как отследить посылку?,Отслеживание доставки и решение проблем с доставкой > FAQ > Как отследить посылку?,"# Отслеживание доставки и решение проблем с доставкой
## FAQ
### Как отследить посылку?

Скопируйте трек-номер из личного кабинета и введите его на сайте транспортной компании (СДЭК или Почта России).",56
stg5_chunk_00216,delivery,rag_raw,delivery_tracking.md,ml\data\kb_stage5\raw\delivery_tracking.md,Отслеживание доставки и решение проблем с доставкой,FAQ,Почему посылка не движется?,Отслеживание доставки и решение проблем с доставкой > FAQ > Почему посылка не движется?,"# Отслеживание доставки и решение проблем с доставкой
## FAQ
### Почему посылка не движется?

Возможны логистические задержки, задержка обновления трекинга или погодные условия. Подождите 3–5 дней. Если посылка не двигается более 7 дней, обратитесь в поддержку.",74
stg5_chunk_00217,delivery,rag_raw,delivery_tracking.md,ml\data\kb_stage5\raw\delivery_tracking.md,Отслеживание доставки и решение проблем с доставкой,FAQ,Можно ли поменять адрес доставки после отправки?,Отслеживание доставки и решение проблем с доставкой > FAQ > Можно ли поменять адрес доставки после отправки?,"# Отслеживание доставки и решение проблем с доставкой
## FAQ
### Можно ли поменять адрес доставки после отправки?

Это возможно, но зависит от транспортной компании. Обратитесь в поддержку как можно раньше. Может потребоваться доплата.",53
stg5_chunk_00218,delivery,rag_raw,delivery_tracking.md,ml\data\kb_stage5\raw\delivery_tracking.md,Отслеживание доставки и решение проблем с доставкой,FAQ,"Курьер не приехал, что делать?","Отслеживание доставки и решение проблем с доставкой > FAQ > Курьер не приехал, что делать?","# Отслеживание доставки и решение проблем с доставкой
## FAQ
### Курьер не приехал, что делать?

Проверьте статус заказа и контактные данные. Если курьер не приехал до конца дня, обратитесь в поддержку — мы назначим повторную бесплатную доставку.",63
stg5_chunk_00219,delivery,rag_raw,delivery_tracking.md,ml\data\kb_stage5\raw\delivery_tracking.md,Отслеживание доставки и решение проблем с доставкой,FAQ,"Посылка пришла повреждённой, что делать?","Отслеживание доставки и решение проблем с доставкой > FAQ > Посылка пришла повреждённой, что делать?","# Отслеживание доставки и решение проблем с доставкой
## FAQ
### Посылка пришла повреждённой, что делать?

Сфотографируйте повреждения, не выбрасывайте упаковку и обратитесь в поддержку с номером заказа и фотографиями. Мы организуем замену или возврат.",67
stg5_chunk_00220,delivery,rag_raw,delivery_tracking.md,ml\data\kb_stage5\raw\delivery_tracking.md,Отслеживание доставки и решение проблем с доставкой,FAQ,"Получил не тот товар, что делать?","Отслеживание доставки и решение проблем с доставкой > FAQ > Получил не тот товар, что делать?","# Отслеживание доставки и решение проблем с доставкой
## FAQ
### Получил не тот товар, что делать?

Сфотографируйте полученный товар и обратитесь в поддержку. Мы организуем забор неправильного товара и отправку нужного или оформим возврат денег.",60
stg5_chunk_00221,delivery,rag_raw,delivery_tracking.md,ml\data\kb_stage5\raw\delivery_tracking.md,Отслеживание доставки и решение проблем с доставкой,FAQ,Можно ли перенести дату доставки?,Отслеживание доставки и решение проблем с доставкой > FAQ > Можно ли перенести дату доставки?,"# Отслеживание доставки и решение проблем с доставкой
## FAQ
### Можно ли перенести дату доставки?

Да, для курьерской доставки СДЭК можно изменить дату и интервал до выезда курьера. Обратитесь в поддержку.",52
stg5_chunk_00222,delivery,rag_raw,delivery_tracking.md,ml\data\kb_stage5\raw\delivery_tracking.md,Отслеживание доставки и решение проблем с доставкой,FAQ,Сколько хранится заказ в пункте выдачи?,Отслеживание доставки и решение проблем с доставкой > FAQ > Сколько хранится заказ в пункте выдачи?,"# Отслеживание доставки и решение проблем с доставкой
## FAQ
### Сколько хранится заказ в пункте выдачи?

Заказ хранится в пункте выдачи СДЭК бесплатно до 7 дней. После этого заказ возвращается на склад.",54
stg5_chunk_00223,technical_support,rag_raw,site_issues.md,ml\data\kb_stage5\raw\site_issues.md,Технические проблемы с сайтом и приложением,Краткий ответ,,Технические проблемы с сайтом и приложением > Краткий ответ,"# Технические проблемы с сайтом и приложением
## Краткий ответ

Если сайт или приложение не работает, попробуйте обновить страницу, очистить кэш браузера или перезапустить приложение. Если проблема сохраняется, попробуйте другой браузер или устройство. При массовых сбоях мы публикуем информацию в Telegram-канале и на странице магазина в социальных сетях. Если ничего не помогает, обратитесь в службу поддержки.

---",88
stg5_chunk_00224,technical_support,rag_raw,site_issues.md,ml\data\kb_stage5\raw\site_issues.md,Технические проблемы с сайтом и приложением,Сайт не открывается — что делать?,,Технические проблемы с сайтом и приложением > Сайт не открывается — что делать?,"# Технические проблемы с сайтом и приложением
## Сайт не открывается — что делать?

Если сайт не загружается вообще:",27
stg5_chunk_00225,technical_support,rag_raw,site_issues.md,ml\data\kb_stage5\raw\site_issues.md,Технические проблемы с сайтом и приложением,Сайт не открывается — что делать?,Шаг 1. Проверьте интернет-соединение,Технические проблемы с сайтом и приложением > Сайт не открывается — что делать? > Шаг 1. Проверьте интернет-соединение,"# Технические проблемы с сайтом и приложением
## Сайт не открывается — что делать?
### Шаг 1. Проверьте интернет-соединение

- Откройте любой другой сайт (например, google.com) - Если другие сайты тоже не открываются — проблема в вашем интернете - Перезагрузите роутер или переключитесь на мобильный интернет",75
stg5_chunk_00226,technical_support,rag_raw,site_issues.md,ml\data\kb_stage5\raw\site_issues.md,Технические проблемы с сайтом и приложением,Сайт не открывается — что делать?,Шаг 2. Попробуйте другой браузер,Технические проблемы с сайтом и приложением > Сайт не открывается — что делать? > Шаг 2. Попробуйте другой браузер,"# Технические проблемы с сайтом и приложением
## Сайт не открывается — что делать?
### Шаг 2. Попробуйте другой браузер

- Если сайт не открывается в Chrome, попробуйте Firefox, Edge или Safari - Попробуйте режим «Инкогнито» (Ctrl+Shift+N в Chrome)",67
stg5_chunk_00227,technical_support,rag_raw,site_issues.md,ml\data\kb_stage5\raw\site_issues.md,Технические проблемы с сайтом и приложением,Сайт не открывается — что делать?,Шаг 3. Очистите кэш браузера,Технические проблемы с сайтом и приложением > Сайт не открывается — что делать? > Шаг 3. Очистите кэш браузера,"# Технические проблемы с сайтом и приложением
## Сайт не открывается — что делать?
### Шаг 3. Очистите кэш браузера

- Chrome: Настройки → Конфиденциальность → Очистить данные просмотра - Firefox: Настройки → Приватность → Удалить данные - После очистки перезагрузите страницу",73
stg5_chunk_00228,technical_support,rag_raw,site_issues.md,ml\data\kb_stage5\raw\site_issues.md,Технические проблемы с сайтом и приложением,Сайт не открывается — что делать?,Шаг 4. Проверьте статус сайта,Технические проблемы с сайтом и приложением > Сайт не открывается — что делать? > Шаг 4. Проверьте статус сайта,"# Технические проблемы с сайтом и приложением
## Сайт не открывается — что делать?
### Шаг 4. Проверьте статус сайта

- Возможно, на сайте проводятся технические работы - Проверьте наш Telegram-канал или социальные сети — мы публикуем информацию о плановых работах и сбоях",65
stg5_chunk_00229,technical_support,rag_raw,site_issues.md,ml\data\kb_stage5\raw\site_issues.md,Технические проблемы с сайтом и приложением,Сайт не открывается — что делать?,Шаг 5. Подождите и попробуйте позже,Технические проблемы с сайтом и приложением > Сайт не открывается — что делать? > Шаг 5. Подождите и попробуйте позже,"# Технические проблемы с сайтом и приложением
## Сайт не открывается — что делать?
### Шаг 5. Подождите и попробуйте позже

- Если проблема на нашей стороне, мы работаем над её устранением - Обычно технические работы длятся не более 1–2 часов

---",60
stg5_chunk_00230,technical_support,rag_raw,site_issues.md,ml\data\kb_stage5\raw\site_issues.md,Технические проблемы с сайтом и приложением,Страницы загружаются медленно,,Технические проблемы с сайтом и приложением > Страницы загружаются медленно,"# Технические проблемы с сайтом и приложением
## Страницы загружаются медленно

Если сайт открывается, но работает очень медленно:",27
stg5_chunk_00231,technical_support,rag_raw,site_issues.md,ml\data\kb_stage5\raw\site_issues.md,Технические проблемы с сайтом и приложением,Страницы загружаются медленно,Возможные причины на вашей стороне,Технические проблемы с сайтом и приложением > Страницы загружаются медленно > Возможные причины на вашей стороне,"# Технические проблемы с сайтом и приложением
## Страницы загружаются медленно
### Возможные причины на вашей стороне

- Медленное интернет-соединение - Много открытых вкладок в браузере - Устаревшая версия браузера - Блокировщик рекламы конфликтует с сайтом",62
stg5_chunk_00232,technical_support,rag_raw,site_issues.md,ml\data\kb_stage5\raw\site_issues.md,Технические проблемы с сайтом и приложением,Страницы загружаются медленно,Что можно сделать,Технические проблемы с сайтом и приложением > Страницы загружаются медленно > Что можно сделать,"# Технические проблемы с сайтом и приложением
## Страницы загружаются медленно
### Что можно сделать

1. Закройте лишние вкладки 2. Обновите браузер до последней версии 3. Временно отключите блокировщик рекламы 4. Попробуйте другой браузер 5. Перезагрузите устройство",58
stg5_chunk_00233,technical_support,rag_raw,site_issues.md,ml\data\kb_stage5\raw\site_issues.md,Технические проблемы с сайтом и приложением,Страницы загружаются медленно,Возможные причины на нашей стороне,Технические проблемы с сайтом и приложением > Страницы загружаются медленно > Возможные причины на нашей стороне,"# Технические проблемы с сайтом и приложением
## Страницы загружаются медленно
### Возможные причины на нашей стороне

- Высокая нагрузка в период распродаж и акций - Технические работы

Если проблема сохраняется, обратитесь в поддержку.

---",55
stg5_chunk_00234,technical_support,rag_raw,site_issues.md,ml\data\kb_stage5\raw\site_issues.md,Технические проблемы с сайтом и приложением,Не работает корзина,,Технические проблемы с сайтом и приложением > Не работает корзина,"# Технические проблемы с сайтом и приложением
## Не работает корзина

Если не удаётся добавить товар в корзину или корзина отображается некорректно:",37
stg5_chunk_00235,technical_support,rag_raw,site_issues.md,ml\data\kb_stage5\raw\site_issues.md,Технические проблемы с сайтом и приложением,Не работает корзина,Возможные проблемы и решения,Технические проблемы с сайтом и приложением > Не работает корзина > Возможные проблемы и решения,"# Технические проблемы с сайтом и приложением
## Не работает корзина
### Возможные проблемы и решения

#### Товар не добавляется в корзину - Товар может быть распродан — проверьте статус наличия на странице товара - Очистите кэш браузера и попробуйте снова - Попробуйте другой браузер

#### Корзина показывает неправильное количество товаров - Обновите страницу (F5 или Ctrl+R) - Выйдите из аккаунта и войдите снова - Очистите cookies для нашего сайта

#### Корзина пустая, хотя товары были добавлены - Если вы не были залогинены, корзина могла сброситься при закрытии браузера - Войдите в аккаунт — товары, добавленные в корзину авторизованным пользователем, сохраняются - Если проблема повторяется, обратитесь в поддержку

---",183
stg5_chunk_00236,technical_support,rag_raw,site_issues.md,ml\data\kb_stage5\raw\site_issues.md,Технические проблемы с сайтом и приложением,Не работает оформление заказа,,Технические проблемы с сайтом и приложением > Не работает оформление заказа,"# Технические проблемы с сайтом и приложением
## Не работает оформление заказа

Если при попытке оформить заказ возникает ошибка:",25
stg5_chunk_00237,technical_support,rag_raw,site_issues.md,ml\data\kb_stage5\raw\site_issues.md,Технические проблемы с сайтом и приложением,Не работает оформление заказа,Что проверить,Технические проблемы с сайтом и приложением > Не работает оформление заказа > Что проверить,"# Технические проблемы с сайтом и приложением
## Не работает оформление заказа
### Что проверить

1. Все обязательные поля заполнены корректно 2. Адрес доставки указан полностью (улица, дом, квартира) 3. Номер телефона введён в правильном формате 4. Выбран способ доставки и способ оплаты",61
stg5_chunk_00238,technical_support,rag_raw,site_issues.md,ml\data\kb_stage5\raw\site_issues.md,Технические проблемы с сайтом и приложением,Не работает оформление заказа,Если ошибка сохраняется,Технические проблемы с сайтом и приложением > Не работает оформление заказа > Если ошибка сохраняется,"# Технические проблемы с сайтом и приложением
## Не работает оформление заказа
### Если ошибка сохраняется

- Попробуйте другой браузер - Попробуйте оформить заказ через мобильное приложение - Очистите кэш и cookies - Обратитесь в поддержку — мы поможем оформить заказ вручную

---",60
stg5_chunk_00239,technical_support,rag_raw,site_issues.md,ml\data\kb_stage5\raw\site_issues.md,Технические проблемы с сайтом и приложением,Не работает поиск на сайте,,Технические проблемы с сайтом и приложением > Не работает поиск на сайте,"# Технические проблемы с сайтом и приложением
## Не работает поиск на сайте

Если поиск товаров не выдаёт результатов или работает некорректно:",30
stg5_chunk_00240,technical_support,rag_raw,site_issues.md,ml\data\kb_stage5\raw\site_issues.md,Технические проблемы с сайтом и приложением,Не работает поиск на сайте,Рекомендации,Технические проблемы с сайтом и приложением > Не работает поиск на сайте > Рекомендации,"# Технические проблемы с сайтом и приложением
## Не работает поиск на сайте
### Рекомендации

- Проверьте правильность написания запроса - Используйте более короткие и общие запросы - Попробуйте искать по категориям через каталог - Очистите кэш браузера",60
stg5_chunk_00241,technical_support,rag_raw,site_issues.md,ml\data\kb_stage5\raw\site_issues.md,Технические проблемы с сайтом и приложением,Не работает поиск на сайте,Если поиск совсем не работает,Технические проблемы с сайтом и приложением > Не работает поиск на сайте > Если поиск совсем не работает,"# Технические проблемы с сайтом и приложением
## Не работает поиск на сайте
### Если поиск совсем не работает

- Возможно, идут технические работы - Попробуйте позже или найдите товар через каталог - Обратитесь в поддержку

---",47
stg5_chunk_00242,technical_support,rag_raw,site_issues.md,ml\data\kb_stage5\raw\site_issues.md,Технические проблемы с сайтом и приложением,Приложение вылетает или зависает,,Технические проблемы с сайтом и приложением > Приложение вылетает или зависает,"# Технические проблемы с сайтом и приложением
## Приложение вылетает или зависает

Если мобильное приложение работает нестабильно:",29
stg5_chunk_00243,technical_support,rag_raw,site_issues.md,ml\data\kb_stage5\raw\site_issues.md,Технические проблемы с сайтом и приложением,Приложение вылетает или зависает,Шаг 1. Перезапустите приложение,Технические проблемы с сайтом и приложением > Приложение вылетает или зависает > Шаг 1. Перезапустите приложение,"# Технические проблемы с сайтом и приложением
## Приложение вылетает или зависает
### Шаг 1. Перезапустите приложение

- Закройте приложение полностью (не сворачивайте, а именно закройте) - Подождите 10 секунд - Откройте снова",59
stg5_chunk_00244,technical_support,rag_raw,site_issues.md,ml\data\kb_stage5\raw\site_issues.md,Технические проблемы с сайтом и приложением,Приложение вылетает или зависает,Шаг 2. Обновите приложение,Технические проблемы с сайтом и приложением > Приложение вылетает или зависает > Шаг 2. Обновите приложение,"# Технические проблемы с сайтом и приложением
## Приложение вылетает или зависает
### Шаг 2. Обновите приложение

- Проверьте наличие обновлений в App Store или Google Play - Установите последнюю версию",51
stg5_chunk_00245,technical_support,rag_raw,site_issues.md,ml\data\kb_stage5\raw\site_issues.md,Технические проблемы с сайтом и приложением,Приложение вылетает или зависает,Шаг 3. Очистите кэш приложения,Технические проблемы с сайтом и приложением > Приложение вылетает или зависает > Шаг 3. Очистите кэш приложения,"# Технические проблемы с сайтом и приложением
## Приложение вылетает или зависает
### Шаг 3. Очистите кэш приложения

- Android: Настройки → Приложения → Наше приложение → Очистить кэш - iOS: удалите приложение и установите заново",61
stg5_chunk_00246,technical_support,rag_raw,site_issues.md,ml\data\kb_stage5\raw\site_issues.md,Технические проблемы с сайтом и приложением,Приложение вылетает или зависает,Шаг 4. Проверьте версию операционной системы,Технические проблемы с сайтом и приложением > Приложение вылетает или зависает > Шаг 4. Проверьте версию операционной системы,"# Технические проблемы с сайтом и приложением
## Приложение вылетает или зависает
### Шаг 4. Проверьте версию операционной системы

- Убедитесь, что ваша ОС поддерживается: - Android 8.0 и выше - iOS 14.0 и выше",56
stg5_chunk_00247,technical_support,rag_raw,site_issues.md,ml\data\kb_stage5\raw\site_issues.md,Технические проблемы с сайтом и приложением,Приложение вылетает или зависает,Шаг 5. Переустановите приложение,Технические проблемы с сайтом и приложением > Приложение вылетает или зависает > Шаг 5. Переустановите приложение,"# Технические проблемы с сайтом и приложением
## Приложение вылетает или зависает
### Шаг 5. Переустановите приложение

- Удалите приложение - Скачайте заново из App Store или Google Play - Войдите в аккаунт",51
stg5_chunk_00248,technical_support,rag_raw,site_issues.md,ml\data\kb_stage5\raw\site_issues.md,Технические проблемы с сайтом и приложением,Приложение вылетает или зависает,Если ничего не помогает,Технические проблемы с сайтом и приложением > Приложение вылетает или зависает > Если ничего не помогает,"# Технические проблемы с сайтом и приложением
## Приложение вылетает или зависает
### Если ничего не помогает

Обратитесь в поддержку с указанием: - модели устройства - версии операционной системы - версии приложения - описания проблемы

---",48
stg5_chunk_00249,technical_support,rag_raw,site_issues.md,ml\data\kb_stage5\raw\site_issues.md,Технические проблемы с сайтом и приложением,Ошибки при входе на сайт,,Технические проблемы с сайтом и приложением > Ошибки при входе на сайт,"# Технические проблемы с сайтом и приложением
## Ошибки при входе на сайт

Если при попытке открыть сайт вы видите сообщение об ошибке:",34
stg5_chunk_00250,technical_support,rag_raw,site_issues.md,ml\data\kb_stage5\raw\site_issues.md,Технические проблемы с сайтом и приложением,Ошибки при входе на сайт,Ошибка 502 / 503 / 504,Технические проблемы с сайтом и приложением > Ошибки при входе на сайт > Ошибка 502 / 503 / 504,"# Технические проблемы с сайтом и приложением
## Ошибки при входе на сайт
### Ошибка 502 / 503 / 504

- Это серверные ошибки на нашей стороне - Обычно исправляются в течение 15–60 минут - Попробуйте обновить страницу через 10–15 минут",63
stg5_chunk_00251,technical_support,rag_raw,site_issues.md,ml\data\kb_stage5\raw\site_issues.md,Технические проблемы с сайтом и приложением,Ошибки при входе на сайт,Ошибка 404,Технические проблемы с сайтом и приложением > Ошибки при входе на сайт > Ошибка 404,"# Технические проблемы с сайтом и приложением
## Ошибки при входе на сайт
### Ошибка 404

- Страница не найдена - Возможно, товар был удалён из каталога - Проверьте правильность ссылки - Перейдите на главную страницу и найдите нужный товар через каталог",66
stg5_chunk_00252,technical_support,rag_raw,site_issues.md,ml\data\kb_stage5\raw\site_issues.md,Технические проблемы с сайтом и приложением,Ошибки при входе на сайт,Ошибка «Соединение не защищено»,Технические проблемы с сайтом и приложением > Ошибки при входе на сайт > Ошибка «Соединение не защищено»,"# Технические проблемы с сайтом и приложением
## Ошибки при входе на сайт
### Ошибка «Соединение не защищено»

- Проверьте дату и время на вашем устройстве — неправильное время может вызывать ошибку сертификата - Попробуйте другой браузер - Если ошибка сохраняется, обратитесь в поддержку",72
stg5_chunk_00253,technical_support,rag_raw,site_issues.md,ml\data\kb_stage5\raw\site_issues.md,Технические проблемы с сайтом и приложением,Ошибки при входе на сайт,Белая страница или бесконечная загрузка,Технические проблемы с сайтом и приложением > Ошибки при входе на сайт > Белая страница или бесконечная загрузка,"# Технические проблемы с сайтом и приложением
## Ошибки при входе на сайт
### Белая страница или бесконечная загрузка

- Очистите кэш и cookies - Отключите блокировщик рекламы - Попробуйте режим «Инкогнито» - Попробуйте другой браузер

---",66
stg5_chunk_00254,technical_support,rag_raw,site_issues.md,ml\data\kb_stage5\raw\site_issues.md,Технические проблемы с сайтом и приложением,Не приходят уведомления от сайта,,Технические проблемы с сайтом и приложением > Не приходят уведомления от сайта,"# Технические проблемы с сайтом и приложением
## Не приходят уведомления от сайта

Если вы не получаете email-уведомления о заказах, статусах и акциях:",39
stg5_chunk_00255,technical_support,rag_raw,site_issues.md,ml\data\kb_stage5\raw\site_issues.md,Технические проблемы с сайтом и приложением,Не приходят уведомления от сайта,Проверьте,Технические проблемы с сайтом и приложением > Не приходят уведомления от сайта > Проверьте,"# Технические проблемы с сайтом и приложением
## Не приходят уведомления от сайта
### Проверьте

1. Папку «Спам» в вашей почте 2. Правильность email в профиле 3. Настройки уведомлений в личном кабинете — убедитесь, что рассылка не отключена 4. Добавьте noreply@example-shop.ru в контакты или белый список",86
stg5_chunk_00256,technical_support,rag_raw,site_issues.md,ml\data\kb_stage5\raw\site_issues.md,Технические проблемы с сайтом и приложением,Не приходят уведомления от сайта,Если SMS-уведомления не приходят,Технические проблемы с сайтом и приложением > Не приходят уведомления от сайта > Если SMS-уведомления не приходят,"# Технические проблемы с сайтом и приложением
## Не приходят уведомления от сайта
### Если SMS-уведомления не приходят

1. Проверьте правильность номера телефона в профиле 2. Убедитесь, что у вас не включена блокировка SMS от коротких номеров 3. Обратитесь в поддержку для проверки настроек уведомлений

---",74
stg5_chunk_00257,technical_support,rag_raw,site_issues.md,ml\data\kb_stage5\raw\site_issues.md,Технические проблемы с сайтом и приложением,Как сообщить об ошибке на сайте?,,Технические проблемы с сайтом и приложением > Как сообщить об ошибке на сайте?,"# Технические проблемы с сайтом и приложением
## Как сообщить об ошибке на сайте?

Если вы нашли ошибку или баг на сайте:",29
stg5_chunk_00258,technical_support,rag_raw,site_issues.md,ml\data\kb_stage5\raw\site_issues.md,Технические проблемы с сайтом и приложением,Как сообщить об ошибке на сайте?,Как сообщить,Технические проблемы с сайтом и приложением > Как сообщить об ошибке на сайте? > Как сообщить,"# Технические проблемы с сайтом и приложением
## Как сообщить об ошибке на сайте?
### Как сообщить

- Напишите в чат на сайте - Отправьте email на support@example-shop.ru - Позвоните: 8-800-123-45-67",56
stg5_chunk_00259,technical_support,rag_raw,site_issues.md,ml\data\kb_stage5\raw\site_issues.md,Технические проблемы с сайтом и приложением,Как сообщить об ошибке на сайте?,Что указать в обращении,Технические проблемы с сайтом и приложением > Как сообщить об ошибке на сайте? > Что указать в обращении,"# Технические проблемы с сайтом и приложением
## Как сообщить об ошибке на сайте?
### Что указать в обращении

- Описание проблемы - Скриншот ошибки (если возможно) - Браузер и версию (например, Chrome 120) - Устройство (компьютер, телефон, планшет) - Действия, которые привели к ошибке

Мы ценим обратную связь и стараемся исправлять ошибки в кратчайшие сроки.

---",95
stg5_chunk_00260,technical_support,rag_raw,site_issues.md,ml\data\kb_stage5\raw\site_issues.md,Технические проблемы с сайтом и приложением,FAQ,"Сайт не работает, что делать?","Технические проблемы с сайтом и приложением > FAQ > Сайт не работает, что делать?","# Технические проблемы с сайтом и приложением
## FAQ
### Сайт не работает, что делать?

Проверьте интернет-соединение, очистите кэш браузера, попробуйте другой браузер. Если проблема на нашей стороне, мы публикуем информацию в Telegram-канале.",58
stg5_chunk_00261,technical_support,rag_raw,site_issues.md,ml\data\kb_stage5\raw\site_issues.md,Технические проблемы с сайтом и приложением,FAQ,"Приложение вылетает, что делать?","Технические проблемы с сайтом и приложением > FAQ > Приложение вылетает, что делать?","# Технические проблемы с сайтом и приложением
## FAQ
### Приложение вылетает, что делать?

Перезапустите приложение, обновите до последней версии, очистите кэш. Если не помогает, переустановите приложение.",48
stg5_chunk_00262,technical_support,rag_raw,site_issues.md,ml\data\kb_stage5\raw\site_issues.md,Технические проблемы с сайтом и приложением,FAQ,"Вижу ошибку 502, что это значит?","Технические проблемы с сайтом и приложением > FAQ > Вижу ошибку 502, что это значит?","# Технические проблемы с сайтом и приложением
## FAQ
### Вижу ошибку 502, что это значит?

Это серверная ошибка на нашей стороне. Обычно исправляется в течение 15–60 минут. Попробуйте обновить страницу позже.",50
stg5_chunk_00263,technical_support,rag_raw,site_issues.md,ml\data\kb_stage5\raw\site_issues.md,Технические проблемы с сайтом и приложением,FAQ,Не могу добавить товар в корзину,Технические проблемы с сайтом и приложением > FAQ > Не могу добавить товар в корзину,"# Технические проблемы с сайтом и приложением
## FAQ
### Не могу добавить товар в корзину

Возможно, товар распродан. Очистите кэш, попробуйте другой браузер. Если проблема сохраняется, обратитесь в поддержку.",51
stg5_chunk_00264,technical_support,rag_raw,site_issues.md,ml\data\kb_stage5\raw\site_issues.md,Технические проблемы с сайтом и приложением,FAQ,"Не могу оформить заказ, ошибка на последнем шаге","Технические проблемы с сайтом и приложением > FAQ > Не могу оформить заказ, ошибка на последнем шаге","# Технические проблемы с сайтом и приложением
## FAQ
### Не могу оформить заказ, ошибка на последнем шаге

Проверьте, что все поля заполнены корректно. Попробуйте другой браузер или мобильное приложение. Обратитесь в поддержку — мы поможем оформить заказ.",60
stg5_chunk_00265,technical_support,rag_raw,site_issues.md,ml\data\kb_stage5\raw\site_issues.md,Технические проблемы с сайтом и приложением,FAQ,Не приходят письма от магазина,Технические проблемы с сайтом и приложением > FAQ > Не приходят письма от магазина,"# Технические проблемы с сайтом и приложением
## FAQ
### Не приходят письма от магазина

Проверьте папку «Спам», убедитесь в правильности email в профиле. Добавьте noreply@example-shop.ru в контакты.",56
stg5_chunk_00266,technical_support,rag_raw,site_issues.md,ml\data\kb_stage5\raw\site_issues.md,Технические проблемы с сайтом и приложением,FAQ,"Как узнать, идут ли технические работы?","Технические проблемы с сайтом и приложением > FAQ > Как узнать, идут ли технические работы?","# Технические проблемы с сайтом и приложением
## FAQ
### Как узнать, идут ли технические работы?

Информация о плановых работах и сбоях публикуется в нашем Telegram-канале и социальных сетях.",46
stg5_chunk_00267,technical_support,rag_raw,site_issues.md,ml\data\kb_stage5\raw\site_issues.md,Технические проблемы с сайтом и приложением,FAQ,"Сайт выглядит странно, верстка поехала","Технические проблемы с сайтом и приложением > FAQ > Сайт выглядит странно, верстка поехала","# Технические проблемы с сайтом и приложением
## FAQ
### Сайт выглядит странно, верстка поехала

Очистите кэш браузера, обновите страницу. Если проблема сохраняется, попробуйте другой браузер.",46
stg5_chunk_00268,technical_support,rag_raw,site_issues.md,ml\data\kb_stage5\raw\site_issues.md,Технические проблемы с сайтом и приложением,FAQ,Глючит форма входа,Технические проблемы с сайтом и приложением > FAQ > Глючит форма входа,"# Технические проблемы с сайтом и приложением
## FAQ
### Глючит форма входа

Очистите кэш и cookies, попробуйте режим «Инкогнито» или другой браузер. Если не помогает, обратитесь в поддержку.",51
stg5_chunk_00269,account,rag_raw,account_security.md,ml\data\kb_stage5\raw\account_security.md,Безопасность аккаунта и управление профилем,Краткий ответ,,Безопасность аккаунта и управление профилем > Краткий ответ,"# Безопасность аккаунта и управление профилем
## Краткий ответ

Для защиты аккаунта используйте надёжный уникальный пароль и не сообщайте его третьим лицам. Если вы заметили подозрительную активность, немедленно смените пароль и обратитесь в поддержку. Управлять данными профиля, менять пароль и настраивать уведомления можно в личном кабинете в разделе «Настройки профиля».

---",97
stg5_chunk_00270,account,rag_raw,account_security.md,ml\data\kb_stage5\raw\account_security.md,Безопасность аккаунта и управление профилем,Как сменить пароль?,Через личный кабинет,Безопасность аккаунта и управление профилем > Как сменить пароль? > Через личный кабинет,"# Безопасность аккаунта и управление профилем
## Как сменить пароль?
### Через личный кабинет

1. Войдите в аккаунт 2. Перейдите в раздел «Настройки профиля» 3. Нажмите «Изменить пароль» 4. Введите текущий пароль 5. Введите новый пароль 6. Подтвердите новый пароль 7. Нажмите «Сохранить»",80
stg5_chunk_00271,account,rag_raw,account_security.md,ml\data\kb_stage5\raw\account_security.md,Безопасность аккаунта и управление профилем,Как сменить пароль?,Требования к паролю,Безопасность аккаунта и управление профилем > Как сменить пароль? > Требования к паролю,"# Безопасность аккаунта и управление профилем
## Как сменить пароль?
### Требования к паролю

- Минимум 8 символов - Хотя бы одна заглавная буква - Хотя бы одна цифра - Не должен совпадать с 3 предыдущими паролями",60
stg5_chunk_00272,account,rag_raw,account_security.md,ml\data\kb_stage5\raw\account_security.md,Безопасность аккаунта и управление профилем,Как сменить пароль?,Если забыли текущий пароль,Безопасность аккаунта и управление профилем > Как сменить пароль? > Если забыли текущий пароль,"# Безопасность аккаунта и управление профилем
## Как сменить пароль?
### Если забыли текущий пароль

Воспользуйтесь функцией «Забыли пароль?» на странице входа. Код для сброса будет отправлен на ваш email.

---",57
stg5_chunk_00273,account,rag_raw,account_security.md,ml\data\kb_stage5\raw\account_security.md,Безопасность аккаунта и управление профилем,Как создать надёжный пароль?,Рекомендации,Безопасность аккаунта и управление профилем > Как создать надёжный пароль? > Рекомендации,"# Безопасность аккаунта и управление профилем
## Как создать надёжный пароль?
### Рекомендации

- Используйте минимум 12 символов - Комбинируйте заглавные и строчные буквы, цифры и специальные символы - Не используйте очевидные данные: дату рождения, имя, «123456», «password» - Не используйте один пароль для нескольких сайтов - Используйте менеджер паролей для хранения",94
stg5_chunk_00274,account,rag_raw,account_security.md,ml\data\kb_stage5\raw\account_security.md,Безопасность аккаунта и управление профилем,Как создать надёжный пароль?,Примеры плохих паролей,Безопасность аккаунта и управление профилем > Как создать надёжный пароль? > Примеры плохих паролей,"# Безопасность аккаунта и управление профилем
## Как создать надёжный пароль?
### Примеры плохих паролей

- 12345678 - password - qwerty123 - ivanov1990",45
stg5_chunk_00275,account,rag_raw,account_security.md,ml\data\kb_stage5\raw\account_security.md,Безопасность аккаунта и управление профилем,Как создать надёжный пароль?,Примеры хороших паролей,Безопасность аккаунта и управление профилем > Как создать надёжный пароль? > Примеры хороших паролей,"# Безопасность аккаунта и управление профилем
## Как создать надёжный пароль?
### Примеры хороших паролей

- Kf7$mNp2xL9! - Tr0pic@lSunset88

---",51
stg5_chunk_00276,account,rag_raw,account_security.md,ml\data\kb_stage5\raw\account_security.md,Безопасность аккаунта и управление профилем,Подозрительная активность в аккаунте,,Безопасность аккаунта и управление профилем > Подозрительная активность в аккаунте,"# Безопасность аккаунта и управление профилем
## Подозрительная активность в аккаунте

Если вы заметили что-то необычное в вашем аккаунте:",36
stg5_chunk_00277,account,rag_raw,account_security.md,ml\data\kb_stage5\raw\account_security.md,Безопасность аккаунта и управление профилем,Подозрительная активность в аккаунте,Признаки подозрительной активности,Безопасность аккаунта и управление профилем > Подозрительная активность в аккаунте > Признаки подозрительной активности,"# Безопасность аккаунта и управление профилем
## Подозрительная активность в аккаунте
### Признаки подозрительной активности

- Заказы, которые вы не делали - Изменения в данных профиля, которые вы не вносили - Уведомления о входе с неизвестного устройства - Смена пароля, которую вы не запрашивали - Списание бонусных баллов, которое вы не совершали",93
stg5_chunk_00278,account,rag_raw,account_security.md,ml\data\kb_stage5\raw\account_security.md,Безопасность аккаунта и управление профилем,Подозрительная активность в аккаунте,Что делать немедленно,Безопасность аккаунта и управление профилем > Подозрительная активность в аккаунте > Что делать немедленно,"# Безопасность аккаунта и управление профилем
## Подозрительная активность в аккаунте
### Что делать немедленно

1. **Смените пароль** — используйте сложный уникальный пароль 2. **Проверьте email** — убедитесь, что email в профиле не изменён 3. **Проверьте телефон** — убедитесь, что номер телефона не изменён 4. **Проверьте заказы** — посмотрите, нет ли заказов, которые вы не создавали 5. **Обратитесь в поддержку** — сообщите о подозрительной активности",124
stg5_chunk_00279,account,rag_raw,account_security.md,ml\data\kb_stage5\raw\account_security.md,Безопасность аккаунта и управление профилем,Подозрительная активность в аккаунте,Что сделает поддержка,Безопасность аккаунта и управление профилем > Подозрительная активность в аккаунте > Что сделает поддержка,"# Безопасность аккаунта и управление профилем
## Подозрительная активность в аккаунте
### Что сделает поддержка

- Временно заблокирует аккаунт для проверки - Отменит подозрительные заказы - Восстановит списанные бонусы - Поможет восстановить контроль над аккаунтом

---",64
stg5_chunk_00280,account,rag_raw,account_security.md,ml\data\kb_stage5\raw\account_security.md,Безопасность аккаунта и управление профилем,Как выйти со всех устройств?,,Безопасность аккаунта и управление профилем > Как выйти со всех устройств?,"# Безопасность аккаунта и управление профилем
## Как выйти со всех устройств?

Если вы хотите завершить все активные сессии:",31
stg5_chunk_00281,account,rag_raw,account_security.md,ml\data\kb_stage5\raw\account_security.md,Безопасность аккаунта и управление профилем,Как выйти со всех устройств?,Через личный кабинет,Безопасность аккаунта и управление профилем > Как выйти со всех устройств? > Через личный кабинет,"# Безопасность аккаунта и управление профилем
## Как выйти со всех устройств?
### Через личный кабинет

1. Перейдите в «Настройки профиля» 2. Найдите раздел «Активные сессии» или «Безопасность» 3. Нажмите «Выйти со всех устройств» 4. Подтвердите действие паролем",74
stg5_chunk_00282,account,rag_raw,account_security.md,ml\data\kb_stage5\raw\account_security.md,Безопасность аккаунта и управление профилем,Как выйти со всех устройств?,Когда это полезно,Безопасность аккаунта и управление профилем > Как выйти со всех устройств? > Когда это полезно,"# Безопасность аккаунта и управление профилем
## Как выйти со всех устройств?
### Когда это полезно

- Вы входили в аккаунт на чужом устройстве - Вы потеряли телефон или ноутбук - Вы подозреваете несанкционированный доступ - Вы сменили пароль и хотите убедиться, что старые сессии закрыты",70
stg5_chunk_00283,account,rag_raw,account_security.md,ml\data\kb_stage5\raw\account_security.md,Безопасность аккаунта и управление профилем,Как выйти со всех устройств?,После выхода,Безопасность аккаунта и управление профилем > Как выйти со всех устройств? > После выхода,"# Безопасность аккаунта и управление профилем
## Как выйти со всех устройств?
### После выхода

Вам потребуется заново войти в аккаунт на всех устройствах с новым паролем.

---",41
stg5_chunk_00284,account,rag_raw,account_security.md,ml\data\kb_stage5\raw\account_security.md,Безопасность аккаунта и управление профилем,Как изменить данные профиля?,Какие данные можно изменить,Безопасность аккаунта и управление профилем > Как изменить данные профиля? > Какие данные можно изменить,"# Безопасность аккаунта и управление профилем
## Как изменить данные профиля?
### Какие данные можно изменить

В разделе «Настройки профиля» можно изменить: - Имя и фамилию - Номер телефона - Email - Адрес доставки по умолчанию - Пароль - Настройки уведомлений",65
stg5_chunk_00285,account,rag_raw,account_security.md,ml\data\kb_stage5\raw\account_security.md,Безопасность аккаунта и управление профилем,Как изменить данные профиля?,Как изменить,Безопасность аккаунта и управление профилем > Как изменить данные профиля? > Как изменить,"# Безопасность аккаунта и управление профилем
## Как изменить данные профиля?
### Как изменить

1. Войдите в личный кабинет 2. Перейдите в «Настройки профиля» 3. Нажмите на поле, которое хотите изменить 4. Внесите изменения 5. Нажмите «Сохранить»",66
stg5_chunk_00286,account,rag_raw,account_security.md,ml\data\kb_stage5\raw\account_security.md,Безопасность аккаунта и управление профилем,Как изменить данные профиля?,Что требует дополнительного подтверждения,Безопасность аккаунта и управление профилем > Как изменить данные профиля? > Что требует дополнительного подтверждения,"# Безопасность аккаунта и управление профилем
## Как изменить данные профиля?
### Что требует дополнительного подтверждения

- Смена email — подтверждение через старый и новый email - Смена телефона — подтверждение SMS-кодом на новый номер - Смена пароля — ввод текущего пароля

---",65
stg5_chunk_00287,account,rag_raw,account_security.md,ml\data\kb_stage5\raw\account_security.md,Безопасность аккаунта и управление профилем,Как настроить уведомления?,Доступные типы уведомлений,Безопасность аккаунта и управление профилем > Как настроить уведомления? > Доступные типы уведомлений,"# Безопасность аккаунта и управление профилем
## Как настроить уведомления?
### Доступные типы уведомлений

- Email-уведомления о статусе заказа - SMS-уведомления о доставке - Push-уведомления в мобильном приложении - Email-рассылка с акциями и промокодами - Уведомления о поступлении товара в наличие",82
stg5_chunk_00288,account,rag_raw,account_security.md,ml\data\kb_stage5\raw\account_security.md,Безопасность аккаунта и управление профилем,Как настроить уведомления?,Как настроить,Безопасность аккаунта и управление профилем > Как настроить уведомления? > Как настроить,"# Безопасность аккаунта и управление профилем
## Как настроить уведомления?
### Как настроить

1. Перейдите в «Настройки профиля» 2. Откройте раздел «Уведомления» 3. Включите или отключите нужные типы уведомлений 4. Нажмите «Сохранить»",70
stg5_chunk_00289,account,rag_raw,account_security.md,ml\data\kb_stage5\raw\account_security.md,Безопасность аккаунта и управление профилем,Как настроить уведомления?,Важно,Безопасность аккаунта и управление профилем > Как настроить уведомления? > Важно,"# Безопасность аккаунта и управление профилем
## Как настроить уведомления?
### Важно

- Уведомления о статусе заказа нельзя полностью отключить — они обязательны - Рекламную рассылку можно отключить в любой момент - Отписаться от email-рассылки также можно по ссылке в самом письме

---",69
stg5_chunk_00290,account,rag_raw,account_security.md,ml\data\kb_stage5\raw\account_security.md,Безопасность аккаунта и управление профилем,Как удалить аккаунт?,,Безопасность аккаунта и управление профилем > Как удалить аккаунт?,"# Безопасность аккаунта и управление профилем
## Как удалить аккаунт?

Если вы хотите полностью удалить свой аккаунт:",26
stg5_chunk_00291,account,rag_raw,account_security.md,ml\data\kb_stage5\raw\account_security.md,Безопасность аккаунта и управление профилем,Как удалить аккаунт?,Условия удаления,Безопасность аккаунта и управление профилем > Как удалить аккаунт? > Условия удаления,"# Безопасность аккаунта и управление профилем
## Как удалить аккаунт?
### Условия удаления

- У вас не должно быть активных заказов в обработке или доставке - Все открытые обращения в поддержку должны быть закрыты - Бонусные баллы будут аннулированы и не подлежат восстановлению",65
stg5_chunk_00292,account,rag_raw,account_security.md,ml\data\kb_stage5\raw\account_security.md,Безопасность аккаунта и управление профилем,Как удалить аккаунт?,Как запросить удаление,Безопасность аккаунта и управление профилем > Как удалить аккаунт? > Как запросить удаление,"# Безопасность аккаунта и управление профилем
## Как удалить аккаунт?
### Как запросить удаление

1. Обратитесь в службу поддержки 2. Сообщите email аккаунта и причину удаления 3. Подтвердите запрос ответным письмом",51
stg5_chunk_00293,account,rag_raw,account_security.md,ml\data\kb_stage5\raw\account_security.md,Безопасность аккаунта и управление профилем,Как удалить аккаунт?,Сроки,Безопасность аккаунта и управление профилем > Как удалить аккаунт? > Сроки,"# Безопасность аккаунта и управление профилем
## Как удалить аккаунт?
### Сроки

- Удаление выполняется в течение 5 рабочих дней - После удаления восстановление аккаунта невозможно - Все персональные данные будут удалены в соответствии с законодательством",54
stg5_chunk_00294,account,rag_raw,account_security.md,ml\data\kb_stage5\raw\account_security.md,Безопасность аккаунта и управление профилем,Как удалить аккаунт?,Что удаляется,Безопасность аккаунта и управление профилем > Как удалить аккаунт? > Что удаляется,"# Безопасность аккаунта и управление профилем
## Как удалить аккаунт?
### Что удаляется

- Персональные данные (имя, email, телефон, адреса) - История заказов - Бонусные баллы - Сохранённые товары и избранное",56
stg5_chunk_00295,account,rag_raw,account_security.md,ml\data\kb_stage5\raw\account_security.md,Безопасность аккаунта и управление профилем,Как удалить аккаунт?,Что сохраняется,Безопасность аккаунта и управление профилем > Как удалить аккаунт? > Что сохраняется,"# Безопасность аккаунта и управление профилем
## Как удалить аккаунт?
### Что сохраняется

- Финансовые документы (чеки) — хранятся в соответствии с законодательством - Обезличенная статистика

---",46
stg5_chunk_00296,account,rag_raw,account_security.md,ml\data\kb_stage5\raw\account_security.md,Безопасность аккаунта и управление профилем,Защита персональных данных,Как мы защищаем ваши данные,Безопасность аккаунта и управление профилем > Защита персональных данных > Как мы защищаем ваши данные,"# Безопасность аккаунта и управление профилем
## Защита персональных данных
### Как мы защищаем ваши данные

- Все данные хранятся на защищённых серверах - Доступ к данным имеют только авторизованные сотрудники - Используется шифрование при передаче данных (SSL/TLS) - Мы не передаём ваши данные третьим лицам без вашего согласия - Мы соблюдаем требования Федерального закона №152-ФЗ «О персональных данных»",97
stg5_chunk_00297,account,rag_raw,account_security.md,ml\data\kb_stage5\raw\account_security.md,Безопасность аккаунта и управление профилем,Защита персональных данных,Ваши права,Безопасность аккаунта и управление профилем > Защита персональных данных > Ваши права,"# Безопасность аккаунта и управление профилем
## Защита персональных данных
### Ваши права

- Запросить информацию о хранимых персональных данных - Потребовать исправления неточных данных - Потребовать удаления персональных данных - Отозвать согласие на обработку данных

Для реализации этих прав обратитесь в службу поддержки.

---",71
stg5_chunk_00298,account,rag_raw,account_security.md,ml\data\kb_stage5\raw\account_security.md,Безопасность аккаунта и управление профилем,FAQ,Как сменить пароль?,Безопасность аккаунта и управление профилем > FAQ > Как сменить пароль?,"# Безопасность аккаунта и управление профилем
## FAQ
### Как сменить пароль?

Войдите в личный кабинет, перейдите в «Настройки профиля» и нажмите «Изменить пароль». Введите текущий пароль и задайте новый.",58
stg5_chunk_00299,account,rag_raw,account_security.md,ml\data\kb_stage5\raw\account_security.md,Безопасность аккаунта и управление профилем,FAQ,"Забыл пароль, как восстановить?","Безопасность аккаунта и управление профилем > FAQ > Забыл пароль, как восстановить?","# Безопасность аккаунта и управление профилем
## FAQ
### Забыл пароль, как восстановить?

На странице входа нажмите «Забыли пароль?», введите email и следуйте инструкциям. Код для сброса придёт на вашу почту.",58
stg5_chunk_00300,account,rag_raw,account_security.md,ml\data\kb_stage5\raw\account_security.md,Безопасность аккаунта и управление профилем,FAQ,"Кто-то взломал мой аккаунт, что делать?","Безопасность аккаунта и управление профилем > FAQ > Кто-то взломал мой аккаунт, что делать?","# Безопасность аккаунта и управление профилем
## FAQ
### Кто-то взломал мой аккаунт, что делать?

Немедленно смените пароль, проверьте данные профиля и заказы, обратитесь в поддержку. Мы временно заблокируем аккаунт и поможем восстановить контроль.",63
stg5_chunk_00301,account,rag_raw,account_security.md,ml\data\kb_stage5\raw\account_security.md,Безопасность аккаунта и управление профилем,FAQ,Как выйти со всех устройств?,Безопасность аккаунта и управление профилем > FAQ > Как выйти со всех устройств?,"# Безопасность аккаунта и управление профилем
## FAQ
### Как выйти со всех устройств?

В «Настройках профиля» найдите раздел «Безопасность» и нажмите «Выйти со всех устройств».",48
stg5_chunk_00302,account,rag_raw,account_security.md,ml\data\kb_stage5\raw\account_security.md,Безопасность аккаунта и управление профилем,FAQ,Как изменить email?,Безопасность аккаунта и управление профилем > FAQ > Как изменить email?,"# Безопасность аккаунта и управление профилем
## FAQ
### Как изменить email?

В «Настройках профиля» нажмите «Изменить email». Потребуется подтверждение через старый и новый email.",47
stg5_chunk_00303,account,rag_raw,account_security.md,ml\data\kb_stage5\raw\account_security.md,Безопасность аккаунта и управление профилем,FAQ,Как изменить номер телефона?,Безопасность аккаунта и управление профилем > FAQ > Как изменить номер телефона?,"# Безопасность аккаунта и управление профилем
## FAQ
### Как изменить номер телефона?

В «Настройках профиля» нажмите «Изменить телефон». Новый номер потребуется подтвердить SMS-кодом.",47
stg5_chunk_00304,account,rag_raw,account_security.md,ml\data\kb_stage5\raw\account_security.md,Безопасность аккаунта и управление профилем,FAQ,Как удалить аккаунт?,Безопасность аккаунта и управление профилем > FAQ > Как удалить аккаунт?,"# Безопасность аккаунта и управление профилем
## FAQ
### Как удалить аккаунт?

Обратитесь в службу поддержки. Удаление выполняется в течение 5 рабочих дней. Бонусные баллы и данные будут удалены безвозвратно.",52
stg5_chunk_00305,account,rag_raw,account_security.md,ml\data\kb_stage5\raw\account_security.md,Безопасность аккаунта и управление профилем,FAQ,Как отключить рекламную рассылку?,Безопасность аккаунта и управление профилем > FAQ > Как отключить рекламную рассылку?,"# Безопасность аккаунта и управление профилем
## FAQ
### Как отключить рекламную рассылку?

В «Настройках профиля» откройте раздел «Уведомления» и отключите рассылку. Также можно отписаться по ссылке в самом письме.",59
stg5_chunk_00306,account,rag_raw,account_security.md,ml\data\kb_stage5\raw\account_security.md,Безопасность аккаунта и управление профилем,FAQ,Безопасно ли хранить данные на вашем сайте?,Безопасность аккаунта и управление профилем > FAQ > Безопасно ли хранить данные на вашем сайте?,"# Безопасность аккаунта и управление профилем
## FAQ
### Безопасно ли хранить данные на вашем сайте?

Да, мы используем шифрование SSL/TLS, соблюдаем стандарт PCI DSS для платежей и выполняем требования ФЗ-152 о персональных данных.",61
stg5_chunk_00307,order_support,rag_raw,order_changes_and_cancellation.md,ml\data\kb_stage5\raw\order_changes_and_cancellation.md,Изменение и отмена заказа,Краткий ответ,,Изменение и отмена заказа > Краткий ответ,"# Изменение и отмена заказа
## Краткий ответ

Изменить или отменить заказ можно до момента его отправки со склада. Для этого воспользуйтесь личным кабинетом или обратитесь в службу поддержки. После отправки заказа изменения ограничены: можно попробовать изменить адрес доставки через транспортную компанию, но отмена возможна только через процедуру возврата после получения.

---",81
stg5_chunk_00308,order_support,rag_raw,order_changes_and_cancellation.md,ml\data\kb_stage5\raw\order_changes_and_cancellation.md,Изменение и отмена заказа,Можно ли изменить заказ после оформления?,,Изменение и отмена заказа > Можно ли изменить заказ после оформления?,"# Изменение и отмена заказа
## Можно ли изменить заказ после оформления?

Да, заказ можно изменить, но только до определённого момента.",29
stg5_chunk_00309,order_support,rag_raw,order_changes_and_cancellation.md,ml\data\kb_stage5\raw\order_changes_and_cancellation.md,Изменение и отмена заказа,Можно ли изменить заказ после оформления?,Что можно изменить,Изменение и отмена заказа > Можно ли изменить заказ после оформления? > Что можно изменить,"# Изменение и отмена заказа
## Можно ли изменить заказ после оформления?
### Что можно изменить

- Состав заказа (добавить или убрать товары) - Количество товаров - Способ доставки - Адрес доставки - Способ оплаты - Контактные данные получателя",52
stg5_chunk_00310,order_support,rag_raw,order_changes_and_cancellation.md,ml\data\kb_stage5\raw\order_changes_and_cancellation.md,Изменение и отмена заказа,Можно ли изменить заказ после оформления?,Когда изменения возможны,Изменение и отмена заказа > Можно ли изменить заказ после оформления? > Когда изменения возможны,"# Изменение и отмена заказа
## Можно ли изменить заказ после оформления?
### Когда изменения возможны

- Статус заказа «Новый» — можно менять всё - Статус «Подтверждён» — можно менять большинство параметров - Статус «В сборке» — изменения уже невозможны",66
stg5_chunk_00311,order_support,rag_raw,order_changes_and_cancellation.md,ml\data\kb_stage5\raw\order_changes_and_cancellation.md,Изменение и отмена заказа,Можно ли изменить заказ после оформления?,Когда изменения невозможны,Изменение и отмена заказа > Можно ли изменить заказ после оформления? > Когда изменения невозможны,"# Изменение и отмена заказа
## Можно ли изменить заказ после оформления?
### Когда изменения невозможны

- Заказ уже передан на сборку - Заказ уже отправлен - Заказ уже доставлен

---",45
stg5_chunk_00312,order_support,rag_raw,order_changes_and_cancellation.md,ml\data\kb_stage5\raw\order_changes_and_cancellation.md,Изменение и отмена заказа,Как изменить заказ?,Через личный кабинет,Изменение и отмена заказа > Как изменить заказ? > Через личный кабинет,"# Изменение и отмена заказа
## Как изменить заказ?
### Через личный кабинет

1. Войдите в личный кабинет 2. Перейдите в раздел «Мои заказы» 3. Найдите нужный заказ 4. Нажмите «Изменить заказ» 5. Внесите нужные изменения 6. Нажмите «Сохранить изменения»",72
stg5_chunk_00313,order_support,rag_raw,order_changes_and_cancellation.md,ml\data\kb_stage5\raw\order_changes_and_cancellation.md,Изменение и отмена заказа,Как изменить заказ?,Через службу поддержки,Изменение и отмена заказа > Как изменить заказ? > Через службу поддержки,"# Изменение и отмена заказа
## Как изменить заказ?
### Через службу поддержки

Если кнопка «Изменить заказ» недоступна: - Напишите в чат на сайте - Отправьте email на support@example-shop.ru - Позвоните: 8-800-123-45-67

При обращении сообщите: - Номер заказа - Что именно нужно изменить - Новые данные (адрес, товар, способ доставки и т.д.)",95
stg5_chunk_00314,order_support,rag_raw,order_changes_and_cancellation.md,ml\data\kb_stage5\raw\order_changes_and_cancellation.md,Изменение и отмена заказа,Как изменить заказ?,Сроки обработки изменений,Изменение и отмена заказа > Как изменить заказ? > Сроки обработки изменений,"# Изменение и отмена заказа
## Как изменить заказ?
### Сроки обработки изменений

- Через личный кабинет: мгновенно (если заказ в статусе «Новый») - Через поддержку: в течение 1–2 часов в рабочее время

---",54
stg5_chunk_00315,order_support,rag_raw,order_changes_and_cancellation.md,ml\data\kb_stage5\raw\order_changes_and_cancellation.md,Изменение и отмена заказа,Можно ли добавить товар в уже оформленный заказ?,Если заказ ещё не оплачен,Изменение и отмена заказа > Можно ли добавить товар в уже оформленный заказ? > Если заказ ещё не оплачен,"# Изменение и отмена заказа
## Можно ли добавить товар в уже оформленный заказ?
### Если заказ ещё не оплачен

Да, можно: - отмените текущий заказ - добавьте нужные товары в корзину - оформите новый заказ",55
stg5_chunk_00316,order_support,rag_raw,order_changes_and_cancellation.md,ml\data\kb_stage5\raw\order_changes_and_cancellation.md,Изменение и отмена заказа,Можно ли добавить товар в уже оформленный заказ?,"Если заказ уже оплачен, но не отправлен","Изменение и отмена заказа > Можно ли добавить товар в уже оформленный заказ? > Если заказ уже оплачен, но не отправлен","# Изменение и отмена заказа
## Можно ли добавить товар в уже оформленный заказ?
### Если заказ уже оплачен, но не отправлен

Обратитесь в поддержку: - мы добавим товар в заказ - вам будет выставлен дополнительный счёт на разницу - или создадим отдельный заказ на дополнительный товар",68
stg5_chunk_00317,order_support,rag_raw,order_changes_and_cancellation.md,ml\data\kb_stage5\raw\order_changes_and_cancellation.md,Изменение и отмена заказа,Можно ли добавить товар в уже оформленный заказ?,Если заказ уже отправлен,Изменение и отмена заказа > Можно ли добавить товар в уже оформленный заказ? > Если заказ уже отправлен,"# Изменение и отмена заказа
## Можно ли добавить товар в уже оформленный заказ?
### Если заказ уже отправлен

Добавить товар в отправленный заказ невозможно. Оформите новый заказ на нужный товар.

---",47
stg5_chunk_00318,order_support,rag_raw,order_changes_and_cancellation.md,ml\data\kb_stage5\raw\order_changes_and_cancellation.md,Изменение и отмена заказа,Можно ли изменить адрес доставки?,До отправки заказа,Изменение и отмена заказа > Можно ли изменить адрес доставки? > До отправки заказа,"# Изменение и отмена заказа
## Можно ли изменить адрес доставки?
### До отправки заказа

Да, адрес можно изменить: - через личный кабинет в карточке заказа - через службу поддержки",42
stg5_chunk_00319,order_support,rag_raw,order_changes_and_cancellation.md,ml\data\kb_stage5\raw\order_changes_and_cancellation.md,Изменение и отмена заказа,Можно ли изменить адрес доставки?,После отправки заказа,Изменение и отмена заказа > Можно ли изменить адрес доставки? > После отправки заказа,"# Изменение и отмена заказа
## Можно ли изменить адрес доставки?
### После отправки заказа

Изменение возможно с ограничениями: - нужно обратиться в поддержку - мы свяжемся с транспортной компанией - может потребоваться доплата за перенаправление - не все транспортные компании поддерживают изменение в пути",67
stg5_chunk_00320,order_support,rag_raw,order_changes_and_cancellation.md,ml\data\kb_stage5\raw\order_changes_and_cancellation.md,Изменение и отмена заказа,Можно ли изменить адрес доставки?,Самовывоз,Изменение и отмена заказа > Можно ли изменить адрес доставки? > Самовывоз,"# Изменение и отмена заказа
## Можно ли изменить адрес доставки?
### Самовывоз

Если вы выбрали самовывоз, можно изменить пункт выдачи до момента доставки посылки в текущий пункт. Обратитесь в поддержку.

---",50
stg5_chunk_00321,order_support,rag_raw,order_changes_and_cancellation.md,ml\data\kb_stage5\raw\order_changes_and_cancellation.md,Изменение и отмена заказа,Можно ли изменить способ оплаты?,Если заказ ещё не оплачен,Изменение и отмена заказа > Можно ли изменить способ оплаты? > Если заказ ещё не оплачен,"# Изменение и отмена заказа
## Можно ли изменить способ оплаты?
### Если заказ ещё не оплачен

Да, способ оплаты можно изменить: - через личный кабинет при повторной попытке оплаты - через поддержку",46
stg5_chunk_00322,order_support,rag_raw,order_changes_and_cancellation.md,ml\data\kb_stage5\raw\order_changes_and_cancellation.md,Изменение и отмена заказа,Можно ли изменить способ оплаты?,Если заказ уже оплачен,Изменение и отмена заказа > Можно ли изменить способ оплаты? > Если заказ уже оплачен,"# Изменение и отмена заказа
## Можно ли изменить способ оплаты?
### Если заказ уже оплачен

Изменить способ оплаты нельзя. Если нужно оплатить другим способом: 1. Отмените текущий заказ 2. Дождитесь возврата средств (до 10 рабочих дней) 3. Оформите новый заказ с нужным способом оплаты

---",69
stg5_chunk_00323,order_support,rag_raw,order_changes_and_cancellation.md,ml\data\kb_stage5\raw\order_changes_and_cancellation.md,Изменение и отмена заказа,Как отменить заказ?,Через личный кабинет,Изменение и отмена заказа > Как отменить заказ? > Через личный кабинет,"# Изменение и отмена заказа
## Как отменить заказ?
### Через личный кабинет

1. Войдите в личный кабинет 2. Перейдите в «Мои заказы» 3. Найдите нужный заказ 4. Нажмите «Отменить заказ» 5. Укажите причину отмены 6. Подтвердите отмену",70
stg5_chunk_00324,order_support,rag_raw,order_changes_and_cancellation.md,ml\data\kb_stage5\raw\order_changes_and_cancellation.md,Изменение и отмена заказа,Как отменить заказ?,Через службу поддержки,Изменение и отмена заказа > Как отменить заказ? > Через службу поддержки,"# Изменение и отмена заказа
## Как отменить заказ?
### Через службу поддержки

- Напишите в чат - Отправьте email на support@example-shop.ru - Позвоните: 8-800-123-45-67

Сообщите номер заказа и причину отмены.

---",64
stg5_chunk_00325,order_support,rag_raw,order_changes_and_cancellation.md,ml\data\kb_stage5\raw\order_changes_and_cancellation.md,Изменение и отмена заказа,Когда можно отменить заказ?,Отмена возможна,Изменение и отмена заказа > Когда можно отменить заказ? > Отмена возможна,"# Изменение и отмена заказа
## Когда можно отменить заказ?
### Отмена возможна

- Статус «Новый» — отмена мгновенная - Статус «Подтверждён» — отмена в течение нескольких минут - Статус «В сборке» — отмена возможна, но может занять до 1 часа",72
stg5_chunk_00326,order_support,rag_raw,order_changes_and_cancellation.md,ml\data\kb_stage5\raw\order_changes_and_cancellation.md,Изменение и отмена заказа,Когда можно отменить заказ?,Отмена затруднена или невозможна,Изменение и отмена заказа > Когда можно отменить заказ? > Отмена затруднена или невозможна,"# Изменение и отмена заказа
## Когда можно отменить заказ?
### Отмена затруднена или невозможна

- Статус «Передан в доставку» — заказ уже у транспортной компании - Статус «В пути» — отменить нельзя, только вернуть после получения",61
stg5_chunk_00327,order_support,rag_raw,order_changes_and_cancellation.md,ml\data\kb_stage5\raw\order_changes_and_cancellation.md,Изменение и отмена заказа,Когда можно отменить заказ?,Если заказ уже отправлен,Изменение и отмена заказа > Когда можно отменить заказ? > Если заказ уже отправлен,"# Изменение и отмена заказа
## Когда можно отменить заказ?
### Если заказ уже отправлен

Вы можете: - Отказаться от получения (заказ вернётся на склад) - Получить заказ и оформить возврат по стандартной процедуре

---",54
stg5_chunk_00328,order_support,rag_raw,order_changes_and_cancellation.md,ml\data\kb_stage5\raw\order_changes_and_cancellation.md,Изменение и отмена заказа,Что происходит с деньгами при отмене?,Если заказ был оплачен онлайн,Изменение и отмена заказа > Что происходит с деньгами при отмене? > Если заказ был оплачен онлайн,"# Изменение и отмена заказа
## Что происходит с деньгами при отмене?
### Если заказ был оплачен онлайн

- Деньги возвращаются на ту же карту или счёт - Срок возврата: до **10 рабочих дней** - Иногда банк обрабатывает возврат быстрее — в течение 1–3 дней",65
stg5_chunk_00329,order_support,rag_raw,order_changes_and_cancellation.md,ml\data\kb_stage5\raw\order_changes_and_cancellation.md,Изменение и отмена заказа,Что происходит с деньгами при отмене?,Если заказ был оплачен наложенным платежом,Изменение и отмена заказа > Что происходит с деньгами при отмене? > Если заказ был оплачен наложенным платежом,"# Изменение и отмена заказа
## Что происходит с деньгами при отмене?
### Если заказ был оплачен наложенным платежом

- Деньги не были списаны, возврат не требуется",41
stg5_chunk_00330,order_support,rag_raw,order_changes_and_cancellation.md,ml\data\kb_stage5\raw\order_changes_and_cancellation.md,Изменение и отмена заказа,Что происходит с деньгами при отмене?,Если заказ был оплачен бонусными баллами,Изменение и отмена заказа > Что происходит с деньгами при отмене? > Если заказ был оплачен бонусными баллами,"# Изменение и отмена заказа
## Что происходит с деньгами при отмене?
### Если заказ был оплачен бонусными баллами

- Бонусы возвращаются на счёт автоматически - Срок возврата бонусов: до 3 рабочих дней",51
stg5_chunk_00331,order_support,rag_raw,order_changes_and_cancellation.md,ml\data\kb_stage5\raw\order_changes_and_cancellation.md,Изменение и отмена заказа,Что происходит с деньгами при отмене?,Если использовался промокод,Изменение и отмена заказа > Что происходит с деньгами при отмене? > Если использовался промокод,"# Изменение и отмена заказа
## Что происходит с деньгами при отмене?
### Если использовался промокод

- Промокод не восстанавливается после отмены заказа - Это указано в правилах использования промокодов

---",51
stg5_chunk_00332,order_support,rag_raw,order_changes_and_cancellation.md,ml\data\kb_stage5\raw\order_changes_and_cancellation.md,Изменение и отмена заказа,Можно ли восстановить отменённый заказ?,,Изменение и отмена заказа > Можно ли восстановить отменённый заказ?,"# Изменение и отмена заказа
## Можно ли восстановить отменённый заказ?

Нет, отменённый заказ восстановить нельзя.",28
stg5_chunk_00333,order_support,rag_raw,order_changes_and_cancellation.md,ml\data\kb_stage5\raw\order_changes_and_cancellation.md,Изменение и отмена заказа,Можно ли восстановить отменённый заказ?,Что делать,Изменение и отмена заказа > Можно ли восстановить отменённый заказ? > Что делать,"# Изменение и отмена заказа
## Можно ли восстановить отменённый заказ?
### Что делать

- Оформите новый заказ с теми же товарами - Если товар был последним на складе, он может быть уже недоступен",51
stg5_chunk_00334,order_support,rag_raw,order_changes_and_cancellation.md,ml\data\kb_stage5\raw\order_changes_and_cancellation.md,Изменение и отмена заказа,Можно ли восстановить отменённый заказ?,Важно,Изменение и отмена заказа > Можно ли восстановить отменённый заказ? > Важно,"# Изменение и отмена заказа
## Можно ли восстановить отменённый заказ?
### Важно

- Промокод, использованный в отменённом заказе, не восстанавливается - Бонусные баллы вернутся автоматически и будут доступны для нового заказа

---",58
stg5_chunk_00335,order_support,rag_raw,order_changes_and_cancellation.md,ml\data\kb_stage5\raw\order_changes_and_cancellation.md,Изменение и отмена заказа,Частичная отмена заказа,,Изменение и отмена заказа > Частичная отмена заказа,"# Изменение и отмена заказа
## Частичная отмена заказа

Если вы хотите отменить только часть товаров в заказе:",28
stg5_chunk_00336,order_support,rag_raw,order_changes_and_cancellation.md,ml\data\kb_stage5\raw\order_changes_and_cancellation.md,Изменение и отмена заказа,Частичная отмена заказа,До отправки,Изменение и отмена заказа > Частичная отмена заказа > До отправки,"# Изменение и отмена заказа
## Частичная отмена заказа
### До отправки

- Обратитесь в поддержку с номером заказа - Укажите, какие именно товары нужно убрать - Мы скорректируем заказ и пересчитаем сумму - Разница будет возвращена на карту в течение 10 рабочих дней",66
stg5_chunk_00337,order_support,rag_raw,order_changes_and_cancellation.md,ml\data\kb_stage5\raw\order_changes_and_cancellation.md,Изменение и отмена заказа,Частичная отмена заказа,После отправки,Изменение и отмена заказа > Частичная отмена заказа > После отправки,"# Изменение и отмена заказа
## Частичная отмена заказа
### После отправки

- Частичная отмена невозможна - Получите заказ полностью - Оформите возврат ненужных товаров через стандартную процедуру

---",49
stg5_chunk_00338,order_support,rag_raw,order_changes_and_cancellation.md,ml\data\kb_stage5\raw\order_changes_and_cancellation.md,Изменение и отмена заказа,FAQ,Можно ли изменить заказ после оформления?,Изменение и отмена заказа > FAQ > Можно ли изменить заказ после оформления?,"# Изменение и отмена заказа
## FAQ
### Можно ли изменить заказ после оформления?

Да, до момента передачи заказа на сборку. Изменить можно состав, количество, адрес, способ доставки и оплаты. Для этого воспользуйтесь личным кабинетом или поддержкой.",59
stg5_chunk_00339,order_support,rag_raw,order_changes_and_cancellation.md,ml\data\kb_stage5\raw\order_changes_and_cancellation.md,Изменение и отмена заказа,FAQ,Как отменить заказ?,Изменение и отмена заказа > FAQ > Как отменить заказ?,"# Изменение и отмена заказа
## FAQ
### Как отменить заказ?

В личном кабинете откройте «Мои заказы», выберите нужный и нажмите «Отменить заказ». Или обратитесь в поддержку.",51
stg5_chunk_00340,order_support,rag_raw,order_changes_and_cancellation.md,ml\data\kb_stage5\raw\order_changes_and_cancellation.md,Изменение и отмена заказа,FAQ,"Можно ли отменить заказ, если он уже отправлен?","Изменение и отмена заказа > FAQ > Можно ли отменить заказ, если он уже отправлен?","# Изменение и отмена заказа
## FAQ
### Можно ли отменить заказ, если он уже отправлен?

Нет, отменить отправленный заказ нельзя. Вы можете отказаться от получения или оформить возврат после доставки.",47
stg5_chunk_00341,order_support,rag_raw,order_changes_and_cancellation.md,ml\data\kb_stage5\raw\order_changes_and_cancellation.md,Изменение и отмена заказа,FAQ,Когда вернут деньги за отменённый заказ?,Изменение и отмена заказа > FAQ > Когда вернут деньги за отменённый заказ?,"# Изменение и отмена заказа
## FAQ
### Когда вернут деньги за отменённый заказ?

При онлайн-оплате — до 10 рабочих дней. Бонусные баллы — до 3 рабочих дней. При наложенном платеже возврат не требуется.",54
stg5_chunk_00342,order_support,rag_raw,order_changes_and_cancellation.md,ml\data\kb_stage5\raw\order_changes_and_cancellation.md,Изменение и отмена заказа,FAQ,Можно ли поменять адрес доставки?,Изменение и отмена заказа > FAQ > Можно ли поменять адрес доставки?,"# Изменение и отмена заказа
## FAQ
### Можно ли поменять адрес доставки?

До отправки — да, через личный кабинет или поддержку. После отправки — только через поддержку и транспортную компанию, возможна доплата.",52
stg5_chunk_00343,order_support,rag_raw,order_changes_and_cancellation.md,ml\data\kb_stage5\raw\order_changes_and_cancellation.md,Изменение и отмена заказа,FAQ,Можно ли добавить товар в заказ?,Изменение и отмена заказа > FAQ > Можно ли добавить товар в заказ?,"# Изменение и отмена заказа
## FAQ
### Можно ли добавить товар в заказ?

До отправки — да, через поддержку. После отправки — нет, нужно оформить новый заказ.",41
stg5_chunk_00344,order_support,rag_raw,order_changes_and_cancellation.md,ml\data\kb_stage5\raw\order_changes_and_cancellation.md,Изменение и отмена заказа,FAQ,Можно ли изменить способ оплаты?,Изменение и отмена заказа > FAQ > Можно ли изменить способ оплаты?,"# Изменение и отмена заказа
## FAQ
### Можно ли изменить способ оплаты?

До оплаты — да. После оплаты — нет, нужно отменить заказ и оформить новый.",37
stg5_chunk_00345,order_support,rag_raw,order_changes_and_cancellation.md,ml\data\kb_stage5\raw\order_changes_and_cancellation.md,Изменение и отмена заказа,FAQ,Вернётся ли промокод при отмене заказа?,Изменение и отмена заказа > FAQ > Вернётся ли промокод при отмене заказа?,"# Изменение и отмена заказа
## FAQ
### Вернётся ли промокод при отмене заказа?

Нет, использованный промокод не восстанавливается после отмены.",40
stg5_chunk_00346,order_support,rag_raw,order_changes_and_cancellation.md,ml\data\kb_stage5\raw\order_changes_and_cancellation.md,Изменение и отмена заказа,FAQ,Можно ли отменить только часть заказа?,Изменение и отмена заказа > FAQ > Можно ли отменить только часть заказа?,"# Изменение и отмена заказа
## FAQ
### Можно ли отменить только часть заказа?

До отправки — да, через поддержку. После отправки — нет, нужно получить весь заказ и вернуть ненужные товары.",51
stg5_chunk_00347,order_support,rag_raw,order_changes_and_cancellation.md,ml\data\kb_stage5\raw\order_changes_and_cancellation.md,Изменение и отмена заказа,FAQ,Можно ли восстановить отменённый заказ?,Изменение и отмена заказа > FAQ > Можно ли восстановить отменённый заказ?,"# Изменение и отмена заказа
## FAQ
### Можно ли восстановить отменённый заказ?

Нет, но можно оформить новый заказ с теми же товарами, если они есть в наличии.",40
stg5_chunk_00348,catalog_product,rag_raw,product_availability.md,ml\data\kb_stage5\raw\product_availability.md,Информация о товарах и наличии,Краткий ответ,,Информация о товарах и наличии > Краткий ответ,"# Информация о товарах и наличии
## Краткий ответ

Проверить наличие товара можно на странице товара на сайте или в мобильном приложении. Если товара нет в наличии, можно подписаться на уведомление о поступлении. Информация о характеристиках, размерах, цветах и комплектации указана в карточке товара. Если нужна дополнительная информация, обратитесь в службу поддержки.

---",83
stg5_chunk_00349,catalog_product,rag_raw,product_availability.md,ml\data\kb_stage5\raw\product_availability.md,Информация о товарах и наличии,"Как узнать, есть ли товар в наличии?",На сайте,"Информация о товарах и наличии > Как узнать, есть ли товар в наличии? > На сайте","# Информация о товарах и наличии
## Как узнать, есть ли товар в наличии?
### На сайте

1. Откройте страницу нужного товара 2. Статус наличия отображается рядом с кнопкой «В корзину»: - **«В наличии»** — товар доступен для заказа - **«Мало на складе»** — осталось менее 5 штук - **«Нет в наличии»** — товар временно отсутствует - **«Предзаказ»** — товар можно заказать заранее, доставка после поступления",104
stg5_chunk_00350,catalog_product,rag_raw,product_availability.md,ml\data\kb_stage5\raw\product_availability.md,Информация о товарах и наличии,"Как узнать, есть ли товар в наличии?",В мобильном приложении,"Информация о товарах и наличии > Как узнать, есть ли товар в наличии? > В мобильном приложении","# Информация о товарах и наличии
## Как узнать, есть ли товар в наличии?
### В мобильном приложении

Статус наличия отображается так же, как на сайте — на странице товара.",41
stg5_chunk_00351,catalog_product,rag_raw,product_availability.md,ml\data\kb_stage5\raw\product_availability.md,Информация о товарах и наличии,"Как узнать, есть ли товар в наличии?",Через поддержку,"Информация о товарах и наличии > Как узнать, есть ли товар в наличии? > Через поддержку","# Информация о товарах и наличии
## Как узнать, есть ли товар в наличии?
### Через поддержку

Если статус на сайте непонятен или вы хотите уточнить наличие конкретной модификации: - Напишите в чат на сайте - Отправьте email на support@example-shop.ru - Позвоните: 8-800-123-45-67

---",73
stg5_chunk_00352,catalog_product,rag_raw,product_availability.md,ml\data\kb_stage5\raw\product_availability.md,Информация о товарах и наличии,Товара нет в наличии — что делать?,,Информация о товарах и наличии > Товара нет в наличии — что делать?,"# Информация о товарах и наличии
## Товара нет в наличии — что делать?

Если нужный товар временно отсутствует:",24
stg5_chunk_00353,catalog_product,rag_raw,product_availability.md,ml\data\kb_stage5\raw\product_availability.md,Информация о товарах и наличии,Товара нет в наличии — что делать?,Подписаться на уведомление,Информация о товарах и наличии > Товара нет в наличии — что делать? > Подписаться на уведомление,"# Информация о товарах и наличии
## Товара нет в наличии — что делать?
### Подписаться на уведомление

1. Откройте страницу товара 2. Нажмите кнопку «Сообщить о поступлении» 3. Укажите email или номер телефона 4. Когда товар появится на складе, вы получите уведомление",65
stg5_chunk_00354,catalog_product,rag_raw,product_availability.md,ml\data\kb_stage5\raw\product_availability.md,Информация о товарах и наличии,Товара нет в наличии — что делать?,Проверить аналоги,Информация о товарах и наличии > Товара нет в наличии — что делать? > Проверить аналоги,"# Информация о товарах и наличии
## Товара нет в наличии — что делать?
### Проверить аналоги

- На странице товара в блоке «Похожие товары» могут быть аналогичные модели в наличии - Используйте фильтры каталога для поиска альтернатив",54
stg5_chunk_00355,catalog_product,rag_raw,product_availability.md,ml\data\kb_stage5\raw\product_availability.md,Информация о товарах и наличии,Товара нет в наличии — что делать?,Уточнить сроки поступления,Информация о товарах и наличии > Товара нет в наличии — что делать? > Уточнить сроки поступления,"# Информация о товарах и наличии
## Товара нет в наличии — что делать?
### Уточнить сроки поступления

- Обратитесь в поддержку с названием или артикулом товара - Мы сообщим ориентировочные сроки следующей поставки, если информация доступна

---",53
stg5_chunk_00356,catalog_product,rag_raw,product_availability.md,ml\data\kb_stage5\raw\product_availability.md,Информация о товарах и наличии,Будет ли пополнение товара?,Как узнать,Информация о товарах и наличии > Будет ли пополнение товара? > Как узнать,"# Информация о товарах и наличии
## Будет ли пополнение товара?
### Как узнать

- Точные сроки пополнения зависят от поставщика и не всегда известны заранее - Обратитесь в поддержку — мы проверим статус поставки - Подпишитесь на уведомление о поступлении на странице товара",59
stg5_chunk_00357,catalog_product,rag_raw,product_availability.md,ml\data\kb_stage5\raw\product_availability.md,Информация о товарах и наличии,Будет ли пополнение товара?,Важно,Информация о товарах и наличии > Будет ли пополнение товара? > Важно,"# Информация о товарах и наличии
## Будет ли пополнение товара?
### Важно

- Некоторые товары производятся ограниченными партиями и могут не появиться снова - Сезонные товары могут появиться только в определённое время года - Товары, снятые с производства, не пополняются

---",63
stg5_chunk_00358,catalog_product,rag_raw,product_availability.md,ml\data\kb_stage5\raw\product_availability.md,Информация о товарах и наличии,Какие размеры доступны?,Где посмотреть размеры,Информация о товарах и наличии > Какие размеры доступны? > Где посмотреть размеры,"# Информация о товарах и наличии
## Какие размеры доступны?
### Где посмотреть размеры

- На странице товара в разделе «Размеры» или в выпадающем списке при добавлении в корзину - Доступные размеры отмечены как активные, недоступные — как серые или зачёркнутые",70
stg5_chunk_00359,catalog_product,rag_raw,product_availability.md,ml\data\kb_stage5\raw\product_availability.md,Информация о товарах и наличии,Какие размеры доступны?,Размерная сетка,Информация о товарах и наличии > Какие размеры доступны? > Размерная сетка,"# Информация о товарах и наличии
## Какие размеры доступны?
### Размерная сетка

- Для одежды и обуви на странице товара есть кнопка «Таблица размеров» - Таблица содержит соответствие российских, европейских и международных размеров - Указаны замеры в сантиметрах для каждого размера",61
stg5_chunk_00360,catalog_product,rag_raw,product_availability.md,ml\data\kb_stage5\raw\product_availability.md,Информация о товарах и наличии,Какие размеры доступны?,Если нужного размера нет,Информация о товарах и наличии > Какие размеры доступны? > Если нужного размера нет,"# Информация о товарах и наличии
## Какие размеры доступны?
### Если нужного размера нет

- Подпишитесь на уведомление о поступлении нужного размера - Проверьте похожие модели — возможно, ваш размер есть в аналогичном товаре - Обратитесь в поддержку для уточнения сроков пополнения",65
stg5_chunk_00361,catalog_product,rag_raw,product_availability.md,ml\data\kb_stage5\raw\product_availability.md,Информация о товарах и наличии,Какие размеры доступны?,Как правильно выбрать размер,Информация о товарах и наличии > Какие размеры доступны? > Как правильно выбрать размер,"# Информация о товарах и наличии
## Какие размеры доступны?
### Как правильно выбрать размер

1. Измерьте свои параметры (обхват груди, талии, бёдер, длину стопы) 2. Сравните с таблицей размеров на странице товара 3. Если сомневаетесь — выбирайте больший размер 4. Помните, что товар можно обменять на другой размер в течение установленного срока

---",84
stg5_chunk_00362,catalog_product,rag_raw,product_availability.md,ml\data\kb_stage5\raw\product_availability.md,Информация о товарах и наличии,Какие цвета доступны?,Где посмотреть,Информация о товарах и наличии > Какие цвета доступны? > Где посмотреть,"# Информация о товарах и наличии
## Какие цвета доступны?
### Где посмотреть

- На странице товара доступные цвета отображаются в виде цветных кружков или плашек - Нажмите на цвет, чтобы увидеть фотографии товара в этом цвете - Если цвет неактивен (серый), значит он временно отсутствует",64
stg5_chunk_00363,catalog_product,rag_raw,product_availability.md,ml\data\kb_stage5\raw\product_availability.md,Информация о товарах и наличии,Какие цвета доступны?,Если нужного цвета нет,Информация о товарах и наличии > Какие цвета доступны? > Если нужного цвета нет,"# Информация о товарах и наличии
## Какие цвета доступны?
### Если нужного цвета нет

- Подпишитесь на уведомление о поступлении - Проверьте похожие модели - Обратитесь в поддержку",42
stg5_chunk_00364,catalog_product,rag_raw,product_availability.md,ml\data\kb_stage5\raw\product_availability.md,Информация о товарах и наличии,Какие цвета доступны?,Важно про отображение цветов,Информация о товарах и наличии > Какие цвета доступны? > Важно про отображение цветов,"# Информация о товарах и наличии
## Какие цвета доступны?
### Важно про отображение цветов

- Реальный цвет товара может незначительно отличаться от изображения на экране - Это зависит от настроек монитора и освещения при съёмке - Если точный оттенок важен, обратитесь в поддержку для уточнения

---",69
stg5_chunk_00365,catalog_product,rag_raw,product_availability.md,ml\data\kb_stage5\raw\product_availability.md,Информация о товарах и наличии,Где посмотреть характеристики товара?,На странице товара,Информация о товарах и наличии > Где посмотреть характеристики товара? > На странице товара,"# Информация о товарах и наличии
## Где посмотреть характеристики товара?
### На странице товара

Характеристики указаны в нескольких местах:

#### Блок «Описание» - Общее описание товара - Основные преимущества - Особенности модели

#### Блок «Характеристики» - Таблица с техническими параметрами - Материал, вес, габариты - Для электроники: экран, процессор, память, батарея и т.д.

#### Блок «Комплектация» - Что входит в комплект поставки - Наличие аксессуаров, кабелей, документации",121
stg5_chunk_00366,catalog_product,rag_raw,product_availability.md,ml\data\kb_stage5\raw\product_availability.md,Информация о товарах и наличии,Где посмотреть характеристики товара?,Если информации недостаточно,Информация о товарах и наличии > Где посмотреть характеристики товара? > Если информации недостаточно,"# Информация о товарах и наличии
## Где посмотреть характеристики товара?
### Если информации недостаточно

- Обратитесь в поддержку с вопросом о конкретном параметре - Мы уточним информацию у поставщика

---",39
stg5_chunk_00367,catalog_product,rag_raw,product_availability.md,ml\data\kb_stage5\raw\product_availability.md,Информация о товарах и наличии,Можно ли предзаказать товар?,Что такое предзаказ,Информация о товарах и наличии > Можно ли предзаказать товар? > Что такое предзаказ,"# Информация о товарах и наличии
## Можно ли предзаказать товар?
### Что такое предзаказ

Предзаказ — это возможность зарезервировать товар до его поступления на склад.",38
stg5_chunk_00368,catalog_product,rag_raw,product_availability.md,ml\data\kb_stage5\raw\product_availability.md,Информация о товарах и наличии,Можно ли предзаказать товар?,Как оформить предзаказ,Информация о товарах и наличии > Можно ли предзаказать товар? > Как оформить предзаказ,"# Информация о товарах и наличии
## Можно ли предзаказать товар?
### Как оформить предзаказ

1. На странице товара нажмите «Предзаказ» (вместо «В корзину») 2. Оформите заказ как обычно 3. Оплата списывается сразу или при поступлении — зависит от условий",63
stg5_chunk_00369,catalog_product,rag_raw,product_availability.md,ml\data\kb_stage5\raw\product_availability.md,Информация о товарах и наличии,Можно ли предзаказать товар?,Условия предзаказа,Информация о товарах и наличии > Можно ли предзаказать товар? > Условия предзаказа,"# Информация о товарах и наличии
## Можно ли предзаказать товар?
### Условия предзаказа

- Ориентировочная дата поступления указана на странице товара - Дата может измениться — мы уведомим вас по email - Предзаказ можно отменить до момента отправки - При отмене оплаченного предзаказа деньги возвращаются в течение 10 рабочих дней",81
stg5_chunk_00370,catalog_product,rag_raw,product_availability.md,ml\data\kb_stage5\raw\product_availability.md,Информация о товарах и наличии,Можно ли предзаказать товар?,Важно,Информация о товарах и наличии > Можно ли предзаказать товар? > Важно,"# Информация о товарах и наличии
## Можно ли предзаказать товар?
### Важно

- Не все товары доступны для предзаказа - Предзаказ не гарантирует конкретную дату поступления - При задержке поставщика мы свяжемся с вами и предложим варианты

---",56
stg5_chunk_00371,catalog_product,rag_raw,product_availability.md,ml\data\kb_stage5\raw\product_availability.md,Информация о товарах и наличии,Как сравнить товары?,На сайте,Информация о товарах и наличии > Как сравнить товары? > На сайте,"# Информация о товарах и наличии
## Как сравнить товары?
### На сайте

1. Откройте страницу интересующего товара 2. Нажмите иконку «Сравнить» (обычно значок весов) 3. Добавьте другие товары для сравнения аналогичным способом 4. Перейдите в раздел «Сравнение» (ссылка появится в верхней части сайта) 5. Таблица сравнения покажет все характеристики рядом",88
stg5_chunk_00372,catalog_product,rag_raw,product_availability.md,ml\data\kb_stage5\raw\product_availability.md,Информация о товарах и наличии,Как сравнить товары?,В мобильном приложении,Информация о товарах и наличии > Как сравнить товары? > В мобильном приложении,"# Информация о товарах и наличии
## Как сравнить товары?
### В мобильном приложении

Функция сравнения доступна аналогично — через иконку на странице товара.",38
stg5_chunk_00373,catalog_product,rag_raw,product_availability.md,ml\data\kb_stage5\raw\product_availability.md,Информация о товарах и наличии,Как сравнить товары?,Ограничения,Информация о товарах и наличии > Как сравнить товары? > Ограничения,"# Информация о товарах и наличии
## Как сравнить товары?
### Ограничения

- Можно сравнивать до 4 товаров одновременно - Сравнение доступно для товаров одной категории

---",37
stg5_chunk_00374,catalog_product,rag_raw,product_availability.md,ml\data\kb_stage5\raw\product_availability.md,Информация о товарах и наличии,Отзывы и рейтинг товара,Где посмотреть отзывы,Информация о товарах и наличии > Отзывы и рейтинг товара > Где посмотреть отзывы,"# Информация о товарах и наличии
## Отзывы и рейтинг товара
### Где посмотреть отзывы

- На странице товара в блоке «Отзывы» - Средний рейтинг отображается рядом с названием товара (звёзды от 1 до 5)",50
stg5_chunk_00375,catalog_product,rag_raw,product_availability.md,ml\data\kb_stage5\raw\product_availability.md,Информация о товарах и наличии,Отзывы и рейтинг товара,Как оставить отзыв,Информация о товарах и наличии > Отзывы и рейтинг товара > Как оставить отзыв,"# Информация о товарах и наличии
## Отзывы и рейтинг товара
### Как оставить отзыв

1. Войдите в личный кабинет 2. Перейдите в «Мои заказы» 3. Найдите заказ с нужным товаром 4. Нажмите «Оставить отзыв» 5. Поставьте оценку и напишите комментарий 6. При желании прикрепите фото",72
stg5_chunk_00376,catalog_product,rag_raw,product_availability.md,ml\data\kb_stage5\raw\product_availability.md,Информация о товарах и наличии,Отзывы и рейтинг товара,Важно,Информация о товарах и наличии > Отзывы и рейтинг товара > Важно,"# Информация о товарах и наличии
## Отзывы и рейтинг товара
### Важно

- Отзыв можно оставить только на товар, который вы купили - Отзывы проходят модерацию перед публикацией (до 24 часов) - Мы не удаляем негативные отзывы, если они не нарушают правила

---",67
stg5_chunk_00377,catalog_product,rag_raw,product_availability.md,ml\data\kb_stage5\raw\product_availability.md,Информация о товарах и наличии,FAQ,Есть ли товар в наличии?,Информация о товарах и наличии > FAQ > Есть ли товар в наличии?,"# Информация о товарах и наличии
## FAQ
### Есть ли товар в наличии?

Статус наличия указан на странице товара. Если написано «В наличии» — товар доступен для заказа.",38
stg5_chunk_00378,catalog_product,rag_raw,product_availability.md,ml\data\kb_stage5\raw\product_availability.md,Информация о товарах и наличии,FAQ,"Когда появится товар, которого нет в наличии?","Информация о товарах и наличии > FAQ > Когда появится товар, которого нет в наличии?","# Информация о товарах и наличии
## FAQ
### Когда появится товар, которого нет в наличии?

Подпишитесь на уведомление о поступлении на странице товара или обратитесь в поддержку для уточнения сроков.",44
stg5_chunk_00379,catalog_product,rag_raw,product_availability.md,ml\data\kb_stage5\raw\product_availability.md,Информация о товарах и наличии,FAQ,Какие размеры есть?,Информация о товарах и наличии > FAQ > Какие размеры есть?,"# Информация о товарах и наличии
## FAQ
### Какие размеры есть?

Доступные размеры показаны на странице товара. Используйте таблицу размеров для правильного выбора.",37
stg5_chunk_00380,catalog_product,rag_raw,product_availability.md,ml\data\kb_stage5\raw\product_availability.md,Информация о товарах и наличии,FAQ,Какие цвета есть?,Информация о товарах и наличии > FAQ > Какие цвета есть?,"# Информация о товарах и наличии
## FAQ
### Какие цвета есть?

Доступные цвета показаны на странице товара в виде цветных плашек. Неактивные цвета временно отсутствуют.",39
stg5_chunk_00381,catalog_product,rag_raw,product_availability.md,ml\data\kb_stage5\raw\product_availability.md,Информация о товарах и наличии,FAQ,Где посмотреть характеристики?,Информация о товарах и наличии > FAQ > Где посмотреть характеристики?,"# Информация о товарах и наличии
## FAQ
### Где посмотреть характеристики?

На странице товара в блоках «Описание», «Характеристики» и «Комплектация».",40
stg5_chunk_00382,catalog_product,rag_raw,product_availability.md,ml\data\kb_stage5\raw\product_availability.md,Информация о товарах и наличии,FAQ,Можно ли предзаказать товар?,Информация о товарах и наличии > FAQ > Можно ли предзаказать товар?,"# Информация о товарах и наличии
## FAQ
### Можно ли предзаказать товар?

Да, если на странице товара есть кнопка «Предзаказ». Предзаказ можно отменить до отправки.",44
stg5_chunk_00383,catalog_product,rag_raw,product_availability.md,ml\data\kb_stage5\raw\product_availability.md,Информация о товарах и наличии,FAQ,Как сравнить два товара?,Информация о товарах и наличии > FAQ > Как сравнить два товара?,"# Информация о товарах и наличии
## FAQ
### Как сравнить два товара?

Нажмите иконку «Сравнить» на странице каждого товара. Затем перейдите в раздел «Сравнение» для просмотра таблицы характеристик.",50
stg5_chunk_00384,catalog_product,rag_raw,product_availability.md,ml\data\kb_stage5\raw\product_availability.md,Информация о товарах и наличии,FAQ,Реальный цвет может отличаться от фото?,Информация о товарах и наличии > FAQ > Реальный цвет может отличаться от фото?,"# Информация о товарах и наличии
## FAQ
### Реальный цвет может отличаться от фото?

Да, реальный оттенок может незначительно отличаться из-за настроек экрана. Для уточнения обратитесь в поддержку.",50
stg5_chunk_00385,catalog_product,rag_raw,product_availability.md,ml\data\kb_stage5\raw\product_availability.md,Информация о товарах и наличии,FAQ,Как узнать точные размеры товара?,Информация о товарах и наличии > FAQ > Как узнать точные размеры товара?,"# Информация о товарах и наличии
## FAQ
### Как узнать точные размеры товара?

На странице товара в блоке «Характеристики» указаны габариты. Для одежды используйте таблицу размеров.",49
stg5_chunk_00386,catalog_product,rag_raw,product_availability.md,ml\data\kb_stage5\raw\product_availability.md,Информация о товарах и наличии,FAQ,Как оставить отзыв о товаре?,Информация о товарах и наличии > FAQ > Как оставить отзыв о товаре?,"# Информация о товарах и наличии
## FAQ
### Как оставить отзыв о товаре?

В личном кабинете найдите заказ и нажмите «Оставить отзыв». Оценка и комментарий публикуются после модерации.",44
