sample_id_1,sample_id_2,text_1,text_2,label_1,label_2,cosine_similarity,review_status,review_comment
stg1_002102,stg1_001237,"Мне нужна информация о вашей политике возврата средств, где я могу ее получить","Мне нужна информация о политике возврата, где я могу ее получить",payment_refund,return_exchange,0.9845080971717834,,
stg1_001237,stg1_002102,"Мне нужна информация о политике возврата, где я могу ее получить","Мне нужна информация о вашей политике возврата средств, где я могу ее получить",return_exchange,payment_refund,0.9845080971717834,,
stg1_002324,stg1_001391,Я хотел бы узнать о вашей чертовой политике возврата денег. Можете ли вы найти какую-нибудь информацию?,"Я хочу узнать о вашей чертовой политике возврата, можете ли вы найти какую-нибудь информацию?",payment_refund,return_exchange,0.9833390712738037,,
stg1_001391,stg1_002324,"Я хочу узнать о вашей чертовой политике возврата, можете ли вы найти какую-нибудь информацию?",Я хотел бы узнать о вашей чертовой политике возврата денег. Можете ли вы найти какую-нибудь информацию?,return_exchange,payment_refund,0.9833390712738037,,
stg1_001814,stg1_000086,"Я хотел бы оставить отзыв о продукте, мне нужна помощь","Мне нужна помощь, чтобы оставить отзыв о продукте",other,product_info,0.9806579947471619,,
stg1_000086,stg1_001814,"Мне нужна помощь, чтобы оставить отзыв о продукте","Я хотел бы оставить отзыв о продукте, мне нужна помощь",product_info,other,0.9806579947471619,,
stg1_001824,stg1_000295,мне нужна помощь в отправке отзыва о продукте,Мне нужна помощь в написании отзыва о продукте,other,product_info,0.9806264638900757,,
stg1_000295,stg1_001824,Мне нужна помощь в написании отзыва о продукте,мне нужна помощь в отправке отзыва о продукте,product_info,other,0.9806264638900757,,
stg1_000815,stg1_002279,"я бы хотел открыть чертов счет, могу ли я получить помощь","мне нужно запросить чертов счет, могу ли я получить помощь",account,payment_refund,0.9797900915145874,,
stg1_002279,stg1_000815,"мне нужно запросить чертов счет, могу ли я получить помощь","я бы хотел открыть чертов счет, могу ли я получить помощь",payment_refund,account,0.9797900915145874,,
stg1_002043,stg1_000058,Мне нужно отправить отзыв,Я должен отправить свой отзыв,other,product_info,0.9797554016113281,,
stg1_000058,stg1_002043,Я должен отправить свой отзыв,Мне нужно отправить отзыв,product_info,other,0.9797554016113281,,
stg1_001973,stg1_000064,можно ли отправить отзыв о продукте?,как я могу отправить отзыв о продукте?,other,product_info,0.9795438051223755,,
stg1_000064,stg1_001973,как я могу отправить отзыв о продукте?,можно ли отправить отзыв о продукте?,product_info,other,0.9795438051223755,,
stg1_000472,stg1_002071,"Я хотел бы проверить чертов статус моей замены, могу ли я получить некоторую помощь?","Мне нужно увидеть чертов статус моего возмещения, могу ли я получить некоторую помощь?",order_status,payment_refund,0.9783557653427124,,
stg1_002071,stg1_000472,"Мне нужно увидеть чертов статус моего возмещения, могу ли я получить некоторую помощь?","Я хотел бы проверить чертов статус моей замены, могу ли я получить некоторую помощь?",payment_refund,order_status,0.9783557653427124,,
stg1_000186,stg1_002043,Мне нужно отправить отзыв об услуге,Мне нужно отправить отзыв,product_info,other,0.9773162007331848,,
stg1_000196,stg1_002396,"Я хотел бы узнать больше о чертовых продуктах, можете ли вы дать мне некоторую информацию?","Я хотел бы узнать больше о чертовых продажах, можете ли вы дать мне некоторую информацию?",product_info,promo_loyalty,0.9767017364501953,,
stg1_002396,stg1_000196,"Я хотел бы узнать больше о чертовых продажах, можете ли вы дать мне некоторую информацию?","Я хотел бы узнать больше о чертовых продуктах, можете ли вы дать мне некоторую информацию?",promo_loyalty,product_info,0.9767017364501953,,
stg1_002050,stg1_000075,помогите мне оставить отзыв о продукте,помогите мне оставить отзыв о вашей продукции,other,product_info,0.9763979911804199,,
stg1_000075,stg1_002050,помогите мне оставить отзыв о вашей продукции,помогите мне оставить отзыв о продукте,product_info,other,0.9763979911804199,,
stg1_001774,stg1_000295,"Мне нужно отправить отзыв о продукте, мне нужна помощь",Мне нужна помощь в написании отзыва о продукте,other,product_info,0.9761551022529602,,
stg1_000376,stg1_000248,удалить товар из заказа,удалить товар из корзины,order_status,product_info,0.9756543040275574,,
stg1_000248,stg1_000376,удалить товар из корзины,удалить товар из заказа,product_info,order_status,0.9756543040275574,,
stg1_002435,stg1_001340,"Я ищу информацию о чертовых распродажах, мне нужна помощь.","Я ищу информацию о чертовом товаре в магазине, мне нужна помощь.",promo_loyalty,return_exchange,0.9754161834716797,,
stg1_001340,stg1_002435,"Я ищу информацию о чертовом товаре в магазине, мне нужна помощь.","Я ищу информацию о чертовых распродажах, мне нужна помощь.",return_exchange,promo_loyalty,0.9754161834716797,,
stg1_000084,stg1_001824,помощь в отправке отзывов о продукте,мне нужна помощь в отправке отзыва о продукте,product_info,other,0.9753544330596924,,
stg1_001771,stg1_000295,"мне нужно отправить отзыв о продукте, помогите мне",Мне нужна помощь в написании отзыва о продукте,other,product_info,0.9744247198104858,,
stg1_001511,stg1_000035,Я хотел бы сообщить о проблемах с доставкой моего заказа. Могу ли я получить помощь?,Я хотел бы сообщить о проблеме с приобретенным мной продуктом. Могу ли я получить помощь?,delivery,product_info,0.9739760756492615,,
stg1_000035,stg1_001511,Я хотел бы сообщить о проблеме с приобретенным мной продуктом. Могу ли я получить помощь?,Я хотел бы сообщить о проблемах с доставкой моего заказа. Могу ли я получить помощь?,product_info,delivery,0.9739760756492615,,
stg1_000178,stg1_001774,"Мне нужно сообщить об ошибке продукта, мне нужна помощь","Мне нужно отправить отзыв о продукте, мне нужна помощь",product_info,other,0.9739442467689514,,
stg1_000290,stg1_002367,"Я ищу информацию о чертовом продукте, могу ли я получить помощь?",Я ищу информацию о чертовой распродаже. Могу ли я получить помощь?,product_info,promo_loyalty,0.9736469984054565,,
stg1_002367,stg1_000290,Я ищу информацию о чертовой распродаже. Могу ли я получить помощь?,"Я ищу информацию о чертовом продукте, могу ли я получить помощь?",promo_loyalty,product_info,0.9736469984054565,,
stg1_002094,stg1_001391,"Я хотел бы узнать о вашей политике возврата денег, можете ли вы найти некоторую информацию?","Я хочу узнать о вашей чертовой политике возврата, можете ли вы найти какую-нибудь информацию?",payment_refund,return_exchange,0.9735422134399414,,
stg1_001963,stg1_000035,"Я хотел бы оставить комментарий о продукте, могу ли я получить помощь?",Я хотел бы сообщить о проблеме с приобретенным мной продуктом. Могу ли я получить помощь?,other,product_info,0.9731587171554565,,
stg1_001694,stg1_000184,"хочу сообщить о проблеме с доставкой моего заказа, мне нужна помощь","Я хотел бы сообщить о проблеме с купленным мной продуктом, мне нужна помощь",delivery,product_info,0.9731263518333435,,
stg1_000184,stg1_001694,"Я хотел бы сообщить о проблеме с купленным мной продуктом, мне нужна помощь","хочу сообщить о проблеме с доставкой моего заказа, мне нужна помощь",product_info,delivery,0.9731263518333435,,
stg1_002548,stg1_000196,"Я хотел бы узнать больше о чертовых распродажах, можете ли вы дать мне некоторую информацию?","Я хотел бы узнать больше о чертовых продуктах, можете ли вы дать мне некоторую информацию?",promo_loyalty,product_info,0.9719405174255371,,
stg1_000802,stg1_000449,"Мне нужно просмотреть мою чертову историю заказов, можешь мне помочь?","Мне нужно найти свой чертов заказ, ты можешь мне помочь?",account,order_status,0.9717736840248108,,
stg1_000449,stg1_000802,"Мне нужно найти свой чертов заказ, ты можешь мне помочь?","Мне нужно просмотреть мою чертову историю заказов, можешь мне помочь?",order_status,account,0.9717736840248108,,
stg1_000569,stg1_002085,"Мне нужна информация о статусе моей замены, как я могу ее получить?","Мне нужна информация о статусе моего возмещения, как я могу ее получить?",order_status,payment_refund,0.9717383980751038,,
stg1_002085,stg1_000569,"Мне нужна информация о статусе моего возмещения, как я могу ее получить?","Мне нужна информация о статусе моей замены, как я могу ее получить?",payment_refund,order_status,0.9717383980751038,,
stg1_000167,stg1_001219,"Мне нравится информация о продукте, где я могу ее найти","Мне нравится информация о товаре в магазине, где я могу его получить",product_info,return_exchange,0.971714437007904,,
stg1_001219,stg1_000167,"Мне нравится информация о товаре в магазине, где я могу его получить","Мне нравится информация о продукте, где я могу ее найти",return_exchange,product_info,0.971714437007904,,
stg1_000497,stg1_001205,"Мне нужно купить кое-какие чертовы вещи, могу ли я получить помощь?","Я хочу обменять купленные мной чертовы товары, могу ли я получить помощь?",order_status,return_exchange,0.9715354442596436,,
stg1_001205,stg1_000497,"Я хочу обменять купленные мной чертовы товары, могу ли я получить помощь?","Мне нужно купить кое-какие чертовы вещи, могу ли я получить помощь?",return_exchange,order_status,0.9715354442596436,,
stg1_000902,stg1_001340,"Я хотел бы найти чертов магазин, мне нужна помощь.","Я ищу информацию о чертовом товаре в магазине, мне нужна помощь.",general_info,return_exchange,0.9715051651000977,,
stg1_000194,stg1_001774,"Мне нужна помощь, чтобы отправить отзыв о вашей продукции","Мне нужно отправить отзыв о продукте, мне нужна помощь",product_info,other,0.9710584878921509,,
stg1_000078,stg1_002050,помогите оставить отзыв о вашей продукции,помогите мне оставить отзыв о продукте,product_info,other,0.9709613919258118,,
stg1_001162,stg1_002360,"мне нужна информация о чертовых магазинах поблизости, где я могу ее получить","мне нужна информация о чертовых распродажах, где я могу ее получить",general_info,promo_loyalty,0.970767080783844,,
stg1_002360,stg1_001162,"мне нужна информация о чертовых распродажах, где я могу ее получить","мне нужна информация о чертовых магазинах поблизости, где я могу ее получить",promo_loyalty,general_info,0.970767080783844,,
stg1_001671,stg1_001079,"хочу проверить время доставки моей покупки, мне нужна помощь","мне нужно посмотреть часы твоих покупок, мне нужна помощь",delivery,general_info,0.9707497358322144,,
stg1_001079,stg1_001671,"мне нужно посмотреть часы твоих покупок, мне нужна помощь","хочу проверить время доставки моей покупки, мне нужна помощь",general_info,delivery,0.9707497358322144,,
stg1_002471,stg1_001217,"мне нужна информация о чертовых распродажах, где я могу ее найти","мне нужна информация о чертовом товаре в магазине, где я могу его найти",promo_loyalty,return_exchange,0.9706594347953796,,
stg1_001217,stg1_002471,"мне нужна информация о чертовом товаре в магазине, где я могу его найти","мне нужна информация о чертовых распродажах, где я могу ее найти",return_exchange,promo_loyalty,0.9706594347953796,,
stg1_000450,stg1_001429,Мне нужно отменить чертов заказ,Мне нужно отправить обратно чертов заказ,order_status,return_exchange,0.9705795049667358,,
stg1_001429,stg1_000450,Мне нужно отправить обратно чертов заказ,Мне нужно отменить чертов заказ,return_exchange,order_status,0.9705795049667358,,
stg1_002432,stg1_001453,"Мне нужна информация о продажах, где я могу ее получить?","Мне нужна информация о товаре в магазине, где я могу ее получить?",promo_loyalty,return_exchange,0.9702568054199219,,
stg1_001453,stg1_002432,"Мне нужна информация о товаре в магазине, где я могу ее получить?","Мне нужна информация о продажах, где я могу ее получить?",return_exchange,promo_loyalty,0.9702568054199219,,
stg1_001303,stg1_002360,"мне нужна информация о чертовом товаре в магазине, где я могу его получить","мне нужна информация о чертовых распродажах, где я могу ее получить",return_exchange,promo_loyalty,0.9701488018035889,,
stg1_000187,stg1_002367,"Я ищу информацию о чертовых продуктах, могу ли я получить помощь?",Я ищу информацию о чертовой распродаже. Могу ли я получить помощь?,product_info,promo_loyalty,0.9697519540786743,,
stg1_002414,stg1_000196,"Я хотел бы узнать больше о чертовой распродаже, можете ли вы дать мне некоторую информацию?","Я хотел бы узнать больше о чертовых продуктах, можете ли вы дать мне некоторую информацию?",promo_loyalty,product_info,0.9694965481758118,,
stg1_001477,stg1_001340,"Я ищу информацию о чертовой дате доставки моей покупки, мне нужна помощь.","Я ищу информацию о чертовом товаре в магазине, мне нужна помощь.",delivery,return_exchange,0.969352662563324,,
stg1_001051,stg1_000497,"Мне бы хотелось найти чертовы магазины, могу ли я получить помощь?","Мне нужно купить кое-какие чертовы вещи, могу ли я получить помощь?",general_info,order_status,0.968734085559845,,
stg1_001733,stg1_002218,"Я хотел бы проверить чертову стоимость доставки, где я могу это сделать","Я хотел бы проверить твои чертовы варианты оплаты, где я могу это сделать",delivery,payment_refund,0.9686441421508789,,
stg1_002218,stg1_001733,"Я хотел бы проверить твои чертовы варианты оплаты, где я могу это сделать","Я хотел бы проверить чертову стоимость доставки, где я могу это сделать",payment_refund,delivery,0.9686441421508789,,
stg1_000206,stg1_001453,"Мне нужна информация о продукте, где я могу ее найти?","Мне нужна информация о товаре в магазине, где я могу ее получить?",product_info,return_exchange,0.9683072566986084,,
stg1_002006,stg1_000290,"Мне нужно отправить чертов отзыв о продукте, могу ли я получить помощь?","Я ищу информацию о чертовом продукте, могу ли я получить помощь?",other,product_info,0.96815025806427,,
stg1_001521,stg1_001052,"Мне нужно проверить время доставки моего заказа, помогите мне.","Мне нужно узнать часы работы вашего магазина, помогите мне.",delivery,general_info,0.9680091738700867,,
stg1_001052,stg1_001521,"Мне нужно узнать часы работы вашего магазина, помогите мне.","Мне нужно проверить время доставки моего заказа, помогите мне.",general_info,delivery,0.9680091738700867,,
stg1_001494,stg1_001267,"Мне не хватает некоторых продуктов, которые я купил, мне нужна помощь, чтобы сообщить о них","некоторые продукты в моей посылке указаны неверно, мне нужна помощь, чтобы сообщить о них",delivery,return_exchange,0.9679363369941711,,
stg1_001267,stg1_001494,"некоторые продукты в моей посылке указаны неверно, мне нужна помощь, чтобы сообщить о них","Мне не хватает некоторых продуктов, которые я купил, мне нужна помощь, чтобы сообщить о них",return_exchange,delivery,0.9679363369941711,,
stg1_000299,stg1_001249,"я разместил чертов онлайн-заказ, помогите мне его отменить","Мне нужно вернуть чертов заказ онлайн, помогите мне.",order_status,return_exchange,0.9678473472595215,,
stg1_001249,stg1_000299,"Мне нужно вернуть чертов заказ онлайн, помогите мне.","я разместил чертов онлайн-заказ, помогите мне его отменить",return_exchange,order_status,0.9678473472595215,,
stg1_000596,stg1_002279,"мне нужно открыть чертов счет, ты можешь мне помочь?","мне нужно запросить чертов счет, могу ли я получить помощь",account,payment_refund,0.9676191210746765,,
stg1_001103,stg1_000218,"Я бы хотел найти чертовы магазины, как мне это сделать?","Я хотел бы проверить наличие чертовых товаров в магазине, как я могу это сделать?",general_info,product_info,0.9675763845443726,,
stg1_000218,stg1_001103,"Я хотел бы проверить наличие чертовых товаров в магазине, как я могу это сделать?","Я бы хотел найти чертовы магазины, как мне это сделать?",product_info,general_info,0.9675763845443726,,
stg1_001807,stg1_001248,Не могли бы вы помочь мне отправить чертовы жалобы на продукты?,не могли бы вы помочь мне сообщить о чертовски неправильном продукте?,other,return_exchange,0.9671884179115295,,
stg1_001248,stg1_001807,не могли бы вы помочь мне сообщить о чертовски неправильном продукте?,Не могли бы вы помочь мне отправить чертовы жалобы на продукты?,return_exchange,other,0.9671884179115295,,
stg1_002411,stg1_001340,"я ищу информацию о чертовых распродажах, мне нужна помощь","Я ищу информацию о чертовом товаре в магазине, мне нужна помощь.",promo_loyalty,return_exchange,0.9671118259429932,,
stg1_001633,stg1_000189,"Я хочу узнать, когда прибудет мой товар, мне нужна помощь","Я хочу увидеть наличие товара, мне нужна помощь",delivery,product_info,0.9670640826225281,,
stg1_000189,stg1_001633,"Я хочу увидеть наличие товара, мне нужна помощь","Я хочу узнать, когда прибудет мой товар, мне нужна помощь",product_info,delivery,0.9670640826225281,,
stg1_002402,stg1_001453,"Мне нужна информация о распродажах, где я могу ее получить?","Мне нужна информация о товаре в магазине, где я могу ее получить?",promo_loyalty,return_exchange,0.9670315384864807,,
stg1_000200,stg1_002433,"Я хочу узнать больше о продукте, дайте мне некоторую информацию","Я хочу узнать больше о следующих продажах, дайте мне некоторую информацию",product_info,promo_loyalty,0.9670020341873169,,
stg1_002433,stg1_000200,"Я хочу узнать больше о следующих продажах, дайте мне некоторую информацию","Я хочу узнать больше о продукте, дайте мне некоторую информацию",promo_loyalty,product_info,0.9670020341873169,,
stg1_002566,stg1_001408,"я ищу информацию о чертовых распродажах, помогите мне","Я ищу информацию о чертовом товаре в магазине, помогите мне.",promo_loyalty,return_exchange,0.9669902324676514,,
stg1_001408,stg1_002566,"Я ищу информацию о чертовом товаре в магазине, помогите мне.","я ищу информацию о чертовых распродажах, помогите мне",return_exchange,promo_loyalty,0.9669902324676514,,
stg1_000076,stg1_001771,"Мне нужно оставить отзыв о товаре, помогите мне.","мне нужно отправить отзыв о продукте, помогите мне",product_info,other,0.9669265747070312,,
stg1_001920,stg1_002088,"мне нужно отправить чертовы предложения, мне нужна помощь","Мне нужна помощь, чтобы сделать чертов перевод",other,payment_refund,0.9669135808944702,,
stg1_002088,stg1_001920,"Мне нужна помощь, чтобы сделать чертов перевод","мне нужно отправить чертовы предложения, мне нужна помощь",payment_refund,other,0.9669135808944702,,
stg1_000010,stg1_001362,Мне нужно подтвердить наличие товаров в магазине. Могу ли я получить помощь?,"Я хотел бы обменять товар в магазине, могу ли я получить помощь?",product_info,return_exchange,0.9666668772697449,,
stg1_001362,stg1_000010,"Я хотел бы обменять товар в магазине, могу ли я получить помощь?",Мне нужно подтвердить наличие товаров в магазине. Могу ли я получить помощь?,return_exchange,product_info,0.9666668772697449,,
stg1_001697,stg1_001079,"Я хотел бы проверить время доставки, мне нужна помощь","мне нужно посмотреть часы твоих покупок, мне нужна помощь",delivery,general_info,0.966499388217926,,
stg1_002213,stg1_001300,"Мне нужна информация о вашей гарантии возврата денег, как я могу ее получить?","Мне нужна информация о вашем процессе возврата, как я могу ее получить?",payment_refund,return_exchange,0.9663192629814148,,
stg1_001300,stg1_002213,"Мне нужна информация о вашем процессе возврата, как я могу ее получить?","Мне нужна информация о вашей гарантии возврата денег, как я могу ее получить?",return_exchange,payment_refund,0.9663192629814148,,
stg1_000285,stg1_002452,"Мне нужна информация о чертовых продуктах, как я могу ее получить?","Мне нужна информация о чертовых распродажах, как я могу ее получить?",product_info,promo_loyalty,0.9663174152374268,,
stg1_002452,stg1_000285,"Мне нужна информация о чертовых распродажах, как я могу ее получить?","Мне нужна информация о чертовых продуктах, как я могу ее получить?",promo_loyalty,product_info,0.9663174152374268,,
stg1_002502,stg1_001303,"Мне нужна информация о чертовой распродаже, где я могу ее получить?","мне нужна информация о чертовом товаре в магазине, где я могу его получить",promo_loyalty,return_exchange,0.9661365747451782,,
stg1_002307,stg1_001247,"нужна помощь, чтобы запросить возврат моих денег","Я хотел бы запросить возврат средств, мне нужна помощь",payment_refund,return_exchange,0.9659051299095154,,
stg1_001247,stg1_002307,"Я хотел бы запросить возврат средств, мне нужна помощь","нужна помощь, чтобы запросить возврат моих денег",return_exchange,payment_refund,0.9659051299095154,,
stg1_001508,stg1_001183,"один из товаров из моего заказа не доставлен, помогите мне сообщить об этом","один из чертовых товаров, которые я получил, неправильный, помогите мне сообщить об этом",delivery,return_exchange,0.9658041596412659,,
stg1_001183,stg1_001508,"один из чертовых товаров, которые я получил, неправильный, помогите мне сообщить об этом","один из товаров из моего заказа не доставлен, помогите мне сообщить об этом",return_exchange,delivery,0.9658041596412659,,
stg1_002445,stg1_000200,"Я хотел бы узнать больше о распродажах, дайте мне некоторую информацию","Я хочу узнать больше о продукте, дайте мне некоторую информацию",promo_loyalty,product_info,0.9657196998596191,,
stg1_001133,stg1_000157,"мне нужно найти чертов магазин рядом со мной, помоги мне","мне нужно подтвердить наличие чертовых товаров в магазине, поможет мне",general_info,product_info,0.9654960036277771,,
stg1_000157,stg1_001133,"мне нужно подтвердить наличие чертовых товаров в магазине, поможет мне","мне нужно найти чертов магазин рядом со мной, помоги мне",product_info,general_info,0.9654960036277771,,
stg1_000348,stg1_001239,"я разместил заказ, помогите мне отменить его","мой заказ отменен, помогите мне сообщить об этом",order_status,return_exchange,0.9654619097709656,,
stg1_001239,stg1_000348,"мой заказ отменен, помогите мне сообщить об этом","я разместил заказ, помогите мне отменить его",return_exchange,order_status,0.9654619097709656,,
stg1_001486,stg1_002430,"Я ищу информацию о дате доставки моей покупки, мне нужна помощь","Я ищу информацию о распродажах, мне нужна помощь",delivery,promo_loyalty,0.9654393196105957,,
stg1_002430,stg1_001486,"Я ищу информацию о распродажах, мне нужна помощь","Я ищу информацию о дате доставки моей покупки, мне нужна помощь",promo_loyalty,delivery,0.9654393196105957,,
stg1_001060,stg1_000449,"Мне нужно найти чертовы магазины, ты можешь мне помочь?","Мне нужно найти свой чертов заказ, ты можешь мне помочь?",general_info,order_status,0.9652969837188721,,
stg1_002224,stg1_001281,"Я хочу узнать о вашей чертовой политике возмещения расходов, где я могу найти дополнительную информацию?","Я хотел бы узнать о вашей чертовой политике возврата, где я могу получить дополнительную информацию",payment_refund,return_exchange,0.9652564525604248,,
stg1_001281,stg1_002224,"Я хотел бы узнать о вашей чертовой политике возврата, где я могу получить дополнительную информацию","Я хочу узнать о вашей чертовой политике возмещения расходов, где я могу найти дополнительную информацию?",return_exchange,payment_refund,0.9652564525604248,,
stg1_001438,stg1_002102,мне нужна информация о вашей политике возврата,"Мне нужна информация о вашей политике возврата средств, где я могу ее получить",return_exchange,payment_refund,0.9652414917945862,,
stg1_001163,stg1_002396,"Я хотел бы узнать больше о ближайших к черту магазинах, вы можете дать мне некоторую информацию?","Я хотел бы узнать больше о чертовых продажах, можете ли вы дать мне некоторую информацию?",general_info,promo_loyalty,0.9650444984436035,,
stg1_001817,stg1_000058,"мне нужно отправить отзыв, чтобы сделать это",Я должен отправить свой отзыв,other,product_info,0.9650052785873413,,
stg1_001648,stg1_000308,где я могу проверить чертову стоимость доставки?,"где я могу проверить, где моя чертова доставка",delivery,order_status,0.9648777842521667,,
stg1_000308,stg1_001648,"где я могу проверить, где моя чертова доставка",где я могу проверить чертову стоимость доставки?,order_status,delivery,0.9648777842521667,,
stg1_000201,stg1_002414,"Я хотел бы узнать больше об этом чертовом продукте, можете ли вы дать мне некоторую информацию?","Я хотел бы узнать больше о чертовой распродаже, можете ли вы дать мне некоторую информацию?",product_info,promo_loyalty,0.9647799730300903,,
stg1_000296,stg1_002617,"Я хотел бы узнать больше об этом чертовом продукте, не могли бы вы дать мне некоторую информацию?","Я хочу узнать больше о чертовой распродаже, не могли бы вы дать мне некоторую информацию?",product_info,promo_loyalty,0.9647325873374939,,
stg1_002617,stg1_000296,"Я хочу узнать больше о чертовой распродаже, не могли бы вы дать мне некоторую информацию?","Я хотел бы узнать больше об этом чертовом продукте, не могли бы вы дать мне некоторую информацию?",promo_loyalty,product_info,0.9647325873374939,,
stg1_001947,stg1_000064,"Мне нужно отправить отзыв о продукте, где я могу это сделать?",как я могу отправить отзыв о продукте?,other,product_info,0.9646967053413391,,
stg1_001500,stg1_002313,"Я не получил свой заказ, мне нужна помощь, чтобы сообщить о проблемах с доставкой.","Я не получил подтверждение платежа. Мне нужна помощь, чтобы сообщить о проблеме с оплатой.",delivery,payment_refund,0.9646850824356079,,
stg1_002313,stg1_001500,"Я не получил подтверждение платежа. Мне нужна помощь, чтобы сообщить о проблеме с оплатой.","Я не получил свой заказ, мне нужна помощь, чтобы сообщить о проблемах с доставкой.",payment_refund,delivery,0.9646850824356079,,
stg1_001088,stg1_002398,"Я хотел бы найти ближайший магазин, не могли бы вы мне помочь?","Я ищу информацию о ближайших распродажах, не могли бы вы мне помочь?",general_info,promo_loyalty,0.9646605253219604,,
stg1_002398,stg1_001088,"Я ищу информацию о ближайших распродажах, не могли бы вы мне помочь?","Я хотел бы найти ближайший магазин, не могли бы вы мне помочь?",promo_loyalty,general_info,0.9646605253219604,,
stg1_001986,stg1_000255,"Я хочу представить идею продукта, мне нужна помощь","Я ищу информацию о продуктах, мне нужна помощь",other,product_info,0.9646296501159668,,
stg1_000255,stg1_001986,"Я ищу информацию о продуктах, мне нужна помощь","Я хочу представить идею продукта, мне нужна помощь",product_info,other,0.9646296501159668,,
stg1_001926,stg1_000194,"мне нужна помощь, чтобы отправить комментарий о вашем бренде","Мне нужна помощь, чтобы отправить отзыв о вашей продукции",other,product_info,0.9645997881889343,,
stg1_001284,stg1_000178,"Я указал неправильный товар, мне нужна помощь, чтобы сообщить об этом","Мне нужно сообщить об ошибке продукта, мне нужна помощь",return_exchange,product_info,0.9645130634307861,,
stg1_000050,stg1_001236,мне нужна помощь с проверкой наличия этого чертового товара,мне нужна помощь в обмене этого чертового товара,product_info,return_exchange,0.9644724130630493,,
stg1_001236,stg1_000050,мне нужна помощь в обмене этого чертового товара,мне нужна помощь с проверкой наличия этого чертового товара,return_exchange,product_info,0.9644724130630493,,
stg1_001119,stg1_001970,"мне нужна помощь, чтобы поговорить с чертовой службой поддержки клиентов","мне нужна помощь, чтобы поговорить с чертовым оператором",general_info,other,0.9644547700881958,,
stg1_001970,stg1_001119,"мне нужна помощь, чтобы поговорить с чертовым оператором","мне нужна помощь, чтобы поговорить с чертовой службой поддержки клиентов",other,general_info,0.9644547700881958,,
stg1_001090,stg1_002445,"Я хотел бы узнать больше о ваших часах покупок, дайте мне некоторую информацию","Я хотел бы узнать больше о распродажах, дайте мне некоторую информацию",general_info,promo_loyalty,0.9644458293914795,,
stg1_000544,stg1_001181,"Мне нужно отменить чертов онлайн-заказ, могу ли я получить помощь?","Я хотел бы вернуть чертовы товары онлайн, могу ли я получить помощь?",order_status,return_exchange,0.9642836451530457,,
stg1_001181,stg1_000544,"Я хотел бы вернуть чертовы товары онлайн, могу ли я получить помощь?","Мне нужно отменить чертов онлайн-заказ, могу ли я получить помощь?",return_exchange,order_status,0.9642836451530457,,
stg1_001135,stg1_000157,"мне нужно поискать чертовы магазины рядом со мной, мне нужна помощь","мне нужно подтвердить наличие чертовых товаров в магазине, поможет мне",general_info,product_info,0.964128851890564,,
stg1_000211,stg1_001342,"хочу подтвердить наличие чертовых товаров в Интернете, мне поможет","Я хотел бы вернуть чертовы товары из Интернета, мне нужна помощь",product_info,return_exchange,0.9640408158302307,,
stg1_001342,stg1_000211,"Я хотел бы вернуть чертовы товары из Интернета, мне нужна помощь","хочу подтвердить наличие чертовых товаров в Интернете, мне поможет",return_exchange,product_info,0.9640408158302307,,
stg1_000336,stg1_002062,где я могу получить информацию о чертовом статусе моей замены,как я могу получить информацию о чертовом статусе моего возмещения,order_status,payment_refund,0.9638329148292542,,
stg1_002062,stg1_000336,как я могу получить информацию о чертовом статусе моего возмещения,где я могу получить информацию о чертовом статусе моей замены,payment_refund,order_status,0.9638329148292542,,
stg1_000226,stg1_001334,"Мне нужно подтвердить наличие товара онлайн, можете ли вы мне помочь?","Мне нужно вернуть товар, купленный онлайн, в магазин. Можете ли вы мне помочь?",product_info,return_exchange,0.9638115763664246,,
stg1_001334,stg1_000226,"Мне нужно вернуть товар, купленный онлайн, в магазин. Можете ли вы мне помочь?","Мне нужно подтвердить наличие товара онлайн, можете ли вы мне помочь?",return_exchange,product_info,0.9638115763664246,,
stg1_000277,stg1_001284,"мой продукт работает неправильно, мне нужна помощь, чтобы сообщить о проблеме с продуктом","Я указал неправильный товар, мне нужна помощь, чтобы сообщить об этом",product_info,return_exchange,0.9637560844421387,,
stg1_001760,stg1_000335,"мне нужна помощь, чтобы узнать, когда прибудет моя посылка","мне нужна помощь, чтобы узнать, где моя чертова посылка",delivery,order_status,0.9637486338615417,,
stg1_000335,stg1_001760,"мне нужна помощь, чтобы узнать, где моя чертова посылка","мне нужна помощь, чтобы узнать, когда прибудет моя посылка",order_status,delivery,0.9637486338615417,,
stg1_000358,stg1_001249,"Я хочу отменить чертов онлайн-заказ, вы можете мне помочь?","Мне нужно вернуть чертов заказ онлайн, помогите мне.",order_status,return_exchange,0.963721752166748,,
stg1_001738,stg1_002540,"хочу узнать больше о сроках доставки моей покупки, могу найти некоторую информацию","хочу узнать больше о распродажах, могу дать мне некоторую информацию",delivery,promo_loyalty,0.9637115001678467,,
stg1_002540,stg1_001738,"хочу узнать больше о распродажах, могу дать мне некоторую информацию","хочу узнать больше о сроках доставки моей покупки, могу найти некоторую информацию",promo_loyalty,delivery,0.9637115001678467,,
stg1_002591,stg1_000196,"хочу узнать больше о чертовых распродажах, не могли бы вы дать мне некоторую информацию?","Я хотел бы узнать больше о чертовых продуктах, можете ли вы дать мне некоторую информацию?",promo_loyalty,product_info,0.9636825919151306,,
stg1_000204,stg1_001694,"хочу сообщить о чертовых проблемах с полученным мной продуктом, мне поможет","хочу сообщить о проблеме с доставкой моего заказа, мне нужна помощь",product_info,delivery,0.9635332226753235,,
stg1_001478,stg1_002313,"я не получил посылку, мне нужна помощь, чтобы сообщить о проблеме с доставкой","Я не получил подтверждение платежа. Мне нужна помощь, чтобы сообщить о проблеме с оплатой.",delivery,payment_refund,0.9634979963302612,,
stg1_001117,stg1_001377,"Мне нужно найти чертов магазин, где я могу это сделать?","Я бы хотел обменять чертов товар в магазине, где я могу это сделать?",general_info,return_exchange,0.9634649157524109,,
stg1_001377,stg1_001117,"Я бы хотел обменять чертов товар в магазине, где я могу это сделать?","Мне нужно найти чертов магазин, где я могу это сделать?",return_exchange,general_info,0.9634649157524109,,
stg1_000541,stg1_001429,"Мне нужна помощь, чтобы отменить чертов заказ",Мне нужно отправить обратно чертов заказ,order_status,return_exchange,0.9633008241653442,,
stg1_002357,stg1_001472,мне нужно отследить возврат средств,Я ищу возврат средств,payment_refund,return_exchange,0.9632858037948608,,
stg1_001472,stg1_002357,Я ищу возврат средств,мне нужно отследить возврат средств,return_exchange,payment_refund,0.9632858037948608,,
stg1_002439,stg1_000196,"Я хочу узнать больше о чертовых распродажах, можешь ли ты найти какую-нибудь информацию?","Я хотел бы узнать больше о чертовых продуктах, можете ли вы дать мне некоторую информацию?",promo_loyalty,product_info,0.9632476568222046,,
stg1_000665,stg1_000449,"Мне нужна моя чертова история заказов, ты поможешь мне ее посмотреть?","Мне нужно найти свой чертов заказ, ты можешь мне помочь?",account,order_status,0.963202953338623,,
stg1_000005,stg1_001511,Я хотел бы сообщить о дефектах заказанного товара. Можете ли вы мне помочь?,Я хотел бы сообщить о проблемах с доставкой моего заказа. Могу ли я получить помощь?,product_info,delivery,0.9631565809249878,,
stg1_002508,stg1_001303,"мне нужна информация о чертовых распродажах, как я могу ее получить","мне нужна информация о чертовом товаре в магазине, где я могу его получить",promo_loyalty,return_exchange,0.9631216526031494,,
stg1_001679,stg1_001090,"хочу узнать больше о времени доставки, найдите некоторую информацию","Я хотел бы узнать больше о ваших часах покупок, дайте мне некоторую информацию",delivery,general_info,0.9631202816963196,,
stg1_000632,stg1_002478,Я ищу свою чертову историю покупок. Не могли бы вы мне помочь ее найти?,Я ищу информацию о чертовых распродажах. Не могли бы вы мне помочь?,account,promo_loyalty,0.9631063938140869,,
stg1_002478,stg1_000632,Я ищу информацию о чертовых распродажах. Не могли бы вы мне помочь?,Я ищу свою чертову историю покупок. Не могли бы вы мне помочь ее найти?,promo_loyalty,account,0.9631063938140869,,
stg1_001490,stg1_001329,"моя посылка потерялась, можете ли вы помочь мне сообщить о проблеме с доставкой?","моя посылка была чертовски повреждена при доставке, можете ли вы сообщить об этом?",delivery,return_exchange,0.9630821347236633,,
stg1_001329,stg1_001490,"моя посылка была чертовски повреждена при доставке, можете ли вы сообщить об этом?","моя посылка потерялась, можете ли вы помочь мне сообщить о проблеме с доставкой?",return_exchange,delivery,0.9630821347236633,,
stg1_001203,stg1_000541,"мне нужна помощь, чтобы отправить обратно чертов товар","Мне нужна помощь, чтобы отменить чертов заказ",return_exchange,order_status,0.9630662798881531,,
stg1_001048,stg1_000449,"мне нужно поискать чертов магазин, ты мне поможешь?","Мне нужно найти свой чертов заказ, ты можешь мне помочь?",general_info,order_status,0.9630532264709473,,
stg1_001085,stg1_000323,"Мне нужно поискать гребаные магазины рядом со мной, мне нужна помощь.","Я хотел бы проверить, где моя гребаная доставка, мне нужна помощь.",general_info,order_status,0.9630094170570374,,
stg1_000323,stg1_001085,"Я хотел бы проверить, где моя гребаная доставка, мне нужна помощь.","Мне нужно поискать гребаные магазины рядом со мной, мне нужна помощь.",order_status,general_info,0.9630094170570374,,
stg1_002510,stg1_000196,"Я хотел бы узнать больше о чертовой распродаже, можете ли вы найти какую-нибудь информацию?","Я хотел бы узнать больше о чертовых продуктах, можете ли вы дать мне некоторую информацию?",promo_loyalty,product_info,0.9628504514694214,,
stg1_002520,stg1_000187,Я ищу информацию о чертовых распродажах. Можете ли вы мне помочь?,"Я ищу информацию о чертовых продуктах, могу ли я получить помощь?",promo_loyalty,product_info,0.9627820253372192,,
stg1_000029,stg1_001290,Мне нужна помощь с добавлением чертовых товаров в корзину.,Мне нужна помощь в обмене чертовой вещи в магазине.,product_info,return_exchange,0.9626075029373169,,
stg1_001290,stg1_000029,Мне нужна помощь в обмене чертовой вещи в магазине.,Мне нужна помощь с добавлением чертовых товаров в корзину.,return_exchange,product_info,0.9626075029373169,,
stg1_001482,stg1_002437,"хочу узнать больше о сроках доставки моей покупки, дашь мне некоторую информацию?","Я хочу узнать больше о распродажах, можете ли вы дать мне некоторую информацию?",delivery,promo_loyalty,0.9626033902168274,,
stg1_002437,stg1_001482,"Я хочу узнать больше о распродажах, можете ли вы дать мне некоторую информацию?","хочу узнать больше о сроках доставки моей покупки, дашь мне некоторую информацию?",promo_loyalty,delivery,0.9626033902168274,,
stg1_000363,stg1_001953,"Я хочу отменить чертов заказ, могу ли я получить помощь?","Мне нужно отправить чертов отзыв, могу ли я получить помощь?",order_status,other,0.9625732898712158,,
stg1_001953,stg1_000363,"Мне нужно отправить чертов отзыв, могу ли я получить помощь?","Я хочу отменить чертов заказ, могу ли я получить помощь?",other,order_status,0.9625732898712158,,
stg1_002467,stg1_001453,"Мне нужна информация о распродажах, где я могу ее найти?","Мне нужна информация о товаре в магазине, где я могу ее получить?",promo_loyalty,return_exchange,0.9625122547149658,,
stg1_001055,stg1_001847,помогите поговорить со службой поддержки,помогите поговорить с помощником,general_info,other,0.962485134601593,,
stg1_001847,stg1_001055,помогите поговорить с помощником,помогите поговорить со службой поддержки,other,general_info,0.962485134601593,,
stg1_002513,stg1_000167,"Мне нравится информация о распродажах, как я могу ее найти","Мне нравится информация о продукте, где я могу ее найти",promo_loyalty,product_info,0.9624302387237549,,
stg1_002030,stg1_000072,можете помочь мне отправить отзыв о продукте,помогите отправить отзыв о вашей продукции,other,product_info,0.962367594242096,,
stg1_000072,stg1_002030,помогите отправить отзыв о вашей продукции,можете помочь мне отправить отзыв о продукте,product_info,other,0.962367594242096,,
stg1_000313,stg1_001760,"хочу проверить, где моя посылка, может мне помочь","мне нужна помощь, чтобы узнать, когда прибудет моя посылка",order_status,delivery,0.9623585343360901,,
stg1_000275,stg1_001453,"Мне нужна информация о продукте, как я могу ее получить?","Мне нужна информация о товаре в магазине, где я могу ее получить?",product_info,return_exchange,0.9623376131057739,,
stg1_002029,stg1_000056,"Мне нужно отправить отзыв о вашей компании, где это сделать?","Мне нужно отправить отзыв об услуге, как это сделать?",other,product_info,0.9623198509216309,,
stg1_000056,stg1_002029,"Мне нужно отправить отзыв об услуге, как это сделать?","Мне нужно отправить отзыв о вашей компании, где это сделать?",product_info,other,0.9623198509216309,,
stg1_001107,stg1_002738,"Я бы хотел позвонить в чертову службу поддержки, вы можете мне помочь?","Я бы хотел воспользоваться твоим чертовым приложением, ты можешь мне помочь?",general_info,technical_issue,0.9622817039489746,,
stg1_002738,stg1_001107,"Я бы хотел воспользоваться твоим чертовым приложением, ты можешь мне помочь?","Я бы хотел позвонить в чертову службу поддержки, вы можете мне помочь?",technical_issue,general_info,0.9622817039489746,,
stg1_001713,stg1_001439,"мне нужно сообщить о чертовой неполной доставке, помогите мне","Я хочу сообщить о чертовски неправильных товарах, мне нужна помощь",delivery,return_exchange,0.9622295498847961,,
stg1_001439,stg1_001713,"Я хочу сообщить о чертовски неправильных товарах, мне нужна помощь","мне нужно сообщить о чертовой неполной доставке, помогите мне",return_exchange,delivery,0.9622295498847961,,
stg1_000209,stg1_001342,"Я бы хотел удалить чертов товар из корзины, мне нужна помощь","Я хотел бы вернуть чертовы товары из Интернета, мне нужна помощь",product_info,return_exchange,0.9622118473052979,,
stg1_001519,stg1_000204,хочу сообщить о чертовых проблемах с доставкой моего заказа,"хочу сообщить о чертовых проблемах с полученным мной продуктом, мне поможет",delivery,product_info,0.9620567560195923,,
stg1_001470,stg1_001713,"Я должен сообщить о чертовски неправильных товарах, мне нужна помощь","мне нужно сообщить о чертовой неполной доставке, помогите мне",return_exchange,delivery,0.962048351764679,,
stg1_001696,stg1_000276,Я хотел бы проверить дату доставки моей покупки. Могу ли я получить помощь?,"Я хотел бы проверить наличие товара, могу ли я получить помощь?",delivery,product_info,0.9620442390441895,,
stg1_000276,stg1_001696,"Я хотел бы проверить наличие товара, могу ли я получить помощь?",Я хотел бы проверить дату доставки моей покупки. Могу ли я получить помощь?,product_info,delivery,0.9620442390441895,,
stg1_001444,stg1_000035,"Мне нужно сообщить о раздавленном продукте, могу ли я получить помощь?",Я хотел бы сообщить о проблеме с приобретенным мной продуктом. Могу ли я получить помощь?,return_exchange,product_info,0.9620246291160583,,
stg1_001302,stg1_001508,"продукт, который я заказал, неправильный, помогите мне сообщить об этом","один из товаров из моего заказа не доставлен, помогите мне сообщить об этом",return_exchange,delivery,0.9620243906974792,,
stg1_001789,stg1_000256,"Мне нужно оставить чертов комментарий о вашей компании, как я могу это сделать?","Мне нужно оставить комментарий к вашим услугам, как это сделать?",other,product_info,0.9619415998458862,,
stg1_000256,stg1_001789,"Мне нужно оставить комментарий к вашим услугам, как это сделать?","Мне нужно оставить чертов комментарий о вашей компании, как я могу это сделать?",product_info,other,0.9619415998458862,,
stg1_000203,stg1_001290,Мне нужна помощь с добавлением чертового товара в корзину.,Мне нужна помощь в обмене чертовой вещи в магазине.,product_info,return_exchange,0.9619348049163818,,
stg1_000931,stg1_001921,"нужно поговорить с чертовой службой поддержки, где мне это сделать?","Мне нужно поговорить с чертовым человеком, где мне это сделать?",general_info,other,0.9619103670120239,,
stg1_001921,stg1_000931,"Мне нужно поговорить с чертовым человеком, где мне это сделать?","нужно поговорить с чертовой службой поддержки, где мне это сделать?",other,general_info,0.9619103670120239,,
stg1_000301,stg1_002211,"Мне нужно увидеть, черт возьми, статус моего замененного товара. Не могли бы вы мне помочь?",Я хотел бы увидеть чертов статус моего возмещения. Не могли бы вы мне помочь?,order_status,payment_refund,0.9618743658065796,,
stg1_002211,stg1_000301,Я хотел бы увидеть чертов статус моего возмещения. Не могли бы вы мне помочь?,"Мне нужно увидеть, черт возьми, статус моего замененного товара. Не могли бы вы мне помочь?",payment_refund,order_status,0.9618743658065796,,
stg1_000978,stg1_001767,"Мне нужно поговорить со службой поддержки, могу ли я получить помощь?","Я хотел бы поговорить с агентством, могу ли я получить помощь?",general_info,other,0.9618518948554993,,
stg1_001767,stg1_000978,"Я хотел бы поговорить с агентством, могу ли я получить помощь?","Мне нужно поговорить со службой поддержки, могу ли я получить помощь?",other,general_info,0.9618518948554993,,
stg1_000342,stg1_002210,"я купил чертов товар, но он мне не нужен, мне нужно отменить заказ","Я сделал чертов заказ и не получил счет, мне нужна помощь с его получением",order_status,payment_refund,0.9617791771888733,,
stg1_002210,stg1_000342,"Я сделал чертов заказ и не получил счет, мне нужна помощь с его получением","я купил чертов товар, но он мне не нужен, мне нужно отменить заказ",payment_refund,order_status,0.9617791771888733,,
stg1_001527,stg1_000313,"нужна помощь, чтобы узнать, когда прибудет моя посылка","хочу проверить, где моя посылка, может мне помочь",delivery,order_status,0.9617767930030823,,
stg1_001258,stg1_000157,"мне нужно обменять чертову вещь, которую я купил в магазине, мне нужна помощь","мне нужно подтвердить наличие чертовых товаров в магазине, поможет мне",return_exchange,product_info,0.9617713689804077,,
stg1_001923,stg1_002088,"мне нужна помощь, чтобы отправить чертов отзыв","Мне нужна помощь, чтобы сделать чертов перевод",other,payment_refund,0.9617571234703064,,
stg1_000026,stg1_001362,"Мне нужно проверить наличие товаров в магазине, могу ли я получить помощь?","Я хотел бы обменять товар в магазине, могу ли я получить помощь?",product_info,return_exchange,0.961707353591919,,
stg1_001705,stg1_000506,"Я хотел бы увидеть чертово время доставки, вы можете мне помочь?",Я хочу увидеть расчетное время моего заказа. Не могли бы вы мне помочь?,delivery,order_status,0.9616582989692688,,
stg1_000506,stg1_001705,Я хочу увидеть расчетное время моего заказа. Не могли бы вы мне помочь?,"Я хотел бы увидеть чертово время доставки, вы можете мне помочь?",order_status,delivery,0.9616582989692688,,
stg1_001727,stg1_002342,"мне нужно проверить чертову стоимость доставки, помогите мне.","Мне нужно проверить ваши чертовы способы оплаты, мне нужна помощь.",delivery,payment_refund,0.9616398811340332,,
stg1_002342,stg1_001727,"Мне нужно проверить ваши чертовы способы оплаты, мне нужна помощь.","мне нужно проверить чертову стоимость доставки, помогите мне.",payment_refund,delivery,0.9616398811340332,,
stg1_001758,stg1_001079,"Мне нужно увидеть чертову дату доставки моей покупки, мне нужна помощь.","мне нужно посмотреть часы твоих покупок, мне нужна помощь",delivery,general_info,0.9615716338157654,,
stg1_000071,stg1_002029,"Есть ли адрес, по которому можно отправить отзыв о вашей компании?","Мне нужно отправить отзыв о вашей компании, где это сделать?",product_info,other,0.9615375995635986,,
stg1_000254,stg1_001453,"Мне нужна информация о продуктах, как я могу ее получить?","Мне нужна информация о товаре в магазине, где я могу ее получить?",product_info,return_exchange,0.961464524269104,,
stg1_000265,stg1_001926,"Нужна помощь, чтобы оставить комментарий к вашим продуктамa","мне нужна помощь, чтобы отправить комментарий о вашем бренде",product_info,other,0.9613541960716248,,
stg1_001683,stg1_000009,мой заказ потерян. Можете ли вы помочь мне сообщить о проблеме с доставкой?,заказанный мной продукт не работает должным образом. Можете ли вы мне помочь сообщить о проблеме с продуктом?,delivery,product_info,0.9613491296768188,,
stg1_000009,stg1_001683,заказанный мной продукт не работает должным образом. Можете ли вы мне помочь сообщить о проблеме с продуктом?,мой заказ потерян. Можете ли вы помочь мне сообщить о проблеме с доставкой?,product_info,delivery,0.9613491296768188,,
stg1_001466,stg1_000497,"Мне нужно обменять некоторые товары, могу ли я получить помощь?","Мне нужно купить кое-какие чертовы вещи, могу ли я получить помощь?",return_exchange,order_status,0.9613024592399597,,
stg1_001114,stg1_001805,"Я хотел бы поговорить со службой поддержки, вы мне поможете?","Я хочу поговорить с человеком, вы мне поможете?",general_info,other,0.9612419605255127,,
stg1_001805,stg1_001114,"Я хочу поговорить с человеком, вы мне поможете?","Я хотел бы поговорить со службой поддержки, вы мне поможете?",other,general_info,0.9612419605255127,,
stg1_002594,stg1_001162,"мне нужна информация о чертовых зимних распродажах, где я могу ее получить","мне нужна информация о чертовых магазинах поблизости, где я могу ее получить",promo_loyalty,general_info,0.9612401127815247,,
stg1_000001,stg1_001362,"хочу подтвердить наличие товара в магазине, могу ли я получить помощь","Я хотел бы обменять товар в магазине, могу ли я получить помощь?",product_info,return_exchange,0.9611681699752808,,
stg1_002612,stg1_000206,"Мне нужна информация о продажах, как я могу ее найти?","Мне нужна информация о продукте, где я могу ее найти?",promo_loyalty,product_info,0.9611610770225525,,
stg1_002584,stg1_001482,"Я хотел бы узнать больше о следующих распродажах, ты дашь мне некоторую информацию?","хочу узнать больше о сроках доставки моей покупки, дашь мне некоторую информацию?",promo_loyalty,delivery,0.9611529111862183,,
stg1_002074,stg1_001107,"Я бы хотел заплатить чертовой картой, ты можешь мне помочь?","Я бы хотел позвонить в чертову службу поддержки, вы можете мне помочь?",payment_refund,general_info,0.9611484408378601,,
stg1_001097,stg1_001205,"Я хотел бы найти чертовы магазины рядом со мной, могу ли я получить помощь?","Я хочу обменять купленные мной чертовы товары, могу ли я получить помощь?",general_info,return_exchange,0.9611258506774902,,
stg1_001396,stg1_002307,"я хочу вернуть деньги, помогите мне запросить это","нужна помощь, чтобы запросить возврат моих денег",return_exchange,payment_refund,0.9611123204231262,,
stg1_002576,stg1_001738,"Я хотел бы узнать больше о следующих распродажах, могу дать мне некоторую информацию","хочу узнать больше о сроках доставки моей покупки, могу найти некоторую информацию",promo_loyalty,delivery,0.9611063599586487,,
stg1_002048,stg1_000449,"Мне нужно отправить чертов отзыв о вашем бренде, вы можете мне помочь?","Мне нужно найти свой чертов заказ, ты можешь мне помочь?",other,order_status,0.9610975980758667,,
stg1_002064,stg1_002867,"моя карта не работает, мне нужно сообщить о чертовой проблеме с оплатой","приложение не работает, мне нужна помощь, чтобы сообщить о чертовой проблеме",payment_refund,technical_issue,0.9610947370529175,,
stg1_002867,stg1_002064,"приложение не работает, мне нужна помощь, чтобы сообщить о чертовой проблеме","моя карта не работает, мне нужно сообщить о чертовой проблеме с оплатой",technical_issue,payment_refund,0.9610947370529175,,
stg1_001359,stg1_000226,"Я хотел бы вернуть товар, купленный онлайн, в магазин. Можете ли вы мне помочь?","Мне нужно подтвердить наличие товара онлайн, можете ли вы мне помочь?",return_exchange,product_info,0.9610585570335388,,
stg1_001522,stg1_000339,"Мне нужно проверить стоимость доставки, где мне это сделать?","хочу проверить, где моя доставка, как это сделать",delivery,order_status,0.9610568881034851,,
stg1_000339,stg1_001522,"хочу проверить, где моя доставка, как это сделать","Мне нужно проверить стоимость доставки, где мне это сделать?",order_status,delivery,0.9610568881034851,,
stg1_001878,stg1_000057,"Я не знаю, как мне подать иск против вашей компании.","Я не знаю, как я могу отправить отзыв о вашей компании.",other,product_info,0.9610446691513062,,
stg1_000057,stg1_001878,"Я не знаю, как я могу отправить отзыв о вашей компании.","Я не знаю, как мне подать иск против вашей компании.",product_info,other,0.9610446691513062,,
stg1_000505,stg1_000043,"Я хотел бы посмотреть, где моя чертова посылка, как я могу это сделать?","Я хотел бы увидеть наличие этого чертового товара, где мне это сделать?",order_status,product_info,0.9610236883163452,,
stg1_000043,stg1_000505,"Я хотел бы увидеть наличие этого чертового товара, где мне это сделать?","Я хотел бы посмотреть, где моя чертова посылка, как я могу это сделать?",product_info,order_status,0.9610236883163452,,
stg1_001400,stg1_000184,"чертов продукт, который я получил, был поврежден, мне нужна помощь, чтобы сообщить об этом","Я хотел бы сообщить о проблеме с купленным мной продуктом, мне нужна помощь",return_exchange,product_info,0.9609923362731934,,
stg1_001125,stg1_002039,мне нужна помощь в общении со службой поддержки,Мне нужна помощь в общении с кем-то,general_info,other,0.9609434604644775,,
stg1_002039,stg1_001125,Мне нужна помощь в общении с кем-то,мне нужна помощь в общении со службой поддержки,other,general_info,0.9609434604644775,,
stg1_000274,stg1_001446,"Я хотел бы добавить чертов товар в корзину, могу ли я получить помощь?","Мне нужно обменять чертов товар, могу ли я получить помощь?",product_info,return_exchange,0.9609048366546631,,
stg1_001446,stg1_000274,"Мне нужно обменять чертов товар, могу ли я получить помощь?","Я хотел бы добавить чертов товар в корзину, могу ли я получить помощь?",return_exchange,product_info,0.9609048366546631,,
stg1_000163,stg1_001469,"Я хотел бы подтвердить наличие чертовых товаров в Интернете, вы мне поможете?","Мне нужно вернуть в магазин чертов товар, который я купил в Интернете. Вы мне поможете?",product_info,return_exchange,0.9609032273292542,,
stg1_001469,stg1_000163,"Мне нужно вернуть в магазин чертов товар, который я купил в Интернете. Вы мне поможете?","Я хотел бы подтвердить наличие чертовых товаров в Интернете, вы мне поможете?",return_exchange,product_info,0.9609032273292542,,
stg1_000242,stg1_001088,"Я хотел бы узнать о наличии товаров в магазине, не могли бы вы мне помочь?","Я хотел бы найти ближайший магазин, не могли бы вы мне помочь?",product_info,general_info,0.9608681201934814,,
stg1_002449,stg1_001303,"Мне нужна информация о чертовых распродажах, где я могу ее получить?","мне нужна информация о чертовом товаре в магазине, где я могу его получить",promo_loyalty,return_exchange,0.9608618021011353,,
stg1_002394,stg1_000206,"мне нужна информация о продажах, где я могу ее найти","Мне нужна информация о продукте, где я могу ее найти?",promo_loyalty,product_info,0.9608259201049805,,
stg1_001740,stg1_001169,"Я хотел бы проверить чертово время доставки, помогите мне.","Я хочу проверить ваши часы работы, помогите мне.",delivery,general_info,0.9608137011528015,,
stg1_001169,stg1_001740,"Я хочу проверить ваши часы работы, помогите мне.","Я хотел бы проверить чертово время доставки, помогите мне.",general_info,delivery,0.9608137011528015,,
stg1_002538,stg1_001482,"Я хочу узнать больше о следующих распродажах, можешь ли ты дать мне какую-нибудь информацию?","хочу узнать больше о сроках доставки моей покупки, дашь мне некоторую информацию?",promo_loyalty,delivery,0.9608078598976135,,
stg1_002397,stg1_001217,"Мне нужна информация о чертовой распродаже, где ее найти?","мне нужна информация о чертовом товаре в магазине, где я могу его найти",promo_loyalty,return_exchange,0.960777223110199,,
stg1_000324,stg1_001253,"Я хочу отменить товар, как мне это сделать?","Я хотел бы вернуть товар, как это сделать?",order_status,return_exchange,0.9607664346694946,,
stg1_001253,stg1_000324,"Я хотел бы вернуть товар, как это сделать?","Я хочу отменить товар, как мне это сделать?",return_exchange,order_status,0.9607664346694946,,
stg1_001286,stg1_001117,"Я хочу обменять чертов товар, где я могу это сделать?","Мне нужно найти чертов магазин, где я могу это сделать?",return_exchange,general_info,0.9607381820678711,,
stg1_001658,stg1_000238,Мне нужно сообщить о проблемах с доставкой моего груза. Где я могу это сделать?,Мне нужно сообщить о проблеме с заказанным товаром. Где я могу это сделать?,delivery,product_info,0.9607223272323608,,
stg1_000238,stg1_001658,Мне нужно сообщить о проблеме с заказанным товаром. Где я могу это сделать?,Мне нужно сообщить о проблемах с доставкой моего груза. Где я могу это сделать?,product_info,delivery,0.9607223272323608,,
stg1_000352,stg1_001135,"мне нужно отследить свою чертову доставку, мне нужна помощь","мне нужно поискать чертовы магазины рядом со мной, мне нужна помощь",order_status,general_info,0.9606944918632507,,
stg1_000915,stg1_002011,"мне нужно поговорить со службой поддержки, могу ли я получить помощь","хочу поговорить с человеком, могу ли я получить помощь",general_info,other,0.9606373310089111,,
stg1_002011,stg1_000915,"хочу поговорить с человеком, могу ли я получить помощь","мне нужно поговорить со службой поддержки, могу ли я получить помощь",other,general_info,0.9606373310089111,,
stg1_002037,stg1_000086,"Мне нужно оставить отзыв о продукте, где это сделать?","Мне нужна помощь, чтобы оставить отзыв о продукте",other,product_info,0.960632860660553,,
stg1_001777,stg1_000207,"Я хотел бы оставить чертовы комментарии о продуктах, которые могут мне помочь.","Я ищу информацию о продуктах, которые могли бы мне помочь.",other,product_info,0.9605646133422852,,
stg1_000207,stg1_001777,"Я ищу информацию о продуктах, которые могли бы мне помочь.","Я хотел бы оставить чертовы комментарии о продуктах, которые могут мне помочь.",product_info,other,0.9605646133422852,,
stg1_000519,stg1_000086,"Мне нужна помощь, чтобы отменить продукт","Мне нужна помощь, чтобы оставить отзыв о продукте",order_status,product_info,0.9605568051338196,,
stg1_001136,stg1_002388,Я хотел бы узнать больше о ближайших магазинах. Найдите некоторую информацию.,"Я хотел бы узнать больше о следующих распродажах, найти некоторую информацию.",general_info,promo_loyalty,0.9605493545532227,,
stg1_002388,stg1_001136,"Я хотел бы узнать больше о следующих распродажах, найти некоторую информацию.",Я хотел бы узнать больше о ближайших магазинах. Найдите некоторую информацию.,promo_loyalty,general_info,0.9605493545532227,,
stg1_000523,stg1_002250,"Я ищу информацию о статусе замены, можете ли вы мне помочь?",Я ищу информацию о статусе моего возмещения. Не могли бы вы мне помочь?,order_status,payment_refund,0.9604802131652832,,
stg1_002250,stg1_000523,Я ищу информацию о статусе моего возмещения. Не могли бы вы мне помочь?,"Я ищу информацию о статусе замены, можете ли вы мне помочь?",payment_refund,order_status,0.9604802131652832,,
stg1_002363,stg1_001217,"Мне нужна информация о чертовых распродажах, где я могу ее найти?","мне нужна информация о чертовом товаре в магазине, где я могу его найти",promo_loyalty,return_exchange,0.9604707956314087,,
stg1_002499,stg1_000196,"Я хотел бы узнать больше о чертовых зимних распродажах, можете ли вы дать мне некоторую информацию?","Я хотел бы узнать больше о чертовых продуктах, можете ли вы дать мне некоторую информацию?",promo_loyalty,product_info,0.9604675769805908,,
stg1_000045,stg1_001377,"Я хотел бы добавить чертовы товары в корзину, где мне это сделать?","Я бы хотел обменять чертов товар в магазине, где я могу это сделать?",product_info,return_exchange,0.9604302048683167,,
stg1_000011,stg1_001302,"продукт, который я заказал, работает неправильно, могу ли я сообщить о проблеме с продуктом","продукт, который я заказал, неправильный, помогите мне сообщить об этом",product_info,return_exchange,0.9604123830795288,,
stg1_002588,stg1_001477,"Я ищу информацию о чертовых весенних распродажах, мне нужна помощь.","Я ищу информацию о чертовой дате доставки моей покупки, мне нужна помощь.",promo_loyalty,delivery,0.9603793621063232,,
stg1_001809,stg1_001107,"Я хотел бы поговорить с чертовым оператором, могу ли я получить помощь?","Я бы хотел позвонить в чертову службу поддержки, вы можете мне помочь?",other,general_info,0.9603592157363892,,
stg1_001350,stg1_000005,"я должен сообщить о неправильном товаре, вы мне поможете?",Я хотел бы сообщить о дефектах заказанного товара. Можете ли вы мне помочь?,return_exchange,product_info,0.9603328704833984,,
stg1_001358,stg1_001727,"Мне нужно вернуть чертов заказ, помогите мне.","мне нужно проверить чертову стоимость доставки, помогите мне.",return_exchange,delivery,0.9602900743484497,,
stg1_001148,stg1_002420,"Хотелось бы узнать побольше о ближайших магазинах, не могли бы вы найти какую-нибудь информацию?","Я хотел бы узнать больше о чертовых распродажах, не могли бы вы найти какую-нибудь информацию?",general_info,promo_loyalty,0.9602741003036499,,
stg1_002420,stg1_001148,"Я хотел бы узнать больше о чертовых распродажах, не могли бы вы найти какую-нибудь информацию?","Хотелось бы узнать побольше о ближайших магазинах, не могли бы вы найти какую-нибудь информацию?",promo_loyalty,general_info,0.9602741003036499,,
stg1_001702,stg1_002364,"Я ищу информацию о дате доставки моей покупки, где я могу ее получить?","Я ищу информацию о распродажах, где я могу ее получить?",delivery,promo_loyalty,0.9602310657501221,,
stg1_002364,stg1_001702,"Я ищу информацию о распродажах, где я могу ее получить?","Я ищу информацию о дате доставки моей покупки, где я могу ее получить?",promo_loyalty,delivery,0.9602310657501221,,
stg1_001137,stg1_000157,"мне нужна помощь, чтобы найти чертовы магазины рядом со мной","мне нужно подтвердить наличие чертовых товаров в магазине, поможет мне",general_info,product_info,0.9602161645889282,,
stg1_002325,stg1_001222,"хочу узнать о твоем чертовом процессе возврата денег, дай мне немного информации","хочу узнать больше о твоем чертовом процессе возврата, могу найти некоторую информацию",payment_refund,return_exchange,0.9602051377296448,,
stg1_001222,stg1_002325,"хочу узнать больше о твоем чертовом процессе возврата, могу найти некоторую информацию","хочу узнать о твоем чертовом процессе возврата денег, дай мне немного информации",return_exchange,payment_refund,0.9602051377296448,,
stg1_000293,stg1_001373,Я хотел бы сообщить об ошибках в купленном мной продукте. Не могли бы вы мне помочь?,"в моей доставке поврежденный товар, не могли бы вы помочь мне сообщить об этом?",product_info,return_exchange,0.9602007865905762,,
stg1_001373,stg1_000293,"в моей доставке поврежденный товар, не могли бы вы помочь мне сообщить об этом?",Я хотел бы сообщить об ошибках в купленном мной продукте. Не могли бы вы мне помочь?,return_exchange,product_info,0.9602007865905762,,
stg1_001170,stg1_001461,"Я хочу найти магазин, где я могу это сделать?","Я хотел бы обменять товар в магазине, где я могу это сделать?",general_info,return_exchange,0.9601777791976929,,
stg1_001461,stg1_001170,"Я хотел бы обменять товар в магазине, где я могу это сделать?","Я хочу найти магазин, где я могу это сделать?",return_exchange,general_info,0.9601777791976929,,
stg1_001381,stg1_000277,"Товар, который я получил, неправильный, мне нужна помощь, чтобы сообщить об этом","мой продукт работает неправильно, мне нужна помощь, чтобы сообщить о проблеме с продуктом",return_exchange,product_info,0.9601753354072571,,
stg1_000855,stg1_002217,Я должен сообщить о проблемах с регистрацией,Я должен сообщить о проблемах с оплатой,account,payment_refund,0.9601105451583862,,
stg1_002217,stg1_000855,Я должен сообщить о проблемах с оплатой,Я должен сообщить о проблемах с регистрацией,payment_refund,account,0.9601105451583862,,
stg1_000367,stg1_001994,Я хотел бы обновить свой заказ перед отправкой. Можете ли вы мне помочь?,Я хотел бы отправить предложения по улучшению продукта. Можете ли вы мне помочь?,order_status,other,0.9600951671600342,,
stg1_001994,stg1_000367,Я хотел бы отправить предложения по улучшению продукта. Можете ли вы мне помочь?,Я хотел бы обновить свой заказ перед отправкой. Можете ли вы мне помочь?,other,order_status,0.9600951671600342,,
stg1_002545,stg1_000242,Я ищу информацию о продажах. Не могли бы вы мне помочь?,"Я хотел бы узнать о наличии товаров в магазине, не могли бы вы мне помочь?",promo_loyalty,product_info,0.9600770473480225,,
stg1_002410,stg1_001148,"Я хотел бы узнать больше о распродажах, не могли бы вы найти какую-нибудь информацию?","Хотелось бы узнать побольше о ближайших магазинах, не могли бы вы найти какую-нибудь информацию?",promo_loyalty,general_info,0.9600520133972168,,
stg1_000656,stg1_002679,"Я хотел бы исправить свои чертовы личные данные, мне нужна помощь","Я бы хотел воспользоваться твоим чертовым приложением, мне нужна помощь",account,technical_issue,0.9599915742874146,,
stg1_002679,stg1_000656,"Я бы хотел воспользоваться твоим чертовым приложением, мне нужна помощь","Я хотел бы исправить свои чертовы личные данные, мне нужна помощь",technical_issue,account,0.9599915742874146,,
stg1_001365,stg1_002307,"мне нужно запросить чертов возврат денег, мне нужна помощь","нужна помощь, чтобы запросить возврат моих денег",return_exchange,payment_refund,0.9599615335464478,,
stg1_000916,stg1_002263,"Я хотел бы найти чертову стойку, мне нужна помощь","Я хотел бы заплатить чертовой картой, мне нужна помощь",general_info,payment_refund,0.9599490761756897,,
stg1_002263,stg1_000916,"Я хотел бы заплатить чертовой картой, мне нужна помощь","Я хотел бы найти чертову стойку, мне нужна помощь",payment_refund,general_info,0.9599490761756897,,
stg1_002422,stg1_001738,"хочу узнать больше о следующих распродажах, могу найти некоторую информацию","хочу узнать больше о сроках доставки моей покупки, могу найти некоторую информацию",promo_loyalty,delivery,0.9599446058273315,,
stg1_000466,stg1_001135,"Я бы хотел проверить, где моя чертова посылка, мне нужна помощь","мне нужно поискать чертовы магазины рядом со мной, мне нужна помощь",order_status,general_info,0.9597653150558472,,
stg1_000185,stg1_001290,"Мне нужна помощь, чтобы добавить чертов товар в корзину.",Мне нужна помощь в обмене чертовой вещи в магазине.,product_info,return_exchange,0.9597146511077881,,
stg1_001487,stg1_000214,"мне нужно проверить время доставки моей покупки, могу ли я получить помощь","мне нужно посмотреть наличие товара, могу ли я получить помощь",delivery,product_info,0.9597119688987732,,
stg1_000214,stg1_001487,"мне нужно посмотреть наличие товара, могу ли я получить помощь","мне нужно проверить время доставки моей покупки, могу ли я получить помощь",product_info,delivery,0.9597119688987732,,
stg1_002460,stg1_001482,"Я хотел бы узнать больше о распродажах, можете ли вы дать мне некоторую информацию?","хочу узнать больше о сроках доставки моей покупки, дашь мне некоторую информацию?",promo_loyalty,delivery,0.9597001075744629,,
stg1_000030,stg1_001340,"Я хотел бы подтвердить наличие товаров в магазине, мне нужна помощь","Я ищу информацию о чертовом товаре в магазине, мне нужна помощь.",product_info,return_exchange,0.9596962928771973,,
stg1_000331,stg1_001051,"Мне нужно найти свою чертову посылку, могу ли я получить помощь?","Мне бы хотелось найти чертовы магазины, могу ли я получить помощь?",order_status,general_info,0.9596363306045532,,
stg1_002476,stg1_000187,"Я ищу информацию о чертовых зимних распродажах, могу ли я получить помощь?","Я ищу информацию о чертовых продуктах, могу ли я получить помощь?",promo_loyalty,product_info,0.9596287608146667,,
stg1_000926,stg1_000218,"Я хотел бы найти чертовы магазины в моем районе, как это сделать?","Я хотел бы проверить наличие чертовых товаров в магазине, как я могу это сделать?",general_info,product_info,0.9596277475357056,,
stg1_002675,stg1_001809,"Я хотел бы сообщить о чертовой технической проблеме, могу ли я получить помощь?","Я хотел бы поговорить с чертовым оператором, могу ли я получить помощь?",technical_issue,other,0.959567666053772,,
stg1_002515,stg1_001090,"Я хотел бы узнать больше о распродажах, дайте мне некоторую информацию.","Я хотел бы узнать больше о ваших часах покупок, дайте мне некоторую информацию",promo_loyalty,general_info,0.95955890417099,,
stg1_000020,stg1_002546,"Ищу информацию о чертовых продуктах, где ее взять?","Я ищу информацию о чертовой распродаже, где ее найти?",product_info,promo_loyalty,0.9595573544502258,,
stg1_002546,stg1_000020,"Я ищу информацию о чертовой распродаже, где ее найти?","Ищу информацию о чертовых продуктах, где ее взять?",promo_loyalty,product_info,0.9595573544502258,,
stg1_002055,stg1_000179,"Мне нужно отправить отзыв, помогите мне","хочу оставить отзыв о ваших услугах, помогите мне",other,product_info,0.9595208168029785,,
stg1_000179,stg1_002055,"хочу оставить отзыв о ваших услугах, помогите мне","Мне нужно отправить отзыв, помогите мне",product_info,other,0.9595208168029785,,
stg1_000326,stg1_002210,"я купил чертов товар, но он мне не нужен, я хочу отменить заказ","Я сделал чертов заказ и не получил счет, мне нужна помощь с его получением",order_status,payment_refund,0.9595045447349548,,
stg1_001488,stg1_000191,"мне нужно сообщить о чертовой проблеме с доставкой, где я могу это сделать","я должен сообщить о чертовых проблемах с приобретенным мной продуктом, как я могу это сделать",delivery,product_info,0.9594992995262146,,
stg1_000191,stg1_001488,"я должен сообщить о чертовых проблемах с приобретенным мной продуктом, как я могу это сделать","мне нужно сообщить о чертовой проблеме с доставкой, где я могу это сделать",product_info,delivery,0.9594992995262146,,
stg1_002238,stg1_001727,"Я хотел бы проверить твои чертовы способы оплаты, мне нужна помощь","мне нужно проверить чертову стоимость доставки, помогите мне.",payment_refund,delivery,0.959482729434967,,
stg1_002527,stg1_000275,"мне нужна информация о продажах, как я могу ее получить","Мне нужна информация о продукте, как я могу ее получить?",promo_loyalty,product_info,0.9594756960868835,,
stg1_002385,stg1_001217,"я ищу информацию о чертовых распродажах, как мне ее найти","мне нужна информация о чертовом товаре в магазине, где я могу его найти",promo_loyalty,return_exchange,0.9594568014144897,,
stg1_000485,stg1_000177,Мне нужна помощь в поиске моего гребаного онлайн-заказа.,"Я должен увидеть наличие какого-то гребаного товара в Интернете, помогите мне.",order_status,product_info,0.959450900554657,,
stg1_000177,stg1_000485,"Я должен увидеть наличие какого-то гребаного товара в Интернете, помогите мне.",Мне нужна помощь в поиске моего гребаного онлайн-заказа.,product_info,order_status,0.959450900554657,,
stg1_001409,stg1_000293,"Я хотел бы обменять купленный товар, не могли бы вы мне помочь?",Я хотел бы сообщить об ошибках в купленном мной продукте. Не могли бы вы мне помочь?,return_exchange,product_info,0.9594351649284363,,
stg1_002492,stg1_000196,"хочу узнать больше о чертовых распродажах, можешь ли ты найти какую-нибудь информацию?","Я хотел бы узнать больше о чертовых продуктах, можете ли вы дать мне некоторую информацию?",promo_loyalty,product_info,0.9594312906265259,,
stg1_000636,stg1_002304,"Я хотел бы проверить гребаный перерыв в заказе, могу ли я получить некоторую помощь?","Я хотел бы совершить гребаные платежи, могу ли я получить помощь?",account,payment_refund,0.9594190120697021,,
stg1_002304,stg1_000636,"Я хотел бы совершить гребаные платежи, могу ли я получить помощь?","Я хотел бы проверить гребаный перерыв в заказе, могу ли я получить некоторую помощь?",payment_refund,account,0.9594190120697021,,
stg1_000046,stg1_002425,"Я ищу информацию о продуктах, где я могу ее найти?","Я ищу информацию о продажах, где я могу ее получить?",product_info,promo_loyalty,0.9593663811683655,,
stg1_002425,stg1_000046,"Я ищу информацию о продажах, где я могу ее получить?","Я ищу информацию о продуктах, где я могу ее найти?",promo_loyalty,product_info,0.9593663811683655,,
stg1_000809,stg1_000294,"мне придется удалить свой чертов аккаунт, где я это делаю","мне нужно удалить чертов предмет из аккаунта, где мне это сделать",account,product_info,0.9593122601509094,,
stg1_000294,stg1_000809,"мне нужно удалить чертов предмет из аккаунта, где мне это сделать","мне придется удалить свой чертов аккаунт, где я это делаю",product_info,account,0.9593122601509094,,
stg1_001663,stg1_002313,"Я не получил свою посылку, мне нужна помощь в сообщении о проблемах с доставкой.","Я не получил подтверждение платежа. Мне нужна помощь, чтобы сообщить о проблеме с оплатой.",delivery,payment_refund,0.9592763185501099,,
stg1_001992,stg1_001310,"хочу оставить чертов отзыв, ты мне поможешь?","Я бы хотел отправить чертов заказ обратно, ты мне поможешь?",other,return_exchange,0.9591832756996155,,
stg1_001310,stg1_001992,"Я бы хотел отправить чертов заказ обратно, ты мне поможешь?","хочу оставить чертов отзыв, ты мне поможешь?",return_exchange,other,0.9591832756996155,,
stg1_002365,stg1_001482,"Я хотел бы узнать больше о следующих распродажах, вы дадите мне какую-нибудь информацию?","хочу узнать больше о сроках доставки моей покупки, дашь мне некоторую информацию?",promo_loyalty,delivery,0.9591642022132874,,
stg1_000002,stg1_000331,"Мне нужно проверить наличие этого чертового предмета, могу ли я получить помощь?","Мне нужно найти свою чертову посылку, могу ли я получить помощь?",product_info,order_status,0.9591617584228516,,
stg1_002524,stg1_001482,"Я хотел бы узнать больше о следующих распродажах, вы дадите мне некоторую информацию?","хочу узнать больше о сроках доставки моей покупки, дашь мне некоторую информацию?",promo_loyalty,delivery,0.9590874314308167,,
stg1_002316,stg1_001246,"Мне нужно проверить, в каких случаях я могу запросить возмещение","мне нужно запросить возмещение, где я могу это сделать",payment_refund,return_exchange,0.9590333104133606,,
stg1_001246,stg1_002316,"мне нужно запросить возмещение, где я могу это сделать","Мне нужно проверить, в каких случаях я могу запросить возмещение",return_exchange,payment_refund,0.9590333104133606,,
stg1_002080,stg1_001391,"Я хотел бы узнать о вашей чертовой политике возврата денег, дайте мне немного информации.","Я хочу узнать о вашей чертовой политике возврата, можете ли вы найти какую-нибудь информацию?",payment_refund,return_exchange,0.9589958786964417,,
stg1_002245,stg1_001202,"Я хочу проверить вашу политику возврата, помогите мне.","Мне бы хотелось увидеть, что ваша политика возврата поможет мне",payment_refund,return_exchange,0.9589923024177551,,
stg1_001202,stg1_002245,"Мне бы хотелось увидеть, что ваша политика возврата поможет мне","Я хочу проверить вашу политику возврата, помогите мне.",return_exchange,payment_refund,0.9589923024177551,,
stg1_002503,stg1_000196,"Я бы солгал, чтобы узнать больше о чертовых продажах, дай мне какую-нибудь информацию?","Я хотел бы узнать больше о чертовых продуктах, можете ли вы дать мне некоторую информацию?",promo_loyalty,product_info,0.9589622020721436,,
stg1_001225,stg1_000226,"Я хотел бы вернуть товар онлайн, могу ли я получить помощь?","Мне нужно подтвердить наличие товара онлайн, можете ли вы мне помочь?",return_exchange,product_info,0.9588991403579712,,
stg1_000360,stg1_000076,"Мне нужно проверить статус моего заменяющего продукта, помогите мне.","Мне нужно оставить отзыв о товаре, помогите мне.",order_status,product_info,0.9588806629180908,,
stg1_001513,stg1_002611,"Мне нужна информация о стоимости доставки, как я могу ее получить?","Мне нужна информация о распродажах, как я могу ее получить?",delivery,promo_loyalty,0.958860456943512,,
stg1_002611,stg1_001513,"Мне нужна информация о распродажах, как я могу ее получить?","Мне нужна информация о стоимости доставки, как я могу ее получить?",promo_loyalty,delivery,0.958860456943512,,
stg1_000297,stg1_001446,"Мне нужно добавить чертовы товары в корзину, могу ли я получить помощь?","Мне нужно обменять чертов товар, могу ли я получить помощь?",product_info,return_exchange,0.958821713924408,,
stg1_000155,stg1_001377,"Я хотел бы подтвердить наличие этого чертового товара в магазине, как мне это сделать?","Я бы хотел обменять чертов товар в магазине, где я могу это сделать?",product_info,return_exchange,0.9588103890419006,,
stg1_002459,stg1_000196,"Хочешь узнать больше о следующих чертовых распродажах, можешь ли ты дать мне некоторую информацию?","Я хотел бы узнать больше о чертовых продуктах, можете ли вы дать мне некоторую информацию?",promo_loyalty,product_info,0.9587954878807068,,
stg1_000513,stg1_001733,"Я бы хотел проверить, где моя чертова посылка, как это сделать","Я хотел бы проверить чертову стоимость доставки, где я могу это сделать",order_status,delivery,0.9587756395339966,,
stg1_002346,stg1_001246,"Мне нужно посмотреть, в каких ситуациях я могу попросить возмещение","мне нужно запросить возмещение, где я могу это сделать",payment_refund,return_exchange,0.9587570428848267,,
stg1_002247,stg1_001222,"Я хочу узнать больше о вашей чертовой гарантии возврата денег, можете ли вы найти какую-нибудь информацию?","хочу узнать больше о твоем чертовом процессе возврата, могу найти некоторую информацию",payment_refund,return_exchange,0.9587510824203491,,
stg1_001755,stg1_000190,Я бы хотел сообщить о проблемах с доставкой моего груза. Где мне это сделать?,Я хотел бы сообщить о проблемах в купленном мной продукте. Где я могу это сделать?,delivery,product_info,0.9587324261665344,,
stg1_000190,stg1_001755,Я хотел бы сообщить о проблемах в купленном мной продукте. Где я могу это сделать?,Я бы хотел сообщить о проблемах с доставкой моего груза. Где мне это сделать?,product_info,delivery,0.9587324261665344,,
stg1_001095,stg1_001970,помогите мне поговорить с чертовой службой поддержки,"мне нужна помощь, чтобы поговорить с чертовым оператором",general_info,other,0.9587059617042542,,
stg1_000041,stg1_001302,"заказанный мною продукт работает неправильно, сообщите о проблеме с продуктом","продукт, который я заказал, неправильный, помогите мне сообщить об этом",product_info,return_exchange,0.9586856365203857,,
stg1_002472,stg1_001486,"Я ищу информацию о весенних распродажах, мне нужна помощь","Я ищу информацию о дате доставки моей покупки, мне нужна помощь",promo_loyalty,delivery,0.9586854577064514,,
stg1_002550,stg1_000290,"Я ищу информацию о продажах, могу ли я получить помощь?","Я ищу информацию о чертовом продукте, могу ли я получить помощь?",promo_loyalty,product_info,0.9586755037307739,,
stg1_002607,stg1_000020,"Я ищу информацию о чертовых распродажах, где я могу ее найти?","Ищу информацию о чертовых продуктах, где ее взять?",promo_loyalty,product_info,0.9586594104766846,,
stg1_000309,stg1_001231,"Мне нужно отменить чертов заказ, как я могу это сделать?","Я бы хотел отправить чертов заказ обратно, как мне это сделать?",order_status,return_exchange,0.9586527943611145,,
stg1_001231,stg1_000309,"Я бы хотел отправить чертов заказ обратно, как мне это сделать?","Мне нужно отменить чертов заказ, как я могу это сделать?",return_exchange,order_status,0.9586527943611145,,
stg1_000173,stg1_002587,Вы дадите мне информацию о продуктах?,Вы дадите мне информацию о продажах?,product_info,promo_loyalty,0.9586246609687805,,
stg1_002587,stg1_000173,Вы дадите мне информацию о продажах?,Вы дадите мне информацию о продуктах?,promo_loyalty,product_info,0.9586246609687805,,
stg1_002073,stg1_002460,"Я хотел бы узнать больше о ваших способах оплаты, можете ли вы дать мне некоторую информацию?","Я хотел бы узнать больше о распродажах, можете ли вы дать мне некоторую информацию?",payment_refund,promo_loyalty,0.9586052298545837,,
stg1_001512,stg1_001123,"мне нужно проверить чертову дату доставки моей покупки, могу ли я получить помощь?",Мне нужно посмотреть часы работы твоего чертового магазина. Могу ли я получить помощь?,delivery,general_info,0.9585365056991577,,
stg1_001123,stg1_001512,Мне нужно посмотреть часы работы твоего чертового магазина. Могу ли я получить помощь?,"мне нужно проверить чертову дату доставки моей покупки, могу ли я получить помощь?",general_info,delivery,0.9585365056991577,,
stg1_002486,stg1_000275,"Я ищу информацию о продажах, как я могу ее получить?","Мне нужна информация о продукте, как я могу ее получить?",promo_loyalty,product_info,0.9585222005844116,,
stg1_001714,stg1_001169,"Я хотел бы проверить время доставки моего заказа, помогите мне","Я хочу проверить ваши часы работы, помогите мне.",delivery,general_info,0.9585220813751221,,
stg1_001939,stg1_000264,"Мне нужно подать жалобу на товар, могу ли я получить помощь?","мне нужно проверить наличие товара, могу ли я получить помощь?",other,product_info,0.9585147500038147,,
stg1_000264,stg1_001939,"мне нужно проверить наличие товара, могу ли я получить помощь?","Мне нужно подать жалобу на товар, могу ли я получить помощь?",product_info,other,0.9585147500038147,,
stg1_000049,stg1_002425,"я ищу информацию о продукте, где я могу ее получить","Я ищу информацию о продажах, где я могу ее получить?",product_info,promo_loyalty,0.9585117697715759,,
stg1_002013,stg1_000449,"Мне нужно отправить чертовы предложения по продукту, вы мне поможете?","Мне нужно найти свой чертов заказ, ты можешь мне помочь?",other,order_status,0.9584360122680664,,
stg1_000940,stg1_000218,"Мне нужно найти чертов магазин, как мне это сделать?","Я хотел бы проверить наличие чертовых товаров в магазине, как я могу это сделать?",general_info,product_info,0.9584357738494873,,
stg1_000939,stg1_000001,"хочу найти магазины в моем районе, могу ли я получить помощь","хочу подтвердить наличие товара в магазине, могу ли я получить помощь",general_info,product_info,0.9584168791770935,,
stg1_002497,stg1_000285,"Я ищу информацию о чертовых распродажах, как мне ее получить?","Мне нужна информация о чертовых продуктах, как я могу ее получить?",promo_loyalty,product_info,0.9583747386932373,,
stg1_002333,stg1_001308,Мне нужно проверить процесс возврата средств. Могу ли я получить помощь?,"Я хотел бы запросить возврат средств, могу ли я получить некоторую помощь?",payment_refund,return_exchange,0.9583715796470642,,
stg1_001308,stg1_002333,"Я хотел бы запросить возврат средств, могу ли я получить некоторую помощь?",Мне нужно проверить процесс возврата средств. Могу ли я получить помощь?,return_exchange,payment_refund,0.9583715796470642,,
stg1_000350,stg1_002098,"Я хотел бы увидеть, где мой чертов заказ","мне бы хотелось увидеть чертов статус моего возмещения, где это сделать",order_status,payment_refund,0.9583581686019897,,
stg1_002098,stg1_000350,"мне бы хотелось увидеть чертов статус моего возмещения, где это сделать","Я хотел бы увидеть, где мой чертов заказ",payment_refund,order_status,0.9583581686019897,,
stg1_002619,stg1_000196,"Я хочу узнать больше о чертовых распродажах, вы найдете какую-нибудь информацию?","Я хотел бы узнать больше о чертовых продуктах, можете ли вы дать мне некоторую информацию?",promo_loyalty,product_info,0.9583515524864197,,
stg1_001476,stg1_000027,"нужно сообщить о проблемах с доставкой моего заказа, где это сделать","хочу сообщить о проблемах в купленном мной продукте, нужно ли мне это сделать",delivery,product_info,0.9582904577255249,,
stg1_000027,stg1_001476,"хочу сообщить о проблемах в купленном мной продукте, нужно ли мне это сделать","нужно сообщить о проблемах с доставкой моего заказа, где это сделать",product_info,delivery,0.9582904577255249,,
stg1_001751,stg1_002210,"моя доставка не завершена, мне нужна помощь, чтобы сообщить о чертовой неполноте заказа","Я сделал чертов заказ и не получил счет, мне нужна помощь с его получением",delivery,payment_refund,0.9582566618919373,,
stg1_000918,stg1_002398,"Я хотел бы узнать о ближайших к черту магазинах, не могли бы вы найти какую-нибудь информацию?","Я ищу информацию о ближайших распродажах, не могли бы вы мне помочь?",general_info,promo_loyalty,0.9582398533821106,,
stg1_002020,stg1_000191,"мне нужно оставлять чертовы комментарии о продукте, как я могу это сделать","я должен сообщить о чертовых проблемах с приобретенным мной продуктом, как я могу это сделать",other,product_info,0.9581721425056458,,
stg1_001345,stg1_000211,"Я хочу вернуть чертову вещь, купленную в интернет-магазине, мне нужна помощь","хочу подтвердить наличие чертовых товаров в Интернете, мне поможет",return_exchange,product_info,0.9581285715103149,,
stg1_000748,stg1_001079,"мне нужно просмотреть историю покупок, мне нужна помощь","мне нужно посмотреть часы твоих покупок, мне нужна помощь",account,general_info,0.9581046104431152,,
stg1_000559,stg1_001249,"Мне нужна помощь, чтобы отследить мой чертов онлайн-заказ.","Мне нужно вернуть чертов заказ онлайн, помогите мне.",order_status,return_exchange,0.9580865502357483,,
stg1_000008,stg1_002565,"Мне нравится информация о чертовом продукте, как я могу ее получить?","Мне нравится информация о продажах, как я могу ее получить?",product_info,promo_loyalty,0.958050012588501,,
stg1_002565,stg1_000008,"Мне нравится информация о продажах, как я могу ее получить?","Мне нравится информация о чертовом продукте, как я могу ее получить?",promo_loyalty,product_info,0.958050012588501,,
stg1_000932,stg1_001219,"Мне нравится информация о часах работы вашего магазина, где я могу ее получить","Мне нравится информация о товаре в магазине, где я могу его получить",general_info,return_exchange,0.9580047726631165,,
stg1_002368,stg1_001340,"Ищу информацию о чертовых распродажах, мне нужна помощь","Я ищу информацию о чертовом товаре в магазине, мне нужна помощь.",promo_loyalty,return_exchange,0.9579682350158691,,
stg1_000253,stg1_001299,"Мне нужна помощь, чтобы вытащить чертовы вещи из корзины.","Мне нужна помощь, чтобы отправить обратно чертов товар.",product_info,return_exchange,0.957940936088562,,
stg1_001299,stg1_000253,"Мне нужна помощь, чтобы отправить обратно чертов товар.","Мне нужна помощь, чтобы вытащить чертовы вещи из корзины.",return_exchange,product_info,0.957940936088562,,
stg1_001076,stg1_001804,"Я хочу поговорить со службой поддержки, вы можете мне помочь?","Мне нужно поговорить с человеком, ты можешь мне помочь?",general_info,other,0.9578493237495422,,
stg1_001804,stg1_001076,"Мне нужно поговорить с человеком, ты можешь мне помочь?","Я хочу поговорить со службой поддержки, вы можете мне помочь?",other,general_info,0.9578493237495422,,
stg1_002104,stg1_001318,"Мне нужно сделать чертов платеж, где я могу это сделать?","Я хочу потребовать чертовски возмещение, где я могу это сделать?",payment_refund,return_exchange,0.9578359723091125,,
stg1_001318,stg1_002104,"Я хочу потребовать чертовски возмещение, где я могу это сделать?","Мне нужно сделать чертов платеж, где я могу это сделать?",return_exchange,payment_refund,0.9578359723091125,,
stg1_001045,stg1_001976,"хочу поговорить со службой поддержки, мне нужна помощь","нужна помощь, разговариваю с оператором",general_info,other,0.9577900767326355,,
stg1_001976,stg1_001045,"нужна помощь, разговариваю с оператором","хочу поговорить со службой поддержки, мне нужна помощь",other,general_info,0.9577900767326355,,
stg1_002408,stg1_001408,"Я ищу информацию о чертовых распродажах, может мне поможет","Я ищу информацию о чертовом товаре в магазине, помогите мне.",promo_loyalty,return_exchange,0.9577809572219849,,
stg1_000620,stg1_001406,"Я хочу зарегистрироваться, мне нужна помощь","Мне нужно получить возмещение, мне нужна помощь",account,return_exchange,0.9577763676643372,,
stg1_001406,stg1_000620,"Мне нужно получить возмещение, мне нужна помощь","Я хочу зарегистрироваться, мне нужна помощь",return_exchange,account,0.9577763676643372,,
stg1_001105,stg1_000322,"Мне нужно проверить твои гребаные часы покупок, ты можешь мне помочь?","мне нужно проверить, где моя гребаная посылка, ты можешь мне помочь?",general_info,order_status,0.9577311873435974,,
stg1_000322,stg1_001105,"мне нужно проверить, где моя гребаная посылка, ты можешь мне помочь?","Мне нужно проверить твои гребаные часы покупок, ты можешь мне помочь?",order_status,general_info,0.9577311873435974,,
stg1_001657,stg1_001381,"моя доставка не завершена, мне нужна помощь, чтобы сообщить об отсутствующем товаре","Товар, который я получил, неправильный, мне нужна помощь, чтобы сообщить об этом",delivery,return_exchange,0.9577081203460693,,
stg1_000247,stg1_001276,"Я хотел бы увидеть наличие товара в Интернете, вы мне поможете?","Я хотел бы вернуть товар, купленный онлайн в магазине, вы мне поможете?",product_info,return_exchange,0.9576968550682068,,
stg1_001276,stg1_000247,"Я хотел бы вернуть товар, купленный онлайн в магазине, вы мне поможете?","Я хотел бы увидеть наличие товара в Интернете, вы мне поможете?",return_exchange,product_info,0.9576968550682068,,
stg1_000921,stg1_001340,"Мне бы хотелось найти чертовы магазины поблизости, мне нужна помощь","Я ищу информацию о чертовом товаре в магазине, мне нужна помощь.",general_info,return_exchange,0.9576602578163147,,
stg1_002106,stg1_001262,Я хотел бы увидеть статус моего возврата. Вы мне поможете?,Я хотел бы проверить ваши правила возврата. Не могли бы вы мне помочь?,payment_refund,return_exchange,0.9575915932655334,,
stg1_001262,stg1_002106,Я хотел бы проверить ваши правила возврата. Не могли бы вы мне помочь?,Я хотел бы увидеть статус моего возврата. Вы мне поможете?,return_exchange,payment_refund,0.9575915932655334,,
stg1_002060,stg1_000054,"Мне нужно оставить отзыв о вашей компании, как я могу это сделать?",Есть ли способ оставить отзыв о вашей компании?,other,product_info,0.9575733542442322,,
stg1_000054,stg1_002060,Есть ли способ оставить отзыв о вашей компании?,"Мне нужно оставить отзыв о вашей компании, как я могу это сделать?",product_info,other,0.9575733542442322,,
stg1_001542,stg1_000339,"мне нужно посмотреть варианты доставки, как мне это сделать","хочу проверить, где моя доставка, как это сделать",delivery,order_status,0.957567572593689,,
stg1_000515,stg1_001444,"мне нужно отслеживать свой замененный продукт, могу ли я получить помощь?","Мне нужно сообщить о раздавленном продукте, могу ли я получить помощь?",order_status,return_exchange,0.957545816898346,,
stg1_002001,stg1_000204,"у меня чертов комментарий к товару, помоги мне его отправить","хочу сообщить о чертовых проблемах с полученным мной продуктом, мне поможет",other,product_info,0.9575217366218567,,
stg1_000949,stg1_001804,"хочу поговорить со службой поддержки, можете ли вы мне помочь?","Мне нужно поговорить с человеком, ты можешь мне помочь?",general_info,other,0.9575215578079224,,
stg1_001484,stg1_001176,"Мне хотелось бы узнать о чертовой дате доставки, как я могу получить дополнительную информацию?","Я хотел бы узнать о часах работы вашего чертового магазина, как мне получить дополнительную информацию?",delivery,general_info,0.9575206637382507,,
stg1_001176,stg1_001484,"Я хотел бы узнать о часах работы вашего чертового магазина, как мне получить дополнительную информацию?","Мне хотелось бы узнать о чертовой дате доставки, как я могу получить дополнительную информацию?",general_info,delivery,0.9575206637382507,,
stg1_002862,stg1_001107,"Я хочу воспользоваться твоим чертовым приложением, могу ли я получить помощь?","Я бы хотел позвонить в чертову службу поддержки, вы можете мне помочь?",technical_issue,general_info,0.9573609828948975,,
stg1_001788,stg1_001430,"Я хотел бы отправить идею продукта, вы мне поможете?","Я хочу отправить товар обратно, вы мне поможете?",other,return_exchange,0.95733642578125,,
stg1_001430,stg1_001788,"Я хочу отправить товар обратно, вы мне поможете?","Я хотел бы отправить идею продукта, вы мне поможете?",return_exchange,other,0.95733642578125,,
stg1_002496,stg1_001408,"Я ищу информацию о распродажах, помогите мне.","Я ищу информацию о чертовом товаре в магазине, помогите мне.",promo_loyalty,return_exchange,0.9573264122009277,,
stg1_002451,stg1_000187,"Я ищу информацию о чертовых зимних распродажах, могу ли я получить какую-нибудь помощь?","Я ищу информацию о чертовых продуктах, могу ли я получить помощь?",promo_loyalty,product_info,0.9573106169700623,,
stg1_001352,stg1_001490,"моя посылка прибыла чертовски поврежденной, не могли бы вы помочь мне сообщить об этом?","моя посылка потерялась, можете ли вы помочь мне сообщить о проблеме с доставкой?",return_exchange,delivery,0.957288384437561,,
stg1_000618,stg1_001686,"мои личные данные неверны, мне нужна помощь в их изменении","мой адрес изменился, мне нужна помощь в его изменении",account,delivery,0.9572528004646301,,
stg1_001686,stg1_000618,"мой адрес изменился, мне нужна помощь в его изменении","мои личные данные неверны, мне нужна помощь в их изменении",delivery,account,0.9572528004646301,,
stg1_000239,stg1_001370,"Я хотел бы подтвердить наличие продуктов онлайн, мне нужна помощь","Я хочу вернуть товары онлайн, мне нужна помощь",product_info,return_exchange,0.9572325348854065,,
stg1_001370,stg1_000239,"Я хочу вернуть товары онлайн, мне нужна помощь","Я хотел бы подтвердить наличие продуктов онлайн, мне нужна помощь",return_exchange,product_info,0.9572325348854065,,
stg1_001092,stg1_000218,"Мне нужно проверить часы работы твоего чертового магазина, как я могу это сделать?","Я хотел бы проверить наличие чертовых товаров в магазине, как я могу это сделать?",general_info,product_info,0.957221508026123,,
stg1_000281,stg1_001291,"нужно сообщить о чертовых дефектах в товаре, который я купил, как это сделать","мне нужно вернуть чертов товар, который я купил в магазине, где я могу это сделать",product_info,return_exchange,0.9571419358253479,,
stg1_001291,stg1_000281,"мне нужно вернуть чертов товар, который я купил в магазине, где я могу это сделать","нужно сообщить о чертовых дефектах в товаре, который я купил, как это сделать",return_exchange,product_info,0.9571419358253479,,
stg1_002003,stg1_000096,Я хотел бы оставить комментарий о вашем бренде,Я хочу оставить отзыв о вашей компании,other,product_info,0.9571418166160583,,
stg1_000096,stg1_002003,Я хочу оставить отзыв о вашей компании,Я хотел бы оставить комментарий о вашем бренде,product_info,other,0.9571418166160583,,
stg1_001320,stg1_001751,"чертов товар, который я заказал, неправильный, мне нужна помощь, чтобы сообщить об этом","моя доставка не завершена, мне нужна помощь, чтобы сообщить о чертовой неполноте заказа",return_exchange,delivery,0.9571378827095032,,
stg1_000225,stg1_000331,"Мне нужно увидеть наличие этого чертового предмета, могу ли я получить помощь?","Мне нужно найти свою чертову посылку, могу ли я получить помощь?",product_info,order_status,0.9571256637573242,,
stg1_000338,stg1_000276,"Я хотел бы найти свою посылку, могу ли я получить помощь?","Я хотел бы проверить наличие товара, могу ли я получить помощь?",order_status,product_info,0.9571117162704468,,
stg1_001927,stg1_000076,"мне нужно оставить комментарии о продуктах, это поможет мне","Мне нужно оставить отзыв о товаре, помогите мне.",other,product_info,0.9570950269699097,,
stg1_001982,stg1_000228,"у меня есть чертов отзыв о вашей компании, помогите мне отправить его","мне нужна помощь, чтобы отправить отзыв о нашей компании",other,product_info,0.9570921659469604,,
stg1_000228,stg1_001982,"мне нужна помощь, чтобы отправить отзыв о нашей компании","у меня есть чертов отзыв о вашей компании, помогите мне отправить его",product_info,other,0.9570921659469604,,
stg1_002268,stg1_001313,"Я бы хотел сделать чертов платеж, где мне это сделать?","Я хотел бы получить чертову компенсацию, где я могу это сделать?",payment_refund,return_exchange,0.9570544958114624,,
stg1_001313,stg1_002268,"Я хотел бы получить чертову компенсацию, где я могу это сделать?","Я бы хотел сделать чертов платеж, где мне это сделать?",return_exchange,payment_refund,0.9570544958114624,,
stg1_000273,stg1_001292,"Мне нужно удалить чертов товар из корзины, мне нужна помощь","мне нужно вернуть чертов товар, может мне поможет",product_info,return_exchange,0.9570520520210266,,
stg1_001292,stg1_000273,"мне нужно вернуть чертов товар, может мне поможет","Мне нужно удалить чертов товар из корзины, мне нужна помощь",return_exchange,product_info,0.9570520520210266,,
stg1_001118,stg1_000214,"нужно найти ближайший ко мне магазин, могу ли я получить помощь","мне нужно посмотреть наличие товара, могу ли я получить помощь",general_info,product_info,0.9570022821426392,,
stg1_000279,stg1_002486,"Я ищу информацию о продукте, как я могу ее найти?","Я ищу информацию о продажах, как я могу ее получить?",product_info,promo_loyalty,0.9569356441497803,,
stg1_001772,stg1_001204,"У меня чертов отзыв, не могли бы вы помочь мне его отправить?","нужно отправить обратный заказ, не могли бы вы мне помочь?",other,return_exchange,0.9568912982940674,,
stg1_001204,stg1_001772,"нужно отправить обратный заказ, не могли бы вы мне помочь?","У меня чертов отзыв, не могли бы вы помочь мне его отправить?",return_exchange,other,0.9568912982940674,,
stg1_001071,stg1_001487,"Мне нужно проверить твои гребаные часы покупок, могу ли я получить помощь?","мне нужно проверить время доставки моей покупки, могу ли я получить помощь",general_info,delivery,0.9568887948989868,,
stg1_002056,stg1_000978,"Я хотел бы поговорить с агентом, могу ли я получить помощь?","Мне нужно поговорить со службой поддержки, могу ли я получить помощь?",other,general_info,0.9568580985069275,,
stg1_001208,stg1_000010,"Мне нужно обменять товар, купленный онлайн, в магазине. Могу ли я получить помощь?",Мне нужно подтвердить наличие товаров в магазине. Могу ли я получить помощь?,return_exchange,product_info,0.956841766834259,,
stg1_002423,stg1_001163,Я хотел бы узнать больше о чертовых весенних распродажах. Можете ли вы дать мне некоторую информацию?,"Я хотел бы узнать больше о ближайших к черту магазинах, вы можете дать мне некоторую информацию?",promo_loyalty,general_info,0.9567707180976868,,
stg1_000160,stg1_000301,"Мне нужно проверить наличие товара, не могли бы вы мне помочь?","Мне нужно увидеть, черт возьми, статус моего замененного товара. Не могли бы вы мне помочь?",product_info,order_status,0.9567689299583435,,
stg1_002623,stg1_001048,"Я ищу информацию о чертовых распродажах, ты мне поможешь?","мне нужно поискать чертов магазин, ты мне поможешь?",promo_loyalty,general_info,0.9567314386367798,,
stg1_002598,stg1_000285,"Мне нужна информация о чертовых распродажах, как мне ее найти?","Мне нужна информация о чертовых продуктах, как я могу ее получить?",promo_loyalty,product_info,0.9567303657531738,,
stg1_002822,stg1_001107,"хочу воспользоваться твоим чертовым приложением, могу ли я получить помощь?","Я бы хотел позвонить в чертову службу поддержки, вы можете мне помочь?",technical_issue,general_info,0.9567211270332336,,
stg1_000426,stg1_000285,"мне нужно купить кое-какие чертовы продукты, как я могу это сделать?","Мне нужна информация о чертовых продуктах, как я могу ее получить?",order_status,product_info,0.9566746950149536,,
stg1_001245,stg1_002325,"мне нужна информация о твоем чертовом процессе возврата, могу я ее получить","хочу узнать о твоем чертовом процессе возврата денег, дай мне немного информации",return_exchange,payment_refund,0.9566429853439331,,
stg1_000468,stg1_001359,"Я хотел бы отменить онлайн-заказ, можете ли вы мне помочь?","Я хотел бы вернуть товар, купленный онлайн, в магазин. Можете ли вы мне помочь?",order_status,return_exchange,0.9566388130187988,,
stg1_000017,stg1_001340,"Я хочу подтвердить наличие товара в магазине, мне нужна помощь","Я ищу информацию о чертовом товаре в магазине, мне нужна помощь.",product_info,return_exchange,0.956630289554596,,
stg1_002235,stg1_001308,"Можете ли вы помочь мне проверить, в каких случаях я могу запросить возврат средств?","Я хотел бы запросить возврат средств, могу ли я получить некоторую помощь?",payment_refund,return_exchange,0.9566259980201721,,
stg1_001943,stg1_000449,Мне нужно отправить чертов отзыв о твоем бренде. Можете мне помочь?,"Мне нужно найти свой чертов заказ, ты можешь мне помочь?",other,order_status,0.9565902352333069,,
stg1_000042,stg1_001342,"хочу удалить чертовы вещи из корзины, мне нужна помощь","Я хотел бы вернуть чертовы товары из Интернета, мне нужна помощь",product_info,return_exchange,0.9565856456756592,,
stg1_000205,stg1_001264,"нужно удалить чертов товар из корзины, где я могу это сделать","нужно отправить этот чертов товар обратно, где я могу это сделать",product_info,return_exchange,0.956576406955719,,
stg1_001264,stg1_000205,"нужно отправить этот чертов товар обратно, где я могу это сделать","нужно удалить чертов товар из корзины, где я могу это сделать",return_exchange,product_info,0.956576406955719,,
stg1_000040,stg1_001408,"мне нужно добавить чертов товар в корзину, помогите мне.","Я ищу информацию о чертовом товаре в магазине, помогите мне.",product_info,return_exchange,0.9565704464912415,,
stg1_000263,stg1_001362,"хочу проверить наличие товара в магазине, могу ли я получить помощь","Я хотел бы обменять товар в магазине, могу ли я получить помощь?",product_info,return_exchange,0.9565593004226685,,
stg1_002662,stg1_001107,"Я бы хотел воспользоваться твоим чертовым мобильным приложением, могу ли я получить помощь?","Я бы хотел позвонить в чертову службу поддержки, вы можете мне помочь?",technical_issue,general_info,0.9565165638923645,,
stg1_001710,stg1_000277,"моя посылка потерялась, мне нужна помощь, чтобы сообщить о проблеме с доставкой","мой продукт работает неправильно, мне нужна помощь, чтобы сообщить о проблеме с продуктом",delivery,product_info,0.9564962983131409,,
stg1_001506,stg1_001079,"Мне нужно проверить дату доставки, мне нужна помощь","мне нужно посмотреть часы твоих покупок, мне нужна помощь",delivery,general_info,0.9564880132675171,,
stg1_002239,stg1_001438,Мне нужна информация о вашей политике возврата средств. Можете ли вы мне помочь?,мне нужна информация о вашей политике возврата,payment_refund,return_exchange,0.9564453363418579,,
stg1_000068,stg1_001923,"Мне нужна помощь, чтобы отправить отзыв о ваших услугах","мне нужна помощь, чтобы отправить чертов отзыв",product_info,other,0.9564435482025146,,
stg1_001831,stg1_002268,"Я хотел бы отправить чертов отзыв, где мне это сделать?","Я бы хотел сделать чертов платеж, где мне это сделать?",other,payment_refund,0.9563732147216797,,
stg1_000192,stg1_001286,"Я хочу добавить чертовы товары в корзину, где я могу это сделать?","Я хочу обменять чертов товар, где я могу это сделать?",product_info,return_exchange,0.9563689231872559,,
stg1_001627,stg1_000293,Я хотел бы сообщить о проблемах с доставкой моего груза. Не могли бы вы мне помочь?,Я хотел бы сообщить об ошибках в купленном мной продукте. Не могли бы вы мне помочь?,delivery,product_info,0.9563567638397217,,
stg1_000359,stg1_001239,"Я разместил заказ, мне нужна помощь, чтобы отменить его","мой заказ отменен, помогите мне сообщить об этом",order_status,return_exchange,0.9563085436820984,,
stg1_001473,stg1_002357,"мне нужно потребовать возврат средств, как это сделать",мне нужно отследить возврат средств,return_exchange,payment_refund,0.9562716484069824,,
stg1_002438,stg1_000279,"Я ищу информацию о распродажах, как мне ее найти?","Я ищу информацию о продукте, как я могу ее найти?",promo_loyalty,product_info,0.9562636613845825,,
stg1_001234,stg1_001490,Заказанная мной посылка была раздавлена. Не могли бы вы помочь мне сообщить об этом?,"моя посылка потерялась, можете ли вы помочь мне сообщить о проблеме с доставкой?",return_exchange,delivery,0.9562574028968811,,
stg1_001434,stg1_002307,"мне нужна помощь, чтобы запросить гребаный возврат средств","нужна помощь, чтобы запросить возврат моих денег",return_exchange,payment_refund,0.9562044143676758,,
stg1_002274,stg1_001396,нужна помощь с просьбой вернуть деньги,"я хочу вернуть деньги, помогите мне запросить это",payment_refund,return_exchange,0.956195592880249,,
stg1_001207,stg1_000293,"чертов продукт, который я получил, неправильный, не могли бы вы помочь мне сообщить об этом?",Я хотел бы сообщить об ошибках в купленном мной продукте. Не могли бы вы мне помочь?,return_exchange,product_info,0.9561025500297546,,
stg1_002463,stg1_000187,"Я ищу информацию о чертовых весенних распродажах, могу ли я получить помощь?","Я ищу информацию о чертовых продуктах, могу ли я получить помощь?",promo_loyalty,product_info,0.9560648202896118,,
stg1_001815,stg1_000064,"Мне нужно отправить чертов отзыв о продукте, как я мог это сделать?",как я могу отправить отзыв о продукте?,other,product_info,0.9560310244560242,,
stg1_000215,stg1_001330,как я могу найти информацию о продуктах,как я могу найти информацию о товаре в магазине,product_info,return_exchange,0.955975353717804,,
stg1_001330,stg1_000215,как я могу найти информацию о товаре в магазине,как я могу найти информацию о продуктах,return_exchange,product_info,0.955975353717804,,
stg1_001091,stg1_001477,"Мне нужна информация о часах работы вашего магазина, мне нужна помощь.","Я ищу информацию о чертовой дате доставки моей покупки, мне нужна помощь.",general_info,delivery,0.9559686183929443,,
stg1_000454,stg1_002085,"мне нужна информация о статусе моего обмена, как я могу ее найти","Мне нужна информация о статусе моего возмещения, как я могу ее получить?",order_status,payment_refund,0.9559521675109863,,
stg1_001382,stg1_000163,"Мне нужно вернуть в магазин чертов товар, который я купил в Интернете. Могу ли я получить помощь?","Я хотел бы подтвердить наличие чертовых товаров в Интернете, вы мне поможете?",return_exchange,product_info,0.9559287428855896,,
stg1_001368,stg1_000326,"я купил товар, но хочу вернуть его, мне нужна помощь","я купил чертов товар, но он мне не нужен, я хочу отменить заказ",return_exchange,order_status,0.9559080600738525,,
stg1_000964,stg1_001406,"Мне нужно связаться со службой поддержки, мне нужна помощь","Мне нужно получить возмещение, мне нужна помощь",general_info,return_exchange,0.9558423757553101,,
stg1_000303,stg1_000264,"Мне нужно отследить замену продукта, могу ли я получить помощь?","мне нужно проверить наличие товара, могу ли я получить помощь?",order_status,product_info,0.955836296081543,,
stg1_001067,stg1_000010,"мне нужно найти ближайший магазин, могу ли я получить помощь?",Мне нужно подтвердить наличие товаров в магазине. Могу ли я получить помощь?,general_info,product_info,0.9558049440383911,,
stg1_002429,stg1_000020,"Ищу информацию о чертовых зимних распродажах, где ее взять?","Ищу информацию о чертовых продуктах, где ее взять?",promo_loyalty,product_info,0.9558040499687195,,
stg1_000088,stg1_001973,Могу ли я отправить отзыв об услуге?,можно ли отправить отзыв о продукте?,product_info,other,0.9558035135269165,,
stg1_000899,stg1_001453,"Мне нужна информация о часах работы вашего магазина, где я могу ее получить?","Мне нужна информация о товаре в магазине, где я могу ее получить?",general_info,return_exchange,0.9557949900627136,,
stg1_000464,stg1_000160,"Я хотел бы проверить, где находится моя доставка, не могли бы вы мне помочь?","Мне нужно проверить наличие товара, не могли бы вы мне помочь?",order_status,product_info,0.9557331800460815,,
stg1_001218,stg1_001772,Я хочу отправить обратно чертову вещь. Не могли бы вы мне помочь?,"У меня чертов отзыв, не могли бы вы помочь мне его отправить?",return_exchange,other,0.9557280540466309,,
stg1_002383,stg1_000020,"Ищу информацию о чертовых распродажах, как мне ее найти?","Ищу информацию о чертовых продуктах, где ее взять?",promo_loyalty,product_info,0.9557235240936279,,
stg1_000480,stg1_001310,"Я хотел бы отменить заказ, вы можете мне помочь?","Я бы хотел отправить чертов заказ обратно, ты мне поможешь?",order_status,return_exchange,0.9557108283042908,,
stg1_001324,stg1_000544,"Мне нужно вернуть чертову вещь онлайн, ты можешь мне помочь?","Мне нужно отменить чертов онлайн-заказ, могу ли я получить помощь?",return_exchange,order_status,0.9556854367256165,,
stg1_000616,stg1_002666,"Мне нужно обновить свои чертовы личные данные, помогите мне.","Мне нужно воспользоваться твоим чертовым приложением, помоги мне.",account,technical_issue,0.9556782245635986,,
stg1_002666,stg1_000616,"Мне нужно воспользоваться твоим чертовым приложением, помоги мне.","Мне нужно обновить свои чертовы личные данные, помогите мне.",technical_issue,account,0.9556782245635986,,
stg1_000463,stg1_001347,мне нужно отменить чертов онлайн-заказ,Я бы хотел вернуть чертов товар онлайн,order_status,return_exchange,0.9556695222854614,,
stg1_001347,stg1_000463,Я бы хотел вернуть чертов товар онлайн,мне нужно отменить чертов онлайн-заказ,return_exchange,order_status,0.9556695222854614,,
stg1_002790,stg1_001488,"Я хочу сообщить о чертовой технической проблеме, где я могу это сделать?","мне нужно сообщить о чертовой проблеме с доставкой, где я могу это сделать",technical_issue,delivery,0.9556594491004944,,
stg1_001516,stg1_002495,Где я могу найти информацию о чертовой дате доставки?,где я могу получить информацию о чертовой распродаже?,delivery,promo_loyalty,0.9556567072868347,,
stg1_002495,stg1_001516,где я могу получить информацию о чертовой распродаже?,Где я могу найти информацию о чертовой дате доставки?,promo_loyalty,delivery,0.9556567072868347,,
stg1_002067,stg1_000342,"я сделал чертов заказ и не получил счет, мне нужна помощь, чтобы его скачать","я купил чертов товар, но он мне не нужен, мне нужно отменить заказ",payment_refund,order_status,0.9556310176849365,,
stg1_001728,stg1_000505,"Я хотел бы проверить чертову стоимость пересылки, где я могу это сделать?","Я хотел бы посмотреть, где моя чертова посылка, как я могу это сделать?",delivery,order_status,0.9556185603141785,,
stg1_002494,stg1_001482,Я хотел бы узнать больше о следующих распродажах. Можете ли вы дать мне некоторую информацию?,"хочу узнать больше о сроках доставки моей покупки, дашь мне некоторую информацию?",promo_loyalty,delivery,0.9556019902229309,,
stg1_002303,stg1_000342,"я купил чертов товар и не получил счет, помогите мне его получить","я купил чертов товар, но он мне не нужен, мне нужно отменить заказ",payment_refund,order_status,0.9555185437202454,,
stg1_000337,stg1_001200,"Мне нужно изменить свой чертов заказ перед отправкой, где это сделать?","Мне нужно отправить чертов товар обратно, где я могу это сделать?",order_status,return_exchange,0.9555016160011292,,
stg1_001200,stg1_000337,"Мне нужно отправить чертов товар обратно, где я могу это сделать?","Мне нужно изменить свой чертов заказ перед отправкой, где это сделать?",return_exchange,order_status,0.9555016160011292,,
stg1_000715,stg1_002271,Мне нужна помощь в сообщении о проблеме с регистрацией,Мне нужна помощь в сообщении о проблеме с оплатой,account,payment_refund,0.9554647207260132,,
stg1_002271,stg1_000715,Мне нужна помощь в сообщении о проблеме с оплатой,Мне нужна помощь в сообщении о проблеме с регистрацией,payment_refund,account,0.9554647207260132,,
stg1_002000,stg1_001409,"Я хочу отправить идею продукта, не могли бы вы мне помочь?","Я хотел бы обменять купленный товар, не могли бы вы мне помочь?",other,return_exchange,0.9554357528686523,,
stg1_000906,stg1_001193,"Я хотел бы найти магазины рядом со мной, вы мне поможете?","Я хочу обменять товар в магазине, вы мне поможете?",general_info,return_exchange,0.9554153680801392,,
stg1_001193,stg1_000906,"Я хочу обменять товар в магазине, вы мне поможете?","Я хотел бы найти магазины рядом со мной, вы мне поможете?",return_exchange,general_info,0.9554153680801392,,
stg1_000320,stg1_001477,"Мне нужна помощь, чтобы узнать, где моя чертова доставка.","Я ищу информацию о чертовой дате доставки моей покупки, мне нужна помощь.",order_status,delivery,0.9553592801094055,,
stg1_002480,stg1_000196,Я хотел бы узнать больше о чертовых зимних распродажах. Не могли бы вы дать мне некоторую информацию?,"Я хотел бы узнать больше о чертовых продуктах, можете ли вы дать мне некоторую информацию?",promo_loyalty,product_info,0.9553292989730835,,
stg1_001053,stg1_002439,"Я хотел бы узнать больше о твоих чертовых часах работы, можешь ли ты найти какую-нибудь информацию?","Я хочу узнать больше о чертовых распродажах, можешь ли ты найти какую-нибудь информацию?",general_info,promo_loyalty,0.9553086161613464,,
stg1_000366,stg1_001317,"Мне нужно отменить чертову вещь, как мне это сделать?","нужно обменять чертову вещь, как я могу это сделать",order_status,return_exchange,0.9553056955337524,,
stg1_001317,stg1_000366,"нужно обменять чертову вещь, как я могу это сделать","Мне нужно отменить чертову вещь, как мне это сделать?",return_exchange,order_status,0.9553056955337524,,
stg1_002813,stg1_000009,сайт не работает на моем устройстве. Можете ли вы помочь мне сообщить о проблеме?,заказанный мной продукт не работает должным образом. Можете ли вы мне помочь сообщить о проблеме с продуктом?,technical_issue,product_info,0.9553052186965942,,
stg1_002781,stg1_001107,"Мне нужно воспользоваться твоим чертовым приложением, могу ли я получить помощь?","Я бы хотел позвонить в чертову службу поддержки, вы можете мне помочь?",technical_issue,general_info,0.9552921652793884,,
stg1_000803,stg1_000199,помогите мне проверить чертову историю покупок,помоги мне проверить наличие чертового товара,account,product_info,0.9552837610244751,,
stg1_000199,stg1_000803,помоги мне проверить наличие чертового товара,помогите мне проверить чертову историю покупок,product_info,account,0.9552837610244751,,
stg1_001186,stg1_000940,"Мне нужно обменять чертов товар в магазине, как я могу это сделать?","Мне нужно найти чертов магазин, как мне это сделать?",return_exchange,general_info,0.9552686214447021,,
stg1_002880,stg1_000277,"приложение не работает, мне нужна помощь, чтобы сообщить о проблеме","мой продукт работает неправильно, мне нужна помощь, чтобы сообщить о проблеме с продуктом",technical_issue,product_info,0.9552627801895142,,
stg1_000271,stg1_001409,"Я хочу удалить товар из корзины, не могли бы вы мне помочь?","Я хотел бы обменять купленный товар, не могли бы вы мне помочь?",product_info,return_exchange,0.9552398920059204,,
stg1_002081,stg1_001369,"Мне нужно произвести оплату, вы можете мне помочь?","мне нужно запросить возмещение, можете ли вы мне помочь?",payment_refund,return_exchange,0.955238401889801,,
stg1_001369,stg1_002081,"мне нужно запросить возмещение, можете ли вы мне помочь?","Мне нужно произвести оплату, вы можете мне помочь?",return_exchange,payment_refund,0.955238401889801,,
stg1_001233,stg1_002307,"мне нужно потребовать вернуть деньги, как я мог это сделать","нужна помощь, чтобы запросить возврат моих денег",return_exchange,payment_refund,0.9552370309829712,,
stg1_002025,stg1_000363,"Я хотел бы оставить чертовски предложение, могу ли я получить помощь?","Я хочу отменить чертов заказ, могу ли я получить помощь?",other,order_status,0.9552326202392578,,
stg1_001343,stg1_001939,"Мне нужно отправить товар обратно, могу ли я получить помощь?","Мне нужно подать жалобу на товар, могу ли я получить помощь?",return_exchange,other,0.9552208185195923,,
stg1_001773,stg1_000178,"мне нужно отправить комментарии к продукту, не могли бы мне помочь","Мне нужно сообщить об ошибке продукта, мне нужна помощь",other,product_info,0.9551985263824463,,
stg1_002470,stg1_001482,"Я хочу узнать больше о весенних распродажах, можете ли вы дать мне некоторую информацию?","хочу узнать больше о сроках доставки моей покупки, дашь мне некоторую информацию?",promo_loyalty,delivery,0.9551634192466736,,
stg1_000213,stg1_001342,"нужно удалить чертовы товары из корзины, можете мне помочь","Я хотел бы вернуть чертовы товары из Интернета, мне нужна помощь",product_info,return_exchange,0.9551623463630676,,
stg1_001501,stg1_000350,"мне бы хотелось увидеть чертов срок доставки моего заказа, где это сделать","Я хотел бы увидеть, где мой чертов заказ",delivery,order_status,0.9551486968994141,,
stg1_000267,stg1_001633,"мне нужно проверить наличие товара в магазине, мне нужна помощь","Я хочу узнать, когда прибудет мой товар, мне нужна помощь",product_info,delivery,0.9551466703414917,,
stg1_000099,stg1_002060,можно ли оставить отзыв о вашей компании?,"Мне нужно оставить отзыв о вашей компании, как я могу это сделать?",product_info,other,0.9551393985748291,,
stg1_001168,stg1_000262,"Я хотел бы знать о чертовых магазинах поблизости, я дам мне некоторую информацию","Я хотел бы узнать о чертовом продукте, найду некоторую информацию",general_info,product_info,0.9551330208778381,,
stg1_000262,stg1_001168,"Я хотел бы узнать о чертовом продукте, найду некоторую информацию","Я хотел бы знать о чертовых магазинах поблизости, я дам мне некоторую информацию",product_info,general_info,0.9551330208778381,,
stg1_000974,stg1_002127,не могли бы вы помочь мне поговорить со службой поддержки?,не могли бы вы помочь мне сообщить о проблемах с оплатой?,general_info,payment_refund,0.9551306366920471,,
stg1_002127,stg1_000974,не могли бы вы помочь мне сообщить о проблемах с оплатой?,не могли бы вы помочь мне поговорить со службой поддержки?,payment_refund,general_info,0.9551306366920471,,
stg1_001655,stg1_002495,где я могу найти информацию о чертовой стоимости доставки,где я могу получить информацию о чертовой распродаже?,delivery,promo_loyalty,0.9551244378089905,,
stg1_000015,stg1_000363,"Мне нужно удалить чертовы товары из корзины, могу ли я получить помощь?","Я хочу отменить чертов заказ, могу ли я получить помощь?",product_info,order_status,0.9551067352294922,,
stg1_002525,stg1_000262,"Я хотел бы узнать больше о чертовой распродаже, найти некоторую информацию","Я хотел бы узнать о чертовом продукте, найду некоторую информацию",promo_loyalty,product_info,0.955082356929779,,
stg1_000571,stg1_000940,"мне нужно найти свою чертову посылку, как мне это сделать?","Мне нужно найти чертов магазин, как мне это сделать?",order_status,general_info,0.9550796747207642,,
stg1_001496,stg1_000339,"Я хочу узнать стоимость доставки, где мне это сделать?","хочу проверить, где моя доставка, как это сделать",delivery,order_status,0.9550793766975403,,
stg1_000913,stg1_001977,"Я хотел бы поговорить со службой поддержки, где это сделать","нужно поговорить с агентом, где я могу это сделать",general_info,other,0.9550518989562988,,
stg1_001977,stg1_000913,"нужно поговорить с агентом, где я могу это сделать","Я хотел бы поговорить со службой поддержки, где это сделать",other,general_info,0.9550518989562988,,
stg1_000621,stg1_002760,"Я бы хотел сменить свою чертову учетную запись, где мне это сделать?","Я бы хотел воспользоваться твоим чертовым приложением, где мне это сделать?",account,technical_issue,0.9550348520278931,,
stg1_002760,stg1_000621,"Я бы хотел воспользоваться твоим чертовым приложением, где мне это сделать?","Я бы хотел сменить свою чертову учетную запись, где мне это сделать?",technical_issue,account,0.9550348520278931,,
stg1_001483,stg1_000524,"Я хотел бы увидеть чертовы сроки доставки моего заказа, как это сделать?","Я хотел бы посмотреть, где находится мой чертов заказ, как мне его сделать?",delivery,order_status,0.9549266695976257,,
stg1_000524,stg1_001483,"Я хотел бы посмотреть, где находится мой чертов заказ, как мне его сделать?","Я хотел бы увидеть чертовы сроки доставки моего заказа, как это сделать?",order_status,delivery,0.9549266695976257,,
stg1_001050,stg1_001679,"Я хотел бы узнать больше о ваших часах работы, дайте мне некоторую информацию","хочу узнать больше о времени доставки, найдите некоторую информацию",general_info,delivery,0.9548868536949158,,
stg1_001065,stg1_000030,"Я хотел бы найти магазины поблизости, мне нужна помощь","Я хотел бы подтвердить наличие товаров в магазине, мне нужна помощь",general_info,product_info,0.9548752903938293,,
stg1_001787,stg1_000187,"Я хотел бы послать чертовы идеи по улучшению продукта, могу ли я получить помощь?","Я ищу информацию о чертовых продуктах, могу ли я получить помощь?",other,product_info,0.9548545479774475,,
stg1_000487,stg1_001240,"мне нужно найти свой чертов онлайн-заказ, где я могу это сделать","хочу вернуть чертовы заказы онлайн, где это сделать",order_status,return_exchange,0.9548193216323853,,
stg1_001240,stg1_000487,"хочу вернуть чертовы заказы онлайн, где это сделать","мне нужно найти свой чертов онлайн-заказ, где я могу это сделать",return_exchange,order_status,0.9548193216323853,,
stg1_001040,stg1_001809,"Я хочу поговорить с чертовой службой поддержки, как я могу это сделать?","Я хотел бы поговорить с чертовым оператором, могу ли я получить помощь?",general_info,other,0.9547941088676453,,
stg1_001549,stg1_000313,"где я могу проверить, когда прибудет моя посылка","хочу проверить, где моя посылка, может мне помочь",delivery,order_status,0.954762876033783,,
stg1_000637,stg1_002363,"Мне нужна моя чертова история покупок, где я могу ее посмотреть?","Мне нужна информация о чертовых распродажах, где я могу ее найти?",account,promo_loyalty,0.9547389149665833,,
stg1_001997,stg1_000978,"Мне нужно поговорить с чертовым агентом, могу ли я получить помощь?","Мне нужно поговорить со службой поддержки, могу ли я получить помощь?",other,general_info,0.9547303915023804,,
stg1_000344,stg1_001198,"нужно проверить, где находится мой чертов онлайн-заказ, как я могу это сделать","мне нужно вернуть чертов заказ онлайн, как я могу это сделать",order_status,return_exchange,0.954718291759491,,
stg1_001198,stg1_000344,"мне нужно вернуть чертов заказ онлайн, как я могу это сделать","нужно проверить, где находится мой чертов онлайн-заказ, как я могу это сделать",return_exchange,order_status,0.954718291759491,,
stg1_000345,stg1_001462,"Мне нужно отменить товар, где это сделать?","Я хочу обменять товар, где я могу это сделать?",order_status,return_exchange,0.9547111988067627,,
stg1_001462,stg1_000345,"Я хочу обменять товар, где я могу это сделать?","Мне нужно отменить товар, где это сделать?",return_exchange,order_status,0.9547111988067627,,
stg1_000856,stg1_000294,"Мне нужна помощь, чтобы удалить мою чертову учетную запись пользователя","мне нужно удалить чертов предмет из аккаунта, где мне это сделать",account,product_info,0.9546323418617249,,
stg1_000590,stg1_001462,"Мне нужно отменить товар, где мне это сделать?","Я хочу обменять товар, где я могу это сделать?",order_status,return_exchange,0.9546231031417847,,
stg1_002283,stg1_001318,"Мне нужно совершить чертовы платежи, где это сделать?","Я хочу потребовать чертовски возмещение, где я могу это сделать?",payment_refund,return_exchange,0.954621434211731,,
stg1_002058,stg1_001045,"Я бы хотел поговорить с кем-нибудь, мне нужна помощь","хочу поговорить со службой поддержки, мне нужна помощь",other,general_info,0.9545830488204956,,
stg1_000979,stg1_001872,"Я не знаю, что мне нужно сделать, чтобы поговорить со службой поддержки клиентов.","Я не знаю, что мне нужно сделать, чтобы подать жалобу клиента.",general_info,other,0.9545823931694031,,
stg1_001872,stg1_000979,"Я не знаю, что мне нужно сделать, чтобы подать жалобу клиента.","Я не знаю, что мне нужно сделать, чтобы поговорить со службой поддержки клиентов.",other,general_info,0.9545823931694031,,
stg1_000038,stg1_001633,"мне нужна помощь, чтобы узнать наличие товара","Я хочу узнать, когда прибудет мой товар, мне нужна помощь",product_info,delivery,0.9545592069625854,,
stg1_000776,stg1_001406,"хочу зарегистрироваться, мне нужна помощь","Мне нужно получить возмещение, мне нужна помощь",account,return_exchange,0.9545483589172363,,
stg1_002337,stg1_001445,Можете ли вы помочь мне получить возврат денег?,можно ли добиться возврата денег?,payment_refund,return_exchange,0.9545414447784424,,
stg1_001445,stg1_002337,можно ли добиться возврата денег?,Можете ли вы помочь мне получить возврат денег?,return_exchange,payment_refund,0.9545414447784424,,
stg1_001502,stg1_000466,"Я хотел бы проверить чертову стоимость пересылки, мне поможет","Я бы хотел проверить, где моя чертова посылка, мне нужна помощь",delivery,order_status,0.9545380473136902,,
stg1_000886,stg1_000449,"Мне нужно просмотреть историю заказов, вы мне поможете?","Мне нужно найти свой чертов заказ, ты можешь мне помочь?",account,order_status,0.9545131921768188,,
stg1_002466,stg1_001136,"Мне бы хотелось узнать больше о следующих распродажах, найти некоторую информацию",Я хотел бы узнать больше о ближайших магазинах. Найдите некоторую информацию.,promo_loyalty,general_info,0.9544969797134399,,
stg1_002511,stg1_001090,"Я хотел бы узнать больше о чертовых распродажах, дайте мне немного информации.","Я хотел бы узнать больше о ваших часах покупок, дайте мне некоторую информацию",promo_loyalty,general_info,0.9544752836227417,,
stg1_002477,stg1_000049,"ищу информацию о распродаже, где ее можно получить","я ищу информацию о продукте, где я могу ее получить",promo_loyalty,product_info,0.9544671773910522,,
stg1_000333,stg1_000024,Мне нужна помощь в поиске моей гребаной посылки,"мне нужно посмотреть наличие какого-то гребаного товара в Интернете, помогите мне",order_status,product_info,0.9544516801834106,,
stg1_000024,stg1_000333,"мне нужно посмотреть наличие какого-то гребаного товара в Интернете, помогите мне",Мне нужна помощь в поиске моей гребаной посылки,product_info,order_status,0.9544516801834106,,
stg1_002047,stg1_000931,"мне нужно поговорить с чертовым человеком, где я могу это сделать","нужно поговорить с чертовой службой поддержки, где мне это сделать?",other,general_info,0.9544368386268616,,
stg1_002638,stg1_001107,"хочу воспользоваться твоим чертовым мобильным приложением, могу ли я получить помощь?","Я бы хотел позвонить в чертову службу поддержки, вы можете мне помочь?",technical_issue,general_info,0.9544340968132019,,
stg1_000284,stg1_001457,не могли бы вы помочь мне добавить товар в корзину?,не могли бы вы помочь мне отправить товар обратно?,product_info,return_exchange,0.9544069766998291,,
stg1_001457,stg1_000284,не могли бы вы помочь мне отправить товар обратно?,не могли бы вы помочь мне добавить товар в корзину?,return_exchange,product_info,0.9544069766998291,,
stg1_001969,stg1_000096,Я хочу подать жалобу на вашу компанию,Я хочу оставить отзыв о вашей компании,other,product_info,0.9544066190719604,,
stg1_001820,stg1_001231,"хочу отправить чертов отзыв, где мне это сделать?","Я бы хотел отправить чертов заказ обратно, как мне это сделать?",other,return_exchange,0.9543852806091309,,
stg1_001274,stg1_001751,"моя чертова доставка неправильная, я хочу сообщить об этом","моя доставка не завершена, мне нужна помощь, чтобы сообщить о чертовой неполноте заказа",return_exchange,delivery,0.9543826580047607,,
stg1_000769,stg1_001079,"нужно просмотреть мою историю покупок, вы мне поможете","мне нужно посмотреть часы твоих покупок, мне нужна помощь",account,general_info,0.9543644189834595,,
stg1_001244,stg1_000463,Я бы хотел вернуть чертовы товары онлайн,мне нужно отменить чертов онлайн-заказ,return_exchange,order_status,0.9543547630310059,,
stg1_002737,stg1_001107,"Я бы хотел воспользоваться твоим чертовым мобильным приложением, можно мне помочь?","Я бы хотел позвонить в чертову службу поддержки, вы можете мне помочь?",technical_issue,general_info,0.9543519616127014,,
stg1_002529,stg1_001738,"Мне хотелось бы узнать больше о следующих распродажах, найти некоторую информацию","хочу узнать больше о сроках доставки моей покупки, могу найти некоторую информацию",promo_loyalty,delivery,0.9543449282646179,,
stg1_002276,stg1_001222,"хочу узнать больше о статусе моего возмещения, могу найти некоторую информацию","хочу узнать больше о твоем чертовом процессе возврата, могу найти некоторую информацию",payment_refund,return_exchange,0.9543153047561646,,
stg1_002100,stg1_000454,"я ищу информацию о статусе моего возмещения, где я могу его получить","мне нужна информация о статусе моего обмена, как я могу ее найти",payment_refund,order_status,0.9543103575706482,,
stg1_000670,stg1_002880,"я не могу создать пользователя, нужна помощь, сообщить о проблеме с регистрацией","приложение не работает, мне нужна помощь, чтобы сообщить о проблеме",account,technical_issue,0.9542492628097534,,
stg1_001140,stg1_000513,"мне бы хотелось поискать в чертовом магазине, как я мог это сделать","Я бы хотел проверить, где моя чертова посылка, как это сделать",general_info,order_status,0.9542154669761658,,
stg1_001797,stg1_000076,"Я хотел бы оставить комментарий о вашем бренде, помогите мне.","Мне нужно оставить отзыв о товаре, помогите мне.",other,product_info,0.954163670539856,,
stg1_002111,stg1_001247,"помогите мне понять, при каких обстоятельствах я могу запросить возврат средств","Я хотел бы запросить возврат средств, мне нужна помощь",payment_refund,return_exchange,0.9541579484939575,,
stg1_000570,stg1_001117,"мне нужно найти свою чертову посылку, где я могу это сделать","Мне нужно найти чертов магазин, где я могу это сделать?",order_status,general_info,0.9541189670562744,,
stg1_001780,stg1_000487,"мне нужно отправить чертов отзыв о твоем бренде, где я могу это сделать","мне нужно найти свой чертов онлайн-заказ, где я могу это сделать",other,order_status,0.9541170001029968,,
stg1_000455,stg1_001456,"Мне нужно отменить товар, как мне это сделать?","Мне нужно обменять товары, как я могу это сделать?",order_status,return_exchange,0.9540531039237976,,
stg1_001456,stg1_000455,"Мне нужно обменять товары, как я могу это сделать?","Мне нужно отменить товар, как мне это сделать?",return_exchange,order_status,0.9540531039237976,,
stg1_002605,stg1_001738,"хочу узнать больше о весенних распродажах, могу найти некоторую информацию","хочу узнать больше о сроках доставки моей покупки, могу найти некоторую информацию",promo_loyalty,delivery,0.954036295413971,,
stg1_002825,stg1_001107,"Я бы хотел использовать твое чертово мобильное приложение, можешь мне помочь?","Я бы хотел позвонить в чертову службу поддержки, вы можете мне помочь?",technical_issue,general_info,0.9539816379547119,,
stg1_000007,stg1_001350,Я хотел бы сообщить об ошибке в заказанном мной товаре. Могу ли я это сделать?,"я должен сообщить о неправильном товаре, вы мне поможете?",product_info,return_exchange,0.9539459943771362,,
stg1_002125,stg1_001386,"покажите мне, в каких ситуациях я могу запросить возврат средств","Мне нужно потребовать возврат средств, где я могу это сделать?",payment_refund,return_exchange,0.9539182186126709,,
stg1_001386,stg1_002125,"Мне нужно потребовать возврат средств, где я могу это сделать?","покажите мне, в каких ситуациях я могу запросить возврат средств",return_exchange,payment_refund,0.9539182186126709,,
stg1_000221,stg1_001484,"Я хочу узнать о чертовом продукте, где мне найти дополнительную информацию?","Мне хотелось бы узнать о чертовой дате доставки, как я могу получить дополнительную информацию?",product_info,delivery,0.9539005160331726,,
stg1_002601,stg1_001482,Я хочу узнать больше о весенних распродажах. Можете ли вы дать мне некоторую информацию?,"хочу узнать больше о сроках доставки моей покупки, дашь мне некоторую информацию?",promo_loyalty,delivery,0.9538982510566711,,
stg1_001835,stg1_000194,"Мне нужна помощь, чтобы отправить предложения по продуктам","Мне нужна помощь, чтобы отправить отзыв о вашей продукции",other,product_info,0.9538963437080383,,
stg1_000728,stg1_002243,"я не знаю, что делать, чтобы уведомить о проблеме с регистрацией","Я не знаю, что мне нужно сделать, чтобы уведомить о проблеме с оплатой",account,payment_refund,0.9537959694862366,,
stg1_002243,stg1_000728,"Я не знаю, что мне нужно сделать, чтобы уведомить о проблеме с оплатой","я не знаю, что делать, чтобы уведомить о проблеме с регистрацией",payment_refund,account,0.9537959694862366,,
stg1_001261,stg1_002337,не могли бы вы помочь мне получить гребаный возврат денег?,Можете ли вы помочь мне получить возврат денег?,return_exchange,payment_refund,0.953748881816864,,
stg1_000031,stg1_002396,"Я хотел бы узнать о чертовых продуктах, как я могу получить больше информации?","Я хотел бы узнать больше о чертовых продажах, можете ли вы дать мне некоторую информацию?",product_info,promo_loyalty,0.9537234306335449,,
stg1_002751,stg1_000656,"Я бы хотел использовать твое чертово приложение, мне нужна помощь","Я хотел бы исправить свои чертовы личные данные, мне нужна помощь",technical_issue,account,0.9537072777748108,,
stg1_002735,stg1_000277,"приложение не работает на моем устройстве, мне нужна помощь, чтобы сообщить об ошибке","мой продукт работает неправильно, мне нужна помощь, чтобы сообщить о проблеме с продуктом",technical_issue,product_info,0.9536734223365784,,
stg1_002661,stg1_000277,"приложение не работает на моем компьютере, мне нужна помощь, чтобы сообщить о проблеме","мой продукт работает неправильно, мне нужна помощь, чтобы сообщить о проблеме с продуктом",technical_issue,product_info,0.9535517692565918,,
stg1_001775,stg1_000964,"хочу отправить жалобу, мне нужна помощь","Мне нужно связаться со службой поддержки, мне нужна помощь",other,general_info,0.9535350203514099,,
stg1_001379,stg1_000184,"Я хочу вернуть купленный товар, мне нужна помощь","Я хотел бы сообщить о проблеме с купленным мной продуктом, мне нужна помощь",return_exchange,product_info,0.9535140991210938,,
stg1_001449,stg1_000359,"мне нужно отправить заказ обратно, я получу помощь","Я разместил заказ, мне нужна помощь, чтобы отменить его",return_exchange,order_status,0.9534845948219299,,
stg1_001514,stg1_002754,"моя доставка не была вовремя, мне нужна помощь, чтобы сообщить о чертовой проблеме с доставкой","сайт не работает на моем устройстве, мне нужна помощь, чтобы сообщить о чертовой проблеме",delivery,technical_issue,0.9534205198287964,,
stg1_002754,stg1_001514,"сайт не работает на моем устройстве, мне нужна помощь, чтобы сообщить о чертовой проблеме","моя доставка не была вовремя, мне нужна помощь, чтобы сообщить о чертовой проблеме с доставкой",technical_issue,delivery,0.9534205198287964,,
stg1_000508,stg1_001310,"Я бы хотел отменить чертов онлайн-заказ, ты мне поможешь?","Я бы хотел отправить чертов заказ обратно, ты мне поможешь?",order_status,return_exchange,0.9534183144569397,,
stg1_001672,stg1_002399,"Мне нужна информация о стоимости доставки, как ее найти?","Мне нужна информация о распродажах, как ее найти?",delivery,promo_loyalty,0.953411877155304,,
stg1_002399,stg1_001672,"Мне нужна информация о распродажах, как ее найти?","Мне нужна информация о стоимости доставки, как ее найти?",promo_loyalty,delivery,0.953411877155304,,
stg1_000188,stg1_001633,"Мне нужна помощь, чтобы проверить наличие товара","Я хочу узнать, когда прибудет мой товар, мне нужна помощь",product_info,delivery,0.9534067511558533,,
stg1_000291,stg1_001185,не могли бы вы помочь мне добавить чертовы товары в корзину?,"не могли бы вы помочь мне обменять некоторые чертовы товары, которые я купил?",product_info,return_exchange,0.9533977508544922,,
stg1_001185,stg1_000291,"не могли бы вы помочь мне обменять некоторые чертовы товары, которые я купил?",не могли бы вы помочь мне добавить чертовы товары в корзину?,return_exchange,product_info,0.9533977508544922,,
stg1_002095,stg1_002360,"мне нужна информация о твоих чертовых способах оплаты, где я могу ее получить","мне нужна информация о чертовых распродажах, где я могу ее получить",payment_refund,promo_loyalty,0.9533690810203552,,
stg1_001171,stg1_002623,"Я ищу информацию о твоих чертовых часах работы, ты мне поможешь?","Я ищу информацию о чертовых распродажах, ты мне поможешь?",general_info,promo_loyalty,0.9533555507659912,,
stg1_001068,stg1_000031,"Я хотел бы знать о ближайших к черту магазинах, где я могу получить больше информации?","Я хотел бы узнать о чертовых продуктах, как я могу получить больше информации?",general_info,product_info,0.953338086605072,,
stg1_002277,stg1_001369,Можете ли вы помочь мне потребовать возмещения денег?,"мне нужно запросить возмещение, можете ли вы мне помочь?",payment_refund,return_exchange,0.9533295035362244,,
stg1_001235,stg1_002106,"хочу увидеть твой чертов процесс возврата, мог бы мне помочь",Я хотел бы увидеть статус моего возврата. Вы мне поможете?,return_exchange,payment_refund,0.9533271789550781,,
stg1_001747,stg1_000076,"Мне нужно указать адрес доставки, помогите мне.","Мне нужно оставить отзыв о товаре, помогите мне.",delivery,product_info,0.9533199071884155,,
stg1_002707,stg1_002081,"Мне нужно использовать ваше приложение, вы можете мне помочь?","Мне нужно произвести оплату, вы можете мне помочь?",technical_issue,payment_refund,0.9533115029335022,,
stg1_000161,stg1_001633,"мне нужно проверить наличие товаров в магазине, мне нужна помощь","Я хочу узнать, когда прибудет мой товар, мне нужна помощь",product_info,delivery,0.9533089399337769,,
stg1_001190,stg1_000293,"Товар, который я получил, был раздавлен. Не могли бы вы помочь мне сообщить об этом?",Я хотел бы сообщить об ошибках в купленном мной продукте. Не могли бы вы мне помочь?,return_exchange,product_info,0.9532866477966309,,
stg1_002105,stg1_001190,"Я заказал товар, но не получил счет. Можете ли вы мне помочь его получить?","Товар, который я получил, был раздавлен. Не могли бы вы помочь мне сообщить об этом?",payment_refund,return_exchange,0.9532825946807861,,
stg1_001328,stg1_002239,Можете ли вы помочь мне проверить вашу политику возврата?,Мне нужна информация о вашей политике возврата средств. Можете ли вы мне помочь?,return_exchange,payment_refund,0.9532670378684998,,
stg1_002616,stg1_000285,"Мне нужна информация о чертовых распродажах, как ее найти?","Мне нужна информация о чертовых продуктах, как я могу ее получить?",promo_loyalty,product_info,0.9532550573348999,,
stg1_001306,stg1_000041,"чертов товар в моей посылке неправильный, сообщите об этом","заказанный мною продукт работает неправильно, сообщите о проблеме с продуктом",return_exchange,product_info,0.9532290697097778,,
stg1_000272,stg1_000748,"мне нужно проверить наличие товара, пожалуйста, помогите мне","мне нужно просмотреть историю покупок, мне нужна помощь",product_info,account,0.953228235244751,,
stg1_002278,stg1_001369,"Я хочу проверить вашу политику возмещения, вы мне поможете?","мне нужно запросить возмещение, можете ли вы мне помочь?",payment_refund,return_exchange,0.9531905651092529,,
stg1_000905,stg1_001512,"Я хотел бы проверить часы работы твоего чертового магазина, могу ли я получить некоторую помощь?","мне нужно проверить чертову дату доставки моей покупки, могу ли я получить помощь?",general_info,delivery,0.953131914138794,,
stg1_001650,stg1_000005,Я хотел бы сообщить о проблемах с доставкой моего груза. Вы мне поможете?,Я хотел бы сообщить о дефектах заказанного товара. Можете ли вы мне помочь?,delivery,product_info,0.9530916810035706,,
stg1_000362,stg1_002105,"Я запросил обмен, но не получил его. Можете ли вы помочь мне отследить статус моего замененного товара?","Я заказал товар, но не получил счет. Можете ли вы мне помочь его получить?",order_status,payment_refund,0.9530532956123352,,
stg1_001404,stg1_002074,"Я хотел бы вернуть чертову вещь, вы можете мне помочь?","Я бы хотел заплатить чертовой картой, ты можешь мне помочь?",return_exchange,payment_refund,0.9530310034751892,,
stg1_001661,stg1_002502,"Мне нужна информация о чертовой стоимости пересылки, где я могу ее получить?","Мне нужна информация о чертовой распродаже, где я могу ее получить?",delivery,promo_loyalty,0.953029215335846,,
stg1_002461,stg1_000020,"Я ищу информацию о чертовых распродажах, как мне ее найти?","Ищу информацию о чертовых продуктах, где ее взять?",promo_loyalty,product_info,0.9529600143432617,,
stg1_001629,stg1_001092,"Я хочу проверить чертов срок доставки, как мне это сделать?","Мне нужно проверить часы работы твоего чертового магазина, как я могу это сделать?",delivery,general_info,0.9529563784599304,,
stg1_002956,stg1_002915,Хочу вернуть деньги за заказ,Хочу вернуть товар,payment_refund,return_exchange,0.9529402852058411,,
stg1_002915,stg1_002956,Хочу вернуть товар,Хочу вернуть деньги за заказ,return_exchange,payment_refund,0.9529402852058411,,
stg1_001784,stg1_000931,"Мне нужно поговорить с чертовым человеком-агентом, где я могу это сделать?","нужно поговорить с чертовой службой поддержки, где мне это сделать?",other,general_info,0.9529373645782471,,
stg1_001323,stg1_000226,"Мне нужно вернуть товар, купленный онлайн, в магазин. Могу ли я получить помощь?","Мне нужно подтвердить наличие товара онлайн, можете ли вы мне помочь?",return_exchange,product_info,0.9529171586036682,,
stg1_001294,stg1_001494,"некоторые чертовы продукты, которые я получил, были сломаны, помогите мне сообщить о них","Мне не хватает некоторых продуктов, которые я купил, мне нужна помощь, чтобы сообщить о них",return_exchange,delivery,0.952913224697113,,
stg1_000357,stg1_002683,"Я бы хотел найти свою чертову посылку, может мне помочь.","Я бы хотел воспользоваться твоим чертовым приложением, можешь мне помочь.",order_status,technical_issue,0.9528781771659851,,
stg1_002683,stg1_000357,"Я бы хотел воспользоваться твоим чертовым приложением, можешь мне помочь.","Я бы хотел найти свою чертову посылку, может мне помочь.",technical_issue,order_status,0.9528781771659851,,
stg1_001974,stg1_000295,Мне нужна помощь в отправке идей для продукта,Мне нужна помощь в написании отзыва о продукте,other,product_info,0.9528716206550598,,
stg1_002350,stg1_001233,"мне нужно посмотреть, в каких случаях я могу потребовать вернуть свои деньги","мне нужно потребовать вернуть деньги, как я мог это сделать",payment_refund,return_exchange,0.9528213143348694,,
stg1_001960,stg1_000076,"у меня есть отзыв о продукте, помогите, мистер, отправьте его","Мне нужно оставить отзыв о товаре, помогите мне.",other,product_info,0.9528142809867859,,
stg1_001692,stg1_001381,"моя посылка неполная, мне нужна помощь, чтобы сообщить о неполной поставке","Товар, который я получил, неправильный, мне нужна помощь, чтобы сообщить об этом",delivery,return_exchange,0.9527888298034668,,
stg1_000306,stg1_002303,"я купил чертов товар, но он мне не нужен, могу ли я отменить заказ","я купил чертов товар и не получил счет, помогите мне его получить",order_status,payment_refund,0.952788233757019,,
stg1_002114,stg1_001472,хочу помочь получить возврат моих денег,Я ищу возврат средств,payment_refund,return_exchange,0.9527449011802673,,
stg1_001083,stg1_001977,"мне нужно поговорить со службой поддержки, чтобы это сделать","нужно поговорить с агентом, где я могу это сделать",general_info,other,0.9527215361595154,,
stg1_000052,stg1_001824,нужна помощь в отправке отзыва об услуге,мне нужна помощь в отправке отзыва о продукте,product_info,other,0.952721357345581,,
stg1_001388,stg1_001117,"Я хочу обменять купленный мной чертов товар, где мне это сделать?","Мне нужно найти чертов магазин, где я могу это сделать?",return_exchange,general_info,0.9527040719985962,,
stg1_001989,stg1_000070,"Мне нужно оставить отзыв, где это сделать?","есть адрес, где можно оставить отзыв?",other,product_info,0.9526985287666321,,
stg1_000070,stg1_001989,"есть адрес, где можно оставить отзыв?","Мне нужно оставить отзыв, где это сделать?",product_info,other,0.9526985287666321,,
stg1_001230,stg1_001048,"Мне нужно обменять чертов товар, который я купил в магазине, ты мне поможешь?","мне нужно поискать чертов магазин, ты мне поможешь?",return_exchange,general_info,0.9526691436767578,,
stg1_002701,stg1_000656,"Я бы хотел воспользоваться твоим чертовым мобильным приложением, мне нужна помощь","Я хотел бы исправить свои чертовы личные данные, мне нужна помощь",technical_issue,account,0.9525904655456543,,
stg1_002403,stg1_001513,"мне нужна информация о распродажах, как я могу ее получить","Мне нужна информация о стоимости доставки, как я могу ее получить?",promo_loyalty,delivery,0.9525720477104187,,
stg1_002603,stg1_001486,"Ищу информацию о очередных распродажах, мне нужна помощь","Я ищу информацию о дате доставки моей покупки, мне нужна помощь",promo_loyalty,delivery,0.9525500535964966,,
stg1_000491,stg1_001358,"мне нужно изменить свой чертов заказ, прежде чем использовать его, мне нужна помощь","Мне нужно вернуть чертов заказ, помогите мне.",order_status,return_exchange,0.9524890184402466,,
stg1_000097,stg1_001789,"нужно написать комментарий о ваших услугах, как я могу это сделать","Мне нужно оставить чертов комментарий о вашей компании, как я могу это сделать?",product_info,other,0.9524852633476257,,
stg1_001178,stg1_000204,"чертовы продукты в моей доставке неверны, помогите мне сообщить о них","хочу сообщить о чертовых проблемах с полученным мной продуктом, мне поможет",return_exchange,product_info,0.9524556398391724,,
stg1_000545,stg1_002109,можно ли увидеть чертов статус моего замененного товара?,могу ли я увидеть чертов статус моего возврата?,order_status,payment_refund,0.9524537324905396,,
stg1_002109,stg1_000545,могу ли я увидеть чертов статус моего возврата?,можно ли увидеть чертов статус моего замененного товара?,payment_refund,order_status,0.9524537324905396,,
stg1_001717,stg1_000320,"мне нужна помощь, чтобы проверить, какие у меня есть способы доставки","Мне нужна помощь, чтобы узнать, где моя чертова доставка.",delivery,order_status,0.9524459838867188,,
stg1_002298,stg1_001281,"хочу узнать о вашей политике возмещения расходов, как мне получить дополнительную информацию","Я хотел бы узнать о вашей чертовой политике возврата, где я могу получить дополнительную информацию",payment_refund,return_exchange,0.9524407386779785,,
stg1_001064,stg1_002398,"Мне нужно найти ближайший магазин, вы можете мне помочь?","Я ищу информацию о ближайших распродажах, не могли бы вы мне помочь?",general_info,promo_loyalty,0.9524145126342773,,
stg1_000924,stg1_001671,"нужно проверить часы работы твоего чертового магазина, можешь мне помочь","хочу проверить время доставки моей покупки, мне нужна помощь",general_info,delivery,0.9524016380310059,,
stg1_000227,stg1_001170,"Мне необходимо проверить наличие товара в магазине, где я могу это сделать?","Я хочу найти магазин, где я могу это сделать?",product_info,general_info,0.9523906707763672,,
stg1_002035,stg1_000179,"хочу оставить отзыв о вашем бренде, могу ли я получить помощь","хочу оставить отзыв о ваших услугах, помогите мне",other,product_info,0.952381432056427,,
stg1_001517,stg1_002495,как я могу получить информацию о чертовой стоимости доставки?,где я могу получить информацию о чертовой распродаже?,delivery,promo_loyalty,0.9523668885231018,,
stg1_001898,stg1_001045,"мне нужна помощь, разговариваю с кем-то","хочу поговорить со службой поддержки, мне нужна помощь",other,general_info,0.9523632526397705,,
stg1_002377,stg1_001136,Я хотел бы узнать больше о продажах найти некоторую информацию,Я хотел бы узнать больше о ближайших магазинах. Найдите некоторую информацию.,promo_loyalty,general_info,0.9523457884788513,,
stg1_000368,stg1_002091,"Я хотел бы проверить чертов статус моей замены, как мне это сделать?","Я хотел бы проверить статус моего возврата, как я могу это сделать?",order_status,payment_refund,0.9523338079452515,,
stg1_002091,stg1_000368,"Я хотел бы проверить статус моего возврата, как я могу это сделать?","Я хотел бы проверить чертов статус моей замены, как мне это сделать?",payment_refund,order_status,0.9523338079452515,,
stg1_000270,stg1_000803,помоги мне проверить наличие этого чертового товара,помогите мне проверить чертову историю покупок,product_info,account,0.9523205161094666,,
stg1_002309,stg1_001233,"помогите мне понять, в каких случаях я могу потребовать вернуть свои деньги","мне нужно потребовать вернуть деньги, как я мог это сделать",payment_refund,return_exchange,0.9523115754127502,,
stg1_002004,stg1_001246,"Я хотел бы отправить отзыв, где я могу это сделать","мне нужно запросить возмещение, где я могу это сделать",other,return_exchange,0.9523037075996399,,
stg1_001385,stg1_001494,"мне нужно обменять кое-какие вещи, которые я купил, мне нужна помощь","Мне не хватает некоторых продуктов, которые я купил, мне нужна помощь, чтобы сообщить о них",return_exchange,delivery,0.9522791504859924,,
stg1_001823,stg1_002268,"Я хотел представить чертовы идеи, где мне это сделать?","Я бы хотел сделать чертов платеж, где мне это сделать?",other,payment_refund,0.952274739742279,,
stg1_000034,stg1_001252,не могли бы вы помочь мне подтвердить наличие этого чертового товара в Интернете?,"не могли бы вы помочь мне обменять чертов товар, который я купил в магазине онлайн?",product_info,return_exchange,0.9522629976272583,,
stg1_001252,stg1_000034,"не могли бы вы помочь мне обменять чертов товар, который я купил в магазине онлайн?",не могли бы вы помочь мне подтвердить наличие этого чертового товара в Интернете?,return_exchange,product_info,0.9522629976272583,,
stg1_002024,stg1_001694,"Я хочу оставить комментарий о вашем бренде, мне нужна помощь","хочу сообщить о проблеме с доставкой моего заказа, мне нужна помощь",other,delivery,0.9522510766983032,,
stg1_002657,stg1_002064,"мобильное приложение не работает на моем мобильном телефоне, я хочу сообщить о чертовой проблеме","моя карта не работает, мне нужно сообщить о чертовой проблеме с оплатой",technical_issue,payment_refund,0.9522432088851929,,
stg1_001507,stg1_000886,"Мне нужно увидеть дату доставки, вы мне поможете?","Мне нужно просмотреть историю заказов, вы мне поможете?",delivery,account,0.9522413611412048,,
stg1_000328,stg1_001368,"я купил офигенный товар, но он мне не нужен, мне нужно отменить заказ","я купил товар, но хочу вернуть его, мне нужна помощь",order_status,return_exchange,0.9522114992141724,,
stg1_001241,stg1_001508,"один из предметов в моей посылке поврежден, помогите мне сообщить об этом","один из товаров из моего заказа не доставлен, помогите мне сообщить об этом",return_exchange,delivery,0.9522047638893127,,
stg1_000628,stg1_002679,"Я хотел бы закрыть свой чертов аккаунт, мне нужна помощь","Я бы хотел воспользоваться твоим чертовым приложением, мне нужна помощь",account,technical_issue,0.9521850347518921,,
stg1_002089,stg1_000326,"я сделал чертов заказ, но мне не пришел счет, помогите мне его получить","я купил чертов товар, но он мне не нужен, я хочу отменить заказ",payment_refund,order_status,0.9521635174751282,,
stg1_002334,stg1_001386,"Помогите узнать, в каких случаях я могу потребовать вернуть свои деньги","Мне нужно потребовать возврат средств, где я могу это сделать?",payment_refund,return_exchange,0.952149510383606,,
stg1_000500,stg1_001549,"Я хочу проверить, где моя посылка","где я могу проверить, когда прибудет моя посылка",order_status,delivery,0.9521257877349854,,
stg1_000013,stg1_001252,не могли бы вы помочь мне проверить наличие этого чертового товара онлайн?,"не могли бы вы помочь мне обменять чертов товар, который я купил в магазине онлайн?",product_info,return_exchange,0.9521077275276184,,
stg1_002252,stg1_001207,"Я заказал чертову вещь и не получил счет, можешь ли ты мне помочь с ее получением?","чертов продукт, который я получил, неправильный, не могли бы вы помочь мне сообщить об этом?",payment_refund,return_exchange,0.952099084854126,,
stg1_001418,stg1_000199,помогите мне вернуть чертов товар,помоги мне проверить наличие чертового товара,return_exchange,product_info,0.9520890116691589,,
stg1_000961,stg1_001964,"мне нужна помощь, чтобы поговорить со службой поддержки клиентов","мне нужна помощь, чтобы поговорить с агентом-человеком",general_info,other,0.9520773887634277,,
stg1_001964,stg1_000961,"мне нужна помощь, чтобы поговорить с агентом-человеком","мне нужна помощь, чтобы поговорить со службой поддержки клиентов",other,general_info,0.9520773887634277,,
stg1_000240,stg1_001947,Я хочу сообщить об ошибках в купленном мной продукте. Где я могу это сделать?,"Мне нужно отправить отзыв о продукте, где я могу это сделать?",product_info,other,0.9520702958106995,,
stg1_001524,stg1_000355,"где я могу увидеть, когда придет моя посылка?","Мне нужно посмотреть, где находится моя посылка, как я могу это сделать?",delivery,order_status,0.9520673155784607,,
stg1_000355,stg1_001524,"Мне нужно посмотреть, где находится моя посылка, как я могу это сделать?","где я могу увидеть, когда придет моя посылка?",order_status,delivery,0.9520673155784607,,
stg1_002113,stg1_001473,"мне нужно проверить, в каких случаях я могу запросить возврат средств","мне нужно потребовать возврат средств, как это сделать",payment_refund,return_exchange,0.9520630240440369,,
stg1_002436,stg1_001090,"Я хочу узнать больше о следующих распродажах, дайте мне немного информации.","Я хотел бы узнать больше о ваших часах покупок, дайте мне некоторую информацию",promo_loyalty,general_info,0.9520322680473328,,
stg1_001936,stg1_002088,"мне нужно отправить чертов отзыв, мне нужна помощь","Мне нужна помощь, чтобы сделать чертов перевод",other,payment_refund,0.9520235061645508,,
stg1_002221,stg1_000513,"Я хотел бы проверить чертов статус моего возврата, где мне это сделать","Я бы хотел проверить, где моя чертова посылка, как это сделать",payment_refund,order_status,0.9520106911659241,,
stg1_002214,stg1_000636,"Я хочу сделать гребаные переводы, могу ли я получить помощь?","Я хотел бы проверить гребаный перерыв в заказе, могу ли я получить некоторую помощь?",payment_refund,account,0.952009379863739,,
stg1_002382,stg1_000285,"Мне нужна информация о чертовых зимних распродажах, как я могу ее получить?","Мне нужна информация о чертовых продуктах, как я могу ее получить?",promo_loyalty,product_info,0.9519985914230347,,
stg1_000021,stg1_000324,"Я хочу удалить товар из корзины, как мне это сделать?","Я хочу отменить товар, как мне это сделать?",product_info,order_status,0.9519746899604797,,
stg1_002065,stg1_000454,"я ищу информацию о чертовом статусе моего возмещения, как я могу его получить","мне нужна информация о статусе моего обмена, как я могу ее найти",payment_refund,order_status,0.9519325494766235,,
stg1_000260,stg1_000344,"нужно проверить наличие чертовых товаров в Интернете, как я могу это сделать","нужно проверить, где находится мой чертов онлайн-заказ, как я могу это сделать",product_info,order_status,0.951932430267334,,
stg1_002536,stg1_001148,"Мне бы хотелось узнать больше о весенних распродажах, не могли бы вы дать мне некоторую информацию?","Хотелось бы узнать побольше о ближайших магазинах, не могли бы вы найти какую-нибудь информацию?",promo_loyalty,general_info,0.9518827795982361,,
stg1_000936,stg1_000157,помоги мне найти чертовы магазины рядом со мной,"мне нужно подтвердить наличие чертовых товаров в магазине, поможет мне",general_info,product_info,0.9518795609474182,,
stg1_002297,stg1_000326,"я совершил чертову покупку, но мне не пришел счет, как мне ее скачать","я купил чертов товар, но он мне не нужен, я хочу отменить заказ",payment_refund,order_status,0.9518253207206726,,
stg1_000037,stg1_001506,"нужно проверить наличие товара, помогите мне","Мне нужно проверить дату доставки, мне нужна помощь",product_info,delivery,0.9517945051193237,,
stg1_001158,stg1_002052,"Мне нужно связаться со службой поддержки, могу ли я получить помощь?","Мне нужно подать жалобу, могу ли я получить помощь?",general_info,other,0.9517840147018433,,
stg1_002052,stg1_001158,"Мне нужно подать жалобу, могу ли я получить помощь?","Мне нужно связаться со службой поддержки, могу ли я получить помощь?",other,general_info,0.9517840147018433,,
stg1_001451,stg1_002252,"Мне нужно вернуть чертову вещь, купленную в интернет-магазине, не могли бы вы мне помочь?","Я заказал чертову вещь и не получил счет, можешь ли ты мне помочь с ее получением?",return_exchange,payment_refund,0.9517687559127808,,
stg1_000944,stg1_001914,"Я не знаю, как связаться со службой поддержки клиентов","я не знаю, как подать жалобу клиента",general_info,other,0.95176762342453,,
stg1_001914,stg1_000944,"я не знаю, как подать жалобу клиента","Я не знаю, как связаться со службой поддержки клиентов",other,general_info,0.95176762342453,,
stg1_002347,stg1_001283,"Я хотел бы увидеть статус моего возврата, где мне это сделать","мне нужно посмотреть твои правила возврата, где мне это сделать",payment_refund,return_exchange,0.9517500400543213,,
stg1_001283,stg1_002347,"мне нужно посмотреть твои правила возврата, где мне это сделать","Я хотел бы увидеть статус моего возврата, где мне это сделать",return_exchange,payment_refund,0.9517500400543213,,
stg1_001254,stg1_000239,"Мне нужно вернуть заказ онлайн, мне нужна помощь","Я хотел бы подтвердить наличие продуктов онлайн, мне нужна помощь",return_exchange,product_info,0.9517490267753601,,
stg1_001675,stg1_001139,"Мне нужна информация о времени доставки, как я могу ее найти?","Мне нужна информация о часах ваших покупок, как я могу ее получить?",delivery,general_info,0.9517392516136169,,
stg1_001139,stg1_001675,"Мне нужна информация о часах ваших покупок, как я могу ее получить?","Мне нужна информация о времени доставки, как я могу ее найти?",general_info,delivery,0.9517392516136169,,
stg1_001793,stg1_000238,"Мне нужно отправить комментарий к товару, где это сделать?",Мне нужно сообщить о проблеме с заказанным товаром. Где я могу это сделать?,other,product_info,0.9517349600791931,,
stg1_000547,stg1_001416,можешь помочь мне купить кое-какие товары?,Можете ли вы помочь мне обменять купленные мной товары?,order_status,return_exchange,0.9517151713371277,,
stg1_001416,stg1_000547,Можете ли вы помочь мне обменять купленные мной товары?,можешь помочь мне купить кое-какие товары?,return_exchange,order_status,0.9517151713371277,,
stg1_001465,stg1_000034,"Этот чертов товар, который я получил, неправильный, можете ли вы помочь мне сообщить об этом?",не могли бы вы помочь мне подтвердить наличие этого чертового товара в Интернете?,return_exchange,product_info,0.9517078995704651,,
stg1_001480,stg1_001141,"Я хотел бы увидеть срок доставки моей покупки, как это сделать?","хочу посмотреть часы работы твоего магазина, как мне это сделать?",delivery,general_info,0.9516674876213074,,
stg1_001141,stg1_001480,"хочу посмотреть часы работы твоего магазина, как мне это сделать?","Я хотел бы увидеть срок доставки моей покупки, как это сделать?",general_info,delivery,0.9516674876213074,,
stg1_002082,stg1_001221,"Я хочу отследить свой чертов возврат средств, как мне это сделать?","Я хотел бы вернуть чертов товар, как мне это сделать?",payment_refund,return_exchange,0.9516547918319702,,
stg1_001221,stg1_002082,"Я хотел бы вернуть чертов товар, как мне это сделать?","Я хочу отследить свой чертов возврат средств, как мне это сделать?",return_exchange,payment_refund,0.9516547918319702,,
stg1_001223,stg1_000293,"Товары, которые я заказал, неверны. Не могли бы вы помочь мне сообщить о них?",Я хотел бы сообщить об ошибках в купленном мной продукте. Не могли бы вы мне помочь?,return_exchange,product_info,0.9516476988792419,,
stg1_002027,stg1_001158,"Мне нужно отправить идею, могу ли я получить помощь?","Мне нужно связаться со службой поддержки, могу ли я получить помощь?",other,general_info,0.951606273651123,,
stg1_001063,stg1_002127,Не могли бы вы помочь мне поговорить со службой поддержки клиентов?,не могли бы вы помочь мне сообщить о проблемах с оплатой?,general_info,payment_refund,0.9515678286552429,,
stg1_001493,stg1_000570,"хочу увидеть чертову стоимость пересылки, где я могу это сделать","мне нужно найти свою чертову посылку, где я могу это сделать",delivery,order_status,0.9515529274940491,,
stg1_002099,stg1_001710,"моя дебетовая карта была отклонена, мне нужна помощь, чтобы сообщить о проблеме с оплатой","моя посылка потерялась, мне нужна помощь, чтобы сообщить о проблеме с доставкой",payment_refund,delivery,0.9515097737312317,,
stg1_001196,stg1_000239,"мне нужно вернуть онлайн-заказ, мне нужна помощь","Я хотел бы подтвердить наличие продуктов онлайн, мне нужна помощь",return_exchange,product_info,0.9514951705932617,,
stg1_000252,stg1_001292,"мне нужно удалить чертов товар из корзины, можешь мне помочь?","мне нужно вернуть чертов товар, может мне поможет",product_info,return_exchange,0.9514924883842468,,
stg1_000502,stg1_002065,"Мне нужна информация о чертовом статусе моей замены, где я могу ее найти?","я ищу информацию о чертовом статусе моего возмещения, как я могу его получить",order_status,payment_refund,0.951485276222229,,
stg1_002038,stg1_000085,где я могу оставить отзыв о вашем бренде?,где я могу оставить отзыв об услуге?,other,product_info,0.9514402151107788,,
stg1_000085,stg1_002038,где я могу оставить отзыв об услуге?,где я могу оставить отзыв о вашем бренде?,product_info,other,0.9514402151107788,,
stg1_000938,stg1_001512,"Мне нужно проверить часы работы твоего чертового магазина, могу ли я чем-нибудь помочь?","мне нужно проверить чертову дату доставки моей покупки, могу ли я получить помощь?",general_info,delivery,0.951411247253418,,
stg1_000365,stg1_001493,"хочу найти свою чертову посылку, где это сделать","хочу увидеть чертову стоимость пересылки, где я могу это сделать",order_status,delivery,0.9513915181159973,,
stg1_002716,stg1_002000,"Я хочу использовать ваше приложение, не могли бы вы мне помочь?","Я хочу отправить идею продукта, не могли бы вы мне помочь?",technical_issue,other,0.9513738751411438,,
stg1_000090,stg1_001973,могу ли я написать отзыв о вашей продукции,можно ли отправить отзыв о продукте?,product_info,other,0.9513399600982666,,
stg1_001393,stg1_000293,чертовы продукты в моей доставке неверны. Не могли бы вы помочь мне сообщить о них?,Я хотел бы сообщить об ошибках в купленном мной продукте. Не могли бы вы мне помочь?,return_exchange,product_info,0.9513213038444519,,
stg1_002370,stg1_001136,"Я хотел бы узнать больше о следующих гребаных распродажах, найти некоторую информацию.",Я хотел бы узнать больше о ближайших магазинах. Найдите некоторую информацию.,promo_loyalty,general_info,0.9512845277786255,,
stg1_000006,stg1_001402,"мне нужно проверить наличие товара в магазине, не могли бы вы мне помочь?","Мне нужно обменять товар в магазине, вы мне поможете?",product_info,return_exchange,0.9512637257575989,,
stg1_001402,stg1_000006,"Мне нужно обменять товар в магазине, вы мне поможете?","мне нужно проверить наличие товара в магазине, не могли бы вы мне помочь?",return_exchange,product_info,0.9512637257575989,,
stg1_000917,stg1_001453,"Мне нужна информация о часах работы вашего магазина, где я могу ее найти?","Мне нужна информация о товаре в магазине, где я могу ее получить?",general_info,return_exchange,0.951183021068573,,
stg1_002462,stg1_000020,"Ищу информацию о чертовых весенних распродажах, где ее взять?","Ищу информацию о чертовых продуктах, где ее взять?",promo_loyalty,product_info,0.9511632919311523,,
stg1_002578,stg1_001453,"Мне нужна информация о ближайших распродажах, где я могу ее получить?","Мне нужна информация о товаре в магазине, где я могу ее получить?",promo_loyalty,return_exchange,0.9511457681655884,,
stg1_000330,stg1_002210,"я купил чертов товар, но он мне не нужен, я не могу отменить этот чертов заказ","Я сделал чертов заказ и не получил счет, мне нужна помощь с его получением",order_status,payment_refund,0.9511322379112244,,
stg1_002851,stg1_002064,"приложение не работает на моем телефоне, мне нужно сообщить об этой чертовой проблеме","моя карта не работает, мне нужно сообщить о чертовой проблеме с оплатой",technical_issue,payment_refund,0.9511286020278931,,
stg1_001917,stg1_001107,"мне нужно поговорить с чертовым кое-кем, ты можешь мне помочь?","Я бы хотел позвонить в чертову службу поддержки, вы можете мне помочь?",other,general_info,0.9510908722877502,,
stg1_001929,stg1_000338,"Я хотел бы оставить комментарий, могу ли я получить помощь?","Я хотел бы найти свою посылку, могу ли я получить помощь?",other,order_status,0.9510707855224609,,
stg1_002157,stg1_001412,как мне получить возврат денег?,"Мне нужно вернуть деньги, как это сделать?",payment_refund,return_exchange,0.9510445594787598,,
stg1_001412,stg1_002157,"Мне нужно вернуть деньги, как это сделать?",как мне получить возврат денег?,return_exchange,payment_refund,0.9510445594787598,,
stg1_002786,stg1_002064,"приложение не работает на моем мобильном телефоне, помогите мне сообщить о чертовой проблеме","моя карта не работает, мне нужно сообщить о чертовой проблеме с оплатой",technical_issue,payment_refund,0.9510332345962524,,
stg1_001636,stg1_001037,"мне нужно увидеть время доставки, как я могу это сделать","мне нужно проверить часы работы, как я могу это сделать",delivery,general_info,0.9510267376899719,,
stg1_001037,stg1_001636,"мне нужно проверить часы работы, как я могу это сделать","мне нужно увидеть время доставки, как я могу это сделать",general_info,delivery,0.9510267376899719,,
stg1_001703,stg1_000230,"где я могу увидеть, когда мой товар прибудет?",где я могу посмотреть наличие товара?,delivery,product_info,0.9510092735290527,,
stg1_000230,stg1_001703,где я могу посмотреть наличие товара?,"где я могу увидеть, когда мой товар прибудет?",product_info,delivery,0.9510092735290527,,
stg1_002329,stg1_001246,"помогите понять, в каких ситуациях я могу потребовать возмещение","мне нужно запросить возмещение, где я могу это сделать",payment_refund,return_exchange,0.9509998559951782,,
stg1_002284,stg1_000326,"я заказал чертову вещь и не получил счет, помогите мне ее скачать","я купил чертов товар, но он мне не нужен, я хочу отменить заказ",payment_refund,order_status,0.9509926438331604,,
stg1_000198,stg1_001340,"Мне нужно проверить наличие какого-то товара в магазине, это может мне помочь.","Я ищу информацию о чертовом товаре в магазине, мне нужна помощь.",product_info,return_exchange,0.9509924650192261,,
stg1_002443,stg1_001453,"Мне нужна информация о весенних распродажах, где я могу ее получить?","Мне нужна информация о товаре в магазине, где я могу ее получить?",promo_loyalty,return_exchange,0.9509616494178772,,
stg1_002558,stg1_000046,"Я ищу информацию о будущих распродажах, где я могу ее найти?","Я ищу информацию о продуктах, где я могу ее найти?",promo_loyalty,product_info,0.9509533047676086,,
stg1_001364,stg1_000505,"Мне нужно увидеть твою чертову обратную почту, как я могу это сделать?","Я хотел бы посмотреть, где моя чертова посылка, как я могу это сделать?",return_exchange,order_status,0.9509446024894714,,
stg1_001109,stg1_001977,"Мне нужно поговорить со службой поддержки, где я могу это сделать?","нужно поговорить с агентом, где я могу это сделать",general_info,other,0.9509363174438477,,
stg1_001113,stg1_000242,"Мне нужно найти магазины в моем районе, вы можете мне помочь?","Я хотел бы узнать о наличии товаров в магазине, не могли бы вы мне помочь?",general_info,product_info,0.9509313702583313,,
stg1_002469,stg1_001702,"Я ищу информацию о зимних распродажах, где я могу ее получить?","Я ищу информацию о дате доставки моей покупки, где я могу ее получить?",promo_loyalty,delivery,0.9509099125862122,,
stg1_001523,stg1_002790,Я хотел бы сообщить о чертовой проблеме с доставкой. Могу ли я это сделать?,"Я хочу сообщить о чертовой технической проблеме, где я могу это сделать?",delivery,technical_issue,0.9509001970291138,,
stg1_002327,stg1_001473,Мне нужно проверить процесс возврата средств. Как мне это сделать?,"мне нужно потребовать возврат средств, как это сделать",payment_refund,return_exchange,0.9508849382400513,,
stg1_001295,stg1_000281,"мне нужно обменять чертову вещь, которую я купил в магазине, где мне это сделать","нужно сообщить о чертовых дефектах в товаре, который я купил, как это сделать",return_exchange,product_info,0.9508646130561829,,
stg1_002046,stg1_000097,"Я хотел бы отправить комментарий о вашем бренде, где это сделать","нужно написать комментарий о ваших услугах, как я могу это сделать",other,product_info,0.9508585929870605,,
stg1_001375,stg1_002263,"Мне нужна чертова компенсация, помоги мне ее получить.","Я хотел бы заплатить чертовой картой, мне нужна помощь",return_exchange,payment_refund,0.9508441686630249,,
stg1_000799,stg1_002055,нужно зарегистрироваться помогите мне,"Мне нужно отправить отзыв, помогите мне",account,other,0.9508436918258667,,
stg1_002264,stg1_001386,"помощь, чтобы узнать, в каких ситуациях я могу запросить возврат средств","Мне нужно потребовать возврат средств, где я могу это сделать?",payment_refund,return_exchange,0.9508333206176758,,
stg1_002059,stg1_001045,"мне нужно поговорить с агентом, мог бы мне помочь","хочу поговорить со службой поддержки, мне нужна помощь",other,general_info,0.9508142471313477,,
stg1_002501,stg1_001702,"Я хотел бы получить информацию о зимних распродажах, где я могу ее получить?","Я ищу информацию о дате доставки моей покупки, где я могу ее получить?",promo_loyalty,delivery,0.9507836699485779,,
stg1_001285,stg1_002278,"Я хочу получить возмещение, вы мне поможете?","Я хочу проверить вашу политику возмещения, вы мне поможете?",return_exchange,payment_refund,0.9507655501365662,,
stg1_001259,stg1_000205,"мне нужно отправить обратно чертов товар, где это сделать","нужно удалить чертов товар из корзины, где я могу это сделать",return_exchange,product_info,0.9507443308830261,,
stg1_002249,stg1_002880,"Не могу сделать перевод, нужно сообщить о проблемах с оплатой","приложение не работает, мне нужна помощь, чтобы сообщить о проблеме",payment_refund,technical_issue,0.9507213830947876,,
stg1_001138,stg1_000227,"мне нужно найти магазины, где я могу это сделать","Мне необходимо проверить наличие товара в магазине, где я могу это сделать?",general_info,product_info,0.9507072567939758,,
stg1_002923,stg1_002972,Доставка в выходные работает?,Работаете ли в выходные?,delivery,general_info,0.9507054686546326,,
stg1_002972,stg1_002923,Работаете ли в выходные?,Доставка в выходные работает?,general_info,delivery,0.9507054686546326,,
stg1_002547,stg1_001162,"Я ищу информацию о следующих чертовых распродажах, где я могу ее получить","мне нужна информация о чертовых магазинах поблизости, где я могу ее получить",promo_loyalty,general_info,0.9506756663322449,,
stg1_000032,stg1_001404,"Я хотел бы проверить наличие этого чертового предмета, вы можете мне помочь?","Я хотел бы вернуть чертову вещь, вы можете мне помочь?",product_info,return_exchange,0.950672447681427,,
stg1_001333,stg1_002316,"Я должен запросить возмещение, как я могу это сделать?","Мне нужно проверить, в каких случаях я могу запросить возмещение",return_exchange,payment_refund,0.950670599937439,,
stg1_001460,stg1_000211,"помогите мне вернуть чертов товар, который я купил в магазине онлайн","хочу подтвердить наличие чертовых товаров в Интернете, мне поможет",return_exchange,product_info,0.9506604075431824,,
stg1_001737,stg1_001156,"Я хотел бы узнать о сроках доставки моей покупки, где я могу получить дополнительную информацию?",Я хотел бы узнать о ваших часах работы. Где я могу получить дополнительную информацию?,delivery,general_info,0.9506374001502991,,
stg1_001156,stg1_001737,Я хотел бы узнать о ваших часах работы. Где я могу получить дополнительную информацию?,"Я хотел бы узнать о сроках доставки моей покупки, где я могу получить дополнительную информацию?",general_info,delivery,0.9506374001502991,,
stg1_001124,stg1_001484,Мне хотелось бы узнать о твоих чертовых часах работы. Как мне найти дополнительную информацию?,"Мне хотелось бы узнать о чертовой дате доставки, как я могу получить дополнительную информацию?",general_info,delivery,0.9506081342697144,,
stg1_000610,stg1_000038,"мне нужна помощь, чтобы просмотреть историю покупок","мне нужна помощь, чтобы узнать наличие товара",account,product_info,0.9505954384803772,,
stg1_000319,stg1_001196,"я разместил онлайн-заказ, хочу его отменить","мне нужно вернуть онлайн-заказ, мне нужна помощь",order_status,return_exchange,0.9505903720855713,,
stg1_002797,stg1_000277,"мобильное приложение не работает на моем устройстве, мне нужна помощь, чтобы сообщить о проблеме","мой продукт работает неправильно, мне нужна помощь, чтобы сообщить о проблеме с продуктом",technical_issue,product_info,0.9505853652954102,,
stg1_002315,stg1_002435,"Я ищу информацию о чертовом статусе моего отказа, мне нужна помощь.","Я ищу информацию о чертовых распродажах, мне нужна помощь.",payment_refund,promo_loyalty,0.9505653977394104,,
stg1_001280,stg1_000178,"Я получил продукт не той модели, мне нужна помощь, чтобы сообщить об этом","Мне нужно сообщить об ошибке продукта, мне нужна помощь",return_exchange,product_info,0.9505579471588135,,
stg1_002778,stg1_000656,"Я хочу воспользоваться твоим чертовым мобильным приложением, мне нужна помощь","Я хотел бы исправить свои чертовы личные данные, мне нужна помощь",technical_issue,account,0.9505323171615601,,
stg1_001130,stg1_002497,"Я ищу информацию о твоих чертовых часах посещения магазинов, как я могу ее получить?","Я ищу информацию о чертовых распродажах, как мне ее получить?",general_info,promo_loyalty,0.9504860043525696,,
stg1_001263,stg1_000357,"Я пытаюсь найти чертову компенсацию, помогите мне.","Я бы хотел найти свою чертову посылку, может мне помочь.",return_exchange,order_status,0.9504844546318054,,
stg1_002567,stg1_001702,"Я ищу информацию о весенних распродажах, где я могу ее получить?","Я ищу информацию о дате доставки моей покупки, где я могу ее получить?",promo_loyalty,delivery,0.950484037399292,,
stg1_000875,stg1_002103,"Я хотел бы открыть счет, где я могу это сделать?","Я ищу счет, где я могу его найти?",account,payment_refund,0.9504706859588623,,
stg1_002103,stg1_000875,"Я ищу счет, где я могу его найти?","Я хотел бы открыть счет, где я могу это сделать?",payment_refund,account,0.9504706859588623,,
stg1_000327,stg1_000043,"Я хочу посмотреть, где мой чертов груз, как я могу это сделать?","Я хотел бы увидеть наличие этого чертового товара, где мне это сделать?",order_status,product_info,0.9504274725914001,,
stg1_001209,stg1_000260,"мне нужно вернуть чертовы товары из интернета, могу ли я это сделать","нужно проверить наличие чертовых товаров в Интернете, как я могу это сделать",return_exchange,product_info,0.95039963722229,,
stg1_000343,stg1_001728,"Мне нужно проверить, где находится моя чертова посылка, где я могу это сделать?","Я хотел бы проверить чертову стоимость пересылки, где я могу это сделать?",order_status,delivery,0.9503887891769409,,
stg1_000598,stg1_000964,"Мне нужна учетная запись, мне нужна помощь в ее создании","Мне нужно связаться со службой поддержки, мне нужна помощь",account,general_info,0.9503803253173828,,
stg1_002108,stg1_001119,"Мне нужна помощь, чтобы сообщить о чертовых проблемах с оплатой","мне нужна помощь, чтобы поговорить с чертовой службой поддержки клиентов",payment_refund,general_info,0.9502564072608948,,
stg1_000229,stg1_000376,Я хочу удалить товар из корзины,удалить товар из заказа,product_info,order_status,0.9502238035202026,,
stg1_001971,stg1_001203,мне нужна помощь с отправкой чертовых жалоб на продукт,"мне нужна помощь, чтобы отправить обратно чертов товар",other,return_exchange,0.9502190351486206,,
stg1_001279,stg1_000281,"мне нужно вернуть чертов товар, который я купил в магазине онлайн, как я могу это сделать","нужно сообщить о чертовых дефектах в товаре, который я купил, как это сделать",return_exchange,product_info,0.9502162337303162,,
stg1_000631,stg1_000329,"мне нужно изменить свою учетную запись, где это сделать","мне нужно отменить пункт, где мне это сделать",account,order_status,0.9502161145210266,,
stg1_000329,stg1_000631,"мне нужно отменить пункт, где мне это сделать","мне нужно изменить свою учетную запись, где это сделать",order_status,account,0.9502161145210266,,
stg1_002419,stg1_000242,"Я ищу информацию о весенних распродажах, не могли бы вы мне помочь?","Я хотел бы узнать о наличии товаров в магазине, не могли бы вы мне помочь?",promo_loyalty,product_info,0.9501801133155823,,
stg1_000003,stg1_000590,"Я хочу удалить товар из корзины, где мне это сделать?","Мне нужно отменить товар, где мне это сделать?",product_info,order_status,0.9501742720603943,,
stg1_002281,stg1_001406,мне нужно получить возмещение моих денег,"Мне нужно получить возмещение, мне нужна помощь",payment_refund,return_exchange,0.9501683115959167,,
stg1_001305,stg1_002105,"Я купил товар, но хочу отправить его обратно. Можете мне помочь?","Я заказал товар, но не получил счет. Можете ли вы мне помочь его получить?",return_exchange,payment_refund,0.9501662254333496,,
stg1_002323,stg1_001158,"Я хочу решить проблемы с оплатой, могу ли я получить помощь?","Мне нужно связаться со службой поддержки, могу ли я получить помощь?",payment_refund,general_info,0.9501366019248962,,
stg1_002857,stg1_000329,"нужно использовать ваше приложение, где мне это сделать","мне нужно отменить пункт, где мне это сделать",technical_issue,order_status,0.950115978717804,,
stg1_002481,stg1_001482,"Я хочу узнать больше о следующих распродажах, можешь ли ты найти какую-нибудь информацию?","хочу узнать больше о сроках доставки моей покупки, дашь мне некоторую информацию?",promo_loyalty,delivery,0.950113832950592,,
stg1_001180,stg1_001815,"Я хотел бы сообщить о чертовски неправильных продуктах, как мне это сделать?","Мне нужно отправить чертов отзыв о продукте, как я мог это сделать?",return_exchange,other,0.9500897526741028,,
stg1_000249,stg1_001461,"Я хочу добавить товар в корзину, где это можно сделать?","Я хотел бы обменять товар в магазине, где я могу это сделать?",product_info,return_exchange,0.9500685930252075,,
stg1_001933,stg1_000979,"Я вас не понимаю, мне нужна помощь, чтобы поговорить с агентом-человеком.","Я не знаю, что мне нужно сделать, чтобы поговорить со службой поддержки клиентов.",other,general_info,0.9500218629837036,,
stg1_002049,stg1_000100,как отправить отзыв о вашем филиале?,как я могу отправить отзыв об услуге?,other,product_info,0.9500097036361694,,
stg1_000100,stg1_002049,как я могу отправить отзыв об услуге?,как отправить отзыв о вашем филиале?,product_info,other,0.9500097036361694,,
stg1_001980,stg1_001204,"у меня есть отзыв о вашей компании, не могли бы вы помочь мне отправить его?","нужно отправить обратный заказ, не могли бы вы мне помочь?",other,return_exchange,0.9499856233596802,,
stg1_002390,stg1_001217,мне нужна информация о чертовых распродажах,"мне нужна информация о чертовом товаре в магазине, где я могу его найти",promo_loyalty,return_exchange,0.9499751925468445,,
stg1_001187,stg1_002157,"Мне нужно вернуть деньги, как мне это сделать?",как мне получить возврат денег?,return_exchange,payment_refund,0.9499478340148926,,
stg1_001505,stg1_000528,"Я хочу узнать стоимость доставки, как мне это сделать?","Я хочу отслеживать доставку, как мне это сделать?",delivery,order_status,0.9499270915985107,,
stg1_000528,stg1_001505,"Я хочу отслеживать доставку, как мне это сделать?","Я хочу узнать стоимость доставки, как мне это сделать?",order_status,delivery,0.9499270915985107,,
stg1_000646,stg1_002279,"мне нужно изменить свой чертов профиль, могу ли я получить помощь","мне нужно запросить чертов счет, могу ли я получить помощь",account,payment_refund,0.9499267935752869,,
stg1_002690,stg1_002064,"приложение не работает на моем телефоне, я должен сообщить об этой чертовой проблеме","моя карта не работает, мне нужно сообщить о чертовой проблеме с оплатой",technical_issue,payment_refund,0.9499191045761108,,
stg1_001122,stg1_002511,"Я хотел бы узнать больше о часах работы вашего чертового магазина, я дам мне некоторую информацию.","Я хотел бы узнать больше о чертовых распродажах, дайте мне немного информации.",general_info,promo_loyalty,0.9498905539512634,,
stg1_000223,stg1_001469,Мне нужно просмотреть наличие товаров в Интернете. Вы мне поможете?,"Мне нужно вернуть в магазин чертов товар, который я купил в Интернете. Вы мне поможете?",product_info,return_exchange,0.9498900771141052,,
stg1_001651,stg1_001139,"Я ищу информацию о сроках доставки моего заказа, как я могу ее получить?","Мне нужна информация о часах ваших покупок, как я могу ее получить?",delivery,general_info,0.9498790502548218,,
stg1_002672,stg1_000009,"приложение не работает на моем мобильном телефоне, не могли бы вы помочь мне сообщить о проблеме?",заказанный мной продукт не работает должным образом. Можете ли вы мне помочь сообщить о проблеме с продуктом?,technical_issue,product_info,0.9498691558837891,,
stg1_001925,stg1_000293,"Я хотел бы отправить жалобы на продукт, не могли бы мне помочь",Я хотел бы сообщить об ошибках в купленном мной продукте. Не могли бы вы мне помочь?,other,product_info,0.9498509168624878,,
stg1_001918,stg1_001694,"у меня есть чертов комментарий о твоем бренде, мне нужна помощь, чтобы отправить его","хочу сообщить о проблеме с доставкой моего заказа, мне нужна помощь",other,delivery,0.9498494863510132,,
stg1_002884,stg1_000656,"хочу использовать твое чертово мобильное приложение, мне нужна помощь","Я хотел бы исправить свои чертовы личные данные, мне нужна помощь",technical_issue,account,0.9498382210731506,,
stg1_002705,stg1_000621,"Я бы хотел воспользоваться твоим чертовым приложением, где я могу это сделать?","Я бы хотел сменить свою чертову учетную запись, где мне это сделать?",technical_issue,account,0.9498117566108704,,
stg1_002301,stg1_001245,"Я хочу знать о статусе моего возврата, дайте мне некоторую информацию","мне нужна информация о твоем чертовом процессе возврата, могу я ее получить",payment_refund,return_exchange,0.9498016238212585,,
stg1_000062,stg1_001914,"Я не знаю, как оставить отзыв об услуге","я не знаю, как подать жалобу клиента",product_info,other,0.9497655630111694,,
stg1_000793,stg1_001662,"У меня ошибка в моей учетной записи пользователя, как я могу ее обновить?","Я по ошибке указал свой старый адрес, как я могу его обновить?",account,delivery,0.9497575163841248,,
stg1_001662,stg1_000793,"Я по ошибке указал свой старый адрес, как я могу его обновить?","У меня ошибка в моей учетной записи пользователя, как я могу ее обновить?",delivery,account,0.9497575163841248,,
stg1_000935,stg1_001521,"Я хотел бы узнать часы работы вашего магазина, это мне поможет.","Мне нужно проверить время доставки моего заказа, помогите мне.",general_info,delivery,0.9497313499450684,,
stg1_001830,stg1_001045,"Я бы хотел поговорить с кем-нибудь, черт возьми, мне нужна помощь","хочу поговорить со службой поддержки, мне нужна помощь",other,general_info,0.9497004151344299,,
stg1_001287,stg1_001939,"Я хочу отправить обратно купленный товар, могу ли я получить помощь?","Мне нужно подать жалобу на товар, могу ли я получить помощь?",return_exchange,other,0.9496596455574036,,
stg1_002730,stg1_002064,"приложение не работает на моем компьютере, помогите мне сообщить о чертовой проблеме","моя карта не работает, мне нужно сообщить о чертовой проблеме с оплатой",technical_issue,payment_refund,0.9496361613273621,,
stg1_001344,stg1_000309,"Мне нужно обменять купленные мной чертовы заказы, как это сделать?","Мне нужно отменить чертов заказ, как я могу это сделать?",return_exchange,order_status,0.949614405632019,,
stg1_003001,stg1_002157,Как оформить возврат?,как мне получить возврат денег?,return_exchange,payment_refund,0.9495975971221924,,
stg1_001116,stg1_001914,"Я не знаю, как мне поговорить со службой поддержки клиентов","я не знаю, как подать жалобу клиента",general_info,other,0.9495927691459656,,
stg1_001816,stg1_001200,"Мне нужно отправить чертовы предложения по продукту, как я мог это сделать?","Мне нужно отправить чертов товар обратно, где я могу это сделать?",other,return_exchange,0.9495872259140015,,
stg1_001725,stg1_002754,"моя посылка была отправлена ​​не на тот адрес, мне нужна помощь, чтобы сообщить о проблемах с доставкой","сайт не работает на моем устройстве, мне нужна помощь, чтобы сообщить о чертовой проблеме",delivery,technical_issue,0.949561595916748,,
stg1_000156,stg1_001340,"Я не вижу наличия чертовых товаров в магазине, мне нужна помощь","Я ищу информацию о чертовом товаре в магазине, мне нужна помощь.",product_info,return_exchange,0.949559211730957,,
stg1_002415,stg1_001408,"Ищу информацию о чертовых зимних распродажах, помогите.","Я ищу информацию о чертовом товаре в магазине, помогите мне.",promo_loyalty,return_exchange,0.9495499730110168,,
stg1_002023,stg1_001107,"Я хотел бы поговорить с чертовым агентом-человеком, могу ли я получить помощь?","Я бы хотел позвонить в чертову службу поддержки, вы можете мне помочь?",other,general_info,0.9495322704315186,,
stg1_002387,stg1_001217,"мне нужна информация о чертовых весенних распродажах, как мне ее найти","мне нужна информация о чертовом товаре в магазине, где я могу его найти",promo_loyalty,return_exchange,0.9495198130607605,,
stg1_001277,stg1_002004,"Я хотел бы отправить товар обратно, где я могу это сделать","Я хотел бы отправить отзыв, где я могу это сделать",return_exchange,other,0.9495083689689636,,
stg1_000236,stg1_002901,"мой продукт не работает так, как указано. Помогите мне сообщить о проблеме с продуктом.",мобильное приложение не работает на моем устройстве. Помогите мне сообщить о проблеме.,product_info,technical_issue,0.9494941830635071,,
stg1_002901,stg1_000236,мобильное приложение не работает на моем устройстве. Помогите мне сообщить о проблеме.,"мой продукт не работает так, как указано. Помогите мне сообщить о проблеме с продуктом.",technical_issue,product_info,0.9494941830635071,,
stg1_002622,stg1_001219,"Мне нравится информация о чертовых зимних распродажах, где я могу ее получить","Мне нравится информация о товаре в магазине, где я могу его получить",promo_loyalty,return_exchange,0.9494790434837341,,
stg1_002066,stg1_001478,Я не получил подтверждение платежа. Помогите мне сообщить о чертовой проблеме с оплатой.,"я не получил посылку, мне нужна помощь, чтобы сообщить о проблеме с доставкой",payment_refund,delivery,0.9494783282279968,,
stg1_001069,stg1_001470,"мне нужно поговорить с чертовой службой поддержки, не могли бы мне помочь","Я должен сообщить о чертовски неправильных товарах, мне нужна помощь",general_info,return_exchange,0.949461042881012,,
stg1_002712,stg1_002027,"Я хотел бы использовать ваше приложение, могу ли я получить помощь?","Мне нужно отправить идею, могу ли я получить помощь?",technical_issue,other,0.9494361877441406,,
stg1_002361,stg1_001486,"Ищу информацию о следующих распродажах, мне нужна помощь","Я ищу информацию о дате доставки моей покупки, мне нужна помощь",promo_loyalty,delivery,0.9494331479072571,,
stg1_000082,stg1_001973,как я могу отправить отзыв?,можно ли отправить отзыв о продукте?,product_info,other,0.9494168758392334,,
stg1_001475,stg1_002099,"моя доставка была задержана, мне нужна помощь, чтобы сообщить о проблемах с доставкой","моя дебетовая карта была отклонена, мне нужна помощь, чтобы сообщить о проблеме с оплатой",delivery,payment_refund,0.9494101405143738,,
stg1_000152,stg1_001203,мне нужна помощь в извлечении чертовых товаров из корзины,"мне нужна помощь, чтобы отправить обратно чертов товар",product_info,return_exchange,0.9494015574455261,,
stg1_001346,stg1_002307,"Мне нужно вернуть деньги, помогите мне.","нужна помощь, чтобы запросить возврат моих денег",return_exchange,payment_refund,0.9493891596794128,,
stg1_001479,stg1_001241,помогите мне сообщить о проблеме с доставкой моей посылки,"один из предметов в моей посылке поврежден, помогите мне сообщить об этом",delivery,return_exchange,0.9493409991264343,,
stg1_001742,stg1_000925,Мне нужно увидеть чертову дату доставки моей покупки. Могу ли я это сделать?,"Мне нужно посмотреть часы работы твоего чертового магазина, как мне это сделать?",delivery,general_info,0.9493210911750793,,
stg1_000925,stg1_001742,"Мне нужно посмотреть часы работы твоего чертового магазина, как мне это сделать?",Мне нужно увидеть чертову дату доставки моей покупки. Могу ли я это сделать?,general_info,delivery,0.9493210911750793,,
stg1_001950,stg1_001350,Мне нужно подать жалобу на ваш бренд. Вы мне поможете?,"я должен сообщить о неправильном товаре, вы мне поможете?",other,return_exchange,0.9493041634559631,,
stg1_000182,stg1_002211,"Я хотел бы увидеть наличие этого чертового предмета, не могли бы вы мне помочь?",Я хотел бы увидеть чертов статус моего возмещения. Не могли бы вы мне помочь?,product_info,payment_refund,0.9493030309677124,,
stg1_002614,stg1_001453,"Мне нужна информация о зимних распродажах, где я могу ее получить?","Мне нужна информация о товаре в магазине, где я могу ее получить?",promo_loyalty,return_exchange,0.9492943286895752,,
stg1_000465,stg1_001713,помоги мне отследить мою чертову доставку,"мне нужно сообщить о чертовой неполной доставке, помогите мне",order_status,delivery,0.9492847323417664,,
stg1_001100,stg1_000227,"Мне нужно найти ближайший ко мне магазин, где я могу это сделать?","Мне необходимо проверить наличие товара в магазине, где я могу это сделать?",general_info,product_info,0.9492522478103638,,
stg1_002336,stg1_000306,"я сделал чертов заказ и не получил счет, могу ли я его скачать","я купил чертов товар, но он мне не нужен, могу ли я отменить заказ",payment_refund,order_status,0.9492132663726807,,
stg1_000403,stg1_001835,Мне нужна помощь в приобретении некоторых ваших продуктов,"Мне нужна помощь, чтобы отправить предложения по продуктам",order_status,other,0.9492003917694092,,
stg1_000521,stg1_001661,"Мне нужно найти свою чертову посылку, где ее взять?","Мне нужна информация о чертовой стоимости пересылки, где я могу ее получить?",order_status,delivery,0.9491956233978271,,
stg1_002002,stg1_001277,"Я хотел бы отправить отзывы о продуктах, где я могу это сделать","Я хотел бы отправить товар обратно, где я могу это сделать",other,return_exchange,0.9491809010505676,,
stg1_000165,stg1_001484,"Я хочу узнать о продукте, как я могу получить дополнительную информацию?","Мне хотелось бы узнать о чертовой дате доставки, как я могу получить дополнительную информацию?",product_info,delivery,0.9491631984710693,,
stg1_001913,stg1_001045,"мне нужна помощь, чтобы поговорить с кем-то","хочу поговорить со службой поддержки, мне нужна помощь",other,general_info,0.9491430521011353,,
stg1_001987,stg1_001358,"Мне нужно подать чертову жалобу на вашу компанию, помогите мне.","Мне нужно вернуть чертов заказ, помогите мне.",other,return_exchange,0.9491291046142578,,
stg1_000895,stg1_000010,Мне нужна информация о часах работы вашего магазина. Могу ли я получить помощь?,Мне нужно подтвердить наличие товаров в магазине. Могу ли я получить помощь?,general_info,product_info,0.9490718841552734,,
stg1_002727,stg1_002064,"Мобильное приложение не работает на моем Mac, мне нужно сообщить о чертовой проблеме","моя карта не работает, мне нужно сообщить о чертовой проблеме с оплатой",technical_issue,payment_refund,0.9490260481834412,,
stg1_002854,stg1_002000,"Я хотел бы использовать ваше приложение, не могли бы вы мне помочь?","Я хочу отправить идею продукта, не могли бы вы мне помочь?",technical_issue,other,0.9490098357200623,,
stg1_000854,stg1_002273,"Я бы хотел изменить свой чертов профиль, где это сделать.","я бы хотел сделать чертов перевод, где я мог бы сделать это",account,payment_refund,0.9489918947219849,,
stg1_002273,stg1_000854,"я бы хотел сделать чертов перевод, где я мог бы сделать это","Я бы хотел изменить свой чертов профиль, где это сделать.",payment_refund,account,0.9489918947219849,,
stg1_001811,stg1_000979,"я не понимаю, мне нужна помощь, чтобы поговорить с оператором","Я не знаю, что мне нужно сделать, чтобы поговорить со службой поддержки клиентов.",other,general_info,0.9489518404006958,,
stg1_001931,stg1_000243,"Я не знаю, как подать жалобу от потребителя.","Я не знаю, как написать отзыв об услуге.",other,product_info,0.9489347338676453,,
stg1_000243,stg1_001931,"Я не знаю, как написать отзыв об услуге.","Я не знаю, как подать жалобу от потребителя.",product_info,other,0.9489347338676453,,
stg1_002034,stg1_000040,"нужно отправить чертовски предложение по улучшению продукта, помогите мне","мне нужно добавить чертов товар в корзину, помогите мне.",other,product_info,0.9488934278488159,,
stg1_001397,stg1_000590,"Мне нужно вернуть товар онлайн, где я могу это сделать?","Мне нужно отменить товар, где мне это сделать?",return_exchange,order_status,0.948875367641449,,
stg1_001413,stg1_000007,"один из купленных мной товаров был чертовски поврежден, могу ли я сообщить об этом?",Я хотел бы сообщить об ошибке в заказанном мной товаре. Могу ли я это сделать?,return_exchange,product_info,0.9488360285758972,,
stg1_001806,stg1_000179,"У меня есть отзыв, вы поможете мне его отправить?","хочу оставить отзыв о ваших услугах, помогите мне",other,product_info,0.9487955570220947,,
stg1_002405,stg1_001163,"хочу узнать больше о чертовых весенних распродажах, можешь найти какую-нибудь информацию?","Я хотел бы узнать больше о ближайших к черту магазинах, вы можете дать мне некоторую информацию?",promo_loyalty,general_info,0.9487533569335938,,
stg1_001813,stg1_000086,"Я хочу оставить отзыв о продукте, где я могу это сделать?","Мне нужна помощь, чтобы оставить отзыв о продукте",other,product_info,0.9487504959106445,,
stg1_000258,stg1_001343,"Мне нужно добавить товар в корзину, могу ли я получить помощь?","Мне нужно отправить товар обратно, могу ли я получить помощь?",product_info,return_exchange,0.9487484097480774,,
stg1_001131,stg1_001738,"хочу узнать о часах работы вашего магазина, где я могу найти дополнительную информацию","хочу узнать больше о сроках доставки моей покупки, могу найти некоторую информацию",general_info,delivery,0.9487325549125671,,
stg1_001426,stg1_000185,Мне нужно обменять чертов товар в магазине.,"Мне нужна помощь, чтобы добавить чертов товар в корзину.",return_exchange,product_info,0.9487224221229553,,
stg1_000310,stg1_002010,"я бы хотел отменить чертов заказ, где это сделать","мне нужно оставить чертов комментарий, где это сделать",order_status,other,0.9487209320068359,,
stg1_002010,stg1_000310,"мне нужно оставить чертов комментарий, где это сделать","я бы хотел отменить чертов заказ, где это сделать",other,order_status,0.9487209320068359,,
stg1_002216,stg1_000502,Мне нужна информация о чертовом статусе моего возмещения,"Мне нужна информация о чертовом статусе моей замены, где я могу ее найти?",payment_refund,order_status,0.948703408241272,,
stg1_002878,stg1_000277,"веб-сайт не работает на моем устройстве, мне нужна помощь, чтобы сообщить об ошибке","мой продукт работает неправильно, мне нужна помощь, чтобы сообщить о проблеме с продуктом",technical_issue,product_info,0.9486982226371765,,
stg1_002026,stg1_000073,как я могу оставить чертов отзыв о продукте,"Я не знаю, как я могу оставить отзыв о продукте",other,product_info,0.948693037033081,,
stg1_000073,stg1_002026,"Я не знаю, как я могу оставить отзыв о продукте",как я могу оставить чертов отзыв о продукте,product_info,other,0.948693037033081,,
stg1_000542,stg1_002118,"мне нужно проверить статус замены, помогите мне",помогите мне проверить статус возврата,order_status,payment_refund,0.9486881494522095,,
stg1_002118,stg1_000542,помогите мне проверить статус возврата,"мне нужно проверить статус замены, помогите мне",payment_refund,order_status,0.9486881494522095,,
stg1_000079,stg1_002035,"Мне нужна помощь, чтобы оставить отзыв о ваших услугах","хочу оставить отзыв о вашем бренде, могу ли я получить помощь",product_info,other,0.9486693143844604,,
stg1_002773,stg1_000009,мобильное приложение не работает на моем планшете. Можете ли вы помочь мне сообщить о проблеме?,заказанный мной продукт не работает должным образом. Можете ли вы мне помочь сообщить о проблеме с продуктом?,technical_issue,product_info,0.9486591219902039,,
stg1_000048,stg1_002211,"Я хотел бы увидеть наличие этих чертовых предметов, не могли бы вы мне помочь?",Я хотел бы увидеть чертов статус моего возмещения. Не могли бы вы мне помочь?,product_info,payment_refund,0.9486450552940369,,
stg1_002087,stg1_000542,"мне нужна помощь, чтобы проверить статус моего возмещения","мне нужно проверить статус замены, помогите мне",payment_refund,order_status,0.9486409425735474,,
stg1_001038,stg1_002398,"мне нужно поискать ближайший магазин, ты мне поможешь?","Я ищу информацию о ближайших распродажах, не могли бы вы мне помочь?",general_info,promo_loyalty,0.9486342668533325,,
stg1_000600,stg1_001686,"мне нужно изменить мою личную информацию, помогите мне","мой адрес изменился, мне нужна помощь в его изменении",account,delivery,0.9486270546913147,,
stg1_000985,stg1_000068,"мне нужна помощь, чтобы связаться со службой поддержки клиентов","Мне нужна помощь, чтобы отправить отзыв о ваших услугах",general_info,product_info,0.9486197233200073,,
stg1_001049,stg1_001970,Мне нужна помощь в разговоре с чертовой службой поддержки клиентов.,"мне нужна помощь, чтобы поговорить с чертовым оператором",general_info,other,0.9486192464828491,,
stg1_002801,stg1_000277,"приложение не работает на моем мобильном телефоне, мне нужна помощь, чтобы сообщить об ошибке","мой продукт работает неправильно, мне нужна помощь, чтобы сообщить о проблеме с продуктом",technical_issue,product_info,0.9486139416694641,,
stg1_000168,stg1_000324,"Я хочу удалить товары из корзины, как мне это сделать?","Я хочу отменить товар, как мне это сделать?",product_info,order_status,0.9485763311386108,,
stg1_001981,stg1_000961,Мне нужна помощь в разговоре с агентом-человеком,"мне нужна помощь, чтобы поговорить со службой поддержки клиентов",other,general_info,0.9485725164413452,,
stg1_002286,stg1_000292,Я хочу сообщить об ошибках с оплатой,хочу сообщить об ошибках продукта,payment_refund,product_info,0.9485644698143005,,
stg1_000292,stg1_002286,хочу сообщить об ошибках продукта,Я хочу сообщить об ошибках с оплатой,product_info,payment_refund,0.9485644698143005,,
stg1_002344,stg1_001391,Я хочу ознакомиться с вашей политикой возврата средств. Вы мне поможете?,"Я хочу узнать о вашей чертовой политике возврата, можете ли вы найти какую-нибудь информацию?",payment_refund,return_exchange,0.9485235214233398,,
stg1_000984,stg1_000068,"Мне нужна помощь, чтобы позвонить в службу поддержки клиентов","Мне нужна помощь, чтобы отправить отзыв о ваших услугах",general_info,product_info,0.9484978318214417,,
stg1_001301,stg1_000038,Мне нужна помощь для обмена купленных мной товаров,"мне нужна помощь, чтобы узнать наличие товара",return_exchange,product_info,0.9484556317329407,,
stg1_001798,stg1_001488,"Я хотел бы оставить чертов комментарий о продукте, где я могу это сделать","мне нужно сообщить о чертовой проблеме с доставкой, где я могу это сделать",other,delivery,0.9484293460845947,,
stg1_000865,stg1_000323,"Мне нужно найти то, что я купил, мне нужна помощь в проверке моей гребаной истории покупок.","Я хотел бы проверить, где моя гребаная доставка, мне нужна помощь.",account,order_status,0.9484262466430664,,
stg1_002519,stg1_001136,"Я хочу узнать больше о следующих гребаных распродажах, найти некоторую информацию.",Я хотел бы узнать больше о ближайших магазинах. Найдите некоторую информацию.,promo_loyalty,general_info,0.9483915567398071,,
stg1_000287,stg1_000748,"хочу увидеть наличие товара, помогите мне","мне нужно просмотреть историю покупок, мне нужна помощь",product_info,account,0.9483581185340881,,
stg1_001825,stg1_002273,"я бы хотел поговорить с кем-нибудь, где я мог бы это сделать","я бы хотел сделать чертов перевод, где я мог бы сделать это",other,payment_refund,0.9483374953269958,,
stg1_001991,stg1_002850,"Я хочу подать чертову жалобу, как я могу это сделать?","мне нужно сообщить о чертовой проблеме на сайте, как мне это сделать?",other,technical_issue,0.9483296871185303,,
stg1_002850,stg1_001991,"мне нужно сообщить о чертовой проблеме на сайте, как мне это сделать?","Я хочу подать чертову жалобу, как я могу это сделать?",technical_issue,other,0.9483296871185303,,
stg1_002369,stg1_001738,"Я хочу узнать больше о зимних распродажах, найти некоторую информацию","хочу узнать больше о сроках доставки моей покупки, могу найти некоторую информацию",promo_loyalty,delivery,0.9483198523521423,,
stg1_000668,stg1_000338,"Я хотел бы закрыть свою учетную запись, могу ли я получить помощь?","Я хотел бы найти свою посылку, могу ли я получить помощь?",account,order_status,0.9482738971710205,,
stg1_000321,stg1_002310,"Я запросил обмен, но не получил его. Помогите мне отследить статус моего товара на замену.","Я совершил покупку, но не получил счет. Помогите мне скачать ее.",order_status,payment_refund,0.9482699036598206,,
stg1_002310,stg1_000321,"Я совершил покупку, но не получил счет. Помогите мне скачать ее.","Я запросил обмен, но не получил его. Помогите мне отследить статус моего товара на замену.",payment_refund,order_status,0.9482699036598206,,
stg1_002655,stg1_000620,"Я хотел бы использовать ваше приложение, мне нужна помощь","Я хочу зарегистрироваться, мне нужна помощь",technical_issue,account,0.948248565196991,,
stg1_001354,stg1_000038,мне нужна помощь в обмене купленных мной товаров,"мне нужна помощь, чтобы узнать наличие товара",return_exchange,product_info,0.9482247829437256,,
stg1_000197,stg1_002055,"нужна помощь, оставлю свой отзыв об услуге","Мне нужно отправить отзыв, помогите мне",product_info,other,0.9482195377349854,,
stg1_001093,stg1_001636,"мне нужно проверить часы работы, где я могу это сделать","мне нужно увидеть время доставки, как я могу это сделать",general_info,delivery,0.9482019543647766,,
stg1_002634,stg1_000277,"мобильное приложение не работает на моем устройстве, мне нужна помощь, чтобы сообщить об ошибке","мой продукт работает неправильно, мне нужна помощь, чтобы сообщить о проблеме с продуктом",technical_issue,product_info,0.9481872916221619,,
stg1_001338,stg1_000226,"мне нужно вернуть товары онлайн, могу ли я получить помощь","Мне нужно подтвердить наличие товара онлайн, можете ли вы мне помочь?",return_exchange,product_info,0.9481669664382935,,
stg1_002349,stg1_002607,"Я ищу информацию о ваших чертовых способах оплаты, где я могу ее получить?","Я ищу информацию о чертовых распродажах, где я могу ее найти?",payment_refund,promo_loyalty,0.9481245875358582,,
stg1_001293,stg1_000024,"мне нужно обменять гребаный заказ, который я купил, помогите мне","мне нужно посмотреть наличие какого-то гребаного товара в Интернете, помогите мне",return_exchange,product_info,0.9481109380722046,,
stg1_001211,stg1_002307,"Я требую возврата денег, мне нужна помощь.","нужна помощь, чтобы запросить возврат моих денег",return_exchange,payment_refund,0.9480907917022705,,
stg1_001983,stg1_000472,"Я хочу оставить отзыв о вашей компании, могу ли я получить некоторую помощь?","Я хотел бы проверить чертов статус моей замены, могу ли я получить некоторую помощь?",other,order_status,0.9480885863304138,,
stg1_000180,stg1_001356,"Я хотел бы увидеть наличие какого-то долбанного товара в магазине, где я могу это сделать?","Я хотел бы обменять некачественный товар в магазине, где я могу это сделать?",product_info,return_exchange,0.9480365514755249,,
stg1_001356,stg1_000180,"Я хотел бы обменять некачественный товар в магазине, где я могу это сделать?","Я хотел бы увидеть наличие какого-то долбанного товара в магазине, где я могу это сделать?",return_exchange,product_info,0.9480365514755249,,
stg1_000896,stg1_001809,"Я хотел бы поговорить с чертовой службой поддержки клиентов, где мне это сделать?","Я хотел бы поговорить с чертовым оператором, могу ли я получить помощь?",general_info,other,0.9480326771736145,,
stg1_002424,stg1_000020,"Я ищу информацию о следующих чертовых распродажах, где ее найти?","Ищу информацию о чертовых продуктах, где ее взять?",promo_loyalty,product_info,0.9479448199272156,,
stg1_002448,stg1_001453,"Мне нужна информация о следующих распродажах, где я могу ее получить?","Мне нужна информация о товаре в магазине, где я могу ее получить?",promo_loyalty,return_exchange,0.9479410648345947,,
stg1_001392,stg1_002221,"мне нужно проверить твою чертову политику возврата, как я могу это сделать","Я хотел бы проверить чертов статус моего возврата, где мне это сделать",return_exchange,payment_refund,0.9479241371154785,,
stg1_000835,stg1_001704,нужна помощь в изменении данных в моем профиле,"мне нужна помощь, чтобы обновить мой адрес",account,delivery,0.9479159116744995,,
stg1_001704,stg1_000835,"мне нужна помощь, чтобы обновить мой адрес",нужна помощь в изменении данных в моем профиле,delivery,account,0.9479159116744995,,
stg1_000300,stg1_001378,"Я купил товар, но он мне не нужен, как мне отменить заказ?","я купил товар, но он мне не нравится, могу ли я его вернуть?",order_status,return_exchange,0.9479107856750488,,
stg1_001378,stg1_000300,"я купил товар, но он мне не нравится, могу ли я его вернуть?","Я купил товар, но он мне не нужен, как мне отменить заказ?",return_exchange,order_status,0.9479107856750488,,
stg1_002708,stg1_000184,"Я хотел бы сообщить о проблеме с приложением, помогите мне.","Я хотел бы сообщить о проблеме с купленным мной продуктом, мне нужна помощь",technical_issue,product_info,0.9479061961174011,,
stg1_002747,stg1_002064,"мобильное приложение не работает, мне нужна помощь, чтобы сообщить об этой чертовой проблеме","моя карта не работает, мне нужно сообщить о чертовой проблеме с оплатой",technical_issue,payment_refund,0.9478361010551453,,
stg1_002986,stg1_000080,Хочу оставить отзыв,звоню оставить отзыв,other,product_info,0.947833240032196,,
stg1_000080,stg1_002986,звоню оставить отзыв,Хочу оставить отзыв,product_info,other,0.947833240032196,,
stg1_000857,stg1_001704,Мне нужна помощь в восстановлении пароля моей учетной записи,"мне нужна помощь, чтобы обновить мой адрес",account,delivery,0.9478054642677307,,
stg1_000603,stg1_002273,"Я хотел бы открыть чертов счет, где это сделать.","я бы хотел сделать чертов перевод, где я мог бы сделать это",account,payment_refund,0.9477848410606384,,
stg1_002075,stg1_000165,"Я хочу знать о статусе моего возмещения, как я могу найти дополнительную информацию?","Я хочу узнать о продукте, как я могу получить дополнительную информацию?",payment_refund,product_info,0.9477787017822266,,
stg1_001213,stg1_000544,"Мне нужно вернуть чертов товар онлайн, могу ли я это сделать?","Мне нужно отменить чертов онлайн-заказ, могу ли я получить помощь?",return_exchange,order_status,0.9477636218070984,,
stg1_001278,stg1_000211,"Я хотел бы вернуть чертов товар, который я купил в магазине онлайн, помогите мне.","хочу подтвердить наличие чертовых товаров в Интернете, мне поможет",return_exchange,product_info,0.9477407336235046,,
stg1_002261,stg1_000368,"Я хотел бы увидеть статус моего возврата, как это сделать?","Я хотел бы проверить чертов статус моей замены, как мне это сделать?",payment_refund,order_status,0.947730302810669,,
stg1_002523,stg1_000020,"Ищу информацию о чертовых зимних распродажах, где ее взять","Ищу информацию о чертовых продуктах, где ее взять?",promo_loyalty,product_info,0.9477165937423706,,
stg1_002086,stg1_002844,"Я хотел бы сделать переводы, помогите мне","Я хотел бы использовать ваше приложение, помогите мне",payment_refund,technical_issue,0.9476227164268494,,
stg1_002844,stg1_002086,"Я хотел бы использовать ваше приложение, помогите мне","Я хотел бы сделать переводы, помогите мне",technical_issue,payment_refund,0.9476227164268494,,
stg1_000259,stg1_001947,Мне нужно сообщить об ошибках в продукте. Как я могу это сделать?,"Мне нужно отправить отзыв о продукте, где я могу это сделать?",product_info,other,0.9476096630096436,,
stg1_000933,stg1_001952,"Я хотел бы поговорить с чертовой службой поддержки клиентов, мне нужна помощь.","Я хотел бы поговорить с чертовым агентом-человеком, помогите мне.",general_info,other,0.947587788105011,,
stg1_001952,stg1_000933,"Я хотел бы поговорить с чертовым агентом-человеком, помогите мне.","Я хотел бы поговорить с чертовой службой поддержки клиентов, мне нужна помощь.",other,general_info,0.947587788105011,,
stg1_001510,stg1_000165,"Я хочу узнать о стоимости пересылки, как я могу найти дополнительную информацию?","Я хочу узнать о продукте, как я могу получить дополнительную информацию?",delivery,product_info,0.9475836753845215,,
stg1_000212,stg1_001273,"Я бы хотел удалить чертовы вещи из корзины, как мне это сделать?","Я бы хотел вернуть чертовы вещи из Интернета, как мне это сделать?",product_info,return_exchange,0.9475716948509216,,
stg1_001273,stg1_000212,"Я бы хотел вернуть чертовы вещи из Интернета, как мне это сделать?","Я бы хотел удалить чертовы вещи из корзины, как мне это сделать?",return_exchange,product_info,0.9475716948509216,,
stg1_001066,stg1_001512,"Мне нужно проверить часы работы твоего чертового магазина, ты мне поможешь?","мне нужно проверить чертову дату доставки моей покупки, могу ли я получить помощь?",general_info,delivery,0.9475671648979187,,
stg1_001153,stg1_001675,"мне нужна информация о часах твоего шоппинга, как мне ее найти","Мне нужна информация о времени доставки, как я могу ее найти?",general_info,delivery,0.9475551843643188,,
stg1_002258,stg1_001872,"Я не знаю, что мне нужно сделать, чтобы потребовать компенсацию.","Я не знаю, что мне нужно сделать, чтобы подать жалобу клиента.",payment_refund,other,0.9475526809692383,,
stg1_001341,stg1_000306,"я купил товар, но он мне не нравится, можно ли отправить его обратно","я купил чертов товар, но он мне не нужен, могу ли я отменить заказ",return_exchange,order_status,0.9475489258766174,,
stg1_001355,stg1_000359,"Я бы хотел вернуть этот чертов заказ, мне нужна помощь.","Я разместил заказ, мне нужна помощь, чтобы отменить его",return_exchange,order_status,0.9475469589233398,,
stg1_000060,stg1_001973,"Есть ли электронное письмо, по которому можно отправить отзыв о вашей продукции?",можно ли отправить отзыв о продукте?,product_info,other,0.9475368857383728,,
stg1_001312,stg1_002278,"Я хочу возмещение, вы поможете мне его запросить?","Я хочу проверить вашу политику возмещения, вы мне поможете?",return_exchange,payment_refund,0.9475281238555908,,
stg1_001177,stg1_001629,"Мне нужно проверить твои чертовы часы работы, как это сделать?","Я хочу проверить чертов срок доставки, как мне это сделать?",general_info,delivery,0.9475062489509583,,
stg1_000626,stg1_001704,мне нужна помощь в редактировании моей учетной записи,"мне нужна помощь, чтобы обновить мой адрес",account,delivery,0.9474964141845703,,
stg1_000018,stg1_001207,"продукт, который я получил, не работает должным образом, как я могу сообщить об ошибке продукта?","чертов продукт, который я получил, неправильный, не могли бы вы помочь мне сообщить об этом?",product_info,return_exchange,0.9474765062332153,,
stg1_001799,stg1_001116,"я не понимаю, как мне поговорить с агентом-человеком","Я не знаю, как мне поговорить со службой поддержки клиентов",other,general_info,0.9474717974662781,,
stg1_002609,stg1_001408,"Я ищу информацию о зимних распродажах, помогите мне.","Я ищу информацию о чертовом товаре в магазине, помогите мне.",promo_loyalty,return_exchange,0.9474688172340393,,
stg1_000623,stg1_002771,"нужно изменить свой профиль, могу ли я получить помощь","хочу использовать твое приложение, могу ли я получить помощь",account,technical_issue,0.9474673867225647,,
stg1_002771,stg1_000623,"хочу использовать твое приложение, могу ли я получить помощь","нужно изменить свой профиль, могу ли я получить помощь",technical_issue,account,0.9474673867225647,,
stg1_000919,stg1_002081,"Мне нужно связаться со службой поддержки клиентов, вы можете мне помочь?","Мне нужно произвести оплату, вы можете мне помочь?",general_info,payment_refund,0.9474220275878906,,
stg1_000014,stg1_001476,"хочу сообщить об ошибках в купленном мной проекте, где я могу это сделать","нужно сообщить о проблемах с доставкой моего заказа, где это сделать",product_info,delivery,0.9473774433135986,,
stg1_002753,stg1_002271,мне нужна помощь в сообщении о технической проблеме с мобильным приложением,Мне нужна помощь в сообщении о проблеме с оплатой,technical_issue,payment_refund,0.9473410248756409,,
stg1_001448,stg1_000324,"Я хотел бы вернуть товар онлайн, как я могу это сделать?","Я хочу отменить товар, как мне это сделать?",return_exchange,order_status,0.9473334550857544,,
stg1_002772,stg1_002066,приложение не работает на моем мобильном телефоне. Помогите мне сообщить о чертовой проблеме.,Я не получил подтверждение платежа. Помогите мне сообщить о чертовой проблеме с оплатой.,technical_issue,payment_refund,0.9472983479499817,,
stg1_002248,stg1_002846,"Я бы хотел расплатиться чертовой картой, как мне это сделать?","Я бы хотел воспользоваться твоим чертовым приложением, как мне это сделать?",payment_refund,technical_issue,0.9472965598106384,,
stg1_002846,stg1_002248,"Я бы хотел воспользоваться твоим чертовым приложением, как мне это сделать?","Я бы хотел расплатиться чертовой картой, как мне это сделать?",technical_issue,payment_refund,0.9472965598106384,,
stg1_001632,stg1_002927,"можно ли узнать, когда придет моя посылка?",Когда приедет посылка?,delivery,order_status,0.9472863674163818,,
stg1_002927,stg1_001632,Когда приедет посылка?,"можно ли узнать, когда придет моя посылка?",order_status,delivery,0.9472863674163818,,
stg1_002725,stg1_002074,"хочу воспользоваться твоим чертовым приложением, ты мне поможешь?","Я бы хотел заплатить чертовой картой, ты можешь мне помочь?",technical_issue,payment_refund,0.9472754597663879,,
stg1_001959,stg1_000979,"Я не знаю, что мне нужно сделать, чтобы предъявить потребительскую претензию.","Я не знаю, что мне нужно сделать, чтобы поговорить со службой поддержки клиентов.",other,general_info,0.9472649693489075,,
stg1_000193,stg1_001330,"хочу проверить наличие товара в магазине, как я могу это сделать",как я могу найти информацию о товаре в магазине,product_info,return_exchange,0.9472596049308777,,
stg1_002853,stg1_001107,"нужно использовать твое чертово мобильное приложение, можешь мне помочь?","Я бы хотел позвонить в чертову службу поддержки, вы можете мне помочь?",technical_issue,general_info,0.9472442269325256,,
stg1_000406,stg1_002081,"Я хочу увидеть плату за прекращение, можете ли вы мне помочь?","Мне нужно произвести оплату, вы можете мне помочь?",order_status,payment_refund,0.9472376704216003,,
stg1_002122,stg1_001406,Я хочу помощи с требованием компенсации,"Мне нужно получить возмещение, мне нужна помощь",payment_refund,return_exchange,0.947230875492096,,
stg1_002489,stg1_001482,"Я хотел бы узнать больше о распродажах, вы найдете какую-нибудь информацию?","хочу узнать больше о сроках доставки моей покупки, дашь мне некоторую информацию?",promo_loyalty,delivery,0.9472267627716064,,
stg1_003006,stg1_002107,Мне нужна помощь,Мне нужна помощь с переводами,other,payment_refund,0.9472246170043945,,
stg1_002107,stg1_003006,Мне нужна помощь с переводами,Мне нужна помощь,payment_refund,other,0.9472246170043945,,
stg1_001756,stg1_001223,Я получил не все заказанные товары. Можете ли вы помочь мне сообщить о неполном заказе?,"Товары, которые я заказал, неверны. Не могли бы вы помочь мне сообщить о них?",delivery,return_exchange,0.9471945762634277,,
stg1_000092,stg1_001931,"Я не знаю, как отправить отзыв о ваших услугах.","Я не знаю, как подать жалобу от потребителя.",product_info,other,0.9471675753593445,,
stg1_000314,stg1_001771,"мне нужно обновить свой заказ перед использованием, это мне поможет","мне нужно отправить отзыв о продукте, помогите мне",order_status,other,0.9471186995506287,,
stg1_002774,stg1_000009,Сайт не работает на моем мобильном телефоне. Можете ли вы помочь мне сообщить о проблеме?,заказанный мной продукт не работает должным образом. Можете ли вы мне помочь сообщить о проблеме с продуктом?,technical_issue,product_info,0.9471010565757751,,
stg1_002749,stg1_000009,приложение не работает на моем планшете. Не могли бы вы помочь мне сообщить об ошибке?,заказанный мной продукт не работает должным образом. Можете ли вы мне помочь сообщить о проблеме с продуктом?,technical_issue,product_info,0.9470716118812561,,
stg1_002871,stg1_000009,Мобильное приложение не работает на моем планшете. Не могли бы вы помочь мне сообщить о проблеме?,заказанный мной продукт не работает должным образом. Можете ли вы мне помочь сообщить о проблеме с продуктом?,technical_issue,product_info,0.9470034241676331,,
stg1_000661,stg1_002714,"я бы хотел создать учетную запись, где это сделать","я бы хотел использовать твое чертово приложение, где это сделать",account,technical_issue,0.9469594955444336,,
stg1_002714,stg1_000661,"я бы хотел использовать твое чертово приложение, где это сделать","я бы хотел создать учетную запись, где это сделать",technical_issue,account,0.9469594955444336,,
stg1_001518,stg1_000907,"Я хочу узнать дату доставки, вы дадите мне некоторую информацию?",Я хочу знать о часах работы твоего чертового магазина. Ты дашь мне некоторую информацию?,delivery,general_info,0.9469461441040039,,
stg1_000907,stg1_001518,Я хочу знать о часах работы твоего чертового магазина. Ты дашь мне некоторую информацию?,"Я хочу узнать дату доставки, вы дадите мне некоторую информацию?",general_info,delivery,0.9469461441040039,,
stg1_001269,stg1_001490,одна из посылок в моей доставке чертовски сломана. Не могли бы вы помочь мне сообщить об этом?,"моя посылка потерялась, можете ли вы помочь мне сообщить о проблеме с доставкой?",return_exchange,delivery,0.9469043016433716,,
stg1_002868,stg1_000009,"мобильное приложение не работает на моем компьютере, можете ли вы помочь мне сообщить о проблеме?",заказанный мной продукт не работает должным образом. Можете ли вы мне помочь сообщить о проблеме с продуктом?,technical_issue,product_info,0.9468932747840881,,
stg1_002490,stg1_000187,Я ищу информацию о чертовых весенних распродажах. Можете мне помочь?,"Я ищу информацию о чертовых продуктах, могу ли я получить помощь?",promo_loyalty,product_info,0.9468755125999451,,
stg1_002083,stg1_000321,"Я заказал чертову вещь, но не получил счет, помогите мне ее скачать.","Я запросил обмен, но не получил его. Помогите мне отследить статус моего товара на замену.",payment_refund,order_status,0.9468488693237305,,
stg1_002682,stg1_000009,приложение не работает на моем Mac. Не могли бы вы помочь мне сообщить о проблеме?,заказанный мной продукт не работает должным образом. Можете ли вы мне помочь сообщить о проблеме с продуктом?,technical_issue,product_info,0.9468330144882202,,
stg1_002549,stg1_000632,Я ищу информацию о чертовых весенних распродажах. Не могли бы вы мне помочь?,Я ищу свою чертову историю покупок. Не могли бы вы мне помочь ее найти?,promo_loyalty,account,0.9468235969543457,,
stg1_001150,stg1_000293,"Я хотел бы поговорить со службой поддержки клиентов, не могли бы вы мне помочь?",Я хотел бы сообщить об ошибках в купленном мной продукте. Не могли бы вы мне помочь?,general_info,product_info,0.9467484354972839,,
stg1_001228,stg1_000293,"гребаный продукт, который я получил, был раздавлен. Не могли бы вы помочь мне сообщить об этом?",Я хотел бы сообщить об ошибках в купленном мной продукте. Не могли бы вы мне помочь?,return_exchange,product_info,0.9467472434043884,,
stg1_002572,stg1_001067,Я ищу информацию о следующих распродажах. Могу ли я получить помощь?,"мне нужно найти ближайший магазин, могу ли я получить помощь?",promo_loyalty,general_info,0.9467397332191467,,
stg1_001757,stg1_002373,Где я могу получить информацию о стоимости доставки?,где я могу найти информацию о распродажах?,delivery,promo_loyalty,0.9466834664344788,,
stg1_002373,stg1_001757,где я могу найти информацию о распродажах?,Где я могу получить информацию о стоимости доставки?,promo_loyalty,delivery,0.9466834664344788,,
stg1_002762,stg1_002064,"приложение не работает на моем устройстве, мне нужно сообщить о проблеме","моя карта не работает, мне нужно сообщить о чертовой проблеме с оплатой",technical_issue,payment_refund,0.9466601014137268,,
stg1_002581,stg1_001136,"Я хотел бы узнать больше о весенних распродажах, найду некоторую информацию.",Я хотел бы узнать больше о ближайших магазинах. Найдите некоторую информацию.,promo_loyalty,general_info,0.946658730506897,,
stg1_001316,stg1_001992,"Я хочу чертово возмещение, ты поможешь мне его запросить?","хочу оставить чертов отзыв, ты мне поможешь?",return_exchange,other,0.9466582536697388,,
stg1_001143,stg1_001847,помогите поговорить со службой поддержки клиентов,помогите поговорить с помощником,general_info,other,0.9466560482978821,,
stg1_000758,stg1_002867,"мне не нужна моя чертова учетная запись, мне нужна помощь, чтобы закрыть ее","приложение не работает, мне нужна помощь, чтобы сообщить о чертовой проблеме",account,technical_issue,0.9466385245323181,,
stg1_002533,stg1_001163,"Знаю ли я больше о чертовых зимних распродажах, можешь ли ты найти какую-нибудь информацию?","Я хотел бы узнать больше о ближайших к черту магазинах, вы можете дать мне некоторую информацию?",promo_loyalty,general_info,0.9466262459754944,,
stg1_001503,stg1_002623,"хочу знать о чертовых расходах на пересылку, найдешь ли ты какую-нибудь информацию?","Я ищу информацию о чертовых распродажах, ты мне поможешь?",delivery,promo_loyalty,0.9466093182563782,,
stg1_001335,stg1_001117,"Я хотел бы вернуть в магазин чертов товар, купленный в Интернете, где я могу это сделать?","Мне нужно найти чертов магазин, где я могу это сделать?",return_exchange,general_info,0.9465535283088684,,
stg1_002544,stg1_000196,"Я хотел бы узнать больше о чертовых зимних распродажах, найдёте ли вы информацию?","Я хотел бы узнать больше о чертовых продуктах, можете ли вы дать мне некоторую информацию?",promo_loyalty,product_info,0.9465290307998657,,
stg1_001851,stg1_000979,"Я не знаю, что мне нужно сделать, чтобы связаться с помощником","Я не знаю, что мне нужно сделать, чтобы поговорить со службой поддержки клиентов.",other,general_info,0.9465142488479614,,
stg1_001192,stg1_000455,"Мне нужно обменять купленный товар, как это сделать?","Мне нужно отменить товар, как мне это сделать?",return_exchange,order_status,0.9464920163154602,,
stg1_002785,stg1_001694,Я хочу сообщить о технической проблеме с приложением. Мне нужна помощь.,"хочу сообщить о проблеме с доставкой моего заказа, мне нужна помощь",technical_issue,delivery,0.9464892745018005,,
stg1_001857,stg1_002550,"Я хочу подать рекламацию клиента, могу ли я получить помощь?","Я ищу информацию о продажах, могу ли я получить помощь?",other,promo_loyalty,0.9464566707611084,,
stg1_002145,stg1_001321,"что мне нужно сделать, чтобы получить компенсацию своих денег","Мне нужна компенсация, как я могу ее получить?",payment_refund,return_exchange,0.9464395046234131,,
stg1_001321,stg1_002145,"Мне нужна компенсация, как я могу ее получить?","что мне нужно сделать, чтобы получить компенсацию своих денег",return_exchange,payment_refund,0.9464395046234131,,
stg1_000903,stg1_001671,Мне нужна помощь в проверке часов работы вашего магазина.,"хочу проверить время доставки моей покупки, мне нужна помощь",general_info,delivery,0.9464172720909119,,
stg1_002282,stg1_001124,"хочу узнать о твоих чертовых способах оплаты, как мне найти дополнительную информацию",Мне хотелось бы узнать о твоих чертовых часах работы. Как мне найти дополнительную информацию?,payment_refund,general_info,0.9463714361190796,,
stg1_001720,stg1_000009,"моя доставка не прибыла вовремя, можете ли вы помочь мне сообщить о чертовых проблемах с доставкой?",заказанный мной продукт не работает должным образом. Можете ли вы мне помочь сообщить о проблеме с продуктом?,delivery,product_info,0.946358859539032,,
stg1_002585,stg1_001090,"хочу узнать больше о следующих чертовых распродажах, давай найдём какую-нибудь информацию","Я хотел бы узнать больше о ваших часах покупок, дайте мне некоторую информацию",promo_loyalty,general_info,0.9463087916374207,,
stg1_002455,stg1_001738,"Я хотел бы узнать больше о чертовых зимних распродажах, мог бы дать мне некоторую информацию","хочу узнать больше о сроках доставки моей покупки, могу найти некоторую информацию",promo_loyalty,delivery,0.946304202079773,,
stg1_002866,stg1_000009,мобильное приложение не работает на моем компьютере. Не могли бы вы помочь мне сообщить о проблеме?,заказанный мной продукт не работает должным образом. Можете ли вы мне помочь сообщить о проблеме с продуктом?,technical_issue,product_info,0.946295976638794,,
stg1_002504,stg1_001453,"Мне нужна информация о весенних распродажах, где я могу ее найти?","Мне нужна информация о товаре в магазине, где я могу ее получить?",promo_loyalty,return_exchange,0.9462572932243347,,
stg1_001201,stg1_000463,"мне нужно обменять чертов товар, который я купил в магазине онлайн",мне нужно отменить чертов онлайн-заказ,return_exchange,order_status,0.9462299346923828,,
stg1_002839,stg1_000277,"мобильное приложение не работает на моем компьютере, мне нужна помощь, чтобы сообщить о проблеме","мой продукт работает неправильно, мне нужна помощь, чтобы сообщить о проблеме с продуктом",technical_issue,product_info,0.946212112903595,,
stg1_002126,stg1_000728,"я не знаю, что мне нужно сделать, чтобы сообщить о проблемах с платежами","я не знаю, что делать, чтобы уведомить о проблеме с регистрацией",payment_refund,account,0.9461989402770996,,
stg1_002860,stg1_000238,"Мне нужно сообщить о проблеме с приложением, где это сделать?",Мне нужно сообщить о проблеме с заказанным товаром. Где я могу это сделать?,technical_issue,product_info,0.9461929798126221,,
stg1_002379,stg1_001162,"Мне нужна информация о чертовых весенних распродажах, где я могу ее получить?","мне нужна информация о чертовых магазинах поблизости, где я могу ее получить",promo_loyalty,general_info,0.9461734294891357,,
stg1_002485,stg1_001738,"Я бы соврал, чтобы узнать больше о зимних распродажах, найти некоторую информацию","хочу узнать больше о сроках доставки моей покупки, могу найти некоторую информацию",promo_loyalty,delivery,0.9461733102798462,,
stg1_000195,stg1_001683,"купленный мной продукт не работает должным образом, могу ли я сообщить о проблеме с продуктом?",мой заказ потерян. Можете ли вы помочь мне сообщить о проблеме с доставкой?,product_info,delivery,0.9461687803268433,,
stg1_000476,stg1_002243,"Я не знаю, что делать, чтобы проверить плату за завершение","Я не знаю, что мне нужно сделать, чтобы уведомить о проблеме с оплатой",order_status,payment_refund,0.9461591839790344,,
stg1_001802,stg1_000194,"хочу отправить отзыв о вашем бренде, как я могу это сделать","Мне нужна помощь, чтобы отправить отзыв о вашей продукции",other,product_info,0.9461393356323242,,
stg1_002226,stg1_001251,Могу ли я увидеть вашу политику возмещения?,как я могу увидеть вашу политику поворота?,payment_refund,return_exchange,0.9461218118667603,,
stg1_001251,stg1_002226,как я могу увидеть вашу политику поворота?,Могу ли я увидеть вашу политику возмещения?,return_exchange,payment_refund,0.9461218118667603,,
stg1_001778,stg1_000979,"Я вас не понимаю, мне нужна помощь, чтобы поговорить с оператором","Я не знаю, что мне нужно сделать, чтобы поговорить со службой поддержки клиентов.",other,general_info,0.9460830092430115,,
stg1_001463,stg1_000468,не могли бы вы помочь мне вернуть товар онлайн?,"Я хотел бы отменить онлайн-заказ, можете ли вы мне помочь?",return_exchange,order_status,0.9460487961769104,,
stg1_001275,stg1_000272,"хочу обменять купленный товар, помогите мне","мне нужно проверить наличие товара, пожалуйста, помогите мне",return_exchange,product_info,0.946042537689209,,
stg1_001349,stg1_000324,"Я хочу отправить товар обратно, как мне это сделать?","Я хочу отменить товар, как мне это сделать?",return_exchange,order_status,0.9460022449493408,,
stg1_000325,stg1_001246,"мне нужно отследить свою посылку, где я могу это сделать","мне нужно запросить возмещение, где я могу это сделать",order_status,return_exchange,0.9459134340286255,,
stg1_000653,stg1_002716,"Мне нужно открыть учетную запись пользователя, не могли бы вы мне помочь?","Я хочу использовать ваше приложение, не могли бы вы мне помочь?",account,technical_issue,0.9458838105201721,,
stg1_001398,stg1_000345,"Мне нужно обменять купленные вещи, где это сделать?","Мне нужно отменить товар, где это сделать?",return_exchange,order_status,0.9458827376365662,,
stg1_001390,stg1_000487,где я могу вернуть чертов заказ онлайн,"мне нужно найти свой чертов онлайн-заказ, где я могу это сделать",return_exchange,order_status,0.9458774924278259,,
stg1_002348,stg1_001235,"хочу увидеть твою чертову политику возмещения расходов, мне нужна помощь","хочу увидеть твой чертов процесс возврата, мог бы мне помочь",payment_refund,return_exchange,0.9458735585212708,,
stg1_001272,stg1_002316,"Мне нужно чертово возмещение, могу ли я его запросить?","Мне нужно проверить, в каких случаях я могу запросить возмещение",return_exchange,payment_refund,0.9458585381507874,,
stg1_002624,stg1_002064,"сайт не работает на моем телефоне, я хочу сообщить о чертовой проблеме","моя карта не работает, мне нужно сообщить о чертовой проблеме с оплатой",technical_issue,payment_refund,0.945841372013092,,
stg1_001810,stg1_000083,как я могу оставить комментарий о товаре?,как написать комментарий к вашей продукции?,other,product_info,0.9458286166191101,,
stg1_000083,stg1_001810,как написать комментарий к вашей продукции?,как я могу оставить комментарий о товаре?,product_info,other,0.9458286166191101,,
stg1_002426,stg1_000285,"Мне нужна информация о следующих чертовых распродажах, как мне ее найти?","Мне нужна информация о чертовых продуктах, как я могу ее получить?",promo_loyalty,product_info,0.9458286166191101,,
stg1_001238,stg1_000468,Не могли бы вы помочь мне вернуть товары онлайн?,"Я хотел бы отменить онлайн-заказ, можете ли вы мне помочь?",return_exchange,order_status,0.9458062648773193,,
stg1_002671,stg1_000277,"веб-сайт не работает на моем Mac, мне нужна помощь, чтобы сообщить о проблеме","мой продукт работает неправильно, мне нужна помощь, чтобы сообщить о проблеме с продуктом",technical_issue,product_info,0.9457914233207703,,
stg1_002339,stg1_002860,"Мне нужно уведомить о долбаных проблемах с оплатой, где это сделать?","Мне нужно сообщить о проблеме с приложением, где это сделать?",payment_refund,technical_issue,0.9457837343215942,,
stg1_001214,stg1_000239,"Мне нужна помощь, чтобы вернуть товар онлайн","Я хотел бы подтвердить наличие продуктов онлайн, мне нужна помощь",return_exchange,product_info,0.9457743167877197,,
stg1_000484,stg1_001780,"мне нужно изменить свой чертов онлайн-заказ, прежде чем отправлять его, где мне это сделать","мне нужно отправить чертов отзыв о твоем бренде, где я могу это сделать",order_status,other,0.9457547664642334,,
stg1_000369,stg1_001345,"Я купил товар, но выбрал неправильный цвет, мне нужно обновить свой чертов онлайн-заказ","Я хочу вернуть чертову вещь, купленную в интернет-магазине, мне нужна помощь",order_status,return_exchange,0.9457120299339294,,
stg1_000757,stg1_001686,"У меня ошибка в профиле, помогите мне его изменить.","мой адрес изменился, мне нужна помощь в его изменении",account,delivery,0.9456344842910767,,
stg1_000783,stg1_002767,"Я хотел бы изменить свой профиль, где мне это сделать?","Я хотел бы использовать ваше приложение, где мне это сделать?",account,technical_issue,0.945634126663208,,
stg1_002767,stg1_000783,"Я хотел бы использовать ваше приложение, где мне это сделать?","Я хотел бы изменить свой профиль, где мне это сделать?",technical_issue,account,0.945634126663208,,
stg1_000065,stg1_002038,"есть ли раздел, где можно оставить отзыв о вашей продукции?",где я могу оставить отзыв о вашем бренде?,product_info,other,0.9456215500831604,,
stg1_001265,stg1_000260,"мне нужно вернуть чертов товар онлайн, как я могу это сделать","нужно проверить наличие чертовых товаров в Интернете, как я могу это сделать",return_exchange,product_info,0.9456135630607605,,
stg1_001229,stg1_001117,где я могу обменять этот чертов товар?,"Мне нужно найти чертов магазин, где я могу это сделать?",return_exchange,general_info,0.9455857872962952,,
stg1_002231,stg1_002004,"Я хотел бы увидеть ваши варианты оплаты, где мне это сделать","Я хотел бы отправить отзыв, где я могу это сделать",payment_refund,other,0.9455364346504211,,
stg1_002600,stg1_001219,"Мне нравится информация о чертовых зимних распродажах, где я могу ее найти","Мне нравится информация о товаре в магазине, где я могу его получить",promo_loyalty,return_exchange,0.9455304145812988,,
stg1_001631,stg1_000204,"моя посылка потерялась, я хочу сообщить о чертовой проблеме с доставкой","хочу сообщить о чертовых проблемах с полученным мной продуктом, мне поможет",delivery,product_info,0.9455047249794006,,
stg1_001875,stg1_001125,"Мне нужна помощь, чтобы поговорить с кем-нибудь",мне нужна помощь в общении со службой поддержки,other,general_info,0.9454993605613708,,
stg1_002602,stg1_001408,"Ищу информацию о чертовых весенних распродажах, помогите.","Я ищу информацию о чертовом товаре в магазине, помогите мне.",promo_loyalty,return_exchange,0.945482611656189,,
stg1_001682,stg1_000331,"Мне нужно узнать чертову стоимость пересылки, можешь мне помочь?","Мне нужно найти свою чертову посылку, могу ли я получить помощь?",delivery,order_status,0.9454421997070312,,
stg1_002514,stg1_001219,"Мне нравится информация о следующих чертовых распродажах, где я могу ее получить","Мне нравится информация о товаре в магазине, где я могу его получить",promo_loyalty,return_exchange,0.9454174637794495,,
stg1_002990,stg1_000284,Не могу добавить товар в корзину,не могли бы вы помочь мне добавить товар в корзину?,technical_issue,product_info,0.9454035758972168,,
stg1_001492,stg1_002521,"Я хотел бы узнать о времени доставки, можете ли вы найти какую-нибудь информацию?","Я хотел бы узнать о следующих распродажах, можете ли вы найти какую-нибудь информацию?",delivery,promo_loyalty,0.9454013109207153,,
stg1_002521,stg1_001492,"Я хотел бы узнать о следующих распродажах, можете ли вы найти какую-нибудь информацию?","Я хотел бы узнать о времени доставки, можете ли вы найти какую-нибудь информацию?",promo_loyalty,delivery,0.9454013109207153,,
stg1_000004,stg1_001302,"продукт, который я купил, работает правильно, могу ли я сообщить о проблеме с продуктом","продукт, который я заказал, неправильный, помогите мне сообщить об этом",product_info,return_exchange,0.9453902840614319,,
stg1_000594,stg1_002106,Я хотел бы исправить свои личные данные. Вы мне поможете?,Я хотел бы увидеть статус моего возврата. Вы мне поможете?,account,payment_refund,0.9453893303871155,,
stg1_000219,stg1_002990,могу ли я добавить товар в корзину?,Не могу добавить товар в корзину,product_info,technical_issue,0.9453749656677246,,
stg1_002835,stg1_001476,"мне нужно сообщить о проблеме на сайте, где мне это сделать","нужно сообщить о проблемах с доставкой моего заказа, где это сделать",technical_issue,delivery,0.9453578591346741,,
stg1_000892,stg1_001857,"мне нужно связаться со службой поддержки клиентов, могу ли я получить помощь","Я хочу подать рекламацию клиента, могу ли я получить помощь?",general_info,other,0.9453553557395935,,
stg1_000069,stg1_001973,Есть ли адрес для отправки отзывов о вашей продукции?,можно ли отправить отзыв о продукте?,product_info,other,0.9453483819961548,,
stg1_001422,stg1_002213,"Мне нужна информация о твоем чертовом процессе возвращения, как я могу ее получить?","Мне нужна информация о вашей гарантии возврата денег, как я могу ее получить?",return_exchange,payment_refund,0.9452927708625793,,
stg1_001043,stg1_001694,"Я хочу связаться со службой поддержки клиентов, мне нужна помощь.","хочу сообщить о проблеме с доставкой моего заказа, мне нужна помощь",general_info,delivery,0.9452751278877258,,
stg1_002479,stg1_001738,"Я хотел бы узнать больше о зимних распродажах, найду некоторую информацию","хочу узнать больше о сроках доставки моей покупки, могу найти некоторую информацию",promo_loyalty,delivery,0.9452741742134094,,
stg1_001881,stg1_000979,"Я не знаю, что мне нужно сделать, чтобы пообщаться с оператором","Я не знаю, что мне нужно сделать, чтобы поговорить со службой поддержки клиентов.",other,general_info,0.9452595114707947,,
stg1_002289,stg1_001406,"Мне нужно выехать, помогите мне","Мне нужно получить возмещение, мне нужна помощь",payment_refund,return_exchange,0.945249617099762,,
stg1_000095,stg1_002050,помогите мне оставить отзыв о ваших услугах,помогите мне оставить отзыв о продукте,product_info,other,0.9452429413795471,,
stg1_000022,stg1_001397,"Мне нужно подтвердить наличие товара онлайн, где это сделать?","Мне нужно вернуть товар онлайн, где я могу это сделать?",product_info,return_exchange,0.9452325701713562,,
stg1_002409,stg1_001130,"Ищу информацию о чертовых весенних распродажах, как мне ее получить?","Я ищу информацию о твоих чертовых часах посещения магазинов, как я могу ее получить?",promo_loyalty,general_info,0.945228099822998,,
stg1_002482,stg1_001130,"Я ищу информацию о чертовых весенних распродажах, как мне ее получить?","Я ищу информацию о твоих чертовых часах посещения магазинов, как я могу ее получить?",promo_loyalty,general_info,0.945195198059082,,
stg1_001309,stg1_000358,"Я бы хотел вернуть чертов товар онлайн, где мне это сделать?","Я хочу отменить чертов онлайн-заказ, вы можете мне помочь?",return_exchange,order_status,0.9451578259468079,,
stg1_001826,stg1_000933,"Мне нужно поговорить с чертовым кем-нибудь, помоги мне.","Я хотел бы поговорить с чертовой службой поддержки клиентов, мне нужна помощь.",other,general_info,0.9451494812965393,,
stg1_000746,stg1_000294,"Мне нужно удалить свой аккаунт, где это сделать?","мне нужно удалить чертов предмет из аккаунта, где мне это сделать",account,product_info,0.9451456069946289,,
stg1_001635,stg1_000320,"нужна помощь, чтобы узнать, когда прибудет мой заказ","Мне нужна помощь, чтобы узнать, где моя чертова доставка.",delivery,order_status,0.9450918436050415,,
stg1_001996,stg1_000068,"мне нужна помощь, чтобы отправить предложение","Мне нужна помощь, чтобы отправить отзыв о ваших услугах",other,product_info,0.9450700283050537,,
stg1_002643,stg1_000670,"сайт не работает на моем устройстве, мне нужно сообщить о проблеме","я не могу создать пользователя, нужна помощь, сообщить о проблеме с регистрацией",technical_issue,account,0.945035457611084,,
stg1_001210,stg1_001631,"один из заказанных мной товаров был чертовски поврежден при доставке, сообщите об этом","моя посылка потерялась, я хочу сообщить о чертовой проблеме с доставкой",return_exchange,delivery,0.9450315833091736,,
stg1_000280,stg1_000345,"Я хочу удалить товары из корзины, где это можно сделать?","Мне нужно отменить товар, где это сделать?",product_info,order_status,0.9450074434280396,,
stg1_002378,stg1_001148,"Хотелось бы узнать подробнее о следующих распродажах, найдете ли вы какую-нибудь информацию?","Хотелось бы узнать побольше о ближайших магазинах, не могли бы вы найти какую-нибудь информацию?",promo_loyalty,general_info,0.9450010061264038,,
stg1_000836,stg1_000964,"Мне нужно создать учетную запись пользователя, мне нужна помощь","Мне нужно связаться со службой поддержки, мне нужна помощь",account,general_info,0.9449836015701294,,
stg1_002381,stg1_000187,"Я ищу информацию о зимних распродажах, могу ли я получить помощь?","Я ищу информацию о чертовых продуктах, могу ли я получить помощь?",promo_loyalty,product_info,0.9449771642684937,,
stg1_000648,stg1_001792,"Я хотел бы запросить право на исправление, где мне это сделать?","Я хотел бы подать гребаную жалобу, где я могу это сделать?",account,other,0.9449723362922668,,
stg1_001792,stg1_000648,"Я хотел бы подать гребаную жалобу, где я могу это сделать?","Я хотел бы запросить право на исправление, где мне это сделать?",other,account,0.9449723362922668,,
stg1_000745,stg1_002776,"Мне нужно исправить свои личные данные, помогите мне.","Мне нужно использовать ваше мобильное приложение, помогите мне.",account,technical_issue,0.9449650645256042,,
stg1_002776,stg1_000745,"Мне нужно использовать ваше мобильное приложение, помогите мне.","Мне нужно исправить свои личные данные, помогите мне.",technical_issue,account,0.9449650645256042,,
stg1_001796,stg1_000190,"Мне нужно отправить предложения по продуктам, где я могу это сделать?",Я хотел бы сообщить о проблемах в купленном мной продукте. Где я могу это сделать?,other,product_info,0.944905698299408,,
stg1_002259,stg1_001202,"Я хочу проверить вашу политику возмещения, помогите мне.","Мне бы хотелось увидеть, что ваша политика возврата поможет мне",payment_refund,return_exchange,0.944894552230835,,
stg1_002703,stg1_000009,приложение не работает на моем мобильном телефоне. Не могли бы вы помочь мне сообщить об ошибке?,заказанный мной продукт не работает должным образом. Можете ли вы мне помочь сообщить о проблеме с продуктом?,technical_issue,product_info,0.9448490142822266,,
stg1_001420,stg1_000547,Можете ли вы помочь мне обменять товар в магазине?,можешь помочь мне купить кое-какие товары?,return_exchange,order_status,0.9448263645172119,,
stg1_001485,stg1_000011,"я не получил свой заказ, как я могу сообщить о проблемах с доставкой","продукт, который я заказал, работает неправильно, могу ли я сообщить о проблеме с продуктом",delivery,product_info,0.9448217153549194,,
stg1_000420,stg1_002266,Можете ли вы помочь мне увидеть плату за отмену?,Можете ли вы помочь мне увидеть принятые варианты оплаты?,order_status,payment_refund,0.944821298122406,,
stg1_002266,stg1_000420,Можете ли вы помочь мне увидеть принятые варианты оплаты?,Можете ли вы помочь мне увидеть плату за отмену?,payment_refund,order_status,0.944821298122406,,
stg1_001833,stg1_000097,"у меня есть комментарий о продукте, как я могу его отправить","нужно написать комментарий о ваших услугах, как я могу это сделать",other,product_info,0.9448023438453674,,
stg1_000920,stg1_000221,"Я хочу знать о самых дорогих магазинах, где мне найти дополнительную информацию?","Я хочу узнать о чертовом продукте, где мне найти дополнительную информацию?",general_info,product_info,0.9448004364967346,,
stg1_002556,stg1_001482,"Я хочу узнать больше о весенних распродажах, можете ли вы найти какую-нибудь информацию?","хочу узнать больше о сроках доставки моей покупки, дашь мне некоторую информацию?",promo_loyalty,delivery,0.9447816610336304,,
stg1_000087,stg1_001116,"я не знаю, что делать, чтобы написать отзыв об услуге","Я не знаю, как мне поговорить со службой поддержки клиентов",product_info,general_info,0.9447808861732483,,
stg1_002654,stg1_000236,"сайт не работает на моем устройстве, помогите мне сообщить об этой чертовой проблеме","мой продукт не работает так, как указано. Помогите мне сообщить о проблеме с продуктом.",technical_issue,product_info,0.9447104930877686,,
stg1_002560,stg1_001067,"Я ищу информацию о следующих распродажах, могу ли я получить помощь?","мне нужно найти ближайший магазин, могу ли я получить помощь?",promo_loyalty,general_info,0.9446969628334045,,
stg1_000318,stg1_001635,"мне нужна помощь в обновлении моего заказа, прежде чем вы его отправите","нужна помощь, чтобы узнать, когда прибудет мой заказ",order_status,delivery,0.9446866512298584,,
stg1_000685,stg1_001951,"У меня проблемы с регистрацией, помогите мне","У меня есть жалоба, помогите мне ее подать",account,other,0.9446568489074707,,
stg1_001951,stg1_000685,"У меня есть жалоба, помогите мне ее подать","У меня проблемы с регистрацией, помогите мне",other,account,0.9446568489074707,,
stg1_001744,stg1_000524,"Мне нужно увидеть чертову стоимость доставки, где мне это сделать?","Я хотел бы посмотреть, где находится мой чертов заказ, как мне его сделать?",delivery,order_status,0.9446362853050232,,
stg1_002401,stg1_001702,"Я хотел бы получить информацию о чертовых зимних распродажах, где я могу ее получить?","Я ищу информацию о дате доставки моей покупки, где я могу ее получить?",promo_loyalty,delivery,0.9446266293525696,,
stg1_002724,stg1_000277,"сайт не работает на моем компьютере, мне нужна помощь, чтобы сообщить об ошибке","мой продукт работает неправильно, мне нужна помощь, чтобы сообщить о проблеме с продуктом",technical_issue,product_info,0.9446247816085815,,
stg1_002892,stg1_000670,"Я не могу заставить сайт работать на своем телефоне, мне нужна помощь, чтобы сообщить о проблеме","я не могу создать пользователя, нужна помощь, сообщить о проблеме с регистрацией",technical_issue,account,0.9446243643760681,,
stg1_002077,stg1_001333,"Мне нужно было произвести оплату, как я могу это сделать?","Я должен запросить возмещение, как я могу это сделать?",payment_refund,return_exchange,0.9446063041687012,,
stg1_000448,stg1_001449,"мне нужно обновить свой заказ, прежде чем ты его отправишь, помогите мне","мне нужно отправить заказ обратно, я получу помощь",order_status,return_exchange,0.944605827331543,,
stg1_000684,stg1_002219,"я не знаю, как сообщить о проблеме с регистрацией","я не знаю, как мне сообщить о чертовых проблемах с платежами",account,payment_refund,0.9445787072181702,,
stg1_002219,stg1_000684,"я не знаю, как мне сообщить о чертовых проблемах с платежами","я не знаю, как сообщить о проблеме с регистрацией",payment_refund,account,0.9445787072181702,,
stg1_002257,stg1_000406,"Я хотел бы оплатить картой, вы можете мне помочь?","Я хочу увидеть плату за прекращение, можете ли вы мне помочь?",payment_refund,order_status,0.9445764422416687,,
stg1_000959,stg1_001902,Можете ли вы помочь мне связаться со службой поддержки клиентов?,Можете ли вы помочь мне составить претензию клиента?,general_info,other,0.9445695877075195,,
stg1_001902,stg1_000959,Можете ли вы помочь мне составить претензию клиента?,Можете ли вы помочь мне связаться со службой поддержки клиентов?,other,general_info,0.9445695877075195,,
stg1_000081,stg1_002055,"нужна помощь, оставив отзыв об услуге","Мне нужно отправить отзыв, помогите мне",product_info,other,0.9445673823356628,,
stg1_002500,stg1_000049,"Я ищу информацию о весенних распродажах, где я могу ее получить","я ищу информацию о продукте, где я могу ее получить",promo_loyalty,product_info,0.944516122341156,,
stg1_001722,stg1_001079,"хочу увидеть дату доставки моего заказа, пожалуйста, помогите мне","мне нужно посмотреть часы твоих покупок, мне нужна помощь",delivery,general_info,0.9444705247879028,,
stg1_001894,stg1_000959,Можете ли вы помочь мне подать претензию клиента?,Можете ли вы помочь мне связаться со службой поддержки клиентов?,other,general_info,0.9444494843482971,,
stg1_000845,stg1_000524,"мне нужно посмотреть чертову историю заказов, что мне делать?","Я хотел бы посмотреть, где находится мой чертов заказ, как мне его сделать?",account,order_status,0.9444356560707092,,
stg1_001990,stg1_000040,"нужно представить чертовы идеи по улучшению продукта, помогите мне","мне нужно добавить чертов товар в корзину, помогите мне.",other,product_info,0.9444336891174316,,
stg1_000910,stg1_000199,помоги мне проверить часы работы твоего чертового магазина,помоги мне проверить наличие чертового товара,general_info,product_info,0.9444304704666138,,
stg1_001856,stg1_002122,"Мне нужна помощь, чтобы подать иск",Я хочу помощи с требованием компенсации,other,payment_refund,0.9444087147712708,,
stg1_002555,stg1_001130,"Я ищу информацию о чертовых весенних распродажах, где я могу ее получить?","Я ищу информацию о твоих чертовых часах посещения магазинов, как я могу ее получить?",promo_loyalty,general_info,0.9444082975387573,,
stg1_002483,stg1_001130,"Мне бы хотелось получить информацию о чертовых весенних распродажах, как мне ее найти?","Я ищу информацию о твоих чертовых часах посещения магазинов, как я могу ее получить?",promo_loyalty,general_info,0.9443709254264832,,
stg1_001638,stg1_000506,не могли бы вы помочь мне увидеть чертову дату доставки?,Я хочу увидеть расчетное время моего заказа. Не могли бы вы мне помочь?,delivery,order_status,0.9443302750587463,,
stg1_002571,stg1_001651,"Я ищу информацию о зимних распродажах, как я могу ее получить?","Я ищу информацию о сроках доставки моего заказа, как я могу ее получить?",promo_loyalty,delivery,0.9443104863166809,,
stg1_001821,stg1_000172,"мне нужна помощь, чтобы представить чертову идею продукта",хочу знать о чертовом продукте,other,product_info,0.9443007111549377,,
stg1_000172,stg1_001821,хочу знать о чертовом продукте,"мне нужна помощь, чтобы представить чертову идею продукта",product_info,other,0.9443007111549377,,
stg1_001401,stg1_002325,Я ищу информацию о твоем чертовом процессе возврата.,"хочу узнать о твоем чертовом процессе возврата денег, дай мне немного информации",return_exchange,payment_refund,0.9442881941795349,,
stg1_002842,stg1_002218,"Мне бы хотелось воспользоваться твоим чертовым мобильным приложением, где я могу это сделать","Я хотел бы проверить твои чертовы варианты оплаты, где я могу это сделать",technical_issue,payment_refund,0.9442854523658752,,
stg1_001968,stg1_000367,"у меня есть предложение по улучшению вашего продукта, можете ли вы его прислать?",Я хотел бы обновить свой заказ перед отправкой. Можете ли вы мне помочь?,other,order_status,0.9442306756973267,,
stg1_001435,stg1_000468,"Я хочу вернуть заказы онлайн, где я могу это сделать?","Я хотел бы отменить онлайн-заказ, можете ли вы мне помочь?",return_exchange,order_status,0.9442145824432373,,
stg1_002665,stg1_000236,"сайт не работает на моем мобильном телефоне, помогите мне сообщить о проблеме","мой продукт не работает так, как указано. Помогите мне сообщить о проблеме с продуктом.",technical_issue,product_info,0.9442054629325867,,
stg1_002783,stg1_000357,"Я бы хотел воспользоваться твоим чертовым приложением, оно мне поможет","Я бы хотел найти свою чертову посылку, может мне помочь.",technical_issue,order_status,0.9441660046577454,,
stg1_002229,stg1_000420,Можете ли вы помочь мне увидеть принятые вами способы оплаты?,Можете ли вы помочь мне увидеть плату за отмену?,payment_refund,order_status,0.9441471099853516,,
stg1_001424,stg1_000291,"не мог бы ты помочь мне обменять некоторые чертовы вещи, которые я купил?",не могли бы вы помочь мне добавить чертовы товары в корзину?,return_exchange,product_info,0.9441395401954651,,
stg1_000894,stg1_002615,"Мне нужно найти ближайший магазин, как это сделать?","Мне нужна информация о ближайших распродажах, как мне ее найти?",general_info,promo_loyalty,0.9441355466842651,,
stg1_002615,stg1_000894,"Мне нужна информация о ближайших распродажах, как мне ее найти?","Мне нужно найти ближайший магазин, как это сделать?",promo_loyalty,general_info,0.9441355466842651,,
stg1_000222,stg1_000345,"Я хочу удалить товары из корзины, где я могу это сделать?","Мне нужно отменить товар, где это сделать?",product_info,order_status,0.9441152811050415,,
stg1_000780,stg1_001686,"мой аккаунт взломали, мне нужна помощь в восстановлении пароля","мой адрес изменился, мне нужна помощь в его изменении",account,delivery,0.9441068768501282,,
stg1_001164,stg1_000038,"Мне нужна помощь, чтобы найти ближайший магазин","мне нужна помощь, чтобы узнать наличие товара",general_info,product_info,0.9441050291061401,,
stg1_002391,stg1_001513,"Мне нужна информация о зимних распродажах, как я могу ее получить?","Мне нужна информация о стоимости доставки, как я могу ее получить?",promo_loyalty,delivery,0.9440905451774597,,
stg1_002417,stg1_000020,"Я ищу информацию о чертовых зимних распродажах, где я могу ее найти?","Ищу информацию о чертовых продуктах, где ее взять?",promo_loyalty,product_info,0.9440350532531738,,
stg1_000538,stg1_001496,"Я хотел бы посмотреть, где находится мой заказ, где я могу его сделать?","Я хочу узнать стоимость доставки, где мне это сделать?",order_status,delivery,0.9440158009529114,,
stg1_002613,stg1_000020,"Мне нужна информация о чертовых зимних распродажах, где ее найти?","Ищу информацию о чертовых продуктах, где ее взять?",promo_loyalty,product_info,0.9440110325813293,,
stg1_000693,stg1_000243,"Я не знаю, как мне сообщить о проблеме с регистрацией.","Я не знаю, как написать отзыв об услуге.",account,product_info,0.9439911246299744,,
stg1_000332,stg1_001527,"нужно найти мою посылку, как я могу это сделать","нужна помощь, чтобы узнать, когда прибудет моя посылка",order_status,delivery,0.9439651370048523,,
stg1_002130,stg1_000019,мне нужна помощь в проверке способов оплаты,Мне нужна помощь в проверке наличия товара,payment_refund,product_info,0.9439218044281006,,
stg1_000019,stg1_002130,Мне нужна помощь в проверке наличия товара,мне нужна помощь в проверке способов оплаты,product_info,payment_refund,0.9439218044281006,,
stg1_000347,stg1_002303,"я купил чертов товар, но он мне не нужен, как мне отменить этот чертов заказ","я купил чертов товар и не получил счет, помогите мне его получить",order_status,payment_refund,0.9439120292663574,,
stg1_002896,stg1_000009,"приложение не работает на моем мобильном телефоне, можете ли вы помочь мне сообщить об ошибке?",заказанный мной продукт не работает должным образом. Можете ли вы мне помочь сообщить о проблеме с продуктом?,technical_issue,product_info,0.9438849091529846,,
stg1_002450,stg1_001651,"Я ищу информацию о весенних распродажах, как я могу ее получить?","Я ищу информацию о сроках доставки моего заказа, как я могу ее получить?",promo_loyalty,delivery,0.9438399076461792,,
stg1_002684,stg1_000236,"мобильное приложение не работает на моем мобильном телефоне, помогите мне сообщить о проблеме","мой продукт не работает так, как указано. Помогите мне сообщить о проблеме с продуктом.",technical_issue,product_info,0.9438273906707764,,
stg1_002723,stg1_000277,"мобильное приложение не работает на моем Mac, мне нужна помощь, чтобы сообщить о проблеме","мой продукт работает неправильно, мне нужна помощь, чтобы сообщить о проблеме с продуктом",technical_issue,product_info,0.9438244104385376,,
stg1_002592,stg1_001655,где я мог бы получить информацию о чертовых распродажах?,где я могу найти информацию о чертовой стоимости доставки,promo_loyalty,delivery,0.9437732100486755,,
stg1_001882,stg1_000095,помогите мне подать жалобу на вашу компанию,помогите мне оставить отзыв о ваших услугах,other,product_info,0.9437661170959473,,
stg1_000897,stg1_000008,"Мне нравится информация о часах работы твоего чертового магазина, как мне ее найти?","Мне нравится информация о чертовом продукте, как я могу ее получить?",general_info,product_info,0.9437574744224548,,
stg1_001659,stg1_001274,"мой заказ не завершен, я хотел бы сообщить о неполной доставке","моя чертова доставка неправильная, я хочу сообщить об этом",delivery,return_exchange,0.943743884563446,,
stg1_000957,stg1_001487,"Мне нужно проверить, в какое время я могу обратиться в службу поддержки клиентов","мне нужно проверить время доставки моей покупки, могу ли я получить помощь",general_info,delivery,0.9437025785446167,,
stg1_001039,stg1_001714,"Я хотел бы проверить часы работы вашего магазина, могу ли я это сделать","Я хотел бы проверить время доставки моего заказа, помогите мне",general_info,delivery,0.9436762928962708,,
stg1_000217,stg1_001343,"Мне нужно удалить товар из корзины, могу ли я получить помощь?","Мне нужно отправить товар обратно, могу ли я получить помощь?",product_info,return_exchange,0.9436737895011902,,
stg1_002434,stg1_000285,"Мне нужна информация о чертовых зимних распродажах, как мне ее найти?","Мне нужна информация о чертовых продуктах, как я могу ее получить?",promo_loyalty,product_info,0.9436565041542053,,
stg1_001765,stg1_000011,"мой заказ был утерян, как мне сообщить о проблемах с доставкой?","продукт, который я заказал, работает неправильно, могу ли я сообщить о проблеме с продуктом",delivery,product_info,0.9436519742012024,,
stg1_000624,stg1_002844,"я бы хотел отредактировать свой профиль, мог бы мне помочь","Я хотел бы использовать ваше приложение, помогите мне",account,technical_issue,0.943638265132904,,
stg1_001739,stg1_000243,"Я не знаю, как мне указать адрес доставки.","Я не знаю, как написать отзыв об услуге.",delivery,product_info,0.9436271786689758,,
stg1_002836,stg1_000656,"мне нужно воспользоваться твоим чертовым приложением, ты можешь мне помочь","Я хотел бы исправить свои чертовы личные данные, мне нужна помощь",technical_issue,account,0.9436201453208923,,
stg1_002838,stg1_002000,"Я хотел бы использовать ваше мобильное приложение, не могли бы вы мне помочь?","Я хочу отправить идею продукта, не могли бы вы мне помочь?",technical_issue,other,0.9436171650886536,,
stg1_002903,stg1_002027,"Я хотел бы использовать ваше приложение, могу ли я получить помощь","Мне нужно отправить идею, могу ли я получить помощь?",technical_issue,other,0.9436139464378357,,
stg1_002061,stg1_001772,"я сделал чертов заказ, но мне не пришел счет, могу ли я его скачать?","У меня чертов отзыв, не могли бы вы помочь мне его отправить?",payment_refund,other,0.9436004161834717,,
stg1_002766,stg1_000238,"Мне нужно сообщить о проблеме на сайте, как я могу это сделать?",Мне нужно сообщить о проблеме с заказанным товаром. Где я могу это сделать?,technical_issue,product_info,0.9435836672782898,,
stg1_001919,stg1_000180,"Я хотел бы отправить долбанную идею, как сделать продукт лучше, где я могу это сделать?","Я хотел бы увидеть наличие какого-то долбанного товара в магазине, где я могу это сделать?",other,product_info,0.9435786008834839,,
stg1_002135,stg1_001365,мне нужна помощь в решении чертовой проблемы с оплатой,"мне нужно запросить чертов возврат денег, мне нужна помощь",payment_refund,return_exchange,0.9435489177703857,,
stg1_002700,stg1_000670,"приложение не работает на моем устройстве, помогите мне сообщить о проблеме","я не могу создать пользователя, нужна помощь, сообщить о проблеме с регистрацией",technical_issue,account,0.9435285925865173,,
stg1_002528,stg1_000020,"Ищу информацию о чертовых весенних распродажах, где ее взять","Ищу информацию о чертовых продуктах, где ее взять?",promo_loyalty,product_info,0.943511962890625,,
stg1_001074,stg1_001675,"Мне нужна информация о часах работы вашего магазина, как ее найти?","Мне нужна информация о времени доставки, как я могу ее найти?",general_info,delivery,0.9435005187988281,,
stg1_002412,stg1_001162,"мне нужна информация о зимних распродажах, где я могу ее получить","мне нужна информация о чертовых магазинах поблизости, где я могу ее получить",promo_loyalty,general_info,0.9434943795204163,,
stg1_001154,stg1_001461,"Я хотел бы найти магазины рядом со мной, как мне это сделать?","Я хотел бы обменять товар в магазине, где я могу это сделать?",general_info,return_exchange,0.9434901475906372,,
stg1_001794,stg1_000265,"хочу оставить комментарии о продуктах, где это сделать","Нужна помощь, чтобы оставить комментарий к вашим продуктамa",other,product_info,0.9434899091720581,,
stg1_002244,stg1_001313,"Мне пришлось расплатиться чертовой дебетовой картой, где я мог это сделать?","Я хотел бы получить чертову компенсацию, где я могу это сделать?",payment_refund,return_exchange,0.9434734582901001,,
stg1_000948,stg1_001782,"Мне нужно поговорить со службой поддержки, как мне это сделать?","Мне нужно поговорить с человеком, как мне это сделать?",general_info,other,0.9434730410575867,,
stg1_001782,stg1_000948,"Мне нужно поговорить с человеком, как мне это сделать?","Мне нужно поговорить со службой поддержки, как мне это сделать?",other,general_info,0.9434730410575867,,
stg1_002894,stg1_000277,"приложение не работает на моем компьютере, мне нужна помощь, чтобы повторить ошибку","мой продукт работает неправильно, мне нужна помощь, чтобы сообщить о проблеме с продуктом",technical_issue,product_info,0.9434627294540405,,
stg1_001395,stg1_000455,"Мне нужно вернуть товар онлайн, как я могу это сделать?","Мне нужно отменить товар, как мне это сделать?",return_exchange,order_status,0.9434444308280945,,
stg1_002093,stg1_001222,"Я хотел бы узнать о вашей гарантии возврата денег, дайте мне некоторую информацию","хочу узнать больше о твоем чертовом процессе возврата, могу найти некоторую информацию",payment_refund,return_exchange,0.9434280395507812,,
stg1_002028,stg1_000035,"Мне нужно отправить комментарий о вашем бренде, можете ли вы мне помочь?",Я хотел бы сообщить о проблеме с приобретенным мной продуктом. Могу ли я получить помощь?,other,product_info,0.9434241652488708,,
stg1_002372,stg1_001163,"Я хотел бы узнать больше о весенних распродажах, можете ли вы найти какую-нибудь информацию?","Я хотел бы узнать больше о ближайших к черту магазинах, вы можете дать мне некоторую информацию?",promo_loyalty,general_info,0.9434238076210022,,
stg1_002427,stg1_000285,"Я ищу информацию о чертовых зимних распродажах, как мне ее получить?","Мне нужна информация о чертовых продуктах, как я могу ее получить?",promo_loyalty,product_info,0.9433993101119995,,
stg1_002475,stg1_001486,"Я ищу информацию о зимних распродажах, может мне поможет","Я ищу информацию о дате доставки моей покупки, мне нужна помощь",promo_loyalty,delivery,0.9433196783065796,,
stg1_001086,stg1_001977,"хочу позвонить в службу поддержки клиентов, где я могу это сделать","нужно поговорить с агентом, где я могу это сделать",general_info,other,0.9433194398880005,,
stg1_000202,stg1_001466,"мне нужно добавить товары в корзину, могу ли я получить помощь","Мне нужно обменять некоторые товары, могу ли я получить помощь?",product_info,return_exchange,0.9433164596557617,,
stg1_001877,stg1_000974,"Я тебя не понимаю, можешь помочь мне поговорить с агентом?",не могли бы вы помочь мне поговорить со службой поддержки?,other,general_info,0.9433097243309021,,
stg1_001680,stg1_000320,"Мне нужно проверить, какие способы доставки у меня есть.","Мне нужна помощь, чтобы узнать, где моя чертова доставка.",delivery,order_status,0.9433073997497559,,
stg1_001102,stg1_001501,"мне нужно посмотреть часы работы твоего чертового магазина, где это посмотреть","мне бы хотелось увидеть чертов срок доставки моего заказа, где это сделать",general_info,delivery,0.9432841539382935,,
stg1_001189,stg1_002307,"Я хочу вернуть деньги, мне нужна помощь, чтобы их получить.","нужна помощь, чтобы запросить возврат моих денег",return_exchange,payment_refund,0.9432757496833801,,
stg1_000934,stg1_000357,"Я бы хотел найти магазин поблизости, мог бы мне помочь","Я бы хотел найти свою чертову посылку, может мне помочь.",general_info,order_status,0.9432746767997742,,
stg1_001126,stg1_000030,"Я хочу найти магазины рядом со мной, помогите мне","Я хотел бы подтвердить наличие товаров в магазине, мне нужна помощь",general_info,product_info,0.9432498812675476,,
stg1_002487,stg1_000046,"Я ищу информацию о следующих распродажах, где я могу ее найти?","Я ищу информацию о продуктах, где я могу ее найти?",promo_loyalty,product_info,0.943225085735321,,
stg1_002299,stg1_000259,"что мне нужно сделать, чтобы сообщить об ошибках оплаты?",Мне нужно сообщить об ошибках в продукте. Как я могу это сделать?,payment_refund,product_info,0.943217396736145,,
stg1_000928,stg1_002489,Я хотел бы узнать больше о ваших часах работы. Вы найдете какую-нибудь информацию?,"Я хотел бы узнать больше о распродажах, вы найдете какую-нибудь информацию?",general_info,promo_loyalty,0.9432147145271301,,
stg1_001548,stg1_002063,"Мне нужно посмотреть, какие способы доставки вы предлагаете, как это сделать?","Мне нужно увидеть ваши варианты оплаты, как это сделать?",delivery,payment_refund,0.9431911110877991,,
stg1_002063,stg1_001548,"Мне нужно увидеть ваши варианты оплаты, как это сделать?","Мне нужно посмотреть, какие способы доставки вы предлагаете, как это сделать?",payment_refund,delivery,0.9431911110877991,,
stg1_002129,stg1_000352,"мне нужно получить чертов счет от Джона, мне нужна помощь","мне нужно отследить свою чертову доставку, мне нужна помощь",payment_refund,order_status,0.9431771039962769,,
stg1_002320,stg1_001233,"я не знаю, что делать, чтобы попросить вернуть деньги","мне нужно потребовать вернуть деньги, как я мог это сделать",payment_refund,return_exchange,0.9431294202804565,,
stg1_002366,stg1_001163,"Я хотел бы узнать больше о зимних распродажах, можете ли вы найти какую-нибудь информацию?","Я хотел бы узнать больше о ближайших к черту магазинах, вы можете дать мне некоторую информацию?",promo_loyalty,general_info,0.9431217908859253,,
stg1_002593,stg1_001702,"Я ищу информацию о весенних распродажах, где я могу ее найти?","Я ищу информацию о дате доставки моей покупки, где я могу ее получить?",promo_loyalty,delivery,0.9431158900260925,,
stg1_002072,stg1_001246,"мне нужно заплатить картой, где это сделать","мне нужно запросить возмещение, где я могу это сделать",payment_refund,return_exchange,0.9431147575378418,,
stg1_001491,stg1_001329,"моя посылка потерялась, куда сообщить о проблемах с доставкой?","моя посылка была чертовски повреждена при доставке, можете ли вы сообщить об этом?",delivery,return_exchange,0.943085789680481,,
stg1_001331,stg1_000621,"Я хочу обменять эти чертовы заказы, которые я купил, где мне это сделать?","Я бы хотел сменить свою чертову учетную запись, где мне это сделать?",return_exchange,account,0.9430856108665466,,
stg1_001367,stg1_002109,как мне увидеть твою чертову политику возврата?,могу ли я увидеть чертов статус моего возврата?,return_exchange,payment_refund,0.9430789947509766,,
stg1_001766,stg1_000292,хочу отправить обзор продукта,хочу сообщить об ошибках продукта,other,product_info,0.9430654644966125,,
stg1_001497,stg1_001210,"моя доставка была задержана, я хотел бы сообщить о чертовых проблемах с доставкой","один из заказанных мной товаров был чертовски поврежден при доставке, сообщите об этом",delivery,return_exchange,0.9430372714996338,,
stg1_000832,stg1_002688,"у меня проблема с моей чертовой учетной записью, не могли бы вы помочь мне изменить ее?",Я не могу заставить сайт работать на своем компьютере. Не могли бы вы помочь мне сообщить о чертовой проблеме?,account,technical_issue,0.9430149793624878,,
stg1_002688,stg1_000832,Я не могу заставить сайт работать на своем компьютере. Не могли бы вы помочь мне сообщить о чертовой проблеме?,"у меня проблема с моей чертовой учетной записью, не могли бы вы помочь мне изменить ее?",technical_issue,account,0.9430149793624878,,
stg1_000282,stg1_001448,"Я хотел бы проверить наличие какого-то товара онлайн, как мне это сделать?","Я хотел бы вернуть товар онлайн, как я могу это сделать?",product_info,return_exchange,0.9429981708526611,,
stg1_002557,stg1_000285,"Мне бы хотелось получить информацию о чертовых зимних распродажах, как мне ее получить?","Мне нужна информация о чертовых продуктах, как я могу ее получить?",promo_loyalty,product_info,0.9429154396057129,,
stg1_001832,stg1_001476,"хочу подать жалобу на свой бренд, где это сделать","нужно сообщить о проблемах с доставкой моего заказа, где это сделать",other,delivery,0.9429145455360413,,
stg1_002676,stg1_002257,"Я хотел бы использовать ваше мобильное приложение, вы можете мне помочь?","Я хотел бы оплатить картой, вы можете мне помочь?",technical_issue,payment_refund,0.9429107308387756,,
stg1_002869,stg1_000009,мобильное приложение не работает на моем Mac. Можете ли вы помочь мне сообщить о проблеме?,заказанный мной продукт не работает должным образом. Можете ли вы мне помочь сообщить о проблеме с продуктом?,technical_issue,product_info,0.9428576231002808,,
stg1_001653,stg1_000308,где посмотреть чертову стоимость доставки,"где я могу проверить, где моя чертова доставка",delivery,order_status,0.942846953868866,,
stg1_000036,stg1_001404,"мне нужно удалить чертову вещь из корзины, ты мне поможешь?","Я хотел бы вернуть чертову вещь, вы можете мне помочь?",product_info,return_exchange,0.9427871704101562,,
stg1_001786,stg1_000096,Мне нужно отправить чертов комментарий о вашей компании.,Я хочу оставить отзыв о вашей компании,other,product_info,0.9427761435508728,,
stg1_002222,stg1_000636,"Я хотел бы отследить свой гребаный возврат, надеюсь, смогу ли я это сделать?","Я хотел бы проверить гребаный перерыв в заказе, могу ли я получить некоторую помощь?",payment_refund,account,0.9427542686462402,,
stg1_001545,stg1_002373,где я могу получить информацию о способах доставки?,где я могу найти информацию о распродажах?,delivery,promo_loyalty,0.9427515268325806,,
stg1_001781,stg1_000259,"Я хочу подать жалобу на продукцию, как мне это сделать?",Мне нужно сообщить об ошибках в продукте. Как я могу это сделать?,other,product_info,0.9427194595336914,,
stg1_001634,stg1_000321,Я получил не все заказанные товары. Помогите мне сообщить об отсутствующем товаре.,"Я запросил обмен, но не получил его. Помогите мне отследить статус моего товара на замену.",delivery,order_status,0.942706823348999,,
stg1_002332,stg1_001293,"хочу сделать гребаные переводы, мне нужна помощь","мне нужно обменять гребаный заказ, который я купил, помогите мне",payment_refund,return_exchange,0.9427045583724976,,
stg1_002729,stg1_000670,"сайт не работает на моем телефоне, я хочу помочь сообщить о проблеме","я не могу создать пользователя, нужна помощь, сообщить о проблеме с регистрацией",technical_issue,account,0.9426943063735962,,
stg1_000565,stg1_000039,не могли бы помочь мне отследить мою посылку,не могли бы помочь мне проверить наличие товаров в магазине,order_status,product_info,0.9426741600036621,,
stg1_000039,stg1_000565,не могли бы помочь мне проверить наличие товаров в магазине,не могли бы помочь мне отследить мою посылку,product_info,order_status,0.9426741600036621,,
stg1_001268,stg1_000046,"Я ищу информацию о офигенном товаре в магазине, где я могу его найти?","Я ищу информацию о продуктах, где я могу ее найти?",return_exchange,product_info,0.9426732063293457,,
stg1_002484,stg1_001090,"Я хотел бы узнать больше о чертовых зимних распродажах, ты найдешь какую-нибудь информацию","Я хотел бы узнать больше о ваших часах покупок, дайте мне некоторую информацию",promo_loyalty,general_info,0.9426294565200806,,
stg1_002742,stg1_000964,"Я хотел бы использовать ваше мобильное приложение, мне нужна помощь","Мне нужно связаться со службой поддержки, мне нужна помощь",technical_issue,general_info,0.9425823092460632,,
stg1_001220,stg1_001140,"Я бы хотел обменять товар в магазине, как это сделать","мне бы хотелось поискать в чертовом магазине, как я мог это сделать",return_exchange,general_info,0.94256991147995,,
stg1_002604,stg1_001738,"хочу узнать больше о чертовых зимних распродажах, найду кое-какую информацию","хочу узнать больше о сроках доставки моей покупки, могу найти некоторую информацию",promo_loyalty,delivery,0.9425534009933472,,
stg1_002375,stg1_001737,"Мне бы хотелось получить информацию о следующих распродажах, как мне ее найти?","Я хотел бы узнать о сроках доставки моей покупки, где я могу получить дополнительную информацию?",promo_loyalty,delivery,0.9425280094146729,,
stg1_002016,stg1_000074,Я пытаюсь подать жалобу,я стараюсь оставлять свой отзыв,other,product_info,0.9425123333930969,,
stg1_000074,stg1_002016,я стараюсь оставлять свой отзыв,Я пытаюсь подать жалобу,product_info,other,0.9425123333930969,,
stg1_002404,stg1_001655,где я мог получить информацию о чертовых распродажах?,где я могу найти информацию о чертовой стоимости доставки,promo_loyalty,delivery,0.942505419254303,,
stg1_001389,stg1_000007,"Я хочу сообщить о сломанном товаре, как мне это сделать?",Я хотел бы сообщить об ошибке в заказанном мной товаре. Могу ли я это сделать?,return_exchange,product_info,0.9424967765808105,,
stg1_002883,stg1_002064,"приложение не работает на моем компьютере, мне нужно сообщить о проблеме","моя карта не работает, мне нужно сообщить о чертовой проблеме с оплатой",technical_issue,payment_refund,0.9424639344215393,,
stg1_001879,stg1_001116,"я не знаю, что делать, чтобы поговорить с агентом","Я не знаю, как мне поговорить со службой поддержки клиентов",other,general_info,0.9424313902854919,,
stg1_000766,stg1_002716,Мне нужно изменить данные моего аккаунта. Не могли бы вы мне помочь?,"Я хочу использовать ваше приложение, не могли бы вы мне помочь?",account,technical_issue,0.9423573613166809,,
stg1_002739,stg1_000236,"этот сайт не работает на моем Mac, помогите мне сообщить о проблеме","мой продукт не работает так, как указано. Помогите мне сообщить о проблеме с продуктом.",technical_issue,product_info,0.9423466324806213,,
stg1_000633,stg1_001666,Мне нужно просмотреть историю покупок. Как я могу это сделать?,"мне нужно увидеть дату покупки, как я могу это сделать",account,delivery,0.942343533039093,,
stg1_001666,stg1_000633,"мне нужно увидеть дату покупки, как я могу это сделать",Мне нужно просмотреть историю покупок. Как я могу это сделать?,delivery,account,0.942343533039093,,
stg1_001337,stg1_000293,"чертовы продукты, которые я заказал, неверны. Вы поможете мне сообщить о них?",Я хотел бы сообщить об ошибках в купленном мной продукте. Не могли бы вы мне помочь?,return_exchange,product_info,0.9423425793647766,,
stg1_001897,stg1_000053,"Я звоню, чтобы подать претензию","звоню, чтобы написать отзыв о товаре",other,product_info,0.9423279762268066,,
stg1_000053,stg1_001897,"звоню, чтобы написать отзыв о товаре","Я звоню, чтобы подать претензию",product_info,other,0.9423279762268066,,
stg1_000286,stg1_001066,"мне нужно проверить наличие товара, ты мне поможешь?","Мне нужно проверить часы работы твоего чертового магазина, ты мне поможешь?",product_info,general_info,0.9422979354858398,,
stg1_001790,stg1_001263,"Я хотел бы подать чертову жалобу на твой бренд, помоги мне.","Я пытаюсь найти чертову компенсацию, помогите мне.",other,return_exchange,0.9422796964645386,,
stg1_002005,stg1_000235,"Я хочу отправить идею продукта, как это сделать?","Я хочу повторить проблему с продуктом, как это сделать?",other,product_info,0.9422795176506042,,
stg1_000235,stg1_002005,"Я хочу повторить проблему с продуктом, как это сделать?","Я хочу отправить идею продукта, как это сделать?",product_info,other,0.9422795176506042,,
stg1_000517,stg1_002211,"Я хотел бы посмотреть, где мой чертов груз, можешь мне помочь?",Я хотел бы увидеть чертов статус моего возмещения. Не могли бы вы мне помочь?,order_status,payment_refund,0.9422735571861267,,
stg1_002031,stg1_000086,"у меня есть офигенный отзыв о продукте, мог бы его использовать","Мне нужна помощь, чтобы оставить отзыв о продукте",other,product_info,0.9422727227210999,,
stg1_000401,stg1_002990,Не могу добавить товар в заказ CS7Q7MW4,Не могу добавить товар в корзину,order_status,technical_issue,0.94227135181427,,
stg1_001399,stg1_000345,"Я хотел бы обменять некоторые товары, где это сделать?","Мне нужно отменить товар, где это сделать?",return_exchange,order_status,0.9422646760940552,,
stg1_000174,stg1_001457,не могли бы вы мне помочь проверить наличие товара?,не могли бы вы помочь мне отправить товар обратно?,product_info,return_exchange,0.9422607421875,,
stg1_000797,stg1_001385,"Мне нужно найти то, что я купил, мне нужна помощь в просмотре истории моих покупок.","мне нужно обменять кое-какие вещи, которые я купил, мне нужна помощь",account,return_exchange,0.9422410726547241,,
stg1_002428,stg1_001130,"Я ищу информацию о чертовых весенних распродажах, как мне ее найти?","Я ищу информацию о твоих чертовых часах посещения магазинов, как я могу ее получить?",promo_loyalty,general_info,0.9422244429588318,,
stg1_002863,stg1_002064,"я не могу заставить приложение работать на своем компьютере, мне нужно сообщить о чертовой проблеме","моя карта не работает, мне нужно сообщить о чертовой проблеме с оплатой",technical_issue,payment_refund,0.9422159194946289,,
stg1_000843,stg1_002735,"Мне не нужна моя учетная запись, мне нужна помощь в ее удалении","приложение не работает на моем устройстве, мне нужна помощь, чтобы сообщить об ошибке",account,technical_issue,0.9422063231468201,,
stg1_001685,stg1_001079,"Мне нужна помощь, чтобы проверить, как скоро я смогу ожидать свою покупку","мне нужно посмотреть часы твоих покупок, мне нужна помощь",delivery,general_info,0.9422008395195007,,
stg1_002457,stg1_000254,"Мне нужна информация о следующих распродажах, как я могу ее получить?","Мне нужна информация о продуктах, как я могу ее получить?",promo_loyalty,product_info,0.942200243473053,,
stg1_002453,stg1_001163,"Я хотел бы узнать больше о весенних распродажах, вы найдете какую-нибудь информацию?","Я хотел бы узнать больше о ближайших к черту магазинах, вы можете дать мне некоторую информацию?",promo_loyalty,general_info,0.9421504139900208,,
stg1_002685,stg1_002064,"сайт не работает на моем мобильном телефоне, помогите мне сообщить о чертовой проблеме","моя карта не работает, мне нужно сообщить о чертовой проблеме с оплатой",technical_issue,payment_refund,0.9421433210372925,,
stg1_001132,stg1_001484,Мне хотелось бы узнать о ваших часах работы. Как мне найти дополнительную информацию?,"Мне хотелось бы узнать о чертовой дате доставки, как я могу получить дополнительную информацию?",general_info,delivery,0.942122757434845,,
stg1_002270,stg1_002867,"я не могу сделать перевод, как сообщить о чертовых проблемах с оплатой","приложение не работает, мне нужна помощь, чтобы сообщить о чертовой проблеме",payment_refund,technical_issue,0.9420965313911438,,
stg1_001759,stg1_001052,"Я хотел бы увидеть чертову дату доставки, помогите мне.","Мне нужно узнать часы работы вашего магазина, помогите мне.",delivery,general_info,0.9420909881591797,,
stg1_002646,stg1_000178,"Приложение не работает на моем устройстве, мне нужно сообщить об ошибке","Мне нужно сообщить об ошибке продукта, мне нужна помощь",technical_issue,product_info,0.9420887231826782,,
stg1_001957,stg1_001116,"Я не знаю, как говорить с агентом-человеком","Я не знаю, как мне поговорить со службой поддержки клиентов",other,general_info,0.9420872330665588,,
stg1_001568,stg1_000355,"где я могу посмотреть, как скоро мне ожидать посылку?","Мне нужно посмотреть, где находится моя посылка, как я могу это сделать?",delivery,order_status,0.9420612454414368,,
stg1_000241,stg1_001302,хочу сообщить об ошибках в приобретенном мной продукте,"продукт, который я заказал, неправильный, помогите мне сообщить об этом",product_info,return_exchange,0.9420475363731384,,
stg1_002272,stg1_001717,"Мне нужна помощь, чтобы узнать, какие варианты оплаты вы принимаете","мне нужна помощь, чтобы проверить, какие у меня есть способы доставки",payment_refund,delivery,0.9420067667961121,,
stg1_001984,stg1_001476,"нужно отправить идеи для продукта, где мне это сделать","нужно сообщить о проблемах с доставкой моего заказа, где это сделать",other,delivery,0.941989004611969,,
stg1_002488,stg1_000285,"Мне нужна информация о чертовых весенних распродажах, как я могу ее найти?","Мне нужна информация о чертовых продуктах, как я могу ее получить?",promo_loyalty,product_info,0.9419596791267395,,
stg1_001761,stg1_000465,"помогите проверить, какие у меня чертовы способы доставки",помоги мне отследить мою чертову доставку,delivery,order_status,0.9419451951980591,,
stg1_001436,stg1_000155,"Мне нужно обменять в магазине чертову вещь, купленную в Интернете, как я могу это сделать?","Я хотел бы подтвердить наличие этого чертового товара в магазине, как мне это сделать?",return_exchange,product_info,0.9419209361076355,,
stg1_001250,stg1_000324,"хочу обменять товары, как это сделать","Я хочу отменить товар, как мне это сделать?",return_exchange,order_status,0.9418855905532837,,
stg1_000467,stg1_002055,помогите мне отследить заказ,"Мне нужно отправить отзыв, помогите мне",order_status,other,0.9418612718582153,,
stg1_001357,stg1_000455,"мне нужно обменять товар в магазине, как я могу это сделать","Мне нужно отменить товар, как мне это сделать?",return_exchange,order_status,0.941855251789093,,
stg1_001978,stg1_001470,Мне нужно отправить чертовы жалобы на продукт.,"Я должен сообщить о чертовски неправильных товарах, мне нужна помощь",other,return_exchange,0.9418538808822632,,
stg1_000734,stg1_002249,"Я не могу открыть счет, мне нужно сообщить о проблеме с регистрацией","Не могу сделать перевод, нужно сообщить о проблемах с оплатой",account,payment_refund,0.9418198466300964,,
stg1_001643,stg1_002509,Я хочу узнать больше о сроках доставки,хочу узнать больше о продажах,delivery,promo_loyalty,0.9418187737464905,,
stg1_002509,stg1_001643,хочу узнать больше о продажах,Я хочу узнать больше о сроках доставки,promo_loyalty,delivery,0.9418187737464905,,
stg1_000473,stg1_001280,"я купил товар, но выбрал не ту модель, хочу изменить свой заказ","Я получил продукт не той модели, мне нужна помощь, чтобы сообщить об этом",order_status,return_exchange,0.9417843222618103,,
stg1_000640,stg1_000570,"мне нужен чертов аккаунт, где его создать","мне нужно найти свою чертову посылку, где я могу это сделать",account,order_status,0.9417791366577148,,
stg1_001361,stg1_000940,"Я хочу обменять в магазине чертов товар, купленный онлайн, как мне это сделать?","Мне нужно найти чертов магазин, как мне это сделать?",return_exchange,general_info,0.9417724013328552,,
stg1_000858,stg1_002679,"хочу изменить свои чертовы личные данные, мне нужна помощь","Я бы хотел воспользоваться твоим чертовым приложением, мне нужна помощь",account,technical_issue,0.9417314529418945,,
stg1_001387,stg1_000324,"Я хочу вернуть товар онлайн, где я могу это сделать?","Я хочу отменить товар, как мне это сделать?",return_exchange,order_status,0.9417235851287842,,
stg1_002758,stg1_000670,"веб-сайт не работает на моем компьютере, помогите мне сообщить о проблеме","я не могу создать пользователя, нужна помощь, сообщить о проблеме с регистрацией",technical_issue,account,0.9417200684547424,,
stg1_001232,stg1_000324,"Я хочу вернуть купленный товар, что мне делать?","Я хочу отменить товар, как мне это сделать?",return_exchange,order_status,0.9417142271995544,,
stg1_002789,stg1_000204,"нужно сообщить о технической проблеме с мобильным приложением, мне поможет","хочу сообщить о чертовых проблемах с полученным мной продуктом, мне поможет",technical_issue,product_info,0.9417055249214172,,
stg1_002446,stg1_001453,"Мне нужна информация о весенних распродажах, где ее можно найти?","Мне нужна информация о товаре в магазине, где я могу ее получить?",promo_loyalty,return_exchange,0.941698431968689,,
stg1_000639,stg1_002754,"мне не нужен мой чертов профиль, мне нужна помощь, чтобы удалить его","сайт не работает на моем устройстве, мне нужна помощь, чтобы сообщить о чертовой проблеме",account,technical_issue,0.9416970014572144,,
stg1_001690,stg1_000009,"моя доставка не прибыла вовремя, как я могу сообщить о проблеме с доставкой?",заказанный мной продукт не работает должным образом. Можете ли вы мне помочь сообщить о проблеме с продуктом?,delivery,product_info,0.9416709542274475,,
stg1_000514,stg1_001349,"хочу обновить свой заказ перед отправкой, как мне это сделать?","Я хочу отправить товар обратно, как мне это сделать?",order_status,return_exchange,0.9416654109954834,,
stg1_000641,stg1_002846,"Я хотел бы закрыть свою чертову учетную запись пользователя, как я могу это сделать?","Я бы хотел воспользоваться твоим чертовым приложением, как мне это сделать?",account,technical_issue,0.9416393637657166,,
stg1_000883,stg1_000452,"у меня ошибка в моей гребаной учетной записи, ты поможешь мне ее изменить?","мне нужно изменить мой гребаный онлайн-заказ, прежде чем отправлять его, не могли бы вы мне помочь?",account,order_status,0.9416314363479614,,
stg1_000452,stg1_000883,"мне нужно изменить мой гребаный онлайн-заказ, прежде чем отправлять его, не могли бы вы мне помочь?","у меня ошибка в моей гребаной учетной записи, ты поможешь мне ее изменить?",order_status,account,0.9416314363479614,,
stg1_001754,stg1_000049,"мне нужна помощь, чтобы узнать, как скоро я смогу получить свой продукт","я ищу информацию о продукте, где я могу ее получить",delivery,product_info,0.94161456823349,,
stg1_002848,stg1_000661,"хочу использовать твое приложение, где это сделать","я бы хотел создать учетную запись, где это сделать",technical_issue,account,0.9416037797927856,,
stg1_001471,stg1_001765,"заказанная мной чертова посылка была раздавлена, как я могу об этом сообщить?","мой заказ был утерян, как мне сообщить о проблемах с доставкой?",return_exchange,delivery,0.9415928721427917,,
stg1_001084,stg1_001737,Я хотел бы узнать о ваших часах работы. Как мне найти дополнительную информацию?,"Я хотел бы узнать о сроках доставки моей покупки, где я могу получить дополнительную информацию?",general_info,delivery,0.9415742754936218,,
stg1_000649,stg1_000358,"У меня проблема с моим чертовым аккаунтом, ты поможешь мне это изменить?","Я хочу отменить чертов онлайн-заказ, вы можете мне помочь?",account,order_status,0.9415604472160339,,
stg1_000966,stg1_000068,помогите мне связаться со службой поддержки клиентов,"Мне нужна помощь, чтобы отправить отзыв о ваших услугах",general_info,product_info,0.9415575265884399,,
stg1_000627,stg1_001048,"мне нужен чертов аккаунт, ты поможешь мне его открыть?","мне нужно поискать чертов магазин, ты мне поможешь?",account,general_info,0.9415496587753296,,
stg1_000872,stg1_002148,мне нужно уведомлять об ошибках при регистрации,мне нужна помощь в информировании об ошибках с платежами,account,payment_refund,0.9415454864501953,,
stg1_002148,stg1_000872,мне нужна помощь в информировании об ошибках с платежами,мне нужно уведомлять об ошибках при регистрации,payment_refund,account,0.9415454864501953,,
stg1_001667,stg1_000308,"нужно проверить чертову стоимость доставки, где это сделать","где я могу проверить, где моя чертова доставка",delivery,order_status,0.9415231943130493,,
stg1_002078,stg1_001392,"Мне нужно проверить вашу политику возмещения, где это сделать?","мне нужно проверить твою чертову политику возврата, как я могу это сделать",payment_refund,return_exchange,0.941514790058136,,
stg1_002736,stg1_000783,"Я хотел бы использовать ваше приложение, где я могу это сделать?","Я хотел бы изменить свой профиль, где мне это сделать?",technical_issue,account,0.9415113925933838,,
stg1_001942,stg1_000367,"У меня есть предложение, как сделать ваш продукт лучше. Можете ли вы помочь мне отправить его?",Я хотел бы обновить свой заказ перед отправкой. Можете ли вы мне помочь?,other,order_status,0.9415047764778137,,
stg1_002639,stg1_002027,"Я хотел бы использовать ваше мобильное приложение, могу ли я получить помощь?","Мне нужно отправить идею, могу ли я получить помощь?",technical_issue,other,0.9415006637573242,,
stg1_000370,stg1_001388,"Я купил чертов товар, но он мне не нужен, как я могу отменить этот чертов заказ?","Я хочу обменять купленный мной чертов товар, где мне это сделать?",order_status,return_exchange,0.9414991736412048,,
stg1_000662,stg1_001686,"мой профиль взломали, мне нужна помощь в сбросе пароля","мой адрес изменился, мне нужна помощь в его изменении",account,delivery,0.9413819909095764,,
stg1_001042,stg1_001487,"помогите мне узнать, в какое время я могу обратиться в службу поддержки клиентов","мне нужно проверить время доставки моей покупки, могу ли я получить помощь",general_info,delivery,0.9413627982139587,,
stg1_001656,stg1_002096,"я не получил все, что купил, помогите мне сообщить о пропаже товара","Я совершил покупку и не получил счет, могу его получить",delivery,payment_refund,0.9413047432899475,,
stg1_002096,stg1_001656,"Я совершил покупку и не получил счет, могу его получить","я не получил все, что купил, помогите мне сообщить о пропаже товара",payment_refund,delivery,0.9413047432899475,,
stg1_001144,stg1_001820,"мне нужно отправить письмо в чертову службу поддержки, где мне это сделать?","хочу отправить чертов отзыв, где мне это сделать?",general_info,other,0.9412725567817688,,
stg1_002755,stg1_001107,"Мне бы хотелось воспользоваться твоим чертовым мобильным приложением, ты мне поможешь?","Я бы хотел позвонить в чертову службу поддержки, вы можете мне помочь?",technical_issue,general_info,0.9412676692008972,,
stg1_001047,stg1_000513,"мне нужно проверить твои чертовы часы работы, где это сделать","Я бы хотел проверить, где моя чертова посылка, как это сделать",general_info,order_status,0.941264271736145,,
stg1_002858,stg1_002027,"Я бы хотел использовать ваше мобильное приложение, могу ли я получить помощь?","Мне нужно отправить идею, могу ли я получить помощь?",technical_issue,other,0.9411700367927551,,
stg1_002784,stg1_002064,"мобильное приложение не работает, мне нужно попросить сообщить об этой чертовой ошибке","моя карта не работает, мне нужно сообщить о чертовой проблеме с оплатой",technical_issue,payment_refund,0.9411655068397522,,
stg1_001689,stg1_000320,"мне нужна помощь, чтобы настроить адрес доставки","Мне нужна помощь, чтобы узнать, где моя чертова доставка.",delivery,order_status,0.9411004185676575,,
stg1_002552,stg1_001048,"Я ищу информацию о следующих чертовых распродажах, ты мне поможешь?","мне нужно поискать чертов магазин, ты мне поможешь?",promo_loyalty,general_info,0.9410768747329712,,
stg1_002498,stg1_000020,"Я ищу информацию о чертовых зимних распродажах, как мне ее найти?","Ищу информацию о чертовых продуктах, где ее взять?",promo_loyalty,product_info,0.9410601854324341,,
stg1_002779,stg1_001107,"Я бы хотел воспользоваться твоим чертовым мобильным приложением, ты мне поможешь?","Я бы хотел позвонить в чертову службу поддержки, вы можете мне помочь?",technical_issue,general_info,0.9410545229911804,,
stg1_001709,stg1_000044,"где проверить, когда придет мой товар?",где проверить наличие товара в магазине?,delivery,product_info,0.9410405158996582,,
stg1_000044,stg1_001709,где проверить наличие товара в магазине?,"где проверить, когда придет мой товар?",product_info,delivery,0.9410405158996582,,
stg1_002564,stg1_001408,"Я ищу информацию о следующих распродажах, помогите мне.","Я ищу информацию о чертовом товаре в магазине, помогите мне.",promo_loyalty,return_exchange,0.9410371780395508,,
stg1_000851,stg1_002846,"Я хотел бы сбросить свой чертов пароль, как мне это сделать?","Я бы хотел воспользоваться твоим чертовым приложением, как мне это сделать?",account,technical_issue,0.9410053491592407,,
stg1_001077,stg1_001636,"нужно посмотреть часы работы вашего магазина, где это сделать","мне нужно увидеть время доставки, как я могу это сделать",general_info,delivery,0.9410015344619751,,
stg1_001307,stg1_001523,"отправленный товар чертовски раздавлен, могу ли я сообщить об этом?",Я хотел бы сообщить о чертовой проблеме с доставкой. Могу ли я это сделать?,return_exchange,delivery,0.9409604072570801,,
stg1_001748,stg1_001255,"моя посылка не укомплектована, как я могу сообщить об отсутствующем товаре?","один из предметов в моей посылке неправильный, как мне об этом сообщить?",delivery,return_exchange,0.9409598112106323,,
stg1_001255,stg1_001748,"один из предметов в моей посылке неправильный, как мне об этом сообщить?","моя посылка не укомплектована, как я могу сообщить об отсутствующем товаре?",return_exchange,delivery,0.9409598112106323,,
stg1_000159,stg1_001448,"Я хотел бы проверить наличие товаров онлайн, как это сделать?","Я хотел бы вернуть товар онлайн, как я могу это сделать?",product_info,return_exchange,0.9409400820732117,,
stg1_000891,stg1_001905,Могу ли я связаться со службой поддержки клиентов?,могу ли я связаться с помощником?,general_info,other,0.9409314393997192,,
stg1_001905,stg1_000891,могу ли я связаться с помощником?,Могу ли я связаться со службой поддержки клиентов?,other,general_info,0.9409314393997192,,
stg1_000340,stg1_001524,где я могу отследить свою чертову посылку?,"где я могу увидеть, когда придет моя посылка?",order_status,delivery,0.9409132599830627,,
stg1_002804,stg1_000621,"Я хочу воспользоваться твоим чертовым мобильным приложением, где мне это сделать?","Я бы хотел сменить свою чертову учетную запись, где мне это сделать?",technical_issue,account,0.9408965110778809,,
stg1_000520,stg1_001254,"Я нашел товар, но выбрал неправильный размер, мне нужно обновить свой онлайн-заказ","Мне нужно вернуть заказ онлайн, мне нужна помощь",order_status,return_exchange,0.9408859610557556,,
stg1_002635,stg1_002064,"приложение не работает на моем планшете, могу ли я сообщить об этой чертовой проблеме","моя карта не работает, мне нужно сообщить о чертовой проблеме с оплатой",technical_issue,payment_refund,0.9408783912658691,,
stg1_000232,stg1_002394,"хочу узнать о продукте, могу найти некоторую информацию","мне нужна информация о продажах, где я могу ее найти",product_info,promo_loyalty,0.9408575296401978,,
stg1_001195,stg1_000484,"мне нужно обменять товар, который я купил онлайн, в магазине, где мне это сделать","мне нужно изменить свой чертов онлайн-заказ, прежде чем отправлять его, где мне это сделать",return_exchange,order_status,0.9408496618270874,,
stg1_001044,stg1_000227,"хочу найти магазин, как мне это сделать?","Мне необходимо проверить наличие товара в магазине, где я могу это сделать?",general_info,product_info,0.9408379793167114,,
stg1_002642,stg1_000670,"я не могу заставить веб-сайт работать на моем Mac, мне нужна помощь, чтобы сообщить о проблеме","я не могу создать пользователя, нужна помощь, сообщить о проблеме с регистрацией",technical_issue,account,0.9407762885093689,,
stg1_000499,stg1_000883,"хочу изменить свой гребаный онлайн-заказ перед использованием, могу ли я это сделать","у меня ошибка в моей гребаной учетной записи, ты поможешь мне ее изменить?",order_status,account,0.9407303333282471,,
stg1_001988,stg1_001231,"Мне нужно отправить чертово предложение по продукту, как это сделать?","Я бы хотел отправить чертов заказ обратно, как мне это сделать?",other,return_exchange,0.9407175779342651,,
stg1_001701,stg1_000287,"нужна помощь, просмотрите варианты доставки","хочу увидеть наличие товара, помогите мне",delivery,product_info,0.9405944347381592,,
stg1_001529,stg1_002474,Ищу информацию о сроках доставки,Я ищу информацию о распродажах,delivery,promo_loyalty,0.9405823945999146,,
stg1_002474,stg1_001529,Я ищу информацию о распродажах,Ищу информацию о сроках доставки,promo_loyalty,delivery,0.9405823945999146,,
stg1_002864,stg1_000009,"приложение не работает на моем мобильном телефоне, могу ли я сообщить об этой чертовой проблеме?",заказанный мной продукт не работает должным образом. Можете ли вы мне помочь сообщить о проблеме с продуктом?,technical_issue,product_info,0.9405549168586731,,
stg1_000059,stg1_000966,помогите мне написать комментарий к услуге,помогите мне связаться со службой поддержки клиентов,product_info,general_info,0.940548837184906,,
stg1_001464,stg1_000590,"мне нужно вернуть товар онлайн, где я могу это сделать","Мне нужно отменить товар, где мне это сделать?",return_exchange,order_status,0.9405210614204407,,
stg1_001961,stg1_001069,"я не понимаю, тебе нужна помощь, чтобы поговорить с чертовым человеком","мне нужно поговорить с чертовой службой поддержки, не могли бы мне помочь",other,general_info,0.9405182003974915,,
stg1_000788,stg1_001055,помогите сообщить о проблеме с регистрацией,помогите поговорить со службой поддержки,account,general_info,0.9405038356781006,,
stg1_002876,stg1_000670,"я не могу заставить приложение работать на своем компьютере, мне нужно сообщить о проблеме","я не могу создать пользователя, нужна помощь, сообщить о проблеме с регистрацией",technical_issue,account,0.9405034780502319,,
stg1_000678,stg1_003013,уведомлять об ошибках при регистрации,Ошибка при регистрации,account,technical_issue,0.9404516816139221,,
stg1_003013,stg1_000678,Ошибка при регистрации,уведомлять об ошибках при регистрации,technical_issue,account,0.9404516816139221,,
stg1_000353,stg1_001728,"Я хотел бы отследить свою посылку, где я могу это сделать?","Я хотел бы проверить чертову стоимость пересылки, где я могу это сделать?",order_status,delivery,0.9404162764549255,,
stg1_000801,stg1_002873,Я не могу создать профиль пользователя. Помогите сообщить о проблемах с регистрацией.,"я не могу заставить сайт работать на своем компьютере, помогите мне сообщить о чертовой проблеме",account,technical_issue,0.9404040575027466,,
stg1_002873,stg1_000801,"я не могу заставить сайт работать на своем компьютере, помогите мне сообщить о чертовой проблеме",Я не могу создать профиль пользователя. Помогите сообщить о проблемах с регистрацией.,technical_issue,account,0.9404040575027466,,
stg1_001571,stg1_000524,"Хочу посмотреть, как скоро мне ожидать заказ, как это сделать?","Я хотел бы посмотреть, где находится мой чертов заказ, как мне его сделать?",delivery,order_status,0.9403809309005737,,
stg1_001846,stg1_000068,"Я звоню, чтобы подать жалобу клиента на вашу организацию","Мне нужна помощь, чтобы отправить отзыв о ваших услугах",other,product_info,0.9403480887413025,,
stg1_002440,stg1_000008,"Мне нравится информация о зимних распродажах, как я могу ее получить?","Мне нравится информация о чертовом продукте, как я могу ее получить?",promo_loyalty,product_info,0.940319299697876,,
stg1_002608,stg1_001453,"Мне нужна информация о зимних распродажах, где ее можно найти?","Мне нужна информация о товаре в магазине, где я могу ее получить?",promo_loyalty,return_exchange,0.9402865171432495,,
stg1_001822,stg1_000238,куда я могу подать жалобу на товар?,Мне нужно сообщить о проблеме с заказанным товаром. Где я могу это сделать?,other,product_info,0.9402798414230347,,
stg1_001182,stg1_001807,"некоторые продукты неправильные, можете ли вы помочь мне сообщить о них?",Не могли бы вы помочь мне отправить чертовы жалобы на продукты?,return_exchange,other,0.9402675628662109,,
stg1_000663,stg1_001477,"Мне нужно поискать то, что я купил, помогите мне посмотреть мою чертову историю покупок.","Я ищу информацию о чертовой дате доставки моей покупки, мне нужна помощь.",account,delivery,0.940262496471405,,
stg1_002288,stg1_001450,помощь в получении возмещения,необходимо запросить возмещение,payment_refund,return_exchange,0.9402462840080261,,
stg1_001450,stg1_002288,необходимо запросить возмещение,помощь в получении возмещения,return_exchange,payment_refund,0.9402462840080261,,
stg1_001868,stg1_000087,"я не знаю, что делать, чтобы возбудить иск потребителя","я не знаю, что делать, чтобы написать отзыв об услуге",other,product_info,0.9402006268501282,,
stg1_001652,stg1_000339,"Я хочу проверить, какие варианты доставки есть","хочу проверить, где моя доставка, как это сделать",delivery,order_status,0.9401912093162537,,
stg1_001129,stg1_001420,Можете ли вы помочь мне найти ближайший ко мне магазин?,Можете ли вы помочь мне обменять товар в магазине?,general_info,return_exchange,0.940179705619812,,
stg1_001407,stg1_000590,"Мне нужно вернуть товар, купленный онлайн, в магазин, где мне это сделать?","Мне нужно отменить товар, где мне это сделать?",return_exchange,order_status,0.9401599764823914,,
stg1_000785,stg1_001851,"я не знаю, что мне нужно сделать, чтобы переключиться на про аккаунт","Я не знаю, что мне нужно сделать, чтобы связаться с помощником",account,other,0.9401552081108093,,
stg1_002637,stg1_000009,"сайт не работает на моем Mac, можете ли вы помочь мне сообщить об этой чертовой проблеме?",заказанный мной продукт не работает должным образом. Можете ли вы мне помочь сообщить о проблеме с продуктом?,technical_issue,product_info,0.940150797367096,,
stg1_000171,stg1_001402,"мне нужно добавить товары в корзину, помогите мне","Мне нужно обменять товар в магазине, вы мне поможете?",product_info,return_exchange,0.9401499032974243,,
stg1_001108,stg1_002615,"Мне нужно найти ближайший ко мне магазин, как это сделать?","Мне нужна информация о ближайших распродажах, как мне ее найти?",general_info,promo_loyalty,0.940125048160553,,
stg1_000608,stg1_000294,"мне нужно удалить свой гребаный аккаунт, где это сделать","мне нужно удалить чертов предмет из аккаунта, где мне это сделать",account,product_info,0.9401184320449829,,
stg1_002456,stg1_000005,Я ищу информацию о весенних распродажах. Можете ли вы мне помочь?,Я хотел бы сообщить о дефектах заказанного товара. Можете ли вы мне помочь?,promo_loyalty,product_info,0.9400834441184998,,
stg1_000220,stg1_001835,мне нужна помощь в добавлении товаров в корзину,"Мне нужна помощь, чтобы отправить предложения по продуктам",product_info,other,0.9400625824928284,,
stg1_001226,stg1_000005,один из полученных мной предметов был раздавлен. Вы поможете мне сообщить об этом?,Я хотел бы сообщить о дефектах заказанного товара. Можете ли вы мне помочь?,return_exchange,product_info,0.9400614500045776,,
stg1_001504,stg1_002622,"Мне нравится информация о чертовых расходах на рассылку, где бы она ни была, я ее получу","Мне нравится информация о чертовых зимних распродажах, где я могу ее получить",delivery,promo_loyalty,0.9400572776794434,,
stg1_002599,stg1_001217,"Мне нужна информация о чертовых весенних распродажах, где ее можно найти?","мне нужна информация о чертовом товаре в магазине, где я могу его найти",promo_loyalty,return_exchange,0.9399961233139038,,
stg1_000028,stg1_001439,"как сообщить о чертовски дефектном товаре, который я получил","Я хочу сообщить о чертовски неправильных товарах, мне нужна помощь",product_info,return_exchange,0.9399778246879578,,
stg1_000445,stg1_001279,"Я купил товар, но выбрал неправильный цвет, как я могу обновить свой чертов онлайн-заказ?","мне нужно вернуть чертов товар, который я купил в магазине онлайн, как я могу это сделать",order_status,return_exchange,0.9399749636650085,,
stg1_002632,stg1_002248,"Я бы хотел использовать твое чертово приложение, как мне это сделать?","Я бы хотел расплатиться чертовой картой, как мне это сделать?",technical_issue,payment_refund,0.9399235844612122,,
stg1_001432,stg1_000180,"Я хотел бы обменять товар, купленный онлайн, в магазине, где я могу это сделать?","Я хотел бы увидеть наличие какого-то долбанного товара в магазине, где я могу это сделать?",return_exchange,product_info,0.9399185180664062,,
stg1_001371,stg1_000468,"Я хочу вернуть заказы онлайн, где мне это сделать?","Я хотел бы отменить онлайн-заказ, можете ли вы мне помочь?",return_exchange,order_status,0.9398993253707886,,
stg1_001827,stg1_001253,"Я хотел бы отправить идею продукта, как я могу это сделать?","Я хотел бы вернуть товар, как это сделать?",other,return_exchange,0.9398777484893799,,
stg1_002530,stg1_001217,я пытаюсь найти информацию о чертовых распродажах,"мне нужна информация о чертовом товаре в магазине, где я могу его найти",promo_loyalty,return_exchange,0.9398334622383118,,
stg1_002687,stg1_001318,"Мне нужно воспользоваться твоим чертовым мобильным приложением, где я могу это сделать?","Я хочу потребовать чертовски возмещение, где я могу это сделать?",technical_issue,return_exchange,0.9398277997970581,,
stg1_000568,stg1_000076,"Мне нужно изменить товар при покупке. FEBSWKOP, помогите мне.","Мне нужно оставить отзыв о товаре, помогите мне.",order_status,product_info,0.9398186802864075,,
stg1_002092,stg1_002889,У меня возникла проблема с переводом с помощью кредитной карты. Не могли бы вы помочь мне сообщить об этом?,У меня возникла техническая проблема с приложением на моем ПК. Не могли бы вы сообщить об этом?,payment_refund,technical_issue,0.939799427986145,,
stg1_002889,stg1_002092,У меня возникла техническая проблема с приложением на моем ПК. Не могли бы вы сообщить об этом?,У меня возникла проблема с переводом с помощью кредитной карты. Не могли бы вы помочь мне сообщить об этом?,technical_issue,payment_refund,0.939799427986145,,
stg1_001188,stg1_002349,"Я ищу информацию о твоем чертовом процессе возвращения, где я могу ее получить?","Я ищу информацию о ваших чертовых способах оплаты, где я могу ее получить?",return_exchange,payment_refund,0.9397706389427185,,
stg1_002830,stg1_000009,"мобильное приложение не работает на моем компьютере, не могли бы вы помочь мне сообщить об ошибке?",заказанный мной продукт не работает должным образом. Можете ли вы мне помочь сообщить о проблеме с продуктом?,technical_issue,product_info,0.9397663474082947,,
stg1_002803,stg1_000277,"сайт не работает на моем мобильном телефоне, мне нужно сообщить о проблеме","мой продукт работает неправильно, мне нужна помощь, чтобы сообщить о проблеме с продуктом",technical_issue,product_info,0.9397652745246887,,
stg1_002570,stg1_001737,"Мне бы хотелось получить информацию о следующих распродажах, могу ли я ее найти?","Я хотел бы узнать о сроках доставки моей покупки, где я могу получить дополнительную информацию?",promo_loyalty,delivery,0.939737856388092,,
stg1_001242,stg1_000211,"хочу вернуть чертову вещь, которую я купил в магазине онлайн, могу ли я это сделать","хочу подтвердить наличие чертовых товаров в Интернете, мне поможет",return_exchange,product_info,0.9397274255752563,,
stg1_000245,stg1_002013,"Я хочу добавить чертовы галстуки в корзину, ты мне поможешь?","Мне нужно отправить чертовы предложения по продукту, вы мне поможете?",product_info,other,0.9397199749946594,,
stg1_000672,stg1_002345,"Я не могу зарегистрироваться, могу ли я сообщить о проблемах с регистрацией?","я не могу произвести платеж, не могли бы вы помочь мне сообщить о чертовых проблемах с оплатой?",account,payment_refund,0.9396765828132629,,
stg1_002345,stg1_000672,"я не могу произвести платеж, не могли бы вы помочь мне сообщить о чертовых проблемах с оплатой?","Я не могу зарегистрироваться, могу ли я сообщить о проблемах с регистрацией?",payment_refund,account,0.9396765828132629,,
stg1_000316,stg1_001368,"я купил товар, но выбрал неправильный размер, мне нужно изменить заказ","я купил товар, но хочу вернуть его, мне нужна помощь",order_status,return_exchange,0.9396715760231018,,
stg1_002568,stg1_001638,не могли бы вы дать мне информацию о распродажах?,не могли бы вы помочь мне увидеть чертову дату доставки?,promo_loyalty,delivery,0.9396562576293945,,
stg1_002352,stg1_001401,Я пытаюсь проверить твою чертову гарантию возврата денег.,Я ищу информацию о твоем чертовом процессе возврата.,payment_refund,return_exchange,0.9396535158157349,,
stg1_001965,stg1_000076,"У меня есть комментарий о вашей компании, помогите мне его отправить.","Мне нужно оставить отзыв о товаре, помогите мне.",other,product_info,0.9396467208862305,,
stg1_001889,stg1_000984,Мне нужна помощь в подаче жалобы клиента,"Мне нужна помощь, чтобы позвонить в службу поддержки клиентов",other,general_info,0.9396160840988159,,
stg1_001645,stg1_001090,"Я хотел бы узнать о дате доставки моей покупки, это даст мне некоторую информацию.","Я хотел бы узнать больше о ваших часах покупок, дайте мне некоторую информацию",delivery,general_info,0.9395952820777893,,
stg1_001768,stg1_001286,"Я хочу предложить чертовы предложения по улучшению продукта, где я могу это сделать?","Я хочу обменять чертов товар, где я могу это сделать?",other,return_exchange,0.9395078420639038,,
stg1_001962,stg1_000948,"Я хотел бы поговорить с оператором, как это сделать?","Мне нужно поговорить со службой поддержки, как мне это сделать?",other,general_info,0.9394802451133728,,
stg1_002704,stg1_002064,"мобильное приложение не работает на моем компьютере, мне нужно сообщить о проблеме","моя карта не работает, мне нужно сообщить о чертовой проблеме с оплатой",technical_issue,payment_refund,0.9394752979278564,,
stg1_001054,stg1_001487,"Мне нужна помощь, чтобы узнать, в какое время я могу позвонить в службу поддержки клиентов","мне нужно проверить время доставки моей покупки, могу ли я получить помощь",general_info,delivery,0.9394229054450989,,
stg1_001834,stg1_001095,нужно поговорить с чертовым оператором,помогите мне поговорить с чертовой службой поддержки,other,general_info,0.9394171237945557,,
stg1_001336,stg1_002122,Я хотел бы запросить возмещение,Я хочу помощи с требованием компенсации,return_exchange,payment_refund,0.9393704533576965,,
stg1_000811,stg1_001263,"У меня проблема с моей чертовой учетной записью, помогите мне ее изменить.","Я пытаюсь найти чертову компенсацию, помогите мне.",account,return_exchange,0.9393500685691833,,
stg1_001081,stg1_001747,"Мне нужно найти магазины рядом со мной, помогите им.","Мне нужно указать адрес доставки, помогите мне.",general_info,delivery,0.9393413066864014,,
stg1_000613,stg1_001246,"Мне нужно запросить право на забвение, где мне это сделать?","мне нужно запросить возмещение, где я могу это сделать",account,return_exchange,0.9392876625061035,,
stg1_002856,stg1_000570,"нужно использовать твое чертово мобильное приложение, где я могу это сделать","мне нужно найти свою чертову посылку, где я могу это сделать",technical_issue,order_status,0.9392554759979248,,
stg1_001288,stg1_001508,"какой-то чертов предмет неправильный, помогите мне сообщить об этом","один из товаров из моего заказа не доставлен, помогите мне сообщить об этом",return_exchange,delivery,0.9392447471618652,,
stg1_002115,stg1_001308,"хочу помочь проверить, есть ли какие-либо новости о моем возврате средств","Я хотел бы запросить возврат средств, могу ли я получить некоторую помощь?",payment_refund,return_exchange,0.9392371773719788,,
stg1_000033,stg1_000355,"Мне нужно посмотреть наличие какого-то товара в сети, где я могу это сделать?","Мне нужно посмотреть, где находится моя посылка, как я могу это сделать?",product_info,order_status,0.9392246007919312,,
stg1_000181,stg1_001224,как я могу проверить наличие чертовых товаров онлайн?,как мне вернуть чертов товар онлайн,product_info,return_exchange,0.9391797184944153,,
stg1_001224,stg1_000181,как мне вернуть чертов товар онлайн,как я могу проверить наличие чертовых товаров онлайн?,return_exchange,product_info,0.9391797184944153,,
stg1_002872,stg1_002064,"мобильное приложение не работает на моем телефоне, я хочу сообщить о проблеме","моя карта не работает, мне нужно сообщить о чертовой проблеме с оплатой",technical_issue,payment_refund,0.9391708374023438,,
stg1_002782,stg1_000670,"я не могу заставить сайт работать на своем компьютере, мне нужна помощь, чтобы сообщить о чертовой проблеме","я не могу создать пользователя, нужна помощь, сообщить о проблеме с регистрацией",technical_issue,account,0.9391626119613647,,
stg1_000833,stg1_002754,"мне не нужно изменять свою чертову учетную запись пользователя, могу ли я получить помощь","сайт не работает на моем устройстве, мне нужна помощь, чтобы сообщить о чертовой проблеме",account,technical_issue,0.9391051530838013,,
stg1_001151,stg1_001487,можешь помочь мне узнать час работы твоего магазина,"мне нужно проверить время доставки моей покупки, могу ли я получить помощь",general_info,delivery,0.9391025900840759,,
stg1_001708,stg1_000339,"Мне нужно указать адрес доставки, как мне это сделать?","хочу проверить, где моя доставка, как это сделать",delivery,order_status,0.9390655755996704,,
stg1_002644,stg1_000236,"приложение не работает на моем компьютере, помогите мне сообщить о проблеме","мой продукт не работает так, как указано. Помогите мне сообщить о проблеме с продуктом.",technical_issue,product_info,0.9390555024147034,,
stg1_000706,stg1_002108,Мне нужна помощь в информировании о проблемах с регистрацией,"Мне нужна помощь, чтобы сообщить о чертовых проблемах с оплатой",account,payment_refund,0.9390486478805542,,
stg1_001106,stg1_001758,Мне нужна помощь с проверкой часов работы твоего чертового магазина.,"Мне нужно увидеть чертову дату доставки моей покупки, мне нужна помощь.",general_info,delivery,0.9390118718147278,,
stg1_001142,stg1_001487,"нужна помощь, чтобы узнать, в какие часы я могу обратиться в службу поддержки клиентов","мне нужно проверить время доставки моей покупки, могу ли я получить помощь",general_info,delivery,0.9390062093734741,,
stg1_002097,stg1_001485,"Я не могу совершать переводы, сообщаю о проблемах с оплатой","я не получил свой заказ, как я могу сообщить о проблемах с доставкой",payment_refund,delivery,0.9390040636062622,,
stg1_001855,stg1_000984,Мне нужна помощь в составлении рекламации клиента,"Мне нужна помощь, чтобы позвонить в службу поддержки клиентов",other,general_info,0.9389898180961609,,
stg1_002649,stg1_002248,"Я хочу воспользоваться твоим чертовым приложением, как это сделать?","Я бы хотел расплатиться чертовой картой, как мне это сделать?",technical_issue,payment_refund,0.9389776587486267,,
stg1_000183,stg1_000308,где проверить наличие чертового товара,"где я могу проверить, где моя чертова доставка",product_info,order_status,0.938958466053009,,
stg1_000462,stg1_000063,"я не знаю, что делать, чтобы получить предмет","Я не знаю, что сделать, чтобы оставить мнение",order_status,product_info,0.9389544725418091,,
stg1_000063,stg1_000462,"Я не знаю, что сделать, чтобы оставить мнение","я не знаю, что делать, чтобы получить предмет",product_info,order_status,0.9389544725418091,,
stg1_001829,stg1_000292,у меня жалоба на продукцию,хочу сообщить об ошибках продукта,other,product_info,0.9389414191246033,,
stg1_001298,stg1_000239,"Мне нужна помощь в обмене товара, который я купил онлайн в магазине.","Я хотел бы подтвердить наличие продуктов онлайн, мне нужна помощь",return_exchange,product_info,0.9389401078224182,,
stg1_000893,stg1_000320,"Мне нужна помощь, чтобы позвонить в чертову службу поддержки клиентов.","Мне нужна помощь, чтобы узнать, где моя чертова доставка.",general_info,order_status,0.9389165639877319,,
stg1_002009,stg1_001271,где я могу отправить чертово предложение по продукту?,куда я могу отправить обратно этот чертов товар?,other,return_exchange,0.9389145374298096,,
stg1_001271,stg1_002009,куда я могу отправить обратно этот чертов товар?,где я могу отправить чертово предложение по продукту?,return_exchange,other,0.9389145374298096,,
stg1_000266,stg1_002055,помогите мне написать отзыв об услуге,"Мне нужно отправить отзыв, помогите мне",product_info,other,0.9389106035232544,,
stg1_001730,stg1_001373,"моя посылка неполная, можете ли вы помочь мне сообщить о неполной доставке?","в моей доставке поврежденный товар, не могли бы вы помочь мне сообщить об этом?",delivery,return_exchange,0.9388509392738342,,
stg1_000169,stg1_001330,где я могу получить информацию о продукте,как я могу найти информацию о товаре в магазине,product_info,return_exchange,0.9388498067855835,,
stg1_000461,stg1_000785,"Я не знаю, что мне нужно сделать, чтобы совершить покупку","я не знаю, что мне нужно сделать, чтобы переключиться на про аккаунт",order_status,account,0.9388262629508972,,
stg1_002768,stg1_002270,я не могу заставить приложение работать на моем компьютере сообщить о чертовой проблеме,"я не могу сделать перевод, как сообщить о чертовых проблемах с оплатой",technical_issue,payment_refund,0.938761293888092,,
stg1_001431,stg1_000329,"мне нужно обменять предметы, где мне это сделать","мне нужно отменить пункт, где мне это сделать",return_exchange,order_status,0.9387518167495728,,
stg1_002553,stg1_000897,"Мне нравится информация о весенних распродажах, как ее найти?","Мне нравится информация о часах работы твоего чертового магазина, как мне ее найти?",promo_loyalty,general_info,0.9387145638465881,,
stg1_002794,stg1_000783,"Я бы хотел использовать ваше мобильное приложение, где мне это сделать?","Я хотел бы изменить свой профиль, где мне это сделать?",technical_issue,account,0.9386999011039734,,
stg1_000527,stg1_002083,"Я запросил товар на замену, но не получил его. Я хотел бы отслеживать статус товара на замену.","Я заказал чертову вещь, но не получил счет, помогите мне ее скачать.",order_status,payment_refund,0.9386523365974426,,
stg1_002663,stg1_000277,"приложение не работает на моем мобильном телефоне, помогите мне сообщить об ошибке","мой продукт работает неправильно, мне нужна помощь, чтобы сообщить о проблеме с продуктом",technical_issue,product_info,0.9386454224586487,,
stg1_002660,stg1_000204,"у меня чертовски техническая проблема с приложением на моем устройстве, мне нужна помощь, чтобы сообщить об этом","хочу сообщить о чертовых проблемах с полученным мной продуктом, мне поможет",technical_issue,product_info,0.9386183023452759,,
stg1_000457,stg1_001460,"Я купил чертов товар, но выбрал неправильный цвет, как изменить мой чертов онлайн-заказ?","помогите мне вернуть чертов товар, который я купил в магазине онлайн",order_status,return_exchange,0.9384860396385193,,
stg1_002606,stg1_001453,"Мне нужна информация о следующих распродажах, как я могу ее найти?","Мне нужна информация о товаре в магазине, где я могу ее получить?",promo_loyalty,return_exchange,0.938448965549469,,
stg1_002994,stg1_000326,"Товар не подошёл, хочу вернуть","я купил чертов товар, но он мне не нужен, я хочу отменить заказ",return_exchange,order_status,0.9384204745292664,,
stg1_001467,stg1_002301,Я хочу знать о вашем процессе возврата,"Я хочу знать о статусе моего возврата, дайте мне некоторую информацию",return_exchange,payment_refund,0.9383986592292786,,
stg1_000814,stg1_001926,"Мне нужна помощь, чтобы подписаться на новостную рассылку вашей компании","мне нужна помощь, чтобы отправить комментарий о вашем бренде",account,other,0.9383708238601685,,
stg1_002802,stg1_001318,"Мне нужно воспользоваться твоим чертовым мобильным приложением, где мне это сделать?","Я хочу потребовать чертовски возмещение, где я могу это сделать?",technical_issue,return_exchange,0.9383431673049927,,
stg1_001681,stg1_001373,"моя поставка неполная, можете ли вы помочь мне сообщить о неполной поставке?","в моей доставке поврежденный товар, не могли бы вы помочь мне сообщить об этом?",delivery,return_exchange,0.9383320808410645,,
stg1_002791,stg1_000624,"хочу использовать твое приложение, может мне помочь","я бы хотел отредактировать свой профиль, мог бы мне помочь",technical_issue,account,0.9383295178413391,,
stg1_002756,stg1_000621,"Я хочу воспользоваться твоим чертовым мобильным приложением, где это сделать?","Я бы хотел сменить свою чертову учетную запись, где мне это сделать?",technical_issue,account,0.9382460117340088,,
stg1_002542,stg1_001672,"Мне нужна информация о зимних распродажах, как ее найти?","Мне нужна информация о стоимости доставки, как ее найти?",promo_loyalty,delivery,0.938230574131012,,
stg1_001339,stg1_000359,"мне нужно вернуть заказ, только где мне это сделать","Я разместил заказ, мне нужна помощь, чтобы отменить его",return_exchange,order_status,0.9382083415985107,,
stg1_002358,stg1_000285,"Мне нужна информация о чертовых весенних распродажах, как мне ее найти?","Мне нужна информация о чертовых продуктах, как я могу ее получить?",promo_loyalty,product_info,0.9382031559944153,,
stg1_002847,stg1_000621,"Я бы хотел воспользоваться твоим чертовым приложением, нужно ли это делать?","Я бы хотел сменить свою чертову учетную запись, где мне это сделать?",technical_issue,account,0.9381816387176514,,
stg1_001498,stg1_001306,"моя посылка была отправлена ​​не на тот адрес, я должен сообщить о чертовых проблемах с доставкой","чертов товар в моей посылке неправильный, сообщите об этом",delivery,return_exchange,0.9381808042526245,,
stg1_000580,stg1_002240,нужна помощь в просмотре комиссии за снятие средств,"нужна помощь, чтобы получить компенсацию денег",order_status,payment_refund,0.9381580352783203,,
stg1_002240,stg1_000580,"нужна помощь, чтобы получить компенсацию денег",нужна помощь в просмотре комиссии за снятие средств,payment_refund,order_status,0.9381580352783203,,
stg1_000842,stg1_002846,"Я хотел бы закрыть свой чертов аккаунт, как я могу это сделать?","Я бы хотел воспользоваться твоим чертовым приложением, как мне это сделать?",account,technical_issue,0.938144862651825,,
stg1_000023,stg1_002598,"Мне нужна информация о чертовом продюсере, как мне ее найти?","Мне нужна информация о чертовых распродажах, как мне ее найти?",product_info,promo_loyalty,0.9381402134895325,,
stg1_002532,stg1_001643,Я хочу знать больше о следующих распродажах,Я хочу узнать больше о сроках доставки,promo_loyalty,delivery,0.9381292462348938,,
stg1_001769,stg1_000027,"нужно отправить предложение по улучшению продукта, как я могу это сделать","хочу сообщить о проблемах в купленном мной продукте, нужно ли мне это сделать",other,product_info,0.9380998015403748,,
stg1_000405,stg1_002124,"Я не знаю, что делать, чтобы увидеть плату за отмену бронирования.","Я не знаю, что делать, чтобы потребовать возврат денег.",order_status,payment_refund,0.938096821308136,,
stg1_002124,stg1_000405,"Я не знаю, что делать, чтобы потребовать возврат денег.","Я не знаю, что делать, чтобы увидеть плату за отмену бронирования.",payment_refund,order_status,0.938096821308136,,
stg1_002757,stg1_000801,"У меня не работает сайт на моем Mac, помогите мне сообщить о чертовой проблеме.",Я не могу создать профиль пользователя. Помогите сообщить о проблемах с регистрацией.,technical_issue,account,0.9380820393562317,,
stg1_002689,stg1_000656,"Мне нужно использовать твое чертово мобильное приложение, я получу помощь","Я хотел бы исправить свои чертовы личные данные, мне нужна помощь",technical_issue,account,0.938078761100769,,
stg1_001654,stg1_001057,"Я звоню, чтобы узнать, как скоро я могу ожидать товар","Я пытаюсь узнать, в какое время я могу позвонить в службу поддержки клиентов",delivery,general_info,0.9380135536193848,,
stg1_001057,stg1_001654,"Я пытаюсь узнать, в какое время я могу позвонить в службу поддержки клиентов","Я звоню, чтобы узнать, как скоро я могу ожидать товар",general_info,delivery,0.9380135536193848,,
stg1_000647,stg1_001069,"мне нужно открыть учетную запись, не могли бы мне помочь","мне нужно поговорить с чертовой службой поддержки, не могли бы мне помочь",account,general_info,0.9380097389221191,,
stg1_000859,stg1_002024,"Мне нужно получить ваш корпоративный информационный бюллетень, мне нужна помощь","Я хочу оставить комментарий о вашем бренде, мне нужна помощь",account,other,0.9379881024360657,,
stg1_001405,stg1_000366,"мне нужно вернуть чертовы вещи онлайн, как это сделать","Мне нужно отменить чертову вещь, как мне это сделать?",return_exchange,order_status,0.9379830956459045,,
stg1_001871,stg1_000961,"мне нужна помощь, чтобы поговорить с живым агентом","мне нужна помощь, чтобы поговорить со службой поддержки клиентов",other,general_info,0.9379213452339172,,
stg1_000929,stg1_002279,могу я позвонить в чертову службу поддержки клиентов,"мне нужно запросить чертов счет, могу ли я получить помощь",general_info,payment_refund,0.9379175305366516,,
stg1_000067,stg1_002986,оставить отзыв об услуге,Хочу оставить отзыв,product_info,other,0.9379038214683533,,
stg1_002770,stg1_000801,"я не могу заставить сайт работать на своем Mac, помогите мне сообщить о чертовой проблеме",Я не могу создать профиль пользователя. Помогите сообщить о проблемах с регистрацией.,technical_issue,account,0.9378888010978699,,
stg1_002899,stg1_000236,"сайт не работает, помогите мне сообщить об ошибке","мой продукт не работает так, как указано. Помогите мне сообщить о проблеме с продуктом.",technical_issue,product_info,0.937884509563446,,
stg1_002359,stg1_001738,"Я хочу узнать больше о чертовых зимних распродажах, найти информацию","хочу узнать больше о сроках доставки моей покупки, могу найти некоторую информацию",promo_loyalty,delivery,0.9378660917282104,,
stg1_000077,stg1_001973,есть ли электронное письмо для отправки моего отзыва о вашей продукции?,можно ли отправить отзыв о продукте?,product_info,other,0.93781977891922,,
stg1_001384,stg1_000005,один из купленных мною предметов был чертовски раздавлен. Вы поможете мне сообщить об этом?,Я хотел бы сообщить о дефектах заказанного товара. Можете ли вы мне помочь?,return_exchange,product_info,0.9378150105476379,,
stg1_001266,stg1_002307,"Я ищу гребаный возврат денег, помогите мне.","нужна помощь, чтобы запросить возврат моих денег",return_exchange,payment_refund,0.9377943277359009,,
stg1_002421,stg1_000279,"Я ищу информацию о следующих распродажах, как мне ее найти?","Я ищу информацию о продукте, как я могу ее найти?",promo_loyalty,product_info,0.9377941489219666,,
stg1_002535,stg1_001236,мне нужна информация об этих чертовых распродажах,мне нужна помощь в обмене этого чертового товара,promo_loyalty,return_exchange,0.937775731086731,,
stg1_001425,stg1_001138,"Я хотел бы вернуть товар, купленный в Интернете, в магазине, где я могу это сделать","мне нужно найти магазины, где я могу это сделать",return_exchange,general_info,0.937752366065979,,
stg1_002416,stg1_001513,"мне нужна информация о зимних распродажах, как я могу ее получить","Мне нужна информация о стоимости доставки, как я могу ее получить?",promo_loyalty,delivery,0.9377509355545044,,
stg1_000831,stg1_000081,"нужна помощь, чтобы уведомить о проблеме с регистрацией","нужна помощь, оставив отзыв об услуге",account,product_info,0.937734842300415,,
stg1_002795,stg1_000041,"приложение не работает, сообщите о проблеме","заказанный мною продукт работает неправильно, сообщите о проблеме с продуктом",technical_issue,product_info,0.9377263188362122,,
stg1_002902,stg1_000009,"сайт не работает на моем мобильном телефоне, могу ли я сообщить о проблеме?",заказанный мной продукт не работает должным образом. Можете ли вы мне помочь сообщить о проблеме с продуктом?,technical_issue,product_info,0.9377231597900391,,
stg1_001736,stg1_001090,"Я бы хотел узнать о сроках доставки моего заказа, могу дать мне некоторую информацию.","Я хотел бы узнать больше о ваших часах покупок, дайте мне некоторую информацию",delivery,general_info,0.9377055168151855,,
stg1_002648,stg1_000277,"сайт не работает на моем мобильном телефоне, мне нужна помощь, чтобы исправить ошибку","мой продукт работает неправильно, мне нужна помощь, чтобы сообщить о проблеме с продуктом",technical_issue,product_info,0.9376905560493469,,
stg1_002296,stg1_002791,"хочу заплатить, можешь мне помочь","хочу использовать твое приложение, может мне помочь",payment_refund,technical_issue,0.9376832246780396,,
stg1_002677,stg1_001790,"Я хочу воспользоваться твоим чертовым мобильным приложением, помоги мне.","Я хотел бы подать чертову жалобу на твой бренд, помоги мне.",technical_issue,other,0.9376587271690369,,
stg1_001637,stg1_000037,"помогите проверить, когда придет моя покупка","нужно проверить наличие товара, помогите мне",delivery,product_info,0.9376298189163208,,
stg1_001639,stg1_000332,"мне нужно посмотреть, сколько времени потребуется, чтобы доставить мою посылку","нужно найти мою посылку, как я могу это сделать",delivery,order_status,0.9376136660575867,,
stg1_000860,stg1_000542,"мой пароль взломали, помогите мне восстановить его","мне нужно проверить статус замены, помогите мне",account,order_status,0.9376004934310913,,
stg1_001776,stg1_000337,"Мне нужно отправить чертову жалобу на ваш бренд, где это сделать?","Мне нужно изменить свой чертов заказ перед отправкой, где это сделать?",other,order_status,0.9375876188278198,,
stg1_002338,stg1_001187,Я хочу увидеть вашу гарантию возврата денег. Как я могу это сделать?,"Мне нужно вернуть деньги, как мне это сделать?",payment_refund,return_exchange,0.9375494122505188,,
stg1_002069,stg1_001336,Я хочу произвести оплату,Я хотел бы запросить возмещение,payment_refund,return_exchange,0.9375235438346863,,
stg1_002746,stg1_000277,"Веб-сайт не работает, я хотел бы сообщить о проблеме","мой продукт работает неправильно, мне нужна помощь, чтобы сообщить о проблеме с продуктом",technical_issue,product_info,0.9374768733978271,,
stg1_002812,stg1_000204,"нужно сообщить о технической проблеме, приложение поможет мне","хочу сообщить о чертовых проблемах с полученным мной продуктом, мне поможет",technical_issue,product_info,0.9374763369560242,,
stg1_002101,stg1_000262,Я хотел бы узнать о твоих чертовых способах оплаты. Могу найти некоторую информацию.,"Я хотел бы узнать о чертовом продукте, найду некоторую информацию",payment_refund,product_info,0.9374679923057556,,
stg1_002769,stg1_000179,"хочу использовать твое мобильное приложение, помоги мне","хочу оставить отзыв о ваших услугах, помогите мне",technical_issue,product_info,0.937458336353302,,
stg1_002596,stg1_000031,Мне бы хотелось узнать больше о чертовых продажах,"Я хотел бы узнать о чертовых продуктах, как я могу получить больше информации?",promo_loyalty,product_info,0.937420129776001,,
stg1_002968,stg1_001101,Где ближайший пункт выдачи?,где ближайший магазин?,delivery,general_info,0.9373944401741028,,
stg1_001101,stg1_002968,где ближайший магазин?,Где ближайший пункт выдачи?,general_info,delivery,0.9373944401741028,,
stg1_002733,stg1_002004,"хочу нам твое мобильное приложение, где я могу это сделать","Я хотел бы отправить отзыв, где я могу это сделать",technical_issue,other,0.9373853802680969,,
stg1_002670,stg1_000670,"Я не могу заставить приложение работать на моем мобильном телефоне, мне нужно сообщить о проблеме","я не могу создать пользователя, нужна помощь, сообщить о проблеме с регистрацией",technical_issue,account,0.9373653531074524,,
stg1_001374,stg1_002268,"Я бы хотел вернуть деньги, где мне это сделать?","Я бы хотел сделать чертов платеж, где мне это сделать?",return_exchange,payment_refund,0.9373615980148315,,
stg1_000826,stg1_000299,помоги мне отредактировать мой чертов аккаунт,"я разместил чертов онлайн-заказ, помогите мне его отменить",account,order_status,0.9373561143875122,,
stg1_001121,stg1_001964,Я хочу поговорить со службой поддержки клиентов,"мне нужна помощь, чтобы поговорить с агентом-человеком",general_info,other,0.937353789806366,,
stg1_002444,stg1_001217,Я ищу информацию о чертовых распродажах,"мне нужна информация о чертовом товаре в магазине, где я могу его найти",promo_loyalty,return_exchange,0.9372782111167908,,
stg1_002668,stg1_000236,"мобильное приложение не работает на моем компьютере, помогите мне сообщить о проблеме","мой продукт не работает так, как указано. Помогите мне сообщить о проблеме с продуктом.",technical_issue,product_info,0.9372643828392029,,
stg1_000658,stg1_002781,"мне нужна чертова учетная запись пользователя, можешь помочь мне ее создать?","Мне нужно воспользоваться твоим чертовым приложением, могу ли я получить помощь?",account,technical_issue,0.9372588992118835,,
stg1_000164,stg1_000324,"хочу удалить товар из корзины, могу ли я это сделать","Я хочу отменить товар, как мне это сделать?",product_info,order_status,0.9372143149375916,,
stg1_000718,stg1_002878,"Я не использую свою Премиум-учетную запись, мне нужна помощь, чтобы закрыть ее","веб-сайт не работает на моем устройстве, мне нужна помощь, чтобы сообщить об ошибке",account,technical_issue,0.9372117519378662,,
stg1_002526,stg1_001655,как я мог получить информацию о чертовых распродажах,где я могу найти информацию о чертовой стоимости доставки,promo_loyalty,delivery,0.9371777176856995,,
stg1_002626,stg1_000277,"сайт не работает на моем планшете, я хочу сообщить о проблеме","мой продукт работает неправильно, мне нужна помощь, чтобы сообщить о проблеме с продуктом",technical_issue,product_info,0.9371519684791565,,
stg1_002811,stg1_000009,"приложение не работает на моем компьютере, как я могу сообщить о проблеме?",заказанный мной продукт не работает должным образом. Можете ли вы мне помочь сообщить о проблеме с продуктом?,technical_issue,product_info,0.9371373057365417,,
stg1_002717,stg1_000624,"Я бы хотел использовать твое чертово мобильное приложение, оно мне поможет","я бы хотел отредактировать свой профиль, мог бы мне помочь",technical_issue,account,0.9371054172515869,,
stg1_001441,stg1_000324,"Я хочу вернуть товар, купленный онлайн, в магазин, как мне это сделать?","Я хочу отменить товар, как мне это сделать?",return_exchange,order_status,0.9370888471603394,,
stg1_000807,stg1_002878,"Я не использую свою Премиум-аккаунт, мне нужна помощь в ее удалении","веб-сайт не работает на моем устройстве, мне нужна помощь, чтобы сообщить об ошибке",account,technical_issue,0.9370712041854858,,
stg1_002491,stg1_000200,"Я хотел бы узнать больше о продажах iwnter, дам мне некоторую информацию.","Я хочу узнать больше о продукте, дайте мне некоторую информацию",promo_loyalty,product_info,0.9370684027671814,,
stg1_001260,stg1_000324,"Я хочу вернуть товар, купленный онлайн, в магазин, как я могу это сделать?","Я хочу отменить товар, как мне это сделать?",return_exchange,order_status,0.9370545148849487,,
stg1_001489,stg1_001079,мне нужна помощь в определении даты доставки моей покупки,"мне нужно посмотреть часы твоих покупок, мне нужна помощь",delivery,general_info,0.9370371103286743,,
stg1_002468,stg1_000049,"я ищу информацию о следующих распродажах, как я могу ее получить","я ищу информацию о продукте, где я могу ее получить",promo_loyalty,product_info,0.9369936585426331,,
stg1_001046,stg1_000068,Мне нужно позвонить в службу поддержки клиентов,"Мне нужна помощь, чтобы отправить отзыв о ваших услугах",general_info,product_info,0.9369842410087585,,
stg1_002522,stg1_001163,"Я хочу узнать больше о продажах nrxt, вы найдете какую-нибудь информацию?","Я хотел бы узнать больше о ближайших к черту магазинах, вы можете дать мне некоторую информацию?",promo_loyalty,general_info,0.9369664788246155,,
stg1_000432,stg1_000255,помогите мне купить несколько продуктов,"Я ищу информацию о продуктах, мне нужна помощь",order_status,product_info,0.9369422197341919,,
stg1_002938,stg1_002940,Сколько стоит доставка?,Сколько ждать заказ?,delivery,order_status,0.9369242191314697,,
stg1_002940,stg1_002938,Сколько ждать заказ?,Сколько стоит доставка?,order_status,delivery,0.9369242191314697,,
stg1_002295,stg1_000420,"Можете ли вы помочь мне узнать, какие варианты оплаты вы принимаете?",Можете ли вы помочь мне увидеть плату за отмену?,payment_refund,order_status,0.9369031190872192,,
stg1_000424,stg1_002130,Мне нужна помощь в просмотре платы за отмену,мне нужна помощь в проверке способов оплаты,order_status,payment_refund,0.9368783235549927,,
stg1_001127,stg1_000465,помоги мне посмотреть часы работы твоего чертового магазина,помоги мне отследить мою чертову доставку,general_info,order_status,0.9368550181388855,,
stg1_000664,stg1_002814,"Мне нужно изменить свою учетную запись пользователя, где я могу это сделать?","Мне нужно воспользоваться вашим мобильным приложением, где я могу это сделать?",account,technical_issue,0.9368382692337036,,
stg1_002814,stg1_000664,"Мне нужно воспользоваться вашим мобильным приложением, где я могу это сделать?","Мне нужно изменить свою учетную запись пользователя, где я могу это сделать?",technical_issue,account,0.9368382692337036,,
stg1_002040,stg1_001277,"Я хотел бы отправить предложение по улучшению продукта, где это сделать","Я хотел бы отправить товар обратно, где я могу это сделать",other,return_exchange,0.9368160963058472,,
stg1_002241,stg1_001321,"я не знаю, как я могу получить денежную компенсацию","Мне нужна компенсация, как я могу ее получить?",payment_refund,return_exchange,0.9368014335632324,,
stg1_001700,stg1_002364,"Хотелось бы узнать о стоимости рассылки, где можно получить дополнительную информацию?","Я ищу информацию о распродажах, где я могу ее получить?",delivery,promo_loyalty,0.9367860555648804,,
stg1_000341,stg1_000902,"Мне нужна помощь, чтобы узнать, где мой чертов груз.","Я хотел бы найти чертов магазин, мне нужна помощь.",order_status,general_info,0.9367486834526062,,
stg1_002673,stg1_000014,"я получаю сообщение об ошибке в приложении на своем планшете, помогите мне сообщить об этом","хочу сообщить об ошибках в купленном мной проекте, где я могу это сделать",technical_issue,product_info,0.9367469549179077,,
stg1_000982,stg1_001635,"нужна помощь, чтобы узнать, в какие часы я могу связаться со службой поддержки","нужна помощь, чтобы узнать, когда прибудет мой заказ",general_info,delivery,0.9367258548736572,,
stg1_002041,stg1_000948,"Мне нужно с кем-нибудь поговорить, как мне это сделать?","Мне нужно поговорить со службой поддержки, как мне это сделать?",other,general_info,0.9367199540138245,,
stg1_002256,stg1_000038,мне нужна помощь в поиске счета,"мне нужна помощь, чтобы узнать наличие товара",payment_refund,product_info,0.9366970658302307,,
stg1_002084,stg1_002683,"Я бы хотел сделать гребаные переводы, можешь мне помочь.","Я бы хотел воспользоваться твоим чертовым приложением, можешь мне помочь.",payment_refund,technical_issue,0.9366652965545654,,
stg1_000719,stg1_001476,куда мне сообщить о проблемах с регистрацией,"нужно сообщить о проблемах с доставкой моего заказа, где это сделать",account,delivery,0.9366638660430908,,
stg1_002891,stg1_000236,"сайт не работает на моем компьютере, я хотел бы сообщить о проблеме","мой продукт не работает так, как указано. Помогите мне сообщить о проблеме с продуктом.",technical_issue,product_info,0.9366504549980164,,
stg1_000605,stg1_002091,"Я хотел бы проверить историю заказов, как это сделать?","Я хотел бы проверить статус моего возврата, как я могу это сделать?",account,payment_refund,0.9366350173950195,,
stg1_000231,stg1_001214,Я хочу подтвердить наличие товара онлайн,"Мне нужна помощь, чтобы вернуть товар онлайн",product_info,return_exchange,0.9366152882575989,,
stg1_000055,stg1_001989,есть ли у вас способ оставить отзыв об услуге?,"Мне нужно оставить отзыв, где это сделать?",product_info,other,0.9366087317466736,,
stg1_001509,stg1_000465,хочу увидеть чертову стоимость доставки,помоги мне отследить мою чертову доставку,delivery,order_status,0.9365947246551514,,
stg1_002832,stg1_000277,"приложение не работает на моем устройстве, помогите мне сообщить об ошибке","мой продукт работает неправильно, мне нужна помощь, чтобы сообщить о проблеме с продуктом",technical_issue,product_info,0.9365738034248352,,
stg1_002406,stg1_001330,как я могу найти информацию о распродажах?,как я могу найти информацию о товаре в магазине,promo_loyalty,return_exchange,0.9365436434745789,,
stg1_000812,stg1_001352,"мой аккаунт взломали, не могли бы вы помочь мне сбросить мой чертов пароль?","моя посылка прибыла чертовски поврежденной, не могли бы вы помочь мне сообщить об этом?",account,return_exchange,0.9365322589874268,,
stg1_000751,stg1_002655,"мне нужен аккаунт, помогите мне открыть его","Я хотел бы использовать ваше приложение, мне нужна помощь",account,technical_issue,0.9364720582962036,,
stg1_000904,stg1_001991,"Я хочу позвонить в чертову службу поддержки клиентов, как я могу это сделать?","Я хочу подать чертову жалобу, как я могу это сделать?",general_info,other,0.9364653825759888,,
stg1_001838,stg1_000097,"У меня есть чертов комментарий о вашем бренде, как я могу его отправить?","нужно написать комментарий о ваших услугах, как я могу это сделать",other,product_info,0.936430037021637,,
stg1_000425,stg1_000184,мне нужно приобрести продукт,"Я хотел бы сообщить о проблеме с купленным мной продуктом, мне нужна помощь",order_status,product_info,0.9364045858383179,,
stg1_001623,stg1_000053,"Я звоню, чтобы узнать, когда придет мой товар","звоню, чтобы написать отзыв о товаре",delivery,product_info,0.9364033341407776,,
stg1_000477,stg1_002243,"Я не знаю, как я могу проверить плату за отмену","Я не знаю, что мне нужно сделать, чтобы уведомить о проблеме с оплатой",order_status,payment_refund,0.9363644123077393,,
stg1_000912,stg1_002835,"Мне не нужно разговаривать со службой поддержки, где мне это сделать?","мне нужно сообщить о проблеме на сайте, где мне это сделать",general_info,technical_issue,0.9363380074501038,,
stg1_001326,stg1_002252,"какие чертовы вещи, которые я получил, неправильные, вы поможете мне сообщить о них?","Я заказал чертову вещь и не получил счет, можешь ли ты мне помочь с ее получением?",return_exchange,payment_refund,0.9363323450088501,,
stg1_002621,stg1_000187,"Я ищу информацию о зимних распродажах, можете мне помочь?","Я ищу информацию о чертовых продуктах, могу ли я получить помощь?",promo_loyalty,product_info,0.9363197684288025,,
stg1_001859,stg1_001116,"Я не знаю, как говорить с агентом человека","Я не знаю, как мне поговорить со службой поддержки клиентов",other,general_info,0.9363129138946533,,
stg1_002306,stg1_000328,"я совершил покупку, но не получил счет, как мне его скачать","я купил офигенный товар, но он мне не нужен, мне нужно отменить заказ",payment_refund,order_status,0.9363089799880981,,
stg1_002808,stg1_000009,Веб-сайт не работает на моем мобильном телефоне. Можете ли вы помочь мне сообщить об ошибке?,заказанный мной продукт не работает должным образом. Можете ли вы мне помочь сообщить о проблеме с продуктом?,technical_issue,product_info,0.9362195134162903,,
stg1_002569,stg1_001516,где я могу найти информацию о следующих чертовых распродажах?,Где я могу найти информацию о чертовой дате доставки?,promo_loyalty,delivery,0.9361955523490906,,
stg1_000522,stg1_001435,Мне не нужно изменить мой онлайн-заказ перед его отправкой. Где я могу это сделать?,"Я хочу вернуть заказы онлайн, где я могу это сделать?",order_status,return_exchange,0.9361932873725891,,
stg1_002874,stg1_000009,"сайт не работает на моем компьютере, можно ли сообщить об этой проблеме?",заказанный мной продукт не работает должным образом. Можете ли вы мне помочь сообщить о проблеме с продуктом?,technical_issue,product_info,0.9361858367919922,,
stg1_000012,stg1_002394,"хочу знать о продуктах, могу найти некоторую информацию","мне нужна информация о продажах, где я могу ее найти",product_info,promo_loyalty,0.9361845850944519,,
stg1_001785,stg1_001523,"у меня чертовски жалоба на твой бренд, могу ли я ее отправить?",Я хотел бы сообщить о чертовой проблеме с доставкой. Могу ли я это сделать?,other,delivery,0.9361793994903564,,
stg1_000311,stg1_001252,"Я купил товар, но выбрал неправильный цвет, можно ли изменить мой чертов онлайн-заказ?","не могли бы вы помочь мне обменять чертов товар, который я купил в магазине онлайн?",order_status,return_exchange,0.93617844581604,,
stg1_002879,stg1_000801,"Я не могу заставить приложение работать на своем мобильном телефоне, помогите мне сообщить о чертовой проблеме.",Я не могу создать профиль пользователя. Помогите сообщить о проблемах с регистрацией.,technical_issue,account,0.9361610412597656,,
stg1_002870,stg1_001478,"сайт не работает, я хотел бы сообщить о проблеме","я не получил посылку, мне нужна помощь, чтобы сообщить о проблеме с доставкой",technical_issue,delivery,0.9360880255699158,,
stg1_000725,stg1_002777,"нужна помощь, сообщите об ошибке при регистрации","приложение не работает, сообщите об ошибке",account,technical_issue,0.9360164403915405,,
stg1_002777,stg1_000725,"приложение не работает, сообщите об ошибке","нужна помощь, сообщите об ошибке при регистрации",technical_issue,account,0.9360164403915405,,
stg1_000657,stg1_000570,"хочу открыть чертову учетную запись пользователя, где я могу это сделать","мне нужно найти свою чертову посылку, где я могу это сделать",account,order_status,0.9359585642814636,,
stg1_001525,stg1_000052,Мне нужна помощь в отправке адреса доставки,нужна помощь в отправке отзыва об услуге,delivery,product_info,0.9359527230262756,,
stg1_001732,stg1_000320,"Мне нужно проверить, какие способы доставки доступны.","Мне нужна помощь, чтобы узнать, где моя чертова доставка.",delivery,order_status,0.9358988404273987,,
stg1_002507,stg1_000279,"Я ищу информацию о весенних распродажах, как мне ее найти?","Я ищу информацию о продукте, как я могу ее найти?",promo_loyalty,product_info,0.9358950257301331,,
stg1_000250,stg1_001213,Могу ли я проверить наличие чертовых товаров онлайн?,"Мне нужно вернуть чертов товар онлайн, могу ли я это сделать?",product_info,return_exchange,0.9358149170875549,,
stg1_000288,stg1_001356,"Я хотел бы удалить офигенные товары из корзины, где это сделать?","Я хотел бы обменять некачественный товар в магазине, где я могу это сделать?",product_info,return_exchange,0.935802698135376,,
stg1_001447,stg1_000337,куда отправить чертов заказ обратно?,"Мне нужно изменить свой чертов заказ перед отправкой, где это сделать?",return_exchange,order_status,0.9358023405075073,,
stg1_000930,stg1_001902,можешь помочь мне поговорить со службой поддержки клиентов?,Можете ли вы помочь мне составить претензию клиента?,general_info,other,0.9357937574386597,,
stg1_001901,stg1_000979,"я не знаю, что мне нужно сделать, чтобы поговорить с ассистентом","Я не знаю, что мне нужно сделать, чтобы поговорить со службой поддержки клиентов.",other,general_info,0.9357784986495972,,
stg1_000696,stg1_001704,нужна помощь в редактировании моих личных данных,"мне нужна помощь, чтобы обновить мой адрес",account,delivery,0.9356852173805237,,
stg1_001553,stg1_000062,"я не знаю, как мне исправить адрес доставки","Я не знаю, как оставить отзыв об услуге",delivery,product_info,0.9356622099876404,,
stg1_000361,stg1_002252,"Я купил товар, но выбрал не ту модель, можно ли обновить мой чертов заказ?","Я заказал чертову вещь и не получил счет, можешь ли ты мне помочь с ее получением?",order_status,payment_refund,0.935662031173706,,
stg1_002234,stg1_001196,"Мне нужна помощь, чтобы сообщить об ошибке при онлайн-платеже","мне нужно вернуть онлайн-заказ, мне нужна помощь",payment_refund,return_exchange,0.9356311559677124,,
stg1_002881,stg1_000277,"Я не могу заставить сайт работать на своем телефоне, мне нужна помощь, чтобы сообщить об ошибке","мой продукт работает неправильно, мне нужна помощь, чтобы сообщить о проблеме с продуктом",technical_issue,product_info,0.9356245994567871,,
stg1_002831,stg1_000641,"Я хочу воспользоваться твоим чертовым мобильным приложением, как я могу это сделать?","Я хотел бы закрыть свою чертову учетную запись пользователя, как я могу это сделать?",technical_issue,account,0.9356181621551514,,
stg1_001372,stg1_000769,"если я хочу обменять то, что купил, это поможет мне","нужно просмотреть мою историю покупок, вы мне поможете",return_exchange,account,0.9356040954589844,,
stg1_002793,stg1_002248,"Я хотел бы использовать ваше чертово приложение, как мне это сделать?","Я бы хотел расплатиться чертовой картой, как мне это сделать?",technical_issue,payment_refund,0.9355964660644531,,
stg1_001325,stg1_000426,как обменять купленные мной чертовы товары?,"мне нужно купить кое-какие чертовы продукты, как я могу это сделать?",return_exchange,order_status,0.9355944991111755,,
stg1_001297,stg1_001138,"Я хотел бы обменять некоторые купленные вещи, где мне это сделать","мне нужно найти магазины, где я могу это сделать",return_exchange,general_info,0.9355906248092651,,
stg1_000901,stg1_001330,как искать магазин,как я могу найти информацию о товаре в магазине,general_info,return_exchange,0.935569167137146,,
stg1_000419,stg1_000079,"Мне нужна помощь, чтобы увидеть плату за отмену","Мне нужна помощь, чтобы оставить отзыв о ваших услугах",order_status,product_info,0.935565173625946,,
stg1_002752,stg1_001364,"Мне нужно воспользоваться твоим чертовым мобильным приложением, как я могу это сделать?","Мне нужно увидеть твою чертову обратную почту, как я могу это сделать?",technical_issue,return_exchange,0.9355485439300537,,
stg1_002076,stg1_000362,"Я совершил покупку, но не получил счет, как мне его запросить?","Я запросил обмен, но не получил его. Можете ли вы помочь мне отследить статус моего замененного товара?",payment_refund,order_status,0.9355453252792358,,
stg1_002720,stg1_000009,"мобильное приложение не работает на моем телефоне, могу ли я сообщить о проблеме?",заказанный мной продукт не работает должным образом. Можете ли вы мне помочь сообщить о проблеме с продуктом?,technical_issue,product_info,0.9355422258377075,,
stg1_002817,stg1_000670,"Я не могу заставить сайт работать на своем компьютере, мне нужна помощь, чтобы сообщить об ошибке","я не могу создать пользователя, нужна помощь, сообщить о проблеме с регистрацией",technical_issue,account,0.9355400800704956,,
stg1_000208,stg1_001439,"Я хотел бы добавить офигенные товары в корзину, мне нужна помощь","Я хочу сообщить о чертовски неправильных товарах, мне нужна помощь",product_info,return_exchange,0.9355188012123108,,
stg1_001351,stg1_000231,"Я хотел бы вернуть товар, который я купил в магазине онлайн",Я хочу подтвердить наличие товара онлайн,return_exchange,product_info,0.9354727864265442,,
stg1_002815,stg1_000624,"Я бы хотел использовать ваше мобильное приложение, помогите мне.","я бы хотел отредактировать свой профиль, мог бы мне помочь",technical_issue,account,0.9354618787765503,,
stg1_002678,stg1_000277,"мобильное приложение не работает на моем Mac, мне нужна помощь, чтобы сообщить об этой чертовой ошибке","мой продукт работает неправильно, мне нужна помощь, чтобы сообщить о проблеме с продуктом",technical_issue,product_info,0.935382068157196,,
stg1_000727,stg1_001969,Я хочу подписаться на вашу корпоративную рассылку,Я хочу подать жалобу на вашу компанию,account,other,0.9353740215301514,,
stg1_001849,stg1_000979,"я не знаю, что мне нужно сделать, чтобы поговорить с живым агентом","Я не знаю, что мне нужно сделать, чтобы поговорить со службой поддержки клиентов.",other,general_info,0.9353632926940918,,
stg1_000576,stg1_002130,"Мне нужно проверить плату за ранний выход, мне нужна помощь",мне нужна помощь в проверке способов оплаты,order_status,payment_refund,0.935360848903656,,
stg1_001428,stg1_000324,"Я хочу обменять товар, купленный онлайн, в магазине, как мне это сделать?","Я хочу отменить товар, как мне это сделать?",return_exchange,order_status,0.9353567361831665,,
stg1_002640,stg1_000236,"приложение не работает на моем компьютере, помогите мне, сообщите об ошибке","мой продукт не работает так, как указано. Помогите мне сообщить о проблеме с продуктом.",technical_issue,product_info,0.9353336691856384,,
stg1_001865,stg1_000096,Я хочу подать иск против вашего бизнеса,Я хочу оставить отзыв о вашей компании,other,product_info,0.9353213906288147,,
stg1_002579,stg1_000465,дайте мне информацию о чертовых распродажах,помоги мне отследить мою чертову доставку,promo_loyalty,order_status,0.9353200197219849,,
stg1_001687,stg1_000338,"Можете ли вы помочь мне проверить, как скоро я могу ожидать посылку?","Я хотел бы найти свою посылку, могу ли я получить помощь?",delivery,order_status,0.9353046417236328,,
stg1_002698,stg1_000801,"я не могу заставить сайт работать на моем Mac, помогите мне сообщить о проблеме",Я не могу создать профиль пользователя. Помогите сообщить о проблемах с регистрацией.,technical_issue,account,0.9352972507476807,,
stg1_000601,stg1_000183,как мне проверить чертову историю покупок,где проверить наличие чертового товара,account,product_info,0.935293436050415,,
stg1_000428,stg1_000171,помогите мне добавить несколько товаров в заказ USI3D4J7,"мне нужно добавить товары в корзину, помогите мне",order_status,product_info,0.9352818131446838,,
stg1_002068,stg1_001336,Я хотел бы получить счет,Я хотел бы запросить возмещение,payment_refund,return_exchange,0.9352786540985107,,
stg1_001770,stg1_000097,"Я хотел бы отправить чертов комментарий о твоей компании, ох, я это сделаю","нужно написать комментарий о ваших услугах, как я могу это сделать",other,product_info,0.9352657794952393,,
stg1_000927,stg1_002615,"мне нужно поискать ближайший магазин, как мне это сделать","Мне нужна информация о ближайших распродажах, как мне ее найти?",general_info,promo_loyalty,0.9352408647537231,,
stg1_000659,stg1_001352,"мой аккаунт украли, не могли бы вы помочь мне сбросить мой чертов пароль?","моя посылка прибыла чертовски поврежденной, не могли бы вы помочь мне сообщить об этом?",account,return_exchange,0.9352384209632874,,
stg1_000061,stg1_001989,у вас есть адрес для отправки отзыва?,"Мне нужно оставить отзыв, где это сделать?",product_info,other,0.9352383017539978,,
stg1_000407,stg1_001959,"я не знаю, что мне нужно сделать, чтобы купить товар","Я не знаю, что мне нужно сделать, чтобы предъявить потребительскую претензию.",order_status,other,0.935203492641449,,
stg1_000244,stg1_001810,могу ли я оставить проклятое мнение о товаре?,как я могу оставить комментарий о товаре?,product_info,other,0.935191810131073,,
stg1_001437,stg1_000425,мне нужно обменять товар,мне нужно приобрести продукт,return_exchange,order_status,0.9351834654808044,,
stg1_000973,stg1_001635,"хочу узнать, в какое время я смогу связаться со службой поддержки","нужна помощь, чтобы узнать, когда прибудет мой заказ",general_info,delivery,0.9351620674133301,,
stg1_002321,stg1_001333,как я могу получить возмещение,"Я должен запросить возмещение, как я могу это сделать?",payment_refund,return_exchange,0.9351493716239929,,
stg1_002590,stg1_001638,Не могли бы вы дать мне информацию о зимних распродажах?,не могли бы вы помочь мне увидеть чертову дату доставки?,promo_loyalty,delivery,0.9351425170898438,,
stg1_000093,stg1_002060,как я могу оставить отзыв о наших услугах,"Мне нужно оставить отзыв о вашей компании, как я могу это сделать?",product_info,other,0.9351363778114319,,
stg1_001828,stg1_001069,"я не понимаю, ты не мог бы помочь мне поговорить с чертовым человеком","мне нужно поговорить с чертовой службой поддержки, не могли бы мне помочь",other,general_info,0.9350770711898804,,
stg1_002745,stg1_000649,Я получаю чертову ошибку в приложении на своем телефоне. Можете ли вы помочь мне сообщить об этом?,"У меня проблема с моим чертовым аккаунтом, ты поможешь мне это изменить?",technical_issue,account,0.9350749254226685,,
stg1_002809,stg1_000758,"Я не могу заставить приложение работать на своем компьютере, мне нужна помощь, чтобы сообщить о чертовой проблеме.","мне не нужна моя чертова учетная запись, мне нужна помощь, чтобы закрыть ее",technical_issue,account,0.9350641965866089,,
stg1_002888,stg1_000277,"я не могу заставить сайт работать, мне нужно сообщить об ошибке","мой продукт работает неправильно, мне нужна помощь, чтобы сообщить о проблеме с продуктом",technical_issue,product_info,0.9350380301475525,,
stg1_002343,stg1_000467,помогите мне сделать переводы,помогите мне отследить заказ,payment_refund,order_status,0.9350107312202454,,
stg1_002818,stg1_000014,"я получаю сообщение об ошибке в приложении на своем компьютере, как мне сообщить об этом","хочу сообщить об ошибках в купленном мной проекте, где я могу это сделать",technical_issue,product_info,0.9349706768989563,,
stg1_002380,stg1_001090,"Я хотел бы узнать больше о чертовых продажах psring, дай мне немного информации","Я хотел бы узнать больше о ваших часах покупок, дайте мне некоторую информацию",promo_loyalty,general_info,0.9349591135978699,,
stg1_001940,stg1_000234,"я не понимаю тебя, как я могу говорить с этим чертовым человеком","я не знаю, как я могу оставить чертов комментарий для твоих людей",other,product_info,0.9349542260169983,,
stg1_000234,stg1_001940,"я не знаю, как я могу оставить чертов комментарий для твоих людей","я не понимаю тебя, как я могу говорить с этим чертовым человеком",product_info,other,0.9349542260169983,,
stg1_002631,stg1_001827,"Я хотел бы использовать ваше приложение, как я могу это сделать?","Я хотел бы отправить идею продукта, как я могу это сделать?",technical_issue,other,0.9349523186683655,,
stg1_002389,stg1_001217,мне нужна информация о следующих чертовых распродажах,"мне нужна информация о чертовом товаре в магазине, где я могу его найти",promo_loyalty,return_exchange,0.9349423050880432,,
stg1_001215,stg1_000455,"Мне нужно обменять товар, который я купил онлайн, в магазине. Как это сделать?","Мне нужно отменить товар, как мне это сделать?",return_exchange,order_status,0.9349291324615479,,
stg1_002875,stg1_000009,"сайт не работает на моем мобильном телефоне, как я могу сообщить о проблеме?",заказанный мной продукт не работает должным образом. Можете ли вы мне помочь сообщить о проблеме с продуктом?,technical_issue,product_info,0.9349197149276733,,
stg1_002110,stg1_000672,"Я не могу сделать перевод, как мне сообщить о проблеме с оплатой?","Я не могу зарегистрироваться, могу ли я сообщить о проблемах с регистрацией?",payment_refund,account,0.9349034428596497,,
stg1_002156,stg1_000719,куда я могу сообщить о проблемах с онлайн-платежами,куда мне сообщить о проблемах с регистрацией,payment_refund,account,0.934857964515686,,
stg1_001533,stg1_000984,"Мне нужна поддержка, чтобы обновить адрес доставки","Мне нужна помощь, чтобы позвонить в службу поддержки клиентов",delivery,general_info,0.9348155856132507,,
stg1_001721,stg1_000264,"можешь мне помочь узнать, когда прибудет мой товар?","мне нужно проверить наличие товара, могу ли я получить помощь?",delivery,product_info,0.9347869157791138,,
stg1_000650,stg1_002394,"нужно поискать что-то, что я купил, могу ли я посмотреть историю своих заказов","мне нужна информация о продажах, где я могу ее найти",account,promo_loyalty,0.934786856174469,,
stg1_001998,stg1_000190,"Я хотел бы предложить идеи по улучшению продукта, где мне это сделать?",Я хотел бы сообщить о проблемах в купленном мной продукте. Где я могу это сделать?,other,product_info,0.9347521066665649,,
stg1_002843,stg1_002248,"Я бы хотел использовать твое чертово мобильное приложение, как мне это сделать?","Я бы хотел расплатиться чертовой картой, как мне это сделать?",technical_issue,payment_refund,0.9347221851348877,,
stg1_001098,stg1_002386,Я пытаюсь найти информацию о часах работы твоего чертового магазина.,Я пытаюсь найти информацию о чертовых распродажах.,general_info,promo_loyalty,0.9347217679023743,,
stg1_002386,stg1_001098,Я пытаюсь найти информацию о чертовых распродажах.,Я пытаюсь найти информацию о часах работы твоего чертового магазина.,promo_loyalty,general_info,0.9347217679023743,,
stg1_001862,stg1_000959,Можете ли вы помочь мне подать жалобу потребителя?,Можете ли вы помочь мне связаться со службой поддержки клиентов?,other,general_info,0.9347123503684998,,
stg1_000644,stg1_002055,"мне нужно заполнить свою личную информацию, пожалуйста, помогите мне","Мне нужно отправить отзыв, помогите мне",account,other,0.934673011302948,,
stg1_002656,stg1_000357,"Я бы хотел использовать твое чертово мобильное приложение, оно бы мне помогло.","Я бы хотел найти свою чертову посылку, может мне помочь.",technical_issue,order_status,0.9345365166664124,,
stg1_000582,stg1_001182,Можете ли вы помочь мне заказать несколько ваших продуктов?,"некоторые продукты неправильные, можете ли вы помочь мне сообщить о них?",order_status,return_exchange,0.9345253109931946,,
stg1_001887,stg1_000072,помогите подать жалобу потребителя на вашу компанию,помогите отправить отзыв о вашей продукции,other,product_info,0.9344887733459473,,
stg1_000404,stg1_000248,удалить товар из покупки 2TBYSYJA,удалить товар из корзины,order_status,product_info,0.9344798922538757,,
stg1_001869,stg1_000058,Я должен подать иск,Я должен отправить свой отзыв,other,product_info,0.9344629049301147,,
stg1_002861,stg1_001827,"Я бы хотел использовать ваше приложение, как я могу это сделать?","Я хотел бы отправить идею продукта, как я могу это сделать?",technical_issue,other,0.9344428777694702,,
stg1_002512,stg1_000207,"Я ищу информацию о следующих распродажах, может мне помочь.","Я ищу информацию о продуктах, которые могли бы мне помочь.",promo_loyalty,product_info,0.9344341158866882,,
stg1_001812,stg1_002767,"Хочу отправить идеи, куда это сделать?","Я хотел бы использовать ваше приложение, где мне это сделать?",other,technical_issue,0.9344078302383423,,
stg1_001944,stg1_000979,"я не знаю, что мне нужно сделать, чтобы поговорить с кем-то","Я не знаю, что мне нужно сделать, чтобы поговорить со службой поддержки клиентов.",other,general_info,0.9344001412391663,,
stg1_002493,stg1_001529,Я ищу информацию о продажах,Ищу информацию о сроках доставки,promo_loyalty,delivery,0.9343804717063904,,
stg1_002400,stg1_001486,"Ищу информацию о очередных охренительных распродажах, помогите мне","Я ищу информацию о дате доставки моей покупки, мне нужна помощь",promo_loyalty,delivery,0.9343595504760742,,
stg1_001646,stg1_000857,Мне нужна помощь в исправлении моего адреса,Мне нужна помощь в восстановлении пароля моей учетной записи,delivery,account,0.9343370795249939,,
stg1_001695,stg1_000339,"Мне нужна помощь, чтобы изменить адрес доставки","хочу проверить, где моя доставка, как это сделать",delivery,order_status,0.9343006014823914,,
stg1_001764,stg1_002452,"как я могу увидеть, какие чертовы варианты доставки доступны?","Мне нужна информация о чертовых распродажах, как я могу ее получить?",delivery,promo_loyalty,0.9342626333236694,,
stg1_002805,stg1_000329,"нужно использовать ваше приложение, где это сделать","мне нужно отменить пункт, где мне это сделать",technical_issue,order_status,0.9342538118362427,,
stg1_001099,stg1_001685,"мне нужно узнать, в какое время я могу связаться со службой поддержки клиентов","Мне нужна помощь, чтобы проверить, как скоро я смогу ожидать свою покупку",general_info,delivery,0.9342370629310608,,
stg1_001112,stg1_000056,"Мне нужно позвонить в службу поддержки клиентов, как мне это сделать?","Мне нужно отправить отзыв об услуге, как это сделать?",general_info,product_info,0.9341973066329956,,
stg1_001495,stg1_000506,"Мне не хочется видеть время доставки моего заказа, как я могу это сделать?",Я хочу увидеть расчетное время моего заказа. Не могли бы вы мне помочь?,delivery,order_status,0.9341411590576172,,
stg1_000962,stg1_001635,"помогите узнать, в какое время я могу связаться со службой поддержки клиентов","нужна помощь, чтобы узнать, когда прибудет мой заказ",general_info,delivery,0.9341395497322083,,
stg1_002147,stg1_001368,я заплатил 10 долларов за товар и хочу вернуть свои деньги,"я купил товар, но хочу вернуть его, мне нужна помощь",payment_refund,return_exchange,0.934118926525116,,
stg1_001673,stg1_000264,"помощь в проверке, ох скоро могу ли я ожидать товар","мне нужно проверить наличие товара, могу ли я получить помощь?",delivery,product_info,0.9340715408325195,,
stg1_002407,stg1_001643,Хочу узнать больше о весенних распродажах,Я хочу узнать больше о сроках доставки,promo_loyalty,delivery,0.9340314865112305,,
stg1_001376,stg1_002854,Я бы не хотел требовать возврата денег. Не могли бы вы мне помочь?,"Я хотел бы использовать ваше приложение, не могли бы вы мне помочь?",return_exchange,technical_issue,0.9339805245399475,,
stg1_001322,stg1_002122,я ищу возмещение,Я хочу помощи с требованием компенсации,return_exchange,payment_refund,0.9339433908462524,,
stg1_000354,stg1_001249,"Я купил чертов товар, но выбрал не ту модель. Мне нужно обновить онлайн-заказ.","Мне нужно вернуть чертов заказ онлайн, помогите мне.",order_status,return_exchange,0.9338438510894775,,
stg1_002008,stg1_000052,нужна помощь в связи с оператором,нужна помощь в отправке отзыва об услуге,other,product_info,0.9338395595550537,,
stg1_000773,stg1_002404,где я мог подписаться на чертову корпоративную рассылку?,где я мог получить информацию о чертовых распродажах?,account,promo_loyalty,0.9338068962097168,,
stg1_002743,stg1_000011,"сайт не работает на моем мобильном телефоне, могу ли я сообщить о проблеме","продукт, который я заказал, работает неправильно, могу ли я сообщить о проблеме с продуктом",technical_issue,product_info,0.933796226978302,,
stg1_002900,stg1_000641,"Я хочу воспользоваться твоим чертовым мобильным приложением, как мне это сделать?","Я хотел бы закрыть свою чертову учетную запись пользователя, как я могу это сделать?",technical_issue,account,0.9337953925132751,,
stg1_001569,stg1_002928,как скоро я могу ожидать доставку?,Когда доставят заказ?,delivery,order_status,0.9337924122810364,,
stg1_002928,stg1_001569,Когда доставят заказ?,как скоро я могу ожидать доставку?,order_status,delivery,0.9337924122810364,,
stg1_000224,stg1_001044,"Мне нужно проверить наличие товара, как это сделать?","хочу найти магазин, как мне это сделать?",product_info,general_info,0.9337770938873291,,
stg1_002562,stg1_000173,Вы дадите мне информацию о следующих продажах?,Вы дадите мне информацию о продуктах?,promo_loyalty,product_info,0.9337702989578247,,
stg1_001256,stg1_000324,"Я хочу отправить купленный товар обратно, что я могу сделать?","Я хочу отменить товар, как мне это сделать?",return_exchange,order_status,0.9337568283081055,,
stg1_002033,stg1_000184,мне нужна помощь в составлении потребительской претензии,"Я хотел бы сообщить о проблеме с купленным мной продуктом, мне нужна помощь",other,product_info,0.9337397217750549,,
stg1_001852,stg1_001121,Мне нужно поговорить с агентом-человеком,Я хочу поговорить со службой поддержки клиентов,other,general_info,0.9337301850318909,,
stg1_000298,stg1_001242,"Я купил товар, но выбрал не ту модель, могу ли я изменить онлайн-заказ","хочу вернуть чертову вещь, которую я купил в магазине онлайн, могу ли я это сделать",order_status,return_exchange,0.9337171316146851,,
stg1_002090,stg1_002889,У меня возникла проблема с оплатой дебетовой картой. Можете ли вы сообщить об этом?,У меня возникла техническая проблема с приложением на моем ПК. Не могли бы вы сообщить об этом?,payment_refund,technical_issue,0.9337116479873657,,
stg1_000546,stg1_000639,"Мне не нужен мой последний чертов предмет, отмени заказ B6W0L0L8","мне не нужен мой чертов профиль, мне нужна помощь, чтобы удалить его",order_status,account,0.9337069988250732,,
stg1_001415,stg1_000160,"мне не нравится то, что я купил, ты поможешь мне это проверить?","Мне нужно проверить наличие товара, не могли бы вы мне помочь?",return_exchange,product_info,0.9337040185928345,,
stg1_000820,stg1_000210,Я хотел бы проверить историю покупок,Я хочу увидеть наличие товара,account,product_info,0.9336398243904114,,
stg1_000210,stg1_000820,Я хочу увидеть наличие товара,Я хотел бы проверить историю покупок,product_info,account,0.9336398243904114,,
stg1_001564,stg1_000400,Я не могу изменить адрес доставки,Я не могу изменить заказ MP86REYN,delivery,order_status,0.9336047768592834,,
stg1_000400,stg1_001564,Я не могу изменить заказ MP86REYN,Я не могу изменить адрес доставки,order_status,delivery,0.9336047768592834,,
stg1_002551,stg1_001655,мог бы дать мне информацию о чертовых распродажах,где я могу найти информацию о чертовой стоимости доставки,promo_loyalty,delivery,0.9335875511169434,,
stg1_002079,stg1_001409,"Я совершил покупку и не получил счет-фактуру, не могли бы вы его получить?","Я хотел бы обменять купленный товар, не могли бы вы мне помочь?",payment_refund,return_exchange,0.9335155487060547,,
stg1_001410,stg1_000455,"мне нужно вернуть товар онлайн, как это сделать","Мне нужно отменить товар, как мне это сделать?",return_exchange,order_status,0.9335145354270935,,
stg1_001718,stg1_000339,хочу указать адрес доставки,"хочу проверить, где моя доставка, как это сделать",delivery,order_status,0.9334487915039062,,
stg1_001282,stg1_000195,"один из продуктов, которые я купил, был чертовски раздавлен, можно ли сообщить об этом?","купленный мной продукт не работает должным образом, могу ли я сообщить о проблеме с продуктом?",return_exchange,product_info,0.9334404468536377,,
stg1_000577,stg1_001293,Мне нужно отследить свою гребаную посылку,"мне нужно обменять гребаный заказ, который я купил, помогите мне",order_status,return_exchange,0.9334403276443481,,
stg1_000501,stg1_000646,"мне нужно изменить мой чертов заказ на omline, прежде чем использовать его, могу ли я получить некоторую помощь","мне нужно изменить свой чертов профиль, могу ли я получить помощь",order_status,account,0.9334365725517273,,
stg1_000604,stg1_002438,"Мне нужно найти что-то, что я купил. Как просмотреть историю заказов?","Я ищу информацию о распродажах, как мне ее найти?",account,promo_loyalty,0.9334031939506531,,
stg1_002912,stg1_000081,Хочу пожаловаться на обслуживание,"нужна помощь, оставив отзыв об услуге",other,product_info,0.9333959221839905,,
stg1_001421,stg1_000204,"чертовы вещи, которые я получил, были чертовски повреждены, я хочу сообщить о них","хочу сообщить о чертовых проблемах с полученным мной продуктом, мне поможет",return_exchange,product_info,0.9333153367042542,,
stg1_001327,stg1_000005,некоторые предметы сломаны. Можете ли вы помочь мне сообщить о них?,Я хотел бы сообщить о дефектах заказанного товара. Можете ли вы мне помочь?,return_exchange,product_info,0.9332886934280396,,
stg1_000094,stg1_001989,Есть ли у вас способ оставить отзыв о ваших услугах?,"Мне нужно оставить отзыв, где это сделать?",product_info,other,0.9332351088523865,,
stg1_002741,stg1_000329,"нужно использовать ваше мобильное приложение, где я могу это сделать","мне нужно отменить пункт, где мне это сделать",technical_issue,order_status,0.9332201480865479,,
stg1_001191,stg1_000226,"помогите мне вернуть товар, который я купил онлайн в магазине","Мне нужно подтвердить наличие товара онлайн, можете ли вы мне помочь?",return_exchange,product_info,0.9332199096679688,,
stg1_002780,stg1_000314,"Я бы хотел использовать ваше приложение, мы поможем мне","мне нужно обновить свой заказ перед использованием, это мне поможет",technical_issue,order_status,0.9332060813903809,,
stg1_001155,stg1_000056,"Я хочу связаться со службой поддержки клиентов, как мне это сделать?","Мне нужно отправить отзыв об услуге, как это сделать?",general_info,product_info,0.933189332485199,,
stg1_001443,stg1_001494,"некоторые элементы у меня неправильные, я хочу сообщить о них","Мне не хватает некоторых продуктов, которые я купил, мне нужна помощь, чтобы сообщить о них",return_exchange,delivery,0.9331836700439453,,
stg1_001837,stg1_000933,"Я бы хотел поговорить с чертовым человеком, который мог бы мне помочь.","Я хотел бы поговорить с чертовой службой поддержки клиентов, мне нужна помощь.",other,general_info,0.9331735968589783,,
stg1_001499,stg1_001223,"Я получил не все купленные товары, куда сообщить о недостающих товарах?","Товары, которые я заказал, неверны. Не могли бы вы помочь мне сообщить о них?",delivery,return_exchange,0.9331718683242798,,
stg1_002539,stg1_000610,Мне нужна информация о продажах,"мне нужна помощь, чтобы просмотреть историю покупок",promo_loyalty,account,0.9331695437431335,,
stg1_000434,stg1_001354,нужна помощь в приобретении предмета,мне нужна помощь в обмене купленных мной товаров,order_status,return_exchange,0.9331661462783813,,
stg1_002431,stg1_001655,как мне найти информацию о чертовых зимних распродажах,где я могу найти информацию о чертовой стоимости доставки,promo_loyalty,delivery,0.9331215620040894,,
stg1_000888,stg1_000294,Мне нужно отредактировать свою чертову учетную запись пользователя,"мне нужно удалить чертов предмет из аккаунта, где мне это сделать",account,product_info,0.9330089092254639,,
stg1_002392,stg1_000210,Я хочу информацию о продажах,Я хочу увидеть наличие товара,promo_loyalty,product_info,0.9329995512962341,,
stg1_000278,stg1_000455,"мне нужно проверить наличие товара, как мне это сделать?","Мне нужно отменить товар, как мне это сделать?",product_info,order_status,0.9329910278320312,,
stg1_001531,stg1_002940,где посмотреть сколько времени занимает доставка?,Сколько ждать заказ?,delivery,order_status,0.9329846501350403,,
stg1_000175,stg1_001465,Можете ли вы помочь мне увидеть наличие этого чертового продукта в Интернете?,"Этот чертов товар, который я получил, неправильный, можете ли вы помочь мне сообщить об этом?",product_info,return_exchange,0.9329806566238403,,
stg1_000960,stg1_001487,"мне нужна помощь, чтобы узнать, в какие часы я могу позвонить в службу поддержки клиентов","мне нужно проверить время доставки моей покупки, могу ли я получить помощь",general_info,delivery,0.9329508543014526,,
stg1_002293,stg1_001406,"Мне нужна помощь, чтобы узнать, есть ли какие-либо новости о моем возмещении","Мне нужно получить возмещение, мне нужна помощь",payment_refund,return_exchange,0.9328780770301819,,
stg1_000691,stg1_001996,Мне нужна помощь с подпиской на рассылку новостей,"мне нужна помощь, чтобы отправить предложение",account,other,0.9328598976135254,,
stg1_000937,stg1_001923,Мне нужно отправить письмо в чертову службу поддержки клиентов.,"мне нужна помощь, чтобы отправить чертов отзыв",general_info,other,0.9328567385673523,,
stg1_001745,stg1_000339,Я хочу указать адрес доставки,"хочу проверить, где моя доставка, как это сделать",delivery,order_status,0.9328503608703613,,
stg1_001080,stg1_001873,можно ли связаться с чертовой службой поддержки клиентов?,можно ли подать чертову претензию от клиента?,general_info,other,0.932830810546875,,
stg1_001873,stg1_001080,можно ли подать чертову претензию от клиента?,можно ли связаться с чертовой службой поддержки клиентов?,other,general_info,0.932830810546875,,
stg1_000638,stg1_002763,мне не нужно изменять свои чертовы личные данные,Я не хочу использовать твое чертово приложение,account,technical_issue,0.9328197240829468,,
stg1_002763,stg1_000638,Я не хочу использовать твое чертово приложение,мне не нужно изменять свои чертовы личные данные,technical_issue,account,0.9328197240829468,,
stg1_001891,stg1_000966,помогите мне связаться с кем-нибудь,помогите мне связаться со службой поддержки клиентов,other,general_info,0.9328057169914246,,
stg1_002577,stg1_001408,Я ищу информацию о чертовых распродажах.,"Я ищу информацию о чертовом товаре в магазине, помогите мне.",promo_loyalty,return_exchange,0.9328007698059082,,
stg1_002473,stg1_000020,"Мне нужна информация об этих чертовых зимних распродажах, где ее можно найти?","Ищу информацию о чертовых продуктах, где ее взять?",promo_loyalty,product_info,0.9327930212020874,,
stg1_000478,stg1_000748,мне нужно найти покупку PN2MEFQY помогите мне,"мне нужно просмотреть историю покупок, мне нужна помощь",order_status,account,0.932781994342804,,
stg1_002441,stg1_000407,Я не хочу знать больше о продажах,"я не знаю, что мне нужно сделать, чтобы купить товар",promo_loyalty,order_status,0.9327808618545532,,
stg1_001669,stg1_000560,"помощь в проверке, когда придет моя статья",помощь в заказе статьи,delivery,order_status,0.9326865077018738,,
stg1_000560,stg1_001669,помощь в заказе статьи,"помощь в проверке, когда придет моя статья",order_status,delivery,0.9326865077018738,,
stg1_001890,stg1_000948,"Я хочу поговорить с человеком, как мне это сделать?","Мне нужно поговорить со службой поддержки, как мне это сделать?",other,general_info,0.9326704144477844,,
stg1_002374,stg1_000254,"мне нужна информация о следующих распродажах, как я могу ее получить","Мне нужна информация о продуктах, как я могу ее получить?",promo_loyalty,product_info,0.9326521158218384,,
stg1_001723,stg1_002376,можешь рассказать мне больше о чертовой дате доставки,можешь рассказать мне больше о чертовых распродажах?,delivery,promo_loyalty,0.9326427578926086,,
stg1_002376,stg1_001723,можешь рассказать мне больше о чертовых распродажах?,можешь рассказать мне больше о чертовой дате доставки,promo_loyalty,delivery,0.9326427578926086,,
stg1_002650,stg1_000041,"сайт не работает на моем планшете, помогите, сообщите об ошибке","заказанный мною продукт работает неправильно, сообщите о проблеме с продуктом",technical_issue,product_info,0.9326199293136597,,
stg1_002810,stg1_000009,"приложение не работает на моем планшете, можно ли сообщить о проблеме?",заказанный мной продукт не работает должным образом. Можете ли вы мне помочь сообщить о проблеме с продуктом?,technical_issue,product_info,0.9325196743011475,,
stg1_001731,stg1_002227,"где я могу посмотреть, какие способы доставки доступны?","где я могу проверить, какие способы оплаты вы принимаете?",delivery,payment_refund,0.9324337840080261,,
stg1_002227,stg1_001731,"где я могу проверить, какие способы оплаты вы принимаете?","где я могу посмотреть, какие способы доставки доступны?",payment_refund,delivery,0.9324337840080261,,
stg1_001257,stg1_001992,ты поможешь мне отправить обратно этот чертов заказ?,"хочу оставить чертов отзыв, ты мне поможешь?",return_exchange,other,0.9324113130569458,,
stg1_001934,stg1_001488,"мне нужно подать чертову жалобу на твою компанию, как это сделать","мне нужно сообщить о чертовой проблеме с доставкой, где я могу это сделать",other,delivery,0.9324111938476562,,
stg1_001791,stg1_001285,"Мне нужно представить идеи, вы мне поможете?","Я хочу получить возмещение, вы мне поможете?",other,return_exchange,0.932404637336731,,
stg1_001928,stg1_000450,нужно подать чертову жалобу от клиента,Мне нужно отменить чертов заказ,other,order_status,0.9323933720588684,,
stg1_002837,stg1_000783,"Я хочу использовать ваше мобильное приложение, где мне это сделать?","Я хотел бы изменить свой профиль, где мне это сделать?",technical_issue,account,0.9323723912239075,,
stg1_002877,stg1_000672,"я не могу заставить приложение работать на своем компьютере, могу ли я сообщить о проблеме","Я не могу зарегистрироваться, могу ли я сообщить о проблемах с регистрацией?",technical_issue,account,0.9323370456695557,,
stg1_001073,stg1_002008,помощь в разговоре со службой поддержки клиентов,нужна помощь в связи с оператором,general_info,other,0.9323093295097351,,
stg1_001194,stg1_000281,"один из заказанных мной товаров был чертовски поврежден во время отправки, мог бы сообщить об этом","нужно сообщить о чертовых дефектах в товаре, который я купил, как это сделать",return_exchange,product_info,0.932304859161377,,
stg1_001243,stg1_000298,"помогите мне обменять товар, который я купил онлайн в магазине","Я купил товар, но выбрал не ту модель, могу ли я изменить онлайн-заказ",return_exchange,order_status,0.9322971701622009,,
stg1_001783,stg1_000598,"Мне нужна помощь, чтобы представить идею","Мне нужна учетная запись, мне нужна помощь в ее создании",other,account,0.9322019815444946,,
stg1_000882,stg1_001969,Я хочу подписаться на рассылку новостей вашей компании,Я хочу подать жалобу на вашу компанию,account,other,0.9321883916854858,,
stg1_001818,stg1_000913,"нужно поговорить с кем-нибудь, где это сделать","Я хотел бы поговорить со службой поддержки, где это сделать",other,general_info,0.9321758151054382,,
stg1_000726,stg1_002087,помогите мне увидеть статус моей подписки на рассылку новостей,"мне нужна помощь, чтобы проверить статус моего возмещения",account,payment_refund,0.9321568012237549,,
stg1_002966,stg1_001557,Хочу поменять номер телефона,Я хочу обновить свой адрес,account,delivery,0.9321330189704895,,
stg1_001557,stg1_002966,Я хочу обновить свой адрес,Хочу поменять номер телефона,delivery,account,0.9321330189704895,,
stg1_000356,stg1_001278,"Я купил товар, но выбрал неправильный размер. Я хочу обновить свой онлайн-заказ.","Я хотел бы вернуть чертов товар, который я купил в магазине онлайн, помогите мне.",order_status,return_exchange,0.9320740699768066,,
stg1_002465,stg1_001153,"мне нужна информация о следующих распродажах, как ее найти","мне нужна информация о часах твоего шоппинга, как мне ее найти",promo_loyalty,general_info,0.9320740103721619,,
stg1_000534,stg1_001769,"хочу изменить свой заказ, прежде чем отправить его, как это сделать","нужно отправить предложение по улучшению продукта, как я могу это сделать",order_status,other,0.9320699572563171,,
stg1_001972,stg1_000204,"мне нужно предложить чертову идею, как сделать продукт лучше, не мог бы ты мне помочь","хочу сообщить о чертовых проблемах с полученным мной продуктом, мне поможет",other,product_info,0.9319993853569031,,
stg1_001528,stg1_001079,"мне нужно посмотреть, как скоро я смогу ожидать доставки","мне нужно посмотреть часы твоих покупок, мне нужна помощь",delivery,general_info,0.9319846630096436,,
stg1_000971,stg1_002077,"Мне нужно позвонить в службу поддержки клиентов, как я могу это сделать?","Мне нужно было произвести оплату, как я могу это сделать?",general_info,payment_refund,0.9319654107093811,,
stg1_002015,stg1_000063,"Я не знаю, как мне подать иск","Я не знаю, что сделать, чтобы оставить мнение",other,product_info,0.9319496750831604,,
stg1_001808,stg1_000974,"Я тебя не понимаю, можешь помочь мне поговорить с кем-то, черт возьми?",не могли бы вы помочь мне поговорить со службой поддержки?,other,general_info,0.9319066405296326,,
stg1_000830,stg1_002806,"мне нужно использовать платиновый аккаунт, ты мне поможешь?","хочу использовать твое приложение, ты мне поможешь?",account,technical_issue,0.9318813681602478,,
stg1_002806,stg1_000830,"хочу использовать твое приложение, ты мне поможешь?","мне нужно использовать платиновый аккаунт, ты мне поможешь?",technical_issue,account,0.9318813681602478,,
stg1_002630,stg1_000018,"сайт не работает на моем мобильном телефоне, могу ли я сообщить об ошибке?","продукт, который я получил, не работает должным образом, как я могу сообщить об ошибке продукта?",technical_issue,product_info,0.9318668842315674,,
stg1_002340,stg1_000477,"Я не могу заплатить, где я могу заметить чертову проблему с оплатой?","Я не знаю, как я могу проверить плату за отмену",payment_refund,order_status,0.9318179488182068,,
stg1_000396,stg1_000287,помогите заказать несколько товаров,"хочу увидеть наличие товара, помогите мне",order_status,product_info,0.9317623376846313,,
stg1_001296,stg1_000226,можешь ли ты помочь мне вернуть товар онлайн?,"Мне нужно подтвердить наличие товара онлайн, можете ли вы мне помочь?",return_exchange,product_info,0.931657075881958,,
stg1_000305,stg1_001364,"Мне нужно отследить свою посылку, как я могу это сделать?","Мне нужно увидеть твою чертову обратную почту, как я могу это сделать?",order_status,return_exchange,0.931627094745636,,
stg1_000599,stg1_000294,"хочу открыть чертов аккаунт, как это сделать","мне нужно удалить чертов предмет из аккаунта, где мне это сделать",account,product_info,0.9315838813781738,,
stg1_000791,stg1_002781,"У меня проблема с моей чертовой учетной записью пользователя, можно ли ее обновить?","Мне нужно воспользоваться твоим чертовым приложением, могу ли я получить помощь?",account,technical_issue,0.931574821472168,,
stg1_002580,stg1_001136,Я хотел бы узнать больше о чертовых распродажах.,Я хотел бы узнать больше о ближайших магазинах. Найдите некоторую информацию.,promo_loyalty,general_info,0.9315338134765625,,
stg1_000724,stg1_003013,"помощь, чтобы сообщить об ошибке при регистрации",Ошибка при регистрации,account,technical_issue,0.9315248727798462,,
stg1_000923,stg1_001529,даст мне информацию о часах работы,Ищу информацию о сроках доставки,general_info,delivery,0.9315130710601807,,
stg1_000874,stg1_003013,Не могу уведомить об ошибках при регистрации,Ошибка при регистрации,account,technical_issue,0.9315128922462463,,
stg1_002121,stg1_001914,"я не знаю, как мне перечислить разрешенные вами способы оплаты","я не знаю, как подать жалобу клиента",payment_refund,other,0.9315124154090881,,
stg1_000798,stg1_001342,"я потерял свой чертов пароль, я хочу его восстановить","Я хотел бы вернуть чертовы товары из Интернета, мне нужна помощь",account,return_exchange,0.9315080046653748,,
stg1_001468,stg1_001140,"Я хотел бы вернуть товар, купленный в Интернете, в магазине, где это сделать","мне бы хотелось поискать в чертовом магазине, как я мог это сделать",return_exchange,general_info,0.9313763976097107,,
stg1_001836,stg1_000979,"я не понимаю, мне нужна помощь, чтобы поговорить с кем-то трахающимся","Я не знаю, что мне нужно сделать, чтобы поговорить со службой поддержки клиентов.",other,general_info,0.9312912225723267,,
stg1_002531,stg1_001738,"мне нужна информация о следующих распродажах, могу ли я ее получить","хочу узнать больше о сроках доставки моей покупки, могу найти некоторую информацию",promo_loyalty,delivery,0.9312688112258911,,
stg1_002855,stg1_001107,"Аунна, воспользуйся твоим чертовым приложением, могу ли я получить помощь?","Я бы хотел позвонить в чертову службу поддержки, вы можете мне помочь?",technical_issue,general_info,0.931219220161438,,
stg1_002331,stg1_000420,Можете ли вы помочь мне решить проблему с оплатой?,Можете ли вы помочь мне увидеть плату за отмену?,payment_refund,order_status,0.9312000870704651,,
stg1_000532,stg1_001447,можно ли отменить чертов заказ?,куда отправить чертов заказ обратно?,order_status,return_exchange,0.9311802387237549,,
stg1_000824,stg1_001342,"мой аккаунт украли, я бы хотел восстановить свой чертов пароль","Я хотел бы вернуть чертовы товары из Интернета, мне нужна помощь",account,return_exchange,0.9311326146125793,,
stg1_000302,stg1_001278,"Я купил товар, но выбрал не ту модель. Я хотел бы изменить свой чертов онлайн-заказ.","Я хотел бы вернуть чертов товар, который я купил в магазине онлайн, помогите мне.",order_status,return_exchange,0.9311102032661438,,
stg1_001930,stg1_000979,"я не знаю, что мне нужно сделать, чтобы пообщаться с кем-нибудь","Я не знаю, что мне нужно сделать, чтобы поговорить со службой поддержки клиентов.",other,general_info,0.9310665130615234,,
stg1_002312,stg1_001438,мог бы рассказать мне больше о вашей политике возврата денег,мне нужна информация о вашей политике возврата,payment_refund,return_exchange,0.9310616254806519,,
stg1_002265,stg1_000019,Мне нужна помощь в проверке разрешенных способов оплаты,Мне нужна помощь в проверке наличия товара,payment_refund,product_info,0.9310415983200073,,
stg1_002697,stg1_000018,"я не могу заставить сайт работать, как мне сообщить об ошибке","продукт, который я получил, не работает должным образом, как я могу сообщить об ошибке продукта?",technical_issue,product_info,0.9310163855552673,,
stg1_000884,stg1_002118,помогите мне восстановить мой пропуск,помогите мне проверить статус возврата,account,payment_refund,0.9309887886047363,,
stg1_001174,stg1_001905,Можете ли вы помочь мне позвонить в службу поддержки?,могу ли я связаться с помощником?,general_info,other,0.9309842586517334,,
stg1_001995,stg1_000191,"хочу предложить идею по улучшению продукта, как я могу это сделать","я должен сообщить о чертовых проблемах с приобретенным мной продуктом, как я могу это сделать",other,product_info,0.9309150576591492,,
stg1_002674,stg1_000277,"мобильное приложение не работает на моем устройстве, я хочу сообщить об ошибке","мой продукт работает неправильно, мне нужна помощь, чтобы сообщить о проблеме с продуктом",technical_issue,product_info,0.9308728575706482,,
stg1_000268,stg1_001214,Мне нужно проверить наличие товаров онлайн,"Мне нужна помощь, чтобы вернуть товар онлайн",product_info,return_exchange,0.930854320526123,,
stg1_000819,stg1_002631,"Я хотел бы заполнить свои личные данные, как мне это сделать?","Я хотел бы использовать ваше приложение, как я могу это сделать?",account,technical_issue,0.9307997226715088,,
stg1_002664,stg1_000236,У меня техническая проблема с приложением. Помогите мне не сообщить об этом.,"мой продукт не работает так, как указано. Помогите мне сообщить о проблеме с продуктом.",technical_issue,product_info,0.930690348148346,,
stg1_002816,stg1_000009,"сайт не работает на моем мобильном телефоне, как мне сообщить об этой чертовой проблеме?",заказанный мной продукт не работает должным образом. Можете ли вы мне помочь сообщить о проблеме с продуктом?,technical_issue,product_info,0.9306899905204773,,
stg1_001227,stg1_000365,где мне обменять эту чертову вещь,"хочу найти свою чертову посылку, где это сделать",return_exchange,order_status,0.9306622743606567,,
stg1_001870,stg1_001121,Я хочу предъявить претензию клиенту,Я хочу поговорить со службой поддержки клиентов,other,general_info,0.9306291937828064,,
stg1_001946,stg1_000964,Мне нужно связаться с человеком,"Мне нужно связаться со службой поддержки, мне нужна помощь",other,general_info,0.9306106567382812,,
stg1_002658,stg1_001364,"Мне нужно воспользоваться твоим чертовым мобильным приложением, как мне это сделать?","Мне нужно увидеть твою чертову обратную почту, как я могу это сделать?",technical_issue,return_exchange,0.9305813908576965,,
stg1_001886,stg1_000063,"Я не знаю, что делать, чтобы поговорить с кем-то","Я не знаю, что сделать, чтобы оставить мнение",other,product_info,0.9305813312530518,,
stg1_001915,stg1_000560,помощь в составлении иска,помощь в заказе статьи,other,order_status,0.9305723905563354,,
stg1_002651,stg1_000009,"я не могу заставить сайт работать, нет моего мобильного телефона, не могли бы вы помочь мне сообщить о проблеме?",заказанный мной продукт не работает должным образом. Можете ли вы мне помочь сообщить о проблеме с продуктом?,technical_issue,product_info,0.930561900138855,,
stg1_002418,stg1_000275,"Я ищу информацию о выставке, могу ли я ее получить?","Мне нужна информация о продукте, как я могу ее получить?",promo_loyalty,product_info,0.9304988384246826,,
stg1_000151,stg1_001926,помощь в написании комментария к вашей продукции,"мне нужна помощь, чтобы отправить комментарий о вашем бренде",product_info,other,0.930412232875824,,
stg1_000625,stg1_000366,"Мне нужно обновить свою чертову учетную запись, как это сделать?","Мне нужно отменить чертову вещь, как мне это сделать?",account,order_status,0.930398166179657,,
stg1_002517,stg1_001529,я ищу информацию о зимних распродажах,Ищу информацию о сроках доставки,promo_loyalty,delivery,0.9303684830665588,,
stg1_001087,stg1_001962,"Я хотел бы позвонить в службу поддержки клиентов, как я могу это сделать?","Я хотел бы поговорить с оператором, как это сделать?",general_info,other,0.9303054809570312,,
stg1_000972,stg1_001635,"помогите мне узнать, в какое время доступна служба поддержки клиентов","нужна помощь, чтобы узнать, когда прибудет мой заказ",general_info,delivery,0.9303021430969238,,
stg1_001880,stg1_000074,Я пытаюсь подать иск,я стараюсь оставлять свой отзыв,other,product_info,0.9302715063095093,,
stg1_002829,stg1_000018,"мобильное приложение не работает, могу ли я сообщить об ошибке?","продукт, который я получил, не работает должным образом, как я могу сообщить об ошибке продукта?",technical_issue,product_info,0.9302599430084229,,
stg1_002112,stg1_002860,как мне сообщить о проблемах с оплатой?,"Мне нужно сообщить о проблеме с приложением, где это сделать?",payment_refund,technical_issue,0.9302486181259155,,
stg1_001907,stg1_001055,пообщаться с помощником,помогите поговорить со службой поддержки,other,general_info,0.9301820397377014,,
stg1_000346,stg1_000279,как я могу найти информацию о статусе замены продукта?,"Я ищу информацию о продукте, как я могу ее найти?",order_status,product_info,0.9301727414131165,,
stg1_001394,stg1_000455,нужно обменять товар в магазине как это сделать,"Мне нужно отменить товар, как мне это сделать?",return_exchange,order_status,0.9301708936691284,,
stg1_001179,stg1_000210,Я хочу обменять товар в магазине,Я хочу увидеть наличие товара,return_exchange,product_info,0.930170476436615,,
stg1_000714,stg1_000966,помощь в получении моего PIN-кода пользователя,помогите мне связаться со службой поддержки клиентов,account,general_info,0.9301637411117554,,
stg1_001363,stg1_000181,куда вернуть чертов товар онлайн,как я могу проверить наличие чертовых товаров онлайн?,return_exchange,product_info,0.930147111415863,,
stg1_001693,stg1_000685,возникли проблемы с редактированием моего адреса,"У меня проблемы с регистрацией, помогите мне",delivery,account,0.9301388263702393,,
stg1_002686,stg1_000783,"Я хочу использовать ваше мобильное приложение, где я могу это сделать?","Я хотел бы изменить свой профиль, где мне это сделать?",technical_issue,account,0.9301186800003052,,
stg1_001184,stg1_000326,"чертов товар, который я получил, неправильный","я купил чертов товар, но он мне не нужен, я хочу отменить заказ",return_exchange,order_status,0.9301123023033142,,
stg1_000257,stg1_002990,"нужно добавить товары в корзину, как мне это сделать",Не могу добавить товар в корзину,product_info,technical_issue,0.9300919771194458,,
stg1_000737,stg1_001851,"Я не знаю, что мне нужно сделать, чтобы перейти на Платиновый аккаунт.","Я не знаю, что мне нужно сделать, чтобы связаться с помощником",account,other,0.9300758242607117,,
stg1_001147,stg1_000227,"Мне нужно найти магазин поблизости, как мне это сделать?","Мне необходимо проверить наличие товара в магазине, где я могу это сделать?",general_info,product_info,0.9300397038459778,,
stg1_002269,stg1_000875,"Я хочу оплатить дебетовой картой, где я могу это сделать?","Я хотел бы открыть счет, где я могу это сделать?",payment_refund,account,0.9300369620323181,,
stg1_000304,stg1_002083,"Я купил чертов товар, но выбрал не ту модель, хочу изменить заказ.","Я заказал чертову вещь, но не получил счет, помогите мне ее скачать.",order_status,payment_refund,0.9300309419631958,,
stg1_000730,stg1_002697,я не могу сообщить об ошибках при регистрации,"я не могу заставить сайт работать, как мне сообщить об ошибке",account,technical_issue,0.92997145652771,,
stg1_000423,stg1_001835,помощь в покупке некоторых ваших продуктов,"Мне нужна помощь, чтобы отправить предложения по продуктам",order_status,other,0.9299546480178833,,
stg1_001640,stg1_000204,"моя доставка была задержана, это поможет мне сообщить о проблемах с доставкой.","хочу сообщить о чертовых проблемах с полученным мной продуктом, мне поможет",delivery,product_info,0.9299062490463257,,
stg1_001892,stg1_000051,"Я звоню, чтобы подать жалобу клиента на вашу компанию.","Звоню, чтобы оставить отзыв о вашей продукции.",other,product_info,0.9298692941665649,,
stg1_000051,stg1_001892,"Звоню, чтобы оставить отзыв о вашей продукции.","Я звоню, чтобы подать жалобу клиента на вашу компанию.",product_info,other,0.9298692941665649,,
stg1_002311,stg1_001375,"Мне нужен счет, я хочу его найти.","Мне нужна чертова компенсация, помоги мне ее получить.",payment_refund,return_exchange,0.9298489689826965,,
stg1_001216,stg1_000361,могу ли я отправить обратно этот чертов товар?,"Я купил товар, но выбрал не ту модель, можно ли обновить мой чертов заказ?",return_exchange,order_status,0.9297916293144226,,
stg1_001743,stg1_000500,Я пытаюсь найти информацию об изменении адреса,"Я хочу проверить, где моя посылка",delivery,order_status,0.9297682642936707,,
stg1_000654,stg1_001686,"кто-то взломал мой профиль, мне нужна помощь, чтобы восстановить пароль","мой адрес изменился, мне нужна помощь в его изменении",account,delivery,0.9297406077384949,,
stg1_000862,stg1_002256,"хочу открыть счет, где это сделать",мне нужна помощь в поиске счета,account,payment_refund,0.9297061562538147,,
stg1_002573,stg1_001643,Я хочу узнать больше о распродаже Salex,Я хочу узнать больше о сроках доставки,promo_loyalty,delivery,0.929653525352478,,
stg1_000489,stg1_000062,"Я не знаю, как отменить заказ NQWAOVVF","Я не знаю, как оставить отзыв об услуге",order_status,product_info,0.929590106010437,,
stg1_000289,stg1_001461,"хочу добавить товары в корзину, где мне это сделать?","Я хотел бы обменять товар в магазине, где я могу это сделать?",product_info,return_exchange,0.9295769929885864,,
stg1_000794,stg1_001352,"кто-то взломал мой профиль, не могли бы вы помочь мне восстановить мой чертов пароль?","моя посылка прибыла чертовски поврежденной, не могли бы вы помочь мне сообщить об этом?",account,return_exchange,0.9295750856399536,,
stg1_000754,stg1_000309,"Мне нужно обновить свой чертов аккаунт, как это сделать?","Мне нужно отменить чертов заказ, как я могу это сделать?",account,order_status,0.9295382499694824,,
stg1_000738,stg1_001557,хочу исправить личную информацию,Я хочу обновить свой адрес,account,delivery,0.9295377731323242,,
stg1_000844,stg1_001789,как я могу получать информационный бюллетень твоей чертовой компании?,"Мне нужно оставить чертов комментарий о вашей компании, как я могу это сделать?",account,other,0.9295376539230347,,
stg1_001850,stg1_000096,я должен подать иск против твоего бизнеса,Я хочу оставить отзыв о вашей компании,other,product_info,0.9295271635055542,,
stg1_002953,stg1_000339,Хочу изменить адрес доставки,"хочу проверить, где моя доставка, как это сделать",delivery,order_status,0.9294963479042053,,
stg1_000176,stg1_001259,"мне нужно вытащить чертовы вещи из тележки, где это сделать","мне нужно отправить обратно чертов товар, где это сделать",product_info,return_exchange,0.9294862151145935,,
stg1_000955,stg1_001964,можете помочь мне поговорить со службой поддержки клиентов,"мне нужна помощь, чтобы поговорить с агентом-человеком",general_info,other,0.9294859766960144,,
stg1_001535,stg1_000532,могу ли я разместить чертов заказ из Дели?,можно ли отменить чертов заказ?,delivery,order_status,0.9294813871383667,,
stg1_000839,stg1_000519,мне нужна помощь в отмене премиум-аккаунта,"Мне нужна помощь, чтобы отменить продукт",account,order_status,0.929463267326355,,
stg1_002744,stg1_000819,"Я бы хотел использовать твое мобильное приложение, как я могу это сделать?","Я хотел бы заполнить свои личные данные, как мне это сделать?",technical_issue,account,0.9294300675392151,,
stg1_000170,stg1_001446,можешь мне помочь добавить чертовы товары в корзину?,"Мне нужно обменять чертов товар, могу ли я получить помощь?",product_info,return_exchange,0.9294295310974121,,
stg1_001454,stg1_002311,"Я хочу возмещение, я хотел бы получить его","Мне нужен счет, я хочу его найти.",return_exchange,payment_refund,0.9294224977493286,,
stg1_001423,stg1_000218,как я могу вернуть некоторые чертовы вещи в магазин?,"Я хотел бы проверить наличие чертовых товаров в магазине, как я могу это сделать?",return_exchange,product_info,0.9293678998947144,,
stg1_001403,stg1_000005,"некоторые предметы сломаны, вы поможете мне сообщить о них?",Я хотел бы сообщить о дефектах заказанного товара. Можете ли вы мне помочь?,return_exchange,product_info,0.9293352365493774,,
stg1_000756,stg1_002112,как сообщить о проблемах с регистрацией,как мне сообщить о проблемах с оплатой?,account,payment_refund,0.9292932748794556,,
stg1_002051,stg1_001040,можешь помочь мне поговорить с чертовым человеком?,"Я хочу поговорить с чертовой службой поддержки, как я могу это сделать?",other,general_info,0.9292392134666443,,
stg1_000947,stg1_001654,"Я пытаюсь узнать, в какие часы я могу связаться со службой поддержки клиентов","Я звоню, чтобы узнать, как скоро я могу ожидать товар",general_info,delivery,0.9292205572128296,,
stg1_001440,stg1_000519,Мне нужно обменять купленный товар,"Мне нужна помощь, чтобы отменить продукт",return_exchange,order_status,0.9292200803756714,,
stg1_002351,stg1_002899,помогите мне сообщить об ошибках при онлайн-платеже,"сайт не работает, помогите мне сообщить об ошибке",payment_refund,technical_issue,0.929215669631958,,
stg1_000554,stg1_001722,"Мне нужно увидеть текущий статус заказа M9553WYS, помогите мне.","хочу увидеть дату доставки моего заказа, пожалуйста, помогите мне",order_status,delivery,0.9291881918907166,,
stg1_000945,stg1_001905,могу ли я связаться со службой поддержки клиентов,могу ли я связаться с помощником?,general_info,other,0.9291783571243286,,
stg1_002702,stg1_000819,"Я хотел бы использовать ваше мобильное приложение, как мне это сделать?","Я хотел бы заполнить свои личные данные, как мне это сделать?",technical_issue,account,0.9291533827781677,,
stg1_000671,stg1_001644,Я хотел бы получить информацию о получении ключа доступа,Я хочу получить информацию о стоимости пересылки,account,delivery,0.9291021227836609,,
stg1_001644,stg1_000671,Я хочу получить информацию о стоимости пересылки,Я хотел бы получить информацию о получении ключа доступа,delivery,account,0.9291021227836609,,
stg1_000871,stg1_000348,"Я забыл ключ своего профиля, помогите мне его восстановить.","я разместил заказ, помогите мне отменить его",account,order_status,0.9291017055511475,,
stg1_000953,stg1_001697,"нужно посмотреть, в какие часы я могу связаться со службой поддержки","Я хотел бы проверить время доставки, мне нужна помощь",general_info,delivery,0.9290738105773926,,
stg1_000946,stg1_001654,"хочу помочь узнать, в какие часы я могу позвонить в службу поддержки клиентов","Я звоню, чтобы узнать, как скоро я могу ожидать товар",general_info,delivery,0.9290514588356018,,
stg1_001779,stg1_000045,"Я хотел бы предложить чертову идею по улучшению продукта, как я могу это сделать?","Я хотел бы добавить чертовы товары в корзину, где мне это сделать?",other,product_info,0.9289495944976807,,
stg1_002506,stg1_001330,как я могу найти информацию о весенних распродажах,как я могу найти информацию о товаре в магазине,promo_loyalty,return_exchange,0.9289189577102661,,
stg1_002706,stg1_000277,"сайт не работает на моем мобильном телефоне, хочу сообщить об ошибке","мой продукт работает неправильно, мне нужна помощь, чтобы сообщить о проблеме с продуктом",technical_issue,product_info,0.9289169311523438,,
stg1_001719,stg1_000243,"Я не знаю, что делать, чтобы указать новый адрес доставки.","Я не знаю, как написать отзыв об услуге.",delivery,product_info,0.9288632869720459,,
stg1_002820,stg1_002064,"приложение не работает на моем мобильном телефоне, можно ли сообщить о проблеме","моя карта не работает, мне нужно сообщить о чертовой проблеме с оплатой",technical_issue,payment_refund,0.9288489818572998,,
stg1_000967,stg1_001487,"помогите мне узнать, в какие часы я могу связаться со службой поддержки клиентов","мне нужно проверить время доставки моей покупки, могу ли я получить помощь",general_info,delivery,0.9288395047187805,,
stg1_000609,stg1_000546,"Мне не нужен мой чертов аккаунт, помогите мне его удалить.","Мне не нужен мой последний чертов предмет, отмени заказ B6W0L0L8",account,order_status,0.9287883639335632,,
stg1_002713,stg1_000259,"У меня в приложении появляется ошибка, можно ли об этом сообщить?",Мне нужно сообщить об ошибках в продукте. Как я могу это сделать?,technical_issue,product_info,0.9287781715393066,,
stg1_002413,stg1_001529,дайте мне информацию о весенних распродажах,Ищу информацию о сроках доставки,promo_loyalty,delivery,0.9287244081497192,,
stg1_001175,stg1_001947,"Я хочу отправить электронное письмо в службу поддержки клиентов, где мне это сделать?","Мне нужно отправить отзыв о продукте, где я могу это сделать?",general_info,other,0.9286655187606812,,
stg1_000349,stg1_000661,"я бы хотел отменить элемент, как мне это сделать","я бы хотел создать учетную запись, где это сделать",order_status,account,0.9286444783210754,,
stg1_000372,stg1_000178,"я допустил ошибку, мне нужна помощь в изменении покупки AZKL8TD4","Мне нужно сообщить об ошибке продукта, мне нужна помощь",order_status,product_info,0.9286149144172668,,
stg1_002057,stg1_001095,нужно поговорить с чертовым человеком,помогите мне поговорить с чертовой службой поддержки,other,general_info,0.9285656213760376,,
stg1_000707,stg1_000476,"я не знаю, что делать, чтобы перейти на платиновый аккаунт","Я не знаю, что делать, чтобы проверить плату за завершение",account,order_status,0.9285113215446472,,
stg1_001515,stg1_000277,"моя доставка опоздала, куда сообщить о проблемах с доставкой","мой продукт работает неправильно, мне нужна помощь, чтобы сообщить о проблеме с продуктом",delivery,product_info,0.9284656047821045,,
stg1_001958,stg1_000068,хочу подать жалобу потребителя на вашу организацию,"Мне нужна помощь, чтобы отправить отзыв о ваших услугах",other,product_info,0.9284645915031433,,
stg1_001858,stg1_001055,"нужна помощь, чтобы поговорить с живым агентом",помогите поговорить со службой поддержки,other,general_info,0.9284381866455078,,
stg1_000889,stg1_000570,"я хочу чертову учетную запись пользователя, могу ее создать","мне нужно найти свою чертову посылку, где я могу это сделать",account,order_status,0.9284350275993347,,
stg1_001867,stg1_000096,помогите мне подать иск против вашей компании,Я хочу оставить отзыв о вашей компании,other,product_info,0.9284313321113586,,
stg1_001628,stg1_000305,"Мне нужно проверить стоимость пересылки, нужно ли мне это делать?","Мне нужно отследить свою посылку, как я могу это сделать?",delivery,order_status,0.9284291863441467,,
stg1_002721,stg1_000641,"Мне нужно использовать твое чертово мобильное приложение, как я мог это сделать?","Я хотел бы закрыть свою чертову учетную запись пользователя, как я могу это сделать?",technical_issue,account,0.9283740520477295,,
stg1_002798,stg1_000041,"сайт не работает, сообщите о проблеме","заказанный мною продукт работает неправильно, сообщите о проблеме с продуктом",technical_issue,product_info,0.9283521175384521,,
stg1_000980,stg1_001487,"помогите узнать, в какие часы я могу связаться со службой поддержки","мне нужно проверить время доставки моей покупки, могу ли я получить помощь",general_info,delivery,0.9283353090286255,,
stg1_002824,stg1_000009,"Мобильное приложение не работает на моем Mac, можно ли сообщить об этой чертовой проблеме?",заказанный мной продукт не работает должным образом. Можете ли вы мне помочь сообщить о проблеме с продуктом?,technical_issue,product_info,0.9283211827278137,,
stg1_000768,stg1_001662,"у меня ошибка в моей учетной записи, могу ли я ее изменить","Я по ошибке указал свой старый адрес, как я могу его обновить?",account,delivery,0.9282874464988708,,
stg1_000750,stg1_000546,"мне не нужен мой чертов профиль, ох, можно я его закрою","Мне не нужен мой последний чертов предмет, отмени заказ B6W0L0L8",account,order_status,0.9282774925231934,,
stg1_001539,stg1_000339,"помогите мне проверить, какие способы доставки доступны","хочу проверить, где моя доставка, как это сделать",delivery,order_status,0.9282764196395874,,
stg1_001041,stg1_001906,поговорить со службой поддержки клиентов,поговорить с агентом,general_info,other,0.9282068014144897,,
stg1_001906,stg1_001041,поговорить с агентом,поговорить со службой поддержки клиентов,other,general_info,0.9282068014144897,,
stg1_002014,stg1_000974,можешь помочь мне поговорить с кем-нибудь?,не могли бы вы помочь мне поговорить со службой поддержки?,other,general_info,0.9281995892524719,,
stg1_001481,stg1_000605,"Я хочу проверить стоимость рассылки, могу ли я это сделать?","Я хотел бы проверить историю заказов, как это сделать?",delivery,account,0.9281738996505737,,
stg1_000619,stg1_001686,"мой аккаунт украли, помогите мне восстановить пароль","мой адрес изменился, мне нужна помощь в его изменении",account,delivery,0.9281529784202576,,
stg1_000494,stg1_001553,"я не знаю, как отменить заказ R7V7E9BP","я не знаю, как мне исправить адрес доставки",order_status,delivery,0.9281024932861328,,
stg1_000968,stg1_001487,"мне нужно проверить, в какие часы доступна поддержка клиентов","мне нужно проверить время доставки моей покупки, могу ли я получить помощь",general_info,delivery,0.928097128868103,,
stg1_000089,stg1_002049,как написать отзыв?,как отправить отзыв о вашем филиале?,product_info,other,0.9280925989151001,,
stg1_000595,stg1_001686,"кто-то взломал мой профиль, мне нужна помощь в восстановлении пароля","мой адрес изменился, мне нужна помощь в его изменении",account,delivery,0.9280660152435303,,
stg1_001665,stg1_000062,"я не знаю, как указать дополнительный адрес доставки","Я не знаю, как оставить отзыв об услуге",delivery,product_info,0.9280384182929993,,
stg1_002053,stg1_000358,"waqnna, отправь чертов отзыв, можешь мне помочь?","Я хочу отменить чертов онлайн-заказ, вы можете мне помочь?",other,order_status,0.928024411201477,,
stg1_002895,stg1_001790,"Я хочу воспользоваться твоим чертовым приложением, черт возьми.","Я хотел бы подать чертову жалобу на твой бренд, помоги мне.",technical_issue,other,0.9279944896697998,,
stg1_003026,stg1_002988,Не приходит код подтверждения,Промокод НОВЫЙ не активируется,account,promo_loyalty,0.9279776811599731,,
stg1_002988,stg1_003026,Промокод НОВЫЙ не активируется,Не приходит код подтверждения,promo_loyalty,account,0.9279776811599731,,
stg1_000516,stg1_002274,Нужна помощь в проверке комиссий за снятие средств,нужна помощь с просьбой вернуть деньги,order_status,payment_refund,0.9279397130012512,,
stg1_001566,stg1_002940,"как я могу увидеть, сколько времени занимает доставка?",Сколько ждать заказ?,delivery,order_status,0.927931547164917,,
stg1_002694,stg1_000664,"Мне нужно использовать ваше мобильное приложение, где мне это сделать?","Мне нужно изменить свою учетную запись пользователя, где я могу это сделать?",technical_issue,account,0.92791748046875,,
stg1_001550,stg1_000367,Можете ли вы помочь мне указать новый адрес доставки?,Я хотел бы обновить свой заказ перед отправкой. Можете ли вы мне помочь?,delivery,order_status,0.9278899431228638,,
stg1_002287,stg1_002635,"У меня проблема с оплатой дебетовой картой, могу ли я сообщить об этом?","приложение не работает на моем планшете, могу ли я сообщить об этой чертовой проблеме",payment_refund,technical_issue,0.9277665615081787,,
stg1_002021,stg1_000434,нужна помощь в подаче иска потребителя,нужна помощь в приобретении предмета,other,order_status,0.9276776313781738,,
stg1_000493,stg1_000063,"Я не знаю, что мне нужно сделать, чтобы заказать некоторые статьи.","Я не знаю, что сделать, чтобы оставить мнение",order_status,product_info,0.9276695251464844,,
stg1_002775,stg1_000178,"сайт не работает на моем Mac, мне нужно сообщить об ошибке","Мне нужно сообщить об ошибке продукта, мне нужна помощь",technical_issue,product_info,0.9276659488677979,,
stg1_002849,stg1_000011,"я не могу заставить сайт работать на своем планшете, могу ли я сообщить о проблеме","продукт, который я заказал, работает неправильно, могу ли я сообщить о проблеме с продуктом",technical_issue,product_info,0.9276208877563477,,
stg1_000877,stg1_001704,мне нужна помощь в восстановлении пароля моей учетной записи usrr,"мне нужна помощь, чтобы обновить мой адрес",account,delivery,0.9275424480438232,,
stg1_001570,stg1_002940,"хочу посмотреть, сколько времени обычно занимает доставка заказа",Сколько ждать заказ?,delivery,order_status,0.9275198578834534,,
stg1_001383,stg1_000293,"некоторые чертовы вещи в моей посылке неправильные, не могли бы вы сообщить о них?",Я хотел бы сообщить об ошибках в купленном мной продукте. Не могли бы вы мне помочь?,return_exchange,product_info,0.9274962544441223,,
stg1_000433,stg1_002130,Мне нужна помощь в проверке платы за досрочное прекращение,мне нужна помощь в проверке способов оплаты,order_status,payment_refund,0.9274861216545105,,
stg1_002518,stg1_001130,"Ищу информацию о очередных долбаных распродажах, как мне ее получить?","Я ищу информацию о твоих чертовых часах посещения магазинов, как я могу ее получить?",promo_loyalty,general_info,0.9274766445159912,,
stg1_001684,stg1_000186,Мне нужно указать новый адрес доставки,Мне нужно отправить отзыв об услуге,delivery,product_info,0.9274727702140808,,
stg1_001366,stg1_000028,"некоторые предметы чертовски повреждены, как мне сообщить о них?","как сообщить о чертовски дефектном товаре, который я получил",return_exchange,product_info,0.9274604320526123,,
stg1_000986,stg1_001970,Я пытаюсь связаться с чертовой службой поддержки клиентов.,"мне нужна помощь, чтобы поговорить с чертовым оператором",general_info,other,0.9274336695671082,,
stg1_001442,stg1_002297,"мне не нравится то, что я купил, как я мог это увидеть","я совершил чертову покупку, но мне не пришел счет, как мне ее скачать",return_exchange,payment_refund,0.9274044036865234,,
stg1_001558,stg1_001057,"я звоню, чтобы узнать, когда придет моя статья","Я пытаюсь узнать, в какое время я могу позвонить в службу поддержки клиентов",delivery,general_info,0.927324116230011,,
stg1_000885,stg1_002781,"мне нужно использовать платиновый профиль, могу ли я получить помощь?","Мне нужно воспользоваться твоим чертовым приложением, могу ли я получить помощь?",account,technical_issue,0.9273214936256409,,
stg1_000660,stg1_002745,"у меня ошибка в моей чертовой учетной записи, можно ли ее отредактировать",Я получаю чертову ошибку в приложении на своем телефоне. Можете ли вы помочь мне сообщить об этом?,account,technical_issue,0.9272936582565308,,
stg1_002044,stg1_000074,Я пытаюсь подать жалобу клиента,я стараюсь оставлять свой отзыв,other,product_info,0.9272384643554688,,
stg1_002458,stg1_001638,не могли бы вы дать мне информацию о следующих продажах?,не могли бы вы помочь мне увидеть чертову дату доставки?,promo_loyalty,delivery,0.9272143840789795,,
stg1_000622,stg1_000348,"я потерял чертов пароль, восстанови его","я разместил заказ, помогите мне отменить его",account,order_status,0.9271997213363647,,
stg1_002759,stg1_000819,"Я хотел бы использовать ваше мобильное приложение, как это сделать?","Я хотел бы заполнить свои личные данные, как мне это сделать?",technical_issue,account,0.9271654486656189,,
stg1_000652,stg1_002649,"Я хочу открыть чертову учетную запись пользователя, как это сделать?","Я хочу воспользоваться твоим чертовым приложением, как это сделать?",account,technical_issue,0.9271082282066345,,
stg1_002750,stg1_000011,"мобильное приложение не работает на моем мобильном телефоне, могу ли я сообщить об ошибке","продукт, который я заказал, работает неправильно, могу ли я сообщить о проблеме с продуктом",technical_issue,product_info,0.927086353302002,,
stg1_000529,stg1_001280,"Я купил офигенный товар, но выбрал не ту модель, хочу обновить заказ.","Я получил продукт не той модели, мне нужна помощь, чтобы сообщить об этом",order_status,return_exchange,0.9270153045654297,,
stg1_000307,stg1_001216,"можно ли отменить чертов заказ, если он не отправлен?",могу ли я отправить обратно этот чертов товар?,order_status,return_exchange,0.9270007610321045,,
stg1_000579,stg1_001368,"Я купил товар, но выбрал неправильный размер, мне придется изменить свой заказ.","я купил товар, но хочу вернуть его, мне нужна помощь",order_status,return_exchange,0.9269962310791016,,
stg1_000496,stg1_000748,"мне нужно изменить покупку DUCKQERC, мне нужна помощь","мне нужно просмотреть историю покупок, мне нужна помощь",order_status,account,0.9269676208496094,,
stg1_000981,stg1_001487,"помогите мне узнать, в какие часы я могу позвонить в службу поддержки клиентов","мне нужно проверить время доставки моей покупки, могу ли я получить помощь",general_info,delivery,0.9269589781761169,,
stg1_001562,stg1_001457,Можете ли вы помочь мне настроить другой адрес доставки?,не могли бы вы помочь мне отправить товар обратно?,delivery,return_exchange,0.9269363284111023,,
stg1_001474,stg1_002474,Я хочу увидеть стоимость рассылки,Я ищу информацию о распродажах,delivery,promo_loyalty,0.9269353151321411,,
stg1_002454,stg1_001330,как я могу найти информацию о очередных распродажах,как я могу найти информацию о товаре в магазине,promo_loyalty,return_exchange,0.9269316792488098,,
stg1_000589,stg1_002227,где я могу проверить плату за прекращение?,"где я могу проверить, какие способы оплаты вы принимаете?",order_status,payment_refund,0.9269128441810608,,
stg1_003009,stg1_001445,Когда вернут деньги?,можно ли добиться возврата денег?,payment_refund,return_exchange,0.9268991947174072,,
stg1_000770,stg1_002551,можешь показать мне эту чертову историю покупок?,мог бы дать мне информацию о чертовых распродажах,account,promo_loyalty,0.9268502593040466,,
stg1_002865,stg1_000236,"сайт не работает на моем телефоне, как сообщить о проблеме","мой продукт не работает так, как указано. Помогите мне сообщить о проблеме с продуктом.",technical_issue,product_info,0.9268482327461243,,
stg1_000377,stg1_002132,"я не знаю, как отменить заказ B8K5F7LB","Я не знаю, как мне скачать счет №00108.",order_status,payment_refund,0.9268256425857544,,
stg1_002132,stg1_000377,"Я не знаю, как мне скачать счет №00108.","я не знаю, как отменить заказ B8K5F7LB",payment_refund,order_status,0.9268256425857544,,
stg1_001094,stg1_001629,как мне посмотреть часы работы твоего чертового магазина?,"Я хочу проверить чертов срок доставки, как мне это сделать?",general_info,delivery,0.9266956448554993,,
stg1_000447,stg1_000839,"мне нужна помощь, чтобы отменить покупку FR0KMCOJ",мне нужна помощь в отмене премиум-аккаунта,order_status,account,0.926686704158783,,
stg1_000381,stg1_000203,Мне нужна помощь с добавлением продукта для покупки UPT0BIQ1.,Мне нужна помощь с добавлением чертового товара в корзину.,order_status,product_info,0.9266769289970398,,
stg1_000900,stg1_001697,"Не нужно проверять часы работы, помогите мне","Я хотел бы проверить время доставки, мне нужна помощь",general_info,delivery,0.9266223311424255,,
stg1_001311,stg1_000532,можно ли вернуть чертов товар?,можно ли отменить чертов заказ?,return_exchange,order_status,0.9266114830970764,,
stg1_001932,stg1_000085,куда я могу подать жалобу на ваш бренд?,где я могу оставить отзыв об услуге?,other,product_info,0.9265965819358826,,
stg1_001166,stg1_000056,"хочу отправить электронное письмо в службу поддержки клиентов, как мне это сделать?","Мне нужно отправить отзыв об услуге, как это сделать?",general_info,product_info,0.9265769124031067,,
stg1_002715,stg1_000018,"Я не могу заставить приложение работать на своем планшете, как мне сообщить об ошибке?","продукт, который я получил, не работает должным образом, как я могу сообщить об ошибке продукта?",technical_issue,product_info,0.926569402217865,,
stg1_001670,stg1_001416,"Можете ли вы показать мне, когда прибудет мой товар?",Можете ли вы помочь мне обменять купленные мной товары?,delivery,return_exchange,0.9265168905258179,,
stg1_002042,stg1_001055,помоги мне пообщаться с кем-нибудь,помогите поговорить со службой поддержки,other,general_info,0.9265113472938538,,
stg1_000334,stg1_002256,мне нужна помощь в поиске моего корабля,мне нужна помощь в поиске счета,order_status,payment_refund,0.9264472126960754,,
stg1_000386,stg1_001765,"Я заказал некоторые товары, как отменить покупку ОХФТРЗАД?","мой заказ был утерян, как мне сообщить о проблемах с доставкой?",order_status,delivery,0.9264092445373535,,
stg1_003025,stg1_001845,Как связаться с вами?,"что мне нужно сделать, чтобы связаться с человеком?",general_info,other,0.9263962507247925,,
stg1_001845,stg1_003025,"что мне нужно сделать, чтобы связаться с человеком?",Как связаться с вами?,other,general_info,0.9263962507247925,,
stg1_001979,stg1_001125,хочу помочь поговорить с человеком,мне нужна помощь в общении со службой поддержки,other,general_info,0.9263898730278015,,
stg1_000312,stg1_001260,"Я купил товар, но выбрал неправильный размер. Как я могу изменить свой онлайн-заказ?","Я хочу вернуть товар, купленный онлайн, в магазин, как я могу это сделать?",order_status,return_exchange,0.9263566732406616,,
stg1_000383,stg1_002133,нужна помощь с проверкой платы за досрочный выход,Нужна помощь в проверке разрешенных способов оплаты,order_status,payment_refund,0.92632657289505,,
stg1_002133,stg1_000383,Нужна помощь в проверке разрешенных способов оплаты,нужна помощь с проверкой платы за досрочный выход,payment_refund,order_status,0.92632657289505,,
stg1_002290,stg1_001333,"Я хотел бы выехать, как я могу это сделать?","Я должен запросить возмещение, как я могу это сделать?",payment_refund,return_exchange,0.9263166189193726,,
stg1_000269,stg1_000376,могу ли я удалить товар из корзины,удалить товар из заказа,product_info,order_status,0.9263138175010681,,
stg1_000970,stg1_001487,"где я могу проверить, в какие часы я могу обратиться в службу поддержки клиентов","мне нужно проверить время доставки моей покупки, могу ли я получить помощь",general_info,delivery,0.9263135194778442,,
stg1_001729,stg1_002940,где проверить сколько времени занимает доставка?,Сколько ждать заказ?,delivery,order_status,0.9263052344322205,,
stg1_000091,stg1_002050,помогите оставить блин отзыв о товарах ру,помогите мне оставить отзыв о продукте,product_info,other,0.9262685179710388,,
stg1_001676,stg1_001223,Я не получил все купленные товары. Куда мне сообщить о неполном заказе?,"Товары, которые я заказал, неверны. Не могли бы вы помочь мне сообщить о них?",delivery,return_exchange,0.9262181520462036,,
stg1_002833,stg1_002064,"мобильное приложение не работает на моем компьютере, как мне сообщить о проблеме","моя карта не работает, мне нужно сообщить о чертовой проблеме с оплатой",technical_issue,payment_refund,0.9262140989303589,,
stg1_002018,stg1_001275,помогите мне подать потребительский иск,"хочу обменять купленный товар, помогите мне",other,return_exchange,0.9261878728866577,,
stg1_000351,stg1_002091,можно ли будет проверить статус моего заменяющего продукта?,"Я хотел бы проверить статус моего возврата, как я могу это сделать?",order_status,payment_refund,0.926133394241333,,
stg1_000729,stg1_000228,Мне нужна помощь в отказе от подписки на новостную рассылку вашей компании,"мне нужна помощь, чтобы отправить отзыв о нашей компании",account,product_info,0.9260784983634949,,
stg1_002653,stg1_000819,"Я хочу использовать ваше приложение, как это сделать?","Я хотел бы заполнить свои личные данные, как мне это сделать?",technical_issue,account,0.9260631203651428,,
stg1_000251,stg1_001356,"Мне нужно проверить наличие долбаной вещи в магазине, где это сделать?","Я хотел бы обменять некачественный товар в магазине, где я могу это сделать?",product_info,return_exchange,0.9260568022727966,,
stg1_001900,stg1_000930,можешь помочь мне поговорить с ассистентом?,можешь помочь мне поговорить со службой поддержки клиентов?,other,general_info,0.9260436296463013,,
stg1_000612,stg1_000329,"мне не нужна моя учетная запись, можно отменить ее","мне нужно отменить пункт, где мне это сделать",account,order_status,0.9260140657424927,,
stg1_001706,stg1_000626,У меня проблемы с редактированием адреса,мне нужна помощь в редактировании моей учетной записи,delivery,account,0.9259584546089172,,
stg1_000643,stg1_002809,"Мне не нужен мой чертов профиль, мне нужна помощь, чтобы его удалить.","Я не могу заставить приложение работать на своем компьютере, мне нужна помощь, чтобы сообщить о чертовой проблеме.",account,technical_issue,0.9259580373764038,,
stg1_001993,stg1_000179,"опыт с тобой был плохим, помогите мне подать жалобу","хочу оставить отзыв о ваших услугах, помогите мне",other,product_info,0.9258520007133484,,
stg1_001537,stg1_000355,"Мне нужно посмотреть, сколько времени потребуется, чтобы прибыть посылка.","Мне нужно посмотреть, где находится моя посылка, как я могу это сделать?",delivery,order_status,0.9258421063423157,,
stg1_000922,stg1_000157,Искать чертовы магазины рядом со мной,"мне нужно подтвердить наличие чертовых товаров в магазине, поможет мне",general_info,product_info,0.925804615020752,,
stg1_000414,stg1_001671,"нужна помощь, чтобы проверить расчетное время покупки NBLCE01I","хочу проверить время доставки моей покупки, мне нужна помощь",order_status,delivery,0.9257915616035461,,
stg1_002761,stg1_000672,"Я не могу заставить сайт работать на своем компьютере, как сообщить о проблеме?","Я не могу зарегистрироваться, могу ли я сообщить о проблемах с регистрацией?",technical_issue,account,0.9257685542106628,,
stg1_000397,stg1_001170,где я могу что-то заработать?,"Я хочу найти магазин, где я могу это сделать?",order_status,general_info,0.9257681965827942,,
stg1_000869,stg1_000546,"мне не нужна моя учетная запись, я бы хотел ее удалить","Мне не нужен мой последний чертов предмет, отмени заказ B6W0L0L8",account,order_status,0.9256877899169922,,
stg1_001711,stg1_000339,"можно ли проверить, какие у меня способы доставки?","хочу проверить, где моя доставка, как это сделать",delivery,order_status,0.9256591200828552,,
stg1_000585,stg1_001079,Мне нужна помощь с проверкой расчетного времени заказа QV9LA5X1.,"мне нужно посмотреть часы твоих покупок, мне нужна помощь",order_status,general_info,0.9256358742713928,,
stg1_001630,stg1_000332,"мне нужно увидеть стоимость пересылки, как мне это сделать","нужно найти мою посылку, как я могу это сделать",delivery,order_status,0.925592839717865,,
stg1_001433,stg1_000455,"мне нужно обменять купленные вещи, как я могу это сделать","Мне нужно отменить товар, как мне это сделать?",return_exchange,order_status,0.9255629777908325,,
stg1_001885,stg1_000194,Мне нужна помощь в подаче иска против вашей компании.,"Мне нужна помощь, чтобы отправить отзыв о вашей продукции",other,product_info,0.9255512952804565,,
stg1_000509,stg1_000229,Мне нужно удалить товар из заказа HPHKJ0J5,Я хочу удалить товар из корзины,order_status,product_info,0.9255128502845764,,
stg1_000699,stg1_000985,"мне нужна помощь, чтобы перейти на платиновый аккаунт","мне нужна помощь, чтобы связаться со службой поддержки клиентов",account,general_info,0.9254587292671204,,
stg1_001975,stg1_000532,можно ли оставить чертов отзыв,можно ли отменить чертов заказ?,other,order_status,0.9254260659217834,,
stg1_002827,stg1_000670,"Я не могу заставить приложение работать на своем компьютере, мне нужно сообщить об ошибке","я не могу создать пользователя, нужна помощь, сообщить о проблеме с регистрацией",technical_issue,account,0.9253972172737122,,
stg1_001801,stg1_000290,могу ли я предложить чертовски продукт?,"Я ищу информацию о чертовом продукте, могу ли я получить помощь?",other,product_info,0.9253901839256287,,
stg1_000389,stg1_001239,"я допустил ошибку, помогите мне изменить заказ ULGUMS02","мой заказ отменен, помогите мне сообщить об этом",order_status,return_exchange,0.9253785014152527,,
stg1_000380,stg1_000072,помощь в заказе нескольких ваших товаров,помогите отправить отзыв о вашей продукции,order_status,product_info,0.9253724813461304,,
stg1_002930,stg1_003009,Какие сроки возврата?,Когда вернут деньги?,return_exchange,payment_refund,0.9252311587333679,,
stg1_002983,stg1_002994,Мой заказ ещё не пришёл,"Товар не подошёл, хочу вернуть",order_status,return_exchange,0.92518150806427,,
stg1_000606,stg1_000546,"Мне не нужен мой чертов профиль, помоги мне закрыть его.","Мне не нужен мой последний чертов предмет, отмени заказ B6W0L0L8",account,order_status,0.9251779913902283,,
stg1_000764,stg1_000489,"Я не знаю, как отменить подписку на рассылку новостей","Я не знаю, как отменить заказ NQWAOVVF",account,order_status,0.9251526594161987,,
stg1_002628,stg1_002092,у меня возникла техническая проблема с приложением на моем мобильном телефоне. Помогите мне сообщить об этом.,У меня возникла проблема с переводом с помощью кредитной карты. Не могли бы вы помочь мне сообщить об этом?,technical_issue,payment_refund,0.9251020550727844,,
stg1_000162,stg1_001925,"Я бы хотел убрать долбанные продукты из корзины, помогите мне.","Я хотел бы отправить жалобы на продукт, не могли бы мне помочь",product_info,other,0.9250558614730835,,
stg1_000911,stg1_002968,где находится ближайший магазин,Где ближайший пункт выдачи?,general_info,delivery,0.9250474572181702,,
stg1_002154,stg1_001727,"Мне нужно просмотреть счета от Джона, помогите мне.","мне нужно проверить чертову стоимость доставки, помогите мне.",payment_refund,delivery,0.9250234365463257,,
stg1_000787,stg1_002124,"Я не знаю, что мне нужно сделать, чтобы восстановить свой PIN-код.","Я не знаю, что делать, чтобы потребовать возврат денег.",account,payment_refund,0.9249810576438904,,
stg1_002285,stg1_000819,"Я хочу оплатить картой, как мне это сделать?","Я хотел бы заполнить свои личные данные, как мне это сделать?",payment_refund,account,0.9249780178070068,,
stg1_000539,stg1_001694,мне нужна помощь в редактировании заказа 056QW26F,"хочу сообщить о проблеме с доставкой моего заказа, мне нужна помощь",order_status,delivery,0.9249550104141235,,
stg1_001289,stg1_000366,как мне вернуть некоторые чертовы вещи вне периода возврата?,"Мне нужно отменить чертову вещь, как мне это сделать?",return_exchange,order_status,0.9249096512794495,,
stg1_002236,stg1_001449,"Я заплатил 10$ за заказ, хочу компенсацию","мне нужно отправить заказ обратно, я получу помощь",payment_refund,return_exchange,0.9248489141464233,,
stg1_002633,stg1_000819,"Я хочу использовать ваше приложение, как мне это сделать?","Я хотел бы заполнить свои личные данные, как мне это сделать?",technical_issue,account,0.9248479604721069,,
stg1_000777,stg1_001704,"мне нужна помощь, чтобы сбросить ключ моей учетной записи","мне нужна помощь, чтобы обновить мой адрес",account,delivery,0.9248030781745911,,
stg1_001895,stg1_000228,помогите мне подать иск клиента против вашей компании,"мне нужна помощь, чтобы отправить отзыв о нашей компании",other,product_info,0.9247966408729553,,
stg1_001924,stg1_001045,мне нужно поговорить с человеком,"хочу поговорить со службой поддержки, мне нужна помощь",other,general_info,0.9247916340827942,,
stg1_000761,stg1_000299,"кто-то взломал мой профиль, помогите мне сбросить мой чертов пароль","я разместил чертов онлайн-заказ, помогите мне его отменить",account,order_status,0.9247416257858276,,
stg1_000456,stg1_000178,мне нужна помощь в изменении товара EYXRG41M,"Мне нужно сообщить об ошибке продукта, мне нужна помощь",order_status,product_info,0.9246960282325745,,
stg1_000586,stg1_002124,"Я не знаю, как я могу проверить плату за отмену бронирования.","Я не знаю, что делать, чтобы потребовать возврат денег.",order_status,payment_refund,0.9246683716773987,,
stg1_001966,stg1_000074,Я пытаюсь подать жалобу от клиента,я стараюсь оставлять свой отзыв,other,product_info,0.9246683120727539,,
stg1_002395,stg1_000920,как мне найти информацию о очередных распродажах?,"Я хочу знать о самых дорогих магазинах, где мне найти дополнительную информацию?",promo_loyalty,general_info,0.9246641993522644,,
stg1_002984,stg1_001472,Возврат средств на карту,Я ищу возврат средств,payment_refund,return_exchange,0.9246004223823547,,
stg1_002574,stg1_001638,не могли бы вы дать мне информацию о продажах,не могли бы вы помочь мне увидеть чертову дату доставки?,promo_loyalty,delivery,0.924530029296875,,
stg1_000834,stg1_002754,"Мне не нужен мой профиль, помогите мне удалить его.","сайт не работает на моем устройстве, мне нужна помощь, чтобы сообщить о чертовой проблеме",account,technical_issue,0.9245247840881348,,
stg1_000716,stg1_000057,"я не знаю, как отказаться от подписки на новостную рассылку вашей компании","Я не знаю, как я могу отправить отзыв о вашей компании.",account,product_info,0.9244909882545471,,
stg1_002280,stg1_000971,"Мне нужно оплатить дебетовой картой, как я могу это сделать?","Мне нужно позвонить в службу поддержки клиентов, как я могу это сделать?",payment_refund,general_info,0.9244527220726013,,
stg1_000393,stg1_001319,можно ли обменять некоторые купленные товары KTA0PRFG,возможен ли обмен товара в магазине,order_status,return_exchange,0.9244174361228943,,
stg1_001319,stg1_000393,возможен ли обмен товара в магазине,можно ли обменять некоторые купленные товары KTA0PRFG,return_exchange,order_status,0.9244174361228943,,
stg1_002516,stg1_001643,хочу узнать больше о чертовых весенних распродажах,Я хочу узнать больше о сроках доставки,promo_loyalty,delivery,0.924394428730011,,
stg1_002120,stg1_000024,помогите уведомить о гребаной ошибке с онлайн-платежами,"мне нужно посмотреть наличие какого-то гребаного товара в Интернете, помогите мне",payment_refund,product_info,0.9243639707565308,,
stg1_001332,stg1_002031,"гребаный продукт, который я получил, был раздавлен, мог бы сообщить об этом","у меня есть офигенный отзыв о продукте, мог бы его использовать",return_exchange,other,0.9243481159210205,,
stg1_002826,stg1_002064,"приложение не работает на моем компьютере, как мне сообщить о проблеме","моя карта не работает, мне нужно сообщить о чертовой проблеме с оплатой",technical_issue,payment_refund,0.9243108630180359,,
stg1_000437,stg1_000257,добавить товар в заказ,"нужно добавить товары в корзину, как мне это сделать",order_status,product_info,0.9242389798164368,,
stg1_000740,stg1_001710,"Я потерял ключ доступа к своему профилю пользователя, помогите его восстановить.","моя посылка потерялась, мне нужна помощь, чтобы сообщить о проблеме с доставкой",account,delivery,0.9241950511932373,,
stg1_000778,stg1_000358,"мой чертов пароль украли, могу я его сбросить?","Я хочу отменить чертов онлайн-заказ, вы можете мне помочь?",account,order_status,0.9241070747375488,,
stg1_000246,stg1_000532,могу ли я удалить чертов товар из корзины?,можно ли отменить чертов заказ?,product_info,order_status,0.9240680932998657,,
stg1_000317,stg1_001232,как я могу отследить свой замененный товар?,"Я хочу вернуть купленный товар, что мне делать?",order_status,return_exchange,0.9240635633468628,,
stg1_002792,stg1_000670,"я не могу заставить сайт работать на моем компьютере, мне нужно сообщить об ошибке","я не могу создать пользователя, нужна помощь, сообщить о проблеме с регистрацией",technical_issue,account,0.9240447282791138,,
stg1_000763,stg1_000541,Мне нужна помощь в удалении стандартной учетной записи,"Мне нужна помощь, чтобы отменить чертов заказ",account,order_status,0.9240202903747559,,
stg1_000958,stg1_001905,как я могу связаться со службой поддержки клиентов?,могу ли я связаться с помощником?,general_info,other,0.9240143895149231,,
stg1_001427,stg1_000370,"могу ли я обменять эти чертовы заказы, которые купил?","Я купил чертов товар, но он мне не нужен, как я могу отменить этот чертов заказ?",return_exchange,order_status,0.923981249332428,,
stg1_001642,stg1_000973,"Мне нужно узнать, как скоро я смогу ожидать статью","хочу узнать, в какое время я смогу связаться со службой поддержки",delivery,general_info,0.9239699244499207,,
stg1_000700,stg1_000063,"Я не знаю, как мне подписаться на рассылку новостей","Я не знаю, что сделать, чтобы оставить мнение",account,product_info,0.9239364862442017,,
stg1_001935,stg1_000948,"что мне нужно сделать, чтобы пообщаться с ассистентом?","Мне нужно поговорить со службой поддержки, как мне это сделать?",other,general_info,0.9239230751991272,,
stg1_002696,stg1_002234,"я не могу заставить сайт работать на своем планшете, мне нужно сообщить об ошибке","Мне нужна помощь, чтобы сообщить об ошибке при онлайн-платеже",technical_issue,payment_refund,0.9238959550857544,,
stg1_001315,stg1_000541,"Я хочу, чтобы хелп вернул чертов товар","Мне нужна помощь, чтобы отменить чертов заказ",return_exchange,order_status,0.9238877296447754,,
stg1_000025,stg1_001186,как я мог добавить чертов товар в корзину,"Мне нужно обменять чертов товар в магазине, как я могу это сделать?",product_info,return_exchange,0.9238780736923218,,
stg1_002919,stg1_003013,Ошибка при оплате картой,Ошибка при регистрации,payment_refund,technical_issue,0.9238168001174927,,
stg1_000784,stg1_001342,"кто-то украл моего пользователя, мне нужно восстановить свой чертов пароль","Я хотел бы вернуть чертовы товары из Интернета, мне нужна помощь",account,return_exchange,0.9237905144691467,,
stg1_002909,stg1_002464,Когда появится товар в наличии?,когда будут распродажи,product_info,promo_loyalty,0.9237743020057678,,
stg1_002464,stg1_002909,когда будут распродажи,Когда появится товар в наличии?,promo_loyalty,product_info,0.9237743020057678,,
stg1_000775,stg1_000944,"я не знаю, как перейти на платиновый аккаунт","Я не знаю, как связаться со службой поддержки клиентов",account,general_info,0.9237720370292664,,
stg1_001626,stg1_001429,мне нужно ввести другой адрес доставки,Мне нужно отправить обратно чертов заказ,delivery,return_exchange,0.9237720370292664,,
stg1_002045,stg1_001261,Можете ли вы помочь мне подать гребаную рекламацию от клиента?,не могли бы вы помочь мне получить гребаный возврат денег?,other,return_exchange,0.9237620830535889,,
stg1_000645,stg1_000294,"мне нужно закрыть мой аккаунт, могу ли я это сделать","мне нужно удалить чертов предмет из аккаунта, где мне это сделать",account,product_info,0.9237096905708313,,
stg1_000531,stg1_002255,"я не знаю, как мне увидеть штрафы за увольнение",я не вижу статус компенсации,order_status,payment_refund,0.923704981803894,,
stg1_002255,stg1_000531,я не вижу статус компенсации,"я не знаю, как мне увидеть штрафы за увольнение",payment_refund,order_status,0.923704981803894,,
stg1_002693,stg1_000009,"мобильное приложение не работает на моем Mac, можно ли сообщить о проблеме?",заказанный мной продукт не работает должным образом. Можете ли вы мне помочь сообщить о проблеме с продуктом?,technical_issue,product_info,0.9236783385276794,,
stg1_000983,stg1_000184,"Я хотел бы помочь со службой поддержки клиентов, которая могла бы мне помочь","Я хотел бы сообщить о проблеме с купленным мной продуктом, мне нужна помощь",general_info,product_info,0.9235799908638,,
stg1_002326,stg1_000678,как сообщить об ошибках с оплатой,уведомлять об ошибках при регистрации,payment_refund,account,0.9235771894454956,,
stg1_002734,stg1_000661,"я бы хотел использовать приложение ru, как это сделать","я бы хотел создать учетную запись, где это сделать",technical_issue,account,0.9235588312149048,,
stg1_000873,stg1_001564,Я не могу перейти на стандартную учетную запись,Я не могу изменить адрес доставки,account,delivery,0.9235265254974365,,
stg1_001741,stg1_002284,"Я получил не все купленные товары, сообщите о неполной комплектации","я заказал чертову вещь и не получил счет, помогите мне ее скачать",delivery,payment_refund,0.9235231876373291,,
stg1_000411,stg1_001305,"Я пропустил товар в покупке GBUVSR83, можете ли вы его добавить?","Я купил товар, но хочу отправить его обратно. Можете мне помочь?",order_status,return_exchange,0.9235080480575562,,
stg1_000098,stg1_002029,есть ли у вас раздел для отправки отзывов об услуге?,"Мне нужно отправить отзыв о вашей компании, где это сделать?",product_info,other,0.9234833717346191,,
stg1_001520,stg1_002438,"хочу узнать стоимость рассылки, как мне это сделать?","Я ищу информацию о распродажах, как мне ее найти?",delivery,promo_loyalty,0.9234427809715271,,
stg1_001314,stg1_000005,"т. е. если вы хотите сообщить о неправильном продукте, это может мне помочь.",Я хотел бы сообщить о дефектах заказанного товара. Можете ли вы мне помочь?,return_exchange,product_info,0.9234104752540588,,
stg1_002142,stg1_000420,Можете ли вы помочь мне проверить разрешенные способы оплаты?,Можете ли вы помочь мне увидеть плату за отмену?,payment_refund,order_status,0.9233810305595398,,
stg1_000153,stg1_002990,"хочу добавить товары в корзину, как мне это сделать?",Не могу добавить товар в корзину,product_info,technical_issue,0.9233806729316711,,
stg1_000470,stg1_001305,"Я отправил часть товаров обратно, но не получил замену, как отследить статус обмена?","Я купил товар, но хочу отправить его обратно. Можете мне помочь?",order_status,return_exchange,0.9233599305152893,,
stg1_000630,stg1_001324,"моего пользователя украли, могу ли я восстановить свой чертов пароль?","Мне нужно вернуть чертову вещь онлайн, ты можешь мне помочь?",account,return_exchange,0.923329770565033,,
stg1_001752,stg1_000086,"помогите проверить, как скоро я получу свой продукт","Мне нужна помощь, чтобы оставить отзыв о продукте",delivery,product_info,0.9232512712478638,,
stg1_001884,stg1_001121,Я пытаюсь поговорить с агентом,Я хочу поговорить со службой поддержки клиентов,other,general_info,0.9232429265975952,,
stg1_002070,stg1_001317,"хочу сделать чертов платеж, как это сделать","нужно обменять чертову вещь, как я могу это сделать",payment_refund,return_exchange,0.923195481300354,,
stg1_002845,stg1_000660,"я не могу заставить сайт работать на своем компьютере, могу ли я сообщить об ошибке","у меня ошибка в моей чертовой учетной записи, можно ли ее отредактировать",technical_issue,account,0.9231559038162231,,
stg1_001691,stg1_000500,"Мне нужно посмотреть, когда придет моя статья","Я хочу проверить, где моя посылка",delivery,order_status,0.9231501221656799,,
stg1_001555,stg1_000339,где проверить какие способы доставки доступны?,"хочу проверить, где моя доставка, как это сделать",delivery,order_status,0.9231268167495728,,
stg1_002253,stg1_001645,"Я хочу узнать, есть ли какие-нибудь новости о моей скидке.","Я хотел бы узнать о дате доставки моей покупки, это даст мне некоторую информацию.",payment_refund,delivery,0.92311692237854,,
stg1_002328,stg1_001321,"что мне нужно сделать, чтобы увидеть текущий статус компенсации?","Мне нужна компенсация, как я могу ее получить?",payment_refund,return_exchange,0.9230819344520569,,
stg1_000667,stg1_001704,"Мне нужно обновить свои личные данные, как я могу это сделать?","мне нужна помощь, чтобы обновить мой адрес",account,delivery,0.9230393171310425,,
stg1_000779,stg1_002809,"Мне не нужен мой чертов профиль, мне нужна помощь, чтобы его закрыть.","Я не могу заставить приложение работать на своем компьютере, мне нужна помощь, чтобы сообщить о чертовой проблеме.",account,technical_issue,0.9229743480682373,,
stg1_000597,stg1_002716,"я не помню свой пароль, можете ли вы помочь мне сбросить его?","Я хочу использовать ваше приложение, не могли бы вы мне помочь?",account,technical_issue,0.9229346513748169,,
stg1_001876,stg1_001086,куда я могу подать жалобу клиента на вашу компанию,"хочу позвонить в службу поддержки клиентов, где я могу это сделать",other,general_info,0.9229225516319275,,
stg1_000942,stg1_001487,"где я могу проверить, в какие часы я могу связаться со службой поддержки клиентов?","мне нужно проверить время доставки моей покупки, могу ли я получить помощь",general_info,delivery,0.9228566288948059,,
stg1_002699,stg1_002064,"мобильное приложение не работает на моем Mac, как мне сообщить о проблеме","моя карта не работает, мне нужно сообщить о чертовой проблеме с оплатой",technical_issue,payment_refund,0.9228529334068298,,
stg1_001724,stg1_001057,"Я звоню, чтобы узнать, как скоро мне ожидать посылку.","Я пытаюсь узнать, в какое время я могу позвонить в службу поддержки клиентов",delivery,general_info,0.9228386282920837,,
stg1_000655,stg1_000363,можешь ли ты помочь мне изменить мою чертову учетную запись?,"Я хочу отменить чертов заказ, могу ли я получить помощь?",account,order_status,0.9228174686431885,,
stg1_001625,stg1_000339,Я хочу знать дату доставки моего заказа,"хочу проверить, где моя доставка, как это сделать",delivery,order_status,0.9228001832962036,,
stg1_000444,stg1_001239,нужна помощь в отмене заказа DQ0DRMYZ,"мой заказ отменен, помогите мне сообщить об этом",order_status,return_exchange,0.922787606716156,,
stg1_000956,stg1_001671,"помогите мне узнать, в какие часы доступна служба поддержки клиентов","хочу проверить время доставки моей покупки, мне нужна помощь",general_info,delivery,0.922759473323822,,
stg1_000558,stg1_001429,"что мне нужно сделать, чтобы отменить заказ 4P0R3W0Q",Мне нужно отправить обратно чертов заказ,order_status,return_exchange,0.9227181673049927,,
stg1_000677,stg1_002115,хочу узнать об отмене подписки на новостную рассылку моей компании,"хочу помочь проверить, есть ли какие-либо новости о моем возврате средств",account,payment_refund,0.9226860404014587,,
stg1_001530,stg1_000685,У меня возникла проблема с попыткой исправить мой адрес,"У меня проблемы с регистрацией, помогите мне",delivery,account,0.9226170778274536,,
stg1_002541,stg1_001330,как я могу найти информацию о следующих распродажах,как я могу найти информацию о товаре в магазине,promo_loyalty,return_exchange,0.9226149320602417,,
stg1_002618,stg1_001217,пытаюсь найти информацию о чертовых весенних распродажах,"мне нужна информация о чертовом товаре в магазине, где я могу его найти",promo_loyalty,return_exchange,0.9226048588752747,,
stg1_000543,stg1_001456,"что мне нужно сделать, чтобы купить несколько товаров?","Мне нужно обменять товары, как я могу это сделать?",order_status,return_exchange,0.9226005673408508,,
stg1_001565,stg1_001141,"Могу ли я посмотреть, сколько времени займет доставка товара?","хочу посмотреть часы работы твоего магазина, как мне это сделать?",delivery,general_info,0.9225972890853882,,
stg1_002929,stg1_000326,"Корзина пустая, хотя я добавлял товары","я купил чертов товар, но он мне не нужен, я хочу отменить заказ",technical_issue,order_status,0.9224180579185486,,
stg1_001803,stg1_001069,"Я тебя не понимаю, помоги мне поговорить с чертовым человеком.","мне нужно поговорить с чертовой службой поддержки, не могли бы мне помочь",other,general_info,0.9223392605781555,,
stg1_000453,stg1_002520,"Я хочу купить 1R0YLJZH, вы можете мне помочь?",Я ищу информацию о чертовых распродажах. Можете ли вы мне помочь?,order_status,promo_loyalty,0.9223034381866455,,
stg1_000158,stg1_000324,"Я хочу удалить товары из катра, как это сделать","Я хочу отменить товар, как мне это сделать?",product_info,order_status,0.9222792983055115,,
stg1_002017,stg1_001500,"Я не доволен вашей работой, подам жалобу на потребителя.","Я не получил свой заказ, мне нужна помощь, чтобы сообщить о проблемах с доставкой.",other,delivery,0.9222664833068848,,
stg1_001582,stg1_001129,Могу я получить направление к ближайшему бару?,Можете ли вы помочь мне найти ближайший ко мне магазин?,delivery,general_info,0.9222191572189331,,
stg1_000283,stg1_002990,"мне нужно добавить товары в корзину, как мне это сделать?",Не могу добавить товар в корзину,product_info,technical_issue,0.9221976399421692,,
stg1_002537,stg1_001644,Я хотел бы получить информацию о продажах NetX,Я хочу получить информацию о стоимости пересылки,promo_loyalty,delivery,0.9221693277359009,,
stg1_000673,stg1_002713,могу ли я сообщить об ошибках при регистрации,"У меня в приложении появляется ошибка, можно ли об этом сообщить?",account,technical_issue,0.9221491813659668,,
stg1_001949,stg1_001116,я не могу говорить с агентом,"Я не знаю, как мне поговорить со службой поддержки клиентов",other,general_info,0.9221449494361877,,
stg1_002897,stg1_000018,"я не могу заставить приложение работать на своем планшете, можно ли сообщить об ошибке","продукт, который я получил, не работает должным образом, как я могу сообщить об ошибке продукта?",technical_issue,product_info,0.9220252633094788,,
stg1_001819,stg1_000085,где cvan я могу оставить отзыв,где я могу оставить отзыв об услуге?,other,product_info,0.9220248460769653,,
stg1_000474,stg1_000748,мне нужно найти заказ BQQFYSQJ,"мне нужно просмотреть историю покупок, мне нужна помощь",order_status,account,0.9220036268234253,,
stg1_001911,stg1_000948,"что мне нужно сделать, чтобы пообщаться с агентом?","Мне нужно поговорить со службой поддержки, как мне это сделать?",other,general_info,0.9219866394996643,,
stg1_002032,stg1_001174,можешь помочь мне связаться с кем-нибудь,Можете ли вы помочь мне позвонить в службу поддержки?,other,general_info,0.9219548106193542,,
stg1_000402,stg1_000062,"Я не знаю, как отменить покупку JMFUYL0O","Я не знаю, как оставить отзыв об услуге",order_status,product_info,0.9218400120735168,,
stg1_001540,stg1_000339,где я могу изменить адрес доставки?,"хочу проверить, где моя доставка, как это сделать",delivery,order_status,0.9217705130577087,,
stg1_001304,stg1_000455,как обменять товар в магазине?,"Мне нужно отменить товар, как мне это сделать?",return_exchange,order_status,0.921755313873291,,
stg1_002765,stg1_000018,"я не могу заставить сайт работать на своем компьютере, как я могу сообщить об ошибке","продукт, который я получил, не работает должным образом, как я могу сообщить об ошибке продукта?",technical_issue,product_info,0.9217530488967896,,
stg1_000963,stg1_001654,"где мне узнать, в какое время я могу позвонить в службу поддержки клиентов","Я звоню, чтобы узнать, как скоро я могу ожидать товар",general_info,delivery,0.921752393245697,,
stg1_000952,stg1_001654,"скажите мне, в какие часы я могу связаться со службой поддержки клиентов","Я звоню, чтобы узнать, как скоро я могу ожидать товар",general_info,delivery,0.9216460585594177,,
stg1_000816,stg1_000265,"нужна помощь, чтобы подписаться на информационный бюллетень компании","Нужна помощь, чтобы оставить комментарий к вашим продуктамa",account,product_info,0.9216200709342957,,
stg1_002695,stg1_000277,"Я не могу заставить сайт работать на моем Mac, мне нужно сообщить об ошибке","мой продукт работает неправильно, мне нужна помощь, чтобы сообщить о проблеме с продуктом",technical_issue,product_info,0.9216097593307495,,
stg1_000364,stg1_002083,"Я купил чертов товар, но выбрал неправильный размер, хочу изменить свой заказ.","Я заказал чертову вещь, но не получил счет, помогите мне ее скачать.",order_status,payment_refund,0.9214064478874207,,
stg1_002719,stg1_000018,"сайт не работает на моем мобильном телефоне, как сообщить об ошибке","продукт, который я получил, не работает должным образом, как я могу сообщить об ошибке продукта?",technical_issue,product_info,0.9213668704032898,,
stg1_001888,stg1_000179,"мое впечатление от вас было ужасным, подайте жалобу","хочу оставить отзыв о ваших услугах, помогите мне",other,product_info,0.9213514924049377,,
stg1_002819,stg1_002110,"приложение не работает на моем телефоне, как сообщить о проблеме?","Я не могу сделать перевод, как мне сообщить о проблеме с оплатой?",technical_issue,payment_refund,0.921347439289093,,
stg1_001348,stg1_002082,как я могу вернуть некоторые чертовы товары вне срока возврата?,"Я хочу отследить свой чертов возврат средств, как мне это сделать?",return_exchange,payment_refund,0.9213231801986694,,
stg1_000987,stg1_001550,У меня новый адрес электронной почты. Можешь отправить e-mail?,Можете ли вы помочь мне указать новый адрес доставки?,general_info,delivery,0.9213230013847351,,
stg1_002371,stg1_001529,даст мне информацию о следующих продажах,Ищу информацию о сроках доставки,promo_loyalty,delivery,0.9212969541549683,,
stg1_002924,stg1_002918,Хочу изменить email,Email поддержки,account,general_info,0.9212924838066101,,
stg1_002918,stg1_002924,Email поддержки,Хочу изменить email,general_info,account,0.9212924838066101,,
stg1_001800,stg1_000979,"я не понимаю, мне нужно поговорить с человеком","Я не знаю, что мне нужно сделать, чтобы поговорить со службой поддержки клиентов.",other,general_info,0.9212467670440674,,
stg1_002442,stg1_001330,как я могу получить информацию о следующих продажах,как я могу найти информацию о товаре в магазине,promo_loyalty,return_exchange,0.9212067723274231,,
stg1_003030,stg1_001564,Не могу войти в аккаунт,Я не могу изменить адрес доставки,account,delivery,0.9211916327476501,,
stg1_001075,stg1_001487,"как проверить, в какое время я могу связаться со службой поддержки клиентов?","мне нужно проверить время доставки моей покупки, могу ли я получить помощь",general_info,delivery,0.9211390614509583,,
stg1_002554,stg1_001516,можешь дать мне информацию о чертовых весенних распродажах?,Где я могу найти информацию о чертовой дате доставки?,promo_loyalty,delivery,0.92110675573349,,
stg1_000593,stg1_000764,"я не знаю, как отменить покупку K2ZISU5R","Я не знаю, как отменить подписку на рассылку новостей",order_status,account,0.9209420680999756,,
stg1_001159,stg1_001697,"Я пытаюсь узнать, в какие часы доступна служба поддержки клиентов.","Я хотел бы проверить время доставки, мне нужна помощь",general_info,delivery,0.9209076762199402,,
stg1_003037,stg1_002941,Промокод не работает,Не работает фильтр на сайте,promo_loyalty,technical_issue,0.9208734631538391,,
stg1_002941,stg1_003037,Не работает фильтр на сайте,Промокод не работает,technical_issue,promo_loyalty,0.9208734631538391,,
stg1_000555,stg1_001564,я не могу поменять купленный продукт LKCEBL56,Я не могу изменить адрес доставки,order_status,delivery,0.92082679271698,,
stg1_001458,stg1_000018,"один из продуктов неправильный, можно ли об этом сообщить?","продукт, который я получил, не работает должным образом, как я могу сообщить об ошибке продукта?",return_exchange,product_info,0.9208182692527771,,
stg1_002740,stg1_000819,"Я хочу использовать ваше мобильное приложение, как мне это сделать?","Я хотел бы заполнить свои личные данные, как мне это сделать?",technical_issue,account,0.9207983016967773,,
stg1_001647,stg1_000243,"Я не знаю, как настроить дополнительный адрес доставки.","Я не знаю, как написать отзыв об услуге.",delivery,product_info,0.9207925796508789,,
stg1_001212,stg1_000018,"чертов предмет, который я получил, был сломан, как я мог об этом сообщить?","продукт, который я получил, не работает должным образом, как я могу сообщить об ошибке продукта?",return_exchange,product_info,0.920772910118103,,
stg1_000504,stg1_001691,где я могу заказать статью,"Мне нужно посмотреть, когда придет моя статья",order_status,delivery,0.9207723140716553,,
stg1_000607,stg1_002754,"Мне не нужен мой профиль, помогите мне закрыть его.","сайт не работает на моем устройстве, мне нужна помощь, чтобы сообщить о чертовой проблеме",account,technical_issue,0.9207716584205627,,
stg1_000890,stg1_002210,"я не зарегистрирован, мне нужно открыть у вас стандартный счет","Я сделал чертов заказ и не получил счет, мне нужна помощь с его получением",account,payment_refund,0.9207610487937927,,
stg1_000629,stg1_002650,"я не помню свой пароль, помогите мне его сбросить","сайт не работает на моем планшете, помогите, сообщите об ошибке",account,technical_issue,0.92075115442276,,
stg1_000479,stg1_002132,Я не могу оплатить заказ 1CMFS82G,"Я не знаю, как мне скачать счет №00108.",order_status,payment_refund,0.920721173286438,,
stg1_002728,stg1_000819,"Я хочу использовать ваше мобильное приложение, как это сделать?","Я хотел бы заполнить свои личные данные, как мне это сделать?",technical_issue,account,0.9206998348236084,,
stg1_003003,stg1_001564,Не могу создать аккаунт,Я не могу изменить адрес доставки,account,delivery,0.9206424951553345,,
stg1_001664,stg1_000626,у меня проблемы с редактированием адреса доставки,мне нужна помощь в редактировании моей учетной записи,delivery,account,0.9205964803695679,,
stg1_001956,stg1_001121,Я пытаюсь поговорить с ассистентом,Я хочу поговорить со службой поддержки клиентов,other,general_info,0.9205948710441589,,
stg1_000390,stg1_002266,Можете ли вы помочь мне увидеть штрафы за досрочный выход?,Можете ли вы помочь мне увидеть принятые варианты оплаты?,order_status,payment_refund,0.9205794334411621,,
stg1_002949,stg1_003014,Какие способы доставки?,Какие способы оплаты?,delivery,payment_refund,0.9205780029296875,,
stg1_003014,stg1_002949,Какие способы оплаты?,Какие способы доставки?,payment_refund,delivery,0.9205780029296875,,
stg1_000951,stg1_001487,"Можете ли вы показать мне, в какое время доступна служба поддержки клиентов?","мне нужно проверить время доставки моей покупки, могу ли я получить помощь",general_info,delivery,0.9205496311187744,,
stg1_000552,stg1_002272,"Мне нужна помощь, чтобы увидеть плату за досрочный выход","Мне нужна помощь, чтобы узнать, какие варианты оплаты вы принимаете",order_status,payment_refund,0.9205353856086731,,
stg1_000611,stg1_002631,"Я хотел бы открыть учетную запись пользователя, как мне это сделать?","Я хотел бы использовать ваше приложение, как я могу это сделать?",account,technical_issue,0.9205242991447449,,
stg1_002726,stg1_000603,Я бы хотел воспользоваться этим чертовым приложением,"Я хотел бы открыть чертов счет, где это сделать.",technical_issue,account,0.9204772114753723,,
stg1_002447,stg1_001453,"Мне нужна информация о распродажах Wionter, как ее найти?","Мне нужна информация о товаре в магазине, где я могу ее получить?",promo_loyalty,return_exchange,0.9204588532447815,,
stg1_002971,stg1_002983,"Деньги списали, а заказ не создался",Мой заказ ещё не пришёл,payment_refund,order_status,0.9204563498497009,,
stg1_000975,stg1_001809,"у тебя есть номер телефона, чтобы связаться с чертовой службой поддержки клиентов?","Я хотел бы поговорить с чертовым оператором, могу ли я получить помощь?",general_info,other,0.9203855991363525,,
stg1_000375,stg1_000273,помогите мне удалить товар из заказа A39TAHVV,"Мне нужно удалить чертов товар из корзины, мне нужна помощь",order_status,product_info,0.9203841686248779,,
stg1_000781,stg1_001704,"мне нужна помощь, чтобы сбросить PIN-код моего профиля","мне нужна помощь, чтобы обновить мой адрес",account,delivery,0.9203687310218811,,
stg1_001854,stg1_001121,Я хочу связаться с агентом,Я хочу поговорить со службой поддержки клиентов,other,general_info,0.9202790260314941,,
stg1_000796,stg1_001932,где я могу подписаться на вашу корпоративную рассылку?,куда я могу подать жалобу на ваш бренд?,account,other,0.9202398061752319,,
stg1_000666,stg1_002626,"мой пароль взломали, я не хочу его восстанавливать","сайт не работает на моем планшете, я хочу сообщить о проблеме",account,technical_issue,0.9202139377593994,,
stg1_002834,stg1_002070,"хочу использовать твое чертово мобильное приложение, как это сделать","хочу сделать чертов платеж, как это сделать",technical_issue,payment_refund,0.9201952219009399,,
stg1_000564,stg1_002087,Мне нужна помощь в проверке штрафа за увольнение,"мне нужна помощь, чтобы проверить статус моего возмещения",order_status,payment_refund,0.920193612575531,,
stg1_000838,stg1_001643,Я хочу узнать больше об отмене подписки на рассылку новостей,Я хочу узнать больше о сроках доставки,account,delivery,0.9201781749725342,,
stg1_001896,stg1_000099,Можете ли вы помочь мне подать иск против вашей компании?,можно ли оставить отзыв о вашей компании?,other,product_info,0.9201503992080688,,
stg1_000735,stg1_001851,"Я не знаю, что мне нужно сделать, чтобы сбросить мою учетную запись пользователя ppwd","Я не знаю, что мне нужно сделать, чтобы связаться с помощником",account,other,0.9201464653015137,,
stg1_001763,stg1_000626,расскажи мне больше о редактировании моего адреса,мне нужна помощь в редактировании моей учетной записи,delivery,account,0.9200727939605713,,
stg1_001199,stg1_000213,"доставленные продукты Soem чертовски раздавлены, можете сообщить об этом","нужно удалить чертовы товары из корзины, можете мне помочь",return_exchange,product_info,0.9200534820556641,,
stg1_001551,stg1_000320,Мне нужно указать дополнительный адрес доставки.,"Мне нужна помощь, чтобы узнать, где моя чертова доставка.",delivery,order_status,0.9200251698493958,,
stg1_000458,stg1_000213,помогите удалить некоторые товары из покупки EZGN9LRN,"нужно удалить чертовы товары из корзины, можете мне помочь",order_status,product_info,0.9200125336647034,,
stg1_000909,stg1_000060,Можно ли отправить электронное письмо в службу поддержки клиентов?,"Есть ли электронное письмо, по которому можно отправить отзыв о вашей продукции?",general_info,product_info,0.9199198484420776,,
stg1_000675,stg1_002044,Я пытаюсь перейти на платиновый аккаунт,Я пытаюсь подать жалобу клиента,account,other,0.9199114441871643,,
stg1_000441,stg1_000230,где я могу купить несколько продуктов?,где я могу посмотреть наличие товара?,order_status,product_info,0.9199047684669495,,
stg1_002586,stg1_001529,я ищу информацию о чертовых весенних распродажах,Ищу информацию о сроках доставки,promo_loyalty,delivery,0.919881284236908,,
stg1_000416,stg1_002441,"Я не знаю, как купить несколько статей",Я не хочу знать больше о продажах,order_status,promo_loyalty,0.9198735952377319,,
stg1_000562,stg1_002241,"я не знаю, как мне проверить штрафы за увольнение","я не знаю, как я могу получить денежную компенсацию",order_status,payment_refund,0.9197718501091003,,
stg1_000614,stg1_002091,"Я хочу восстановить свой пароль, как это сделать","Я хотел бы проверить статус моего возврата, как я могу это сделать?",account,payment_refund,0.9196739196777344,,
stg1_001795,stg1_000948,"Я хотел бы поговорить с кем-нибудь, как мне это сделать?","Мне нужно поговорить со службой поддержки, как мне это сделать?",other,general_info,0.9196560382843018,,
stg1_000800,stg1_003013,зарегистрироваться,Ошибка при регистрации,account,technical_issue,0.9194696545600891,,
stg1_001840,stg1_001325,как мне подать чертову потребительскую претензию?,как обменять купленные мной чертовы товары?,other,return_exchange,0.9193668365478516,,
stg1_000556,stg1_002111,помогите мне проверить комиссию за снятие средств,"помогите мне понять, при каких обстоятельствах я могу запросить возврат средств",order_status,payment_refund,0.9193484783172607,,
stg1_000841,stg1_001571,как я могу увидеть историю заказов?,"Хочу посмотреть, как скоро мне ожидать заказ, как это сделать?",account,delivery,0.9193232655525208,,
stg1_001547,stg1_001793,"хочу указать дополнительный адрес доставки, как это сделать?","Мне нужно отправить комментарий к товару, где это сделать?",delivery,other,0.9192836284637451,,
stg1_001707,stg1_001010,установить новый адрес доставки,составить электронную почту на новый адрес,delivery,general_info,0.9192151427268982,,
stg1_001010,stg1_001707,составить электронную почту на новый адрес,установить новый адрес доставки,general_info,delivery,0.9192151427268982,,
stg1_001078,stg1_000499,"хочу отправить электронное письмо в службу поддержки клиентов, могу ли я это сделать","хочу изменить свой гребаный онлайн-заказ перед использованием, могу ли я это сделать",general_info,order_status,0.9191015958786011,,
stg1_002036,stg1_001116,"я не понимаю, как общаться с кем-то","Я не знаю, как мне поговорить со службой поддержки клиентов",other,general_info,0.9190959334373474,,
stg1_002007,stg1_000292,Я хотел бы предложить идею по улучшению продукта,хочу сообщить об ошибках продукта,other,product_info,0.9190722107887268,,
stg1_000415,stg1_001239,Помогите мне отменить покупку XCPQZP1R,"мой заказ отменен, помогите мне сообщить об этом",order_status,return_exchange,0.9190272688865662,,
stg1_002012,stg1_000959,Можете ли вы помочь мне подать иск клиента против вашей компании?,Можете ли вы помочь мне связаться со службой поддержки клиентов?,other,general_info,0.9189843535423279,,
stg1_001353,stg1_000317,как я могу вернуть товар в магазин,как я могу отследить свой замененный товар?,return_exchange,order_status,0.9188912510871887,,
stg1_000688,stg1_000462,Я не могу получать информационный бюллетень,"я не знаю, что делать, чтобы получить предмет",account,order_status,0.9188752174377441,,
stg1_001712,stg1_000685,У меня возникла проблема с редактированием адреса доставки.,"У меня проблемы с регистрацией, помогите мне",delivery,account,0.9188084602355957,,
stg1_000747,stg1_002895,"Мне нужна чертова учетная запись пользователя, да!","Я хочу воспользоваться твоим чертовым приложением, черт возьми.",account,technical_issue,0.9187831282615662,,
stg1_002828,stg1_000801,"Я не могу заставить сайт работать на своем планшете, сообщите об ошибке",Я не могу создать профиль пользователя. Помогите сообщить о проблемах с регистрацией.,technical_issue,account,0.9187424778938293,,
stg1_000772,stg1_000593,"Я не знаю, как мне сбросить ключ доступа","я не знаю, как отменить покупку K2ZISU5R",account,order_status,0.9186585545539856,,
stg1_002898,stg1_000746,"хочу использовать твой azpp, где мне это сделать?","Мне нужно удалить свой аккаунт, где это сделать?",technical_issue,account,0.9186367988586426,,
stg1_001698,stg1_001184,я по ошибке ввел неправильный адрес,"чертов товар, который я получил, неправильный",delivery,return_exchange,0.9185996651649475,,
stg1_001128,stg1_000077,Есть ли электронное письмо для связи со службой поддержки?,есть ли электронное письмо для отправки моего отзыва о вашей продукции?,general_info,product_info,0.9185867309570312,,
stg1_002176,stg1_002938,Какая цена?,Сколько стоит доставка?,payment_refund,delivery,0.9185463786125183,,
stg1_000840,stg1_002413,расскажи мне о моей подписке на твой информационный бюллетень,дайте мне информацию о весенних распродажах,account,promo_loyalty,0.9184642434120178,,
stg1_002134,stg1_000494,"Я не знаю, как скачать счет №37777.","я не знаю, как отменить заказ R7V7E9BP",payment_refund,order_status,0.9184525012969971,,
stg1_001677,stg1_000757,У меня возникают ошибки при попытке изменить адрес доставки.,"У меня ошибка в профиле, помогите мне его изменить.",delivery,account,0.9184378981590271,,
stg1_002807,stg1_000314,Мне нужно использовать твое приложение,"мне нужно обновить свой заказ перед использованием, это мне поможет",technical_issue,order_status,0.9183618426322937,,
stg1_000398,stg1_001521,Мне нужно проверить расчетное время заказа AO9CL2BG.,"Мне нужно проверить время доставки моего заказа, помогите мне.",order_status,delivery,0.9183259606361389,,
stg1_000703,stg1_000294,"что мне нужно сделать, чтобы удалить премиум-аккаунт","мне нужно удалить чертов предмет из аккаунта, где мне это сделать",account,product_info,0.9182904958724976,,
stg1_001624,stg1_000522,"новый адрес доставки недействителен, как мне это сделать?",Мне не нужно изменить мой онлайн-заказ перед его отправкой. Где я могу это сделать?,delivery,order_status,0.9181347489356995,,
stg1_000682,stg1_000294,Мне нужна информация по удалению стандартного аккаунта,"мне нужно удалить чертов предмет из аккаунта, где мне это сделать",account,product_info,0.9181337356567383,,
stg1_002906,stg1_003037,Сайт не работает,Промокод не работает,technical_issue,promo_loyalty,0.9181045293807983,,
stg1_001985,stg1_000052,Нужна помощь в подаче иска клиента против вашей организации,нужна помощь в отправке отзыва об услуге,other,product_info,0.9181032180786133,,
stg1_000914,stg1_002909,когда откроется твой магазин,Когда появится товар в наличии?,general_info,product_info,0.9180594086647034,,
stg1_001937,stg1_000076,"У меня есть чертов комментарий о твоем бренде, я бы хотел его отправить.","Мне нужно оставить отзыв о товаре, помогите мне.",other,product_info,0.9180208444595337,,
stg1_002393,stg1_000173,Можете ли вы дать мне информацию о зимних распродажах?,Вы дадите мне информацию о продуктах?,promo_loyalty,product_info,0.9180036187171936,,
stg1_000898,stg1_000097,"мне нужно отправить электронное письмо в службу поддержки клиентов, как я могу это сделать","нужно написать комментарий о ваших услугах, как я могу это сделать",general_info,product_info,0.9179858565330505,,
stg1_000741,stg1_000477,"Я не знаю, как мне восстановить ключ доступа к моему профилю.","Я не знаю, как я могу проверить плату за отмену",account,order_status,0.9178568124771118,,
stg1_000553,stg1_002096,Я больше не могу оплатить покупку VUZVUJ46,"Я совершил покупку и не получил счет, могу его получить",order_status,payment_refund,0.9178562760353088,,
stg1_001699,stg1_000230,где посмотреть стоимость доставки?,где я могу посмотреть наличие товара?,delivery,product_info,0.9178391098976135,,
stg1_001414,stg1_000037,"некоторые товары повреждены, сообщите об этом","нужно проверить наличие товара, помогите мне",return_exchange,product_info,0.917822539806366,,
stg1_000047,stg1_000376,как удалить долбаные товары из корзины?,удалить товар из заказа,product_info,order_status,0.9177889823913574,,
stg1_001853,stg1_000265,нужна помощь в подаче потребительского иска против вашего бизнеса,"Нужна помощь, чтобы оставить комментарий к вашим продуктамa",other,product_info,0.9177173972129822,,
stg1_001863,stg1_003025,как мне поговорить с кем-то?,Как связаться с вами?,other,general_info,0.9176875352859497,,
stg1_001556,stg1_000339,где я могу настроить дополнительный адрес доставки,"хочу проверить, где моя доставка, как это сделать",delivery,order_status,0.917567789554596,,
stg1_000866,stg1_002215,"Мне нужна помощь, чтобы открыть счет Titanium для моего отца.","Мне нужна помощь, чтобы найти мои счета от Джона.",account,payment_refund,0.9175062775611877,,
stg1_002215,stg1_000866,"Мне нужна помощь, чтобы найти мои счета от Джона.","Мне нужна помощь, чтобы открыть счет Titanium для моего отца.",payment_refund,account,0.9175062775611877,,
stg1_002543,stg1_001529,могу дать мне информацию о весенних распродажах,Ищу информацию о сроках доставки,promo_loyalty,delivery,0.9173752665519714,,
stg1_000698,stg1_001261,не могли бы вы помочь мне закрыть золотой аккаунт?,не могли бы вы помочь мне получить гребаный возврат денег?,account,return_exchange,0.9173692464828491,,
stg1_002335,stg1_001284,"Я заплатил 10 долларов за этот товар, пытаюсь получить скидку","Я указал неправильный товар, мне нужна помощь, чтобы сообщить об этом",payment_refund,return_exchange,0.9173639416694641,,
stg1_001883,stg1_000071,куда я могу подать потребительский иск против вашей компании?,"Есть ли адрес, по которому можно отправить отзыв о вашей компании?",other,product_info,0.9173116087913513,,
stg1_000762,stg1_000447,у меня вопрос по поводу удаления моего Премиум-аккаунта,"мне нужна помощь, чтобы отменить покупку FR0KMCOJ",account,order_status,0.917293906211853,,
stg1_002139,stg1_001202,я не вижу твоей политики возврата денег,"Мне бы хотелось увидеть, что ваша политика возврата поможет мне",payment_refund,return_exchange,0.9172813892364502,,
stg1_000642,stg1_002853,"кто-то украл мой профиль, можешь ли ты помочь мне сбросить мой чертов пароль?","нужно использовать твое чертово мобильное приложение, можешь мне помочь?",account,technical_issue,0.9172287583351135,,
stg1_002384,stg1_002909,когда начнутся следующие продажи,Когда появится товар в наличии?,promo_loyalty,product_info,0.9172004461288452,,
stg1_001899,stg1_000068,помощь в предъявлении претензии клиенту против вашей организации,"Мне нужна помощь, чтобы отправить отзыв о ваших услугах",other,product_info,0.9171611666679382,,
stg1_000498,stg1_001307,"Могу ли я отменить заказ, если он уже отправлен?","отправленный товар чертовски раздавлен, могу ли я сообщить об этом?",order_status,return_exchange,0.9171432256698608,,
stg1_001941,stg1_000979,"Я тебя не понимаю, мне нужна помощь, чтобы поговорить с кем-нибудь, блядь,","Я не знаю, что мне нужно сделать, чтобы поговорить со службой поддержки клиентов.",other,general_info,0.9171050786972046,,
stg1_000806,stg1_000542,"кто-то взломал моего пользователя, помогите мне восстановить пароль","мне нужно проверить статус замены, помогите мне",account,order_status,0.9170764684677124,,
stg1_002149,stg1_000377,"Я не знаю, что мне нужно сделать, чтобы получить счет #85632","я не знаю, как отменить заказ B8K5F7LB",payment_refund,order_status,0.9170606732368469,,
stg1_002647,stg1_002068,Я хотел бы использовать ваше приложение,Я хотел бы получить счет,technical_issue,payment_refund,0.9170337915420532,,
stg1_000995,stg1_002789,Дайте мне описание работы мобильной батареи.,"нужно сообщить о технической проблеме с мобильным приложением, мне поможет",general_info,technical_issue,0.9170335531234741,,
stg1_000587,stg1_001079,Мне нужно увидеть расчетное время покупки 9U2JAH4C.,"мне нужно посмотреть часы твоих покупок, мне нужна помощь",order_status,general_info,0.916946291923523,,
stg1_001909,stg1_001116,Я не могу поговорить с ассистентом,"Я не знаю, как мне поговорить со службой поддержки клиентов",other,general_info,0.9168395400047302,,
stg1_002936,stg1_002940,Как оплатить заказ?,Сколько ждать заказ?,payment_refund,order_status,0.9168345928192139,,
stg1_000581,stg1_001270,как мне купить несколько ваших товаров?,как мне вернуть некоторые товары в магазин?,order_status,return_exchange,0.9167758822441101,,
stg1_001270,stg1_000581,как мне вернуть некоторые товары в магазин?,как мне купить несколько ваших товаров?,return_exchange,order_status,0.9167758822441101,,
stg1_001967,stg1_001069,"Я тебя не понимаю, помоги мне поговорить с кем-нибудь","мне нужно поговорить с чертовой службой поддержки, не могли бы мне помочь",other,general_info,0.9167327284812927,,
stg1_001848,stg1_000265,нужна помощь в подаче потребительского иска против вашей организации,"Нужна помощь, чтобы оставить комментарий к вашим продуктамa",other,product_info,0.9167298078536987,,
stg1_001561,stg1_000339,где мне ввести свой дополнительный адрес доставки?,"хочу проверить, где моя доставка, как это сделать",delivery,order_status,0.9167118072509766,,
stg1_001842,stg1_002110,"Я не доволен вашей работой, как мне предъявить претензию?","Я не могу сделать перевод, как мне сообщить о проблеме с оплатой?",other,payment_refund,0.9167106747627258,,
stg1_002140,stg1_001445,можно ли получить возмещение моих денег,можно ли добиться возврата денег?,payment_refund,return_exchange,0.9167009592056274,,
stg1_001120,stg1_001965,"Напиши письмо моему товарищу по компании, чтобы он представил задание завтра.","У меня есть комментарий о вашей компании, помогите мне его отправить.",general_info,other,0.9166666269302368,,
stg1_001459,stg1_000312,"как я могу вернуть товар, купленный онлайн, в магазине?","Я купил товар, но выбрал неправильный размер. Как я могу изменить свой онлайн-заказ?",return_exchange,order_status,0.9166219234466553,,
stg1_000315,stg1_001191,"Я купил товар, но выбрал неправильный размер, как изменить мой онлайн-заказ?","помогите мне вернуть товар, который я купил онлайн в магазине",order_status,return_exchange,0.9165855646133423,,
stg1_002893,stg1_002068,Я бы хотел использовать ваше приложение,Я хотел бы получить счет,technical_issue,payment_refund,0.9165538549423218,,
stg1_000731,stg1_002299,куда сообщать об ошибках с регистрацией?,"что мне нужно сделать, чтобы сообщить об ошибках оплаты?",account,payment_refund,0.9164995551109314,,
stg1_000066,stg1_001969,Я стараюсь оставлять отзывы о ваших услугах.,Я хочу подать жалобу на вашу компанию,product_info,other,0.9164572954177856,,
stg1_002595,stg1_000173,можешь ли ты дать мне информацию о продажах,Вы дадите мне информацию о продуктах?,promo_loyalty,product_info,0.9163402318954468,,
stg1_002022,stg1_000192,куда отправлять чертовы предложения по улучшению продукта,"Я хочу добавить чертовы товары в корзину, где я могу это сделать?",other,product_info,0.9161995053291321,,
stg1_000825,stg1_000329,"мне не нужен мой профиль, можно ли его отменить","мне нужно отменить пункт, где мне это сделать",account,order_status,0.9159295558929443,,
stg1_000016,stg1_001140,Я хотел бы увидеть доступность этого чертового продукта в Интернете.,"мне бы хотелось поискать в чертовом магазине, как я мог это сделать",product_info,general_info,0.9159080982208252,,
stg1_000941,stg1_001487,"помогите узнать, в какие часы доступна служба поддержки клиентов","мне нужно проверить время доставки моей покупки, могу ли я получить помощь",general_info,delivery,0.9159074425697327,,
stg1_000878,stg1_000461,"мне не нужно переходить на стандартную учетную запись, как мне это сделать","Я не знаю, что мне нужно сделать, чтобы совершить покупку",account,order_status,0.9159064292907715,,
stg1_000536,stg1_001239,"Я купил товар, отменить заказ 7KC7QF9B","мой заказ отменен, помогите мне сообщить об этом",order_status,return_exchange,0.915879487991333,,
stg1_000391,stg1_001270,как заказать некоторые товары?,как мне вернуть некоторые товары в магазин?,order_status,return_exchange,0.9157799482345581,,
stg1_002951,stg1_000317,Как вернуть некачественный товар?,как я могу отследить свой замененный товар?,return_exchange,order_status,0.9157413244247437,,
stg1_002237,stg1_000964,мне нужна помощь с долбанными платежами,"Мне нужно связаться со службой поддержки, мне нужна помощь",payment_refund,general_info,0.9155851602554321,,
stg1_000852,stg1_000424,Мне нужна помощь в переходе на платиновый аккаунт,Мне нужна помощь в просмотре платы за отмену,account,order_status,0.9155668020248413,,
stg1_000492,stg1_001485,не могли бы помочь мне исправить заказ J5WMQ5LV,"я не получил свой заказ, как я могу сообщить о проблемах с доставкой",order_status,delivery,0.9155221581459045,,
stg1_000950,stg1_001568,"где посмотреть, в какие часы я могу связаться со службой поддержки?","где я могу посмотреть, как скоро мне ожидать посылку?",general_info,delivery,0.9155095219612122,,
stg1_001146,stg1_001905,как я могу связаться со службой поддержки клиентов,могу ли я связаться с помощником?,general_info,other,0.915501058101654,,
stg1_002228,stg1_000734,У меня возникла проблема с оплатой кредитной картой,"Я не могу открыть счет, мне нужно сообщить о проблеме с регистрацией",payment_refund,account,0.9154781699180603,,
stg1_000615,stg1_002649,где мне создать чертову учетную запись пользователя?,"Я хочу воспользоваться твоим чертовым приложением, как это сделать?",account,technical_issue,0.9153818488121033,,
stg1_001197,stg1_002279,как получить чертову компенсацию,"мне нужно запросить чертов счет, могу ли я получить помощь",return_exchange,payment_refund,0.9152794480323792,,
stg1_002054,stg1_001045,мне нужно поговорить с кем-нибудь,"хочу поговорить со службой поддержки, мне нужна помощь",other,general_info,0.9152653217315674,,
stg1_001541,stg1_000696,поддерживает попытку редактирования адреса,нужна помощь в редактировании моих личных данных,delivery,account,0.91506427526474,,
stg1_001912,stg1_001121,как я могу поговорить с оператором,Я хочу поговорить со службой поддержки клиентов,other,general_info,0.915000855922699,,
stg1_000680,stg1_000376,удалить Премиум-аккаунт,удалить товар из заказа,account,order_status,0.9149142503738403,,
stg1_001152,stg1_001902,могу ли я поговорить со службой поддержки клиентов,Можете ли вы помочь мне составить претензию клиента?,general_info,other,0.9148475527763367,,
stg1_002977,stg1_003003,Страница не загружается,Не могу создать аккаунт,technical_issue,account,0.9148357510566711,,
stg1_001753,stg1_000811,У меня возникла проблема с обновлением адреса доставки.,"У меня проблема с моей чертовой учетной записью, помогите мне ее изменить.",delivery,account,0.9147645235061646,,
stg1_001024,stg1_002341,"Пожалуйста, предупредите меня, когда Джон напишет мне письмо.","хочу получить счет от Джона, помоги мне",general_info,payment_refund,0.9147266149520874,,
stg1_002341,stg1_001024,"хочу получить счет от Джона, помоги мне","Пожалуйста, предупредите меня, когда Джон напишет мне письмо.",payment_refund,general_info,0.9147266149520874,,
stg1_002952,stg1_003026,Не проходит оплата,Не приходит код подтверждения,payment_refund,account,0.9146819114685059,,
stg1_002305,stg1_000377,"я не знаю, как проверить счет #00108","я не знаю, как отменить заказ B8K5F7LB",payment_refund,order_status,0.9146799445152283,,
stg1_002534,stg1_001482,Можете ли вы дать мне информацию о весенних распродажах?,"хочу узнать больше о сроках доставки моей покупки, дашь мне некоторую информацию?",promo_loyalty,delivery,0.9146178960800171,,
stg1_001735,stg1_001159,"Я хочу посмотреть, сколько времени потребуется, чтобы прибыть росистая доставка.","Я пытаюсь узнать, в какие часы доступна служба поддержки клиентов.",delivery,general_info,0.9145936965942383,,
stg1_000563,stg1_001553,"Я не знаю, как изменить предмет покупки 2V5QZNX0","я не знаю, как мне исправить адрес доставки",order_status,delivery,0.9145717024803162,,
stg1_002917,stg1_003026,Промокод ВЕСНА не активируется,Не приходит код подтверждения,promo_loyalty,account,0.9145557284355164,,
stg1_001716,stg1_002919,произошла ошибка при отправке адреса доставки,Ошибка при оплате картой,delivery,payment_refund,0.914548933506012,,
stg1_002732,stg1_002004,где я мог бы скачать твое приложение,"Я хотел бы отправить отзыв, где я могу это сделать",technical_issue,other,0.9144108891487122,,
stg1_000530,stg1_002354,Мне нужна помощь в просмотре статуса заказа 2QTQ766A.,Мне нужна помощь в загрузке счета № 12588.,order_status,payment_refund,0.9143658876419067,,
stg1_002354,stg1_000530,Мне нужна помощь в загрузке счета № 12588.,Мне нужна помощь в просмотре статуса заказа 2QTQ766A.,payment_refund,order_status,0.9143658876419067,,
stg1_002152,stg1_000530,"Мне нужна помощь, чтобы загрузить мой счет № 37777.",Мне нужна помощь в просмотре статуса заказа 2QTQ766A.,payment_refund,order_status,0.9143251776695251,,
stg1_000451,stg1_001564,Я больше не могу позволить себе заказ DHGF2O0E,Я не могу изменить адрес доставки,order_status,delivery,0.9142976403236389,,
stg1_000430,stg1_000748,нужна помощь с отменой покупки FGKK1P85,"мне нужно просмотреть историю покупок, мне нужна помощь",order_status,account,0.9142965078353882,,
stg1_000679,stg1_001550,Можете ли вы помочь мне отписаться от новостной рассылки?,Можете ли вы помочь мне указать новый адрес доставки?,account,delivery,0.9142330884933472,,
stg1_001411,stg1_000157,могу ли я вернуть некоторые чертовы вещи в магазине,"мне нужно подтвердить наличие чертовых товаров в магазине, поможет мне",return_exchange,product_info,0.9142321348190308,,
stg1_002291,stg1_000984,"Мне нужна помощь, чтобы получить счет от Джона","Мне нужна помощь, чтобы позвонить в службу поддержки клиентов",payment_refund,general_info,0.9140646457672119,,
stg1_002629,stg1_000615,как скачать твое чертово приложение?,где мне создать чертову учетную запись пользователя?,technical_issue,account,0.9139906764030457,,
stg1_000823,stg1_001328,Можете ли вы помочь мне восстановить PIN-код моей учетной записи?,Можете ли вы помочь мне проверить вашу политику возврата?,account,return_exchange,0.9136713743209839,,
stg1_002233,stg1_001024,Мне нужна помощь в загрузке счетов от Джона.,"Пожалуйста, предупредите меня, когда Джон напишет мне письмо.",payment_refund,general_info,0.9136685132980347,,
stg1_002362,stg1_001545,как я могу получить информацию о следующих гребаных распродажах?,где я могу получить информацию о способах доставки?,promo_loyalty,delivery,0.9136337041854858,,
stg1_001111,stg1_001817,Мне нужно отправить ответ Шарлотте.,"мне нужно отправить отзыв, чтобы сделать это",general_info,other,0.9136306047439575,,
stg1_000486,stg1_001239,"Я заказал товар, отмените покупку 01JJ7N7T","мой заказ отменен, помогите мне сообщить об этом",order_status,return_exchange,0.9135249853134155,,
stg1_002620,stg1_001655,найти информацию о чертовых весенних распродажах,где я могу найти информацию о чертовой стоимости доставки,promo_loyalty,delivery,0.9135144352912903,,
stg1_002505,stg1_001529,Я ищу информацию о весенних распродажах.,Ищу информацию о сроках доставки,promo_loyalty,delivery,0.9134912490844727,,
stg1_002251,stg1_000737,"Я не знаю, что мне нужно сделать, чтобы получить счет №12588.","Я не знаю, что мне нужно сделать, чтобы перейти на Платиновый аккаунт.",payment_refund,account,0.9134875535964966,,
stg1_001945,stg1_000085,Куда мне снова подать жалобу клиента на вашу компанию?,где я могу оставить отзыв об услуге?,other,product_info,0.9133946895599365,,
stg1_001070,stg1_002011,можно ли поговорить со службой поддержки клиентов,"хочу поговорить с человеком, могу ли я получить помощь",general_info,other,0.9133173227310181,,
stg1_000759,stg1_002746,я больше не пользуюсь про-аккаунтом и пытаюсь его удалить,"Веб-сайт не работает, я хотел бы сообщить о проблеме",account,technical_issue,0.9132771492004395,,
stg1_003000,stg1_001693,Заблокировали мой аккаунт,возникли проблемы с редактированием моего адреса,account,delivery,0.9131461977958679,,
stg1_000488,stg1_000241,Я забыл включить товар в покупку 7WGEKZA5,хочу сообщить об ошибках в приобретенном мной продукте,order_status,product_info,0.913121223449707,,
stg1_002260,stg1_000377,"я не знаю, что мне нужно сделать, чтобы найти счет-фактуру № 85632.","я не знаю, как отменить заказ B8K5F7LB",payment_refund,order_status,0.9130914211273193,,
stg1_000154,stg1_000349,"мне нужно добавить элементы в catr, где я могу это сделать","я бы хотел отменить элемент, как мне это сделать",product_info,order_status,0.9130072593688965,,
stg1_001554,stg1_000355,"что мне нужно сделать, чтобы узнать, когда придет моя статья?","Мне нужно посмотреть, где находится моя посылка, как я могу это сделать?",delivery,order_status,0.9128521680831909,,
stg1_002852,stg1_000658,могу ли я использовать твое чертово приложение,"мне нужна чертова учетная запись пользователя, можешь помочь мне ее создать?",technical_issue,account,0.9128055572509766,,
stg1_000635,stg1_000294,"Мне нужно удалить учетную запись mjy, где я могу это сделать?","мне нужно удалить чертов предмет из аккаунта, где мне это сделать",account,product_info,0.912611722946167,,
stg1_001844,stg1_001040,как я могу поговорить с агентом-человеком?,"Я хочу поговорить с чертовой службой поддержки, как я могу это сделать?",other,general_info,0.9126109480857849,,
stg1_002821,stg1_002077,"Мне нужно использовать ваше мобильное приложение, как это сделать?","Мне нужно было произвести оплату, как я могу это сделать?",technical_issue,payment_refund,0.9125838279724121,,
stg1_000503,stg1_000610,"помощь, чтобы увидеть расчетное время покупки 01LIOX55","мне нужна помощь, чтобы просмотреть историю покупок",order_status,account,0.912539005279541,,
stg1_000567,stg1_000730,Я не могу добавить некоторые статьи для заказа HSRVKCU,я не могу сообщить об ошибках при регистрации,order_status,account,0.9124138951301575,,
stg1_001614,stg1_000104,"Путь, пожалуйста.","Продюсеры, пожалуйста.",delivery,product_info,0.9123771786689758,,
stg1_000104,stg1_001614,"Продюсеры, пожалуйста.","Путь, пожалуйста.",product_info,delivery,0.9123771786689758,,
stg1_001526,stg1_002919,произошла ошибка при настройке адреса доставки,Ошибка при оплате картой,delivery,payment_refund,0.9123217463493347,,
stg1_001864,stg1_000052,нужна помощь в подаче иска против вашей организации,нужна помощь в отправке отзыва об услуге,other,product_info,0.9122761487960815,,
stg1_000710,stg1_001174,"можешь мне помочь, используя стандартный профиль?",Можете ли вы помочь мне позвонить в службу поддержки?,account,general_info,0.9122498035430908,,
stg1_000408,stg1_001257,Можете ли вы помочь мне отменить заказ S4CELMM4?,ты поможешь мне отправить обратно этот чертов заказ?,order_status,return_exchange,0.9122453331947327,,
stg1_000261,stg1_001330,как посмотреть наличие товара онлайн?,как я могу найти информацию о товаре в магазине,product_info,return_exchange,0.9120650291442871,,
stg1_002970,stg1_001445,Статус возврата денег,можно ли добиться возврата денег?,payment_refund,return_exchange,0.9120087027549744,,
stg1_002353,stg1_000737,"Я не знаю, что мне нужно сделать, чтобы увидеть счет №37777.","Я не знаю, что мне нужно сделать, чтобы перейти на Платиновый аккаунт.",payment_refund,account,0.912005603313446,,
stg1_002153,stg1_001472,Жду блин возврата 10$,Я ищу возврат средств,payment_refund,return_exchange,0.9119774699211121,,
stg1_002999,stg1_002994,Фото товара не отображается,"Товар не подошёл, хочу вернуть",technical_issue,return_exchange,0.91180419921875,,
stg1_003032,stg1_000061,Куда писать жалобу?,у вас есть адрес для отправки отзыва?,other,product_info,0.9118010401725769,,
stg1_002146,stg1_000530,"Мне нужна помощь, чтобы быстро просмотреть счет № 37777.",Мне нужна помощь в просмотре статуса заказа 2QTQ766A.,payment_refund,order_status,0.9117306470870972,,
stg1_000749,stg1_001324,можешь помочь мне сбросить мой чертов пароль?,"Мне нужно вернуть чертову вещь онлайн, ты можешь мне помочь?",account,return_exchange,0.9117133617401123,,
stg1_000384,stg1_000839,мне нужна помощь в отмене покупки DV6LZG49,мне нужна помощь в отмене премиум-аккаунта,order_status,account,0.911644697189331,,
stg1_000483,stg1_002911,Отследить заказ,Баг при оформлении заказа,order_status,technical_issue,0.9116343855857849,,
stg1_002911,stg1_000483,Баг при оформлении заказа,Отследить заказ,technical_issue,order_status,0.9116343855857849,,
stg1_002904,stg1_002777,Промокод СКИДКА10 не активируется,"приложение не работает, сообщите об ошибке",promo_loyalty,technical_issue,0.9116261005401611,,
stg1_000954,stg1_001487,"как проверить, в какое время я могу позвонить в службу поддержки?","мне нужно проверить время доставки моей покупки, могу ли я получить помощь",general_info,delivery,0.9115942716598511,,
stg1_001538,stg1_000583,возникла проблема с изменением адреса доставки,возникли проблемы с отменой покупки DOY97F3P,delivery,order_status,0.9115315079689026,,
stg1_000583,stg1_001538,возникли проблемы с отменой покупки DOY97F3P,возникла проблема с изменением адреса доставки,order_status,delivery,0.9115315079689026,,
stg1_002300,stg1_001336,Я хотел бы оплатить дебетовой картой,Я хотел бы запросить возмещение,payment_refund,return_exchange,0.9114055037498474,,
stg1_000490,stg1_001727,"Мне нужна помощь, чтобы найти заказ DBDMU6F5.","мне нужно проверить чертову стоимость доставки, помогите мне.",order_status,delivery,0.9113027453422546,,
stg1_002969,stg1_000376,Товар повреждён при доставке,удалить товар из заказа,return_exchange,order_status,0.9112652540206909,,
stg1_002589,stg1_001529,найти информацию о распродажах,Ищу информацию о сроках доставки,promo_loyalty,delivery,0.911207377910614,,
stg1_000760,stg1_001557,Я хотел бы изменить свою чертову личную информацию.,Я хочу обновить свой адрес,account,delivery,0.9112015962600708,,
stg1_001534,stg1_000987,Могу ли я ввести свой дополнительный адрес доставки?,У меня новый адрес электронной почты. Можешь отправить e-mail?,delivery,general_info,0.9111493229866028,,
stg1_002582,stg1_001486,"Я ищу информацию о весенних распродажах, мистер","Я ищу информацию о дате доставки моей покупки, мне нужна помощь",promo_loyalty,delivery,0.9111047983169556,,
stg1_001916,stg1_000082,как мне подать претензию?,как я могу отправить отзыв?,other,product_info,0.9111011028289795,,
stg1_002322,stg1_000490,Мне нужна помощь в загрузке моего счета № 85632.,"Мне нужна помощь, чтобы найти заказ DBDMU6F5.",payment_refund,order_status,0.910862922668457,,
stg1_000471,stg1_001701,"нужна помощь, чтобы увидеть заказ KND8PTMN syatus","нужна помощь, просмотрите варианты доставки",order_status,delivery,0.9106981158256531,,
stg1_002787,stg1_000235,"приложение не работает на моем устройстве, как мне повторить проблему?","Я хочу повторить проблему с продуктом, как это сделать?",technical_issue,product_info,0.9105457663536072,,
stg1_001380,stg1_000347,"мне нужно обменять товар, который я купил в магазине ni store, как мне это сделать","я купил чертов товар, но он мне не нужен, как мне отменить этот чертов заказ",return_exchange,order_status,0.9103921055793762,,
stg1_001688,stg1_000320,У меня возникла проблема с настройкой нового адреса доставки.,"Мне нужна помощь, чтобы узнать, где моя чертова доставка.",delivery,order_status,0.9103886485099792,,
stg1_002292,stg1_001024,"Я потерял счета от Джона, пришлите их мне по почте.","Пожалуйста, предупредите меня, когда Джон напишет мне письмо.",payment_refund,general_info,0.910362720489502,,
stg1_000436,stg1_001239,"Я не могу оплатить этот товар, отмените заказ 5080MLAD.","мой заказ отменен, помогите мне сообщить об этом",order_status,return_exchange,0.9102557301521301,,
stg1_000138,stg1_002959,Какова текущая цена акций...,Какие сейчас акции?,product_info,promo_loyalty,0.9102505445480347,,
stg1_002959,stg1_000138,Какие сейчас акции?,Какова текущая цена акций...,promo_loyalty,product_info,0.9102505445480347,,
stg1_001674,stg1_000339,проблема с вводом моего нового адреса доставки,"хочу проверить, где моя доставка, как это сделать",delivery,order_status,0.9102425575256348,,
stg1_000108,stg1_002579,Расскажи мне о текущей цене эксксон-мобильных запасов.,дайте мне информацию о чертовых распродажах,product_info,promo_loyalty,0.9102057814598083,,
stg1_002223,stg1_000801,"Я не знаю, что делать. Не сообщайте о проблемах с онлайн-платежами.",Я не могу создать профиль пользователя. Помогите сообщить о проблемах с регистрацией.,payment_refund,account,0.9101383686065674,,
stg1_000526,stg1_002118,"нужно проверить текущий статус заказа 1WHGA53H, как мне это сделать",помогите мне проверить статус возврата,order_status,payment_refund,0.9100942611694336,,
stg1_000721,stg1_002008,нужна помощь в открытии премиум-аккаунта,нужна помощь в связи с оператором,account,other,0.9100345373153687,,
stg1_001910,stg1_001274,"Я недоволен вашей работой, пишите претензию.","моя чертова доставка неправильная, я хочу сообщить об этом",other,return_exchange,0.9099786281585693,,
stg1_000881,stg1_000265,нужно отписаться от вашей рассылки,"Нужна помощь, чтобы оставить комментарий к вашим продуктамa",account,product_info,0.9099291563034058,,
stg1_001206,stg1_000298,"могу ли я вернуть товар, купленный онлайн, в магазине","Я купил товар, но выбрал не ту модель, могу ли я изменить онлайн-заказ",return_exchange,order_status,0.9098697304725647,,
stg1_000817,stg1_002649,"Я хочу закрыть свой профиль, как мне это сделать?","Я хочу воспользоваться твоим чертовым приложением, как это сделать?",account,technical_issue,0.9098460078239441,,
stg1_002262,stg1_001024,помощь в загрузке моих счетов от Джона,"Пожалуйста, предупредите меня, когда Джон напишет мне письмо.",payment_refund,general_info,0.9096583127975464,,
stg1_000744,stg1_000400,Я не могу создать учетную запись Titanium,Я не могу изменить заказ MP86REYN,account,order_status,0.9096516370773315,,
stg1_001134,stg1_000100,как связаться со службой поддержки клиентов?,как я могу отправить отзыв об услуге?,general_info,product_info,0.9096225500106812,,
stg1_000440,stg1_000156,я не могу добавить некоторые чертовы продукты для покупки MJUF2I2H,"Я не вижу наличия чертовых товаров в магазине, мне нужна помощь",order_status,product_info,0.9095804691314697,,
stg1_000711,stg1_002148,мне нужна помощь в создании платиновой учетной записи,мне нужна помощь в информировании об ошибках с платежами,account,payment_refund,0.9095467925071716,,
stg1_001419,stg1_000497,можно ли вернуть некоторые чертовы вещи в магазин?,"Мне нужно купить кое-какие чертовы вещи, могу ли я получить помощь?",return_exchange,order_status,0.9095322489738464,,
stg1_001563,stg1_002133,проверьте доступные варианты доставки,Нужна помощь в проверке разрешенных способов оплаты,delivery,payment_refund,0.9095137119293213,,
stg1_001110,stg1_001697,"нужно посмотреть, в какие часы доступна служба поддержки клиентов","Я хотел бы проверить время доставки, мне нужна помощь",general_info,delivery,0.9094669222831726,,
stg1_002174,stg1_003004,Обмен валюты,Обмен товара на аналогичный,payment_refund,return_exchange,0.90939861536026,,
stg1_003004,stg1_002174,Обмен товара на аналогичный,Обмен валюты,return_exchange,payment_refund,0.90939861536026,,
stg1_000849,stg1_001438,мне нужна информация о восстановлении PWD,мне нужна информация о вашей политике возврата,account,return_exchange,0.9093841910362244,,
stg1_001903,stg1_000904,как предъявить чертову претензию клиенту к вашему бизнесу?,"Я хочу позвонить в чертову службу поддержки клиентов, как я могу это сделать?",other,general_info,0.9093607068061829,,
stg1_001749,stg1_001449,у меня возникли проблемы с отправкой другого адреса доставки,"мне нужно отправить заказ обратно, я получу помощь",delivery,return_exchange,0.9093413352966309,,
stg1_000481,stg1_001493,где я могу увидеть предварительную плату за выход,"хочу увидеть чертову стоимость пересылки, где я могу это сделать",order_status,delivery,0.9093177318572998,,
stg1_002914,stg1_002970,Условия возврата товара,Статус возврата денег,return_exchange,payment_refund,0.9093135595321655,,
stg1_001567,stg1_002909,как скоро я могу ожидать свою покупку,Когда появится товар в наличии?,delivery,product_info,0.909233033657074,,
stg1_001036,stg1_000521,У меня есть почта?,"Мне нужно найти свою чертову посылку, где ее взять?",general_info,order_status,0.9091939330101013,,
stg1_003029,stg1_000294,Как удалить аккаунт?,"мне нужно удалить чертов предмет из аккаунта, где мне это сделать",account,product_info,0.9091566801071167,,
stg1_002123,stg1_001024,Мне нужна помощь в поиске счетов от Джона.,"Пожалуйста, предупредите меня, когда Джон напишет мне письмо.",payment_refund,general_info,0.9091347455978394,,
stg1_002314,stg1_000420,Можете ли вы помочь мне составить список разрешенных способов оплаты?,Можете ли вы помочь мне увидеть плату за отмену?,payment_refund,order_status,0.909126341342926,,
stg1_000969,stg1_000100,как мне позвонить в службу поддержки клиентов?,как я могу отправить отзыв об услуге?,general_info,product_info,0.909034013748169,,
stg1_002887,stg1_000581,как купить через ваше приложение?,как мне купить несколько ваших товаров?,technical_issue,order_status,0.9089269042015076,,
stg1_002159,stg1_000650,"Я пытаюсь узнать, есть ли что-нибудь новое в моем возмещении.","нужно поискать что-то, что я купил, могу ли я посмотреть историю своих заказов",payment_refund,account,0.908854067325592,,
stg1_000887,stg1_001739,"Я не знаю, как мне создать учетную запись Titanium.","Я не знаю, как мне указать адрес доставки.",account,delivery,0.9087920188903809,,
stg1_002330,stg1_000188,"мне нужна помощь, чтобы проверить счет № 12588","Мне нужна помощь, чтобы проверить наличие товара",payment_refund,product_info,0.9087523221969604,,
stg1_002561,stg1_001162,Мне нужна информация о чертовых зимних аслях.,"мне нужна информация о чертовых магазинах поблизости, где я могу ее получить",promo_loyalty,general_info,0.9087122082710266,,
stg1_000767,stg1_001704,"что мне нужно сделать, чтобы восстановить ключ доступа к моему профилю пользователя","мне нужна помощь, чтобы обновить мой адрес",account,delivery,0.9087015986442566,,
stg1_000850,stg1_000593,"Я не могу вспомнить PIN-код своего профиля, как его сбросить?","я не знаю, как отменить покупку K2ZISU5R",account,order_status,0.9086759090423584,,
stg1_002230,stg1_000589,"где проверить, какие способы оплаты разрешены?",где я могу проверить плату за прекращение?,payment_refund,order_status,0.9086247086524963,,
stg1_000771,stg1_001896,Можете ли вы помочь мне отказаться от подписки на вашу корпоративную рассылку?,Можете ли вы помочь мне подать иск против вашей компании?,account,other,0.9084107279777527,,
stg1_002931,stg1_001036,Что с моим заказом?,У меня есть почта?,order_status,general_info,0.908390998840332,,
stg1_001104,stg1_001529,информация о часах работы нашего магазина,Ищу информацию о сроках доставки,general_info,delivery,0.9083653092384338,,
stg1_000409,stg1_000213,Помогите мне удалить несколько статей из заказа J9I05GWN.,"нужно удалить чертовы товары из корзины, можете мне помочь",order_status,product_info,0.908348023891449,,
stg1_000412,stg1_001549,где я могу проверить штраф за отмену,"где я могу проверить, когда прибудет моя посылка",order_status,delivery,0.9083442091941833,,
stg1_000818,stg1_001981,Мне нужна помощь с открытием премиум-аккаунта,Мне нужна помощь в разговоре с агентом-человеком,account,other,0.9081223011016846,,
stg1_001893,stg1_000079,"Я крайне недоволен тем, что ваши услуги помогают подать иск.","Мне нужна помощь, чтобы оставить отзыв о ваших услугах",other,product_info,0.9080920219421387,,
stg1_000119,stg1_001701,отправиться в NSDL и искать цены,"нужна помощь, просмотрите варианты доставки",product_info,delivery,0.9080303311347961,,
stg1_002890,stg1_000773,как я мог использовать твое чертово мобильное приложение?,где я мог подписаться на чертову корпоративную рассылку?,technical_issue,account,0.9079357981681824,,
stg1_000135,stg1_002610,Сведения об товарно-материальных запасах,информация о продажах,product_info,promo_loyalty,0.9079000353813171,,
stg1_002610,stg1_000135,информация о продажах,Сведения об товарно-материальных запасах,promo_loyalty,product_info,0.9079000353813171,,
stg1_000394,stg1_001695,Мне нужно поменять артикул заказа TS30V8IU,"Мне нужна помощь, чтобы изменить адрес доставки",order_status,delivery,0.9078866839408875,,
stg1_001572,stg1_002228,у меня возникли проблемы с вводом дополнительного адреса доставки,У меня возникла проблема с оплатой кредитной картой,delivery,payment_refund,0.907787024974823,,
stg1_001016,stg1_002587,Покажите мне записи Сачин Тендулкара?,Вы дадите мне информацию о продажах?,general_info,promo_loyalty,0.9077766537666321,,
stg1_001861,stg1_000096,подача жалобы клиента на вашу компанию,Я хочу оставить отзыв о вашей компании,other,product_info,0.9075968861579895,,
stg1_000602,stg1_000358,"кто-то взломал мой профиль, могу ли я сбросить свой чертов пароль?","Я хочу отменить чертов онлайн-заказ, вы можете мне помочь?",account,order_status,0.9074141383171082,,
stg1_001715,stg1_001010,проблемы с вводом нового адреса доставки,составить электронную почту на новый адрес,delivery,general_info,0.9073985815048218,,
stg1_002764,stg1_001557,Я бы хотел использовать ваше мобильное приложение,Я хочу обновить свой адрес,technical_issue,delivery,0.9073845744132996,,
stg1_001536,stg1_002969,проблемы с настройкой адреса доставки,Товар повреждён при доставке,delivery,return_exchange,0.9073343873023987,,
stg1_001145,stg1_000077,как мне отправить электронное письмо в службу поддержки клиентов?,есть ли электронное письмо для отправки моего отзыва о вашей продукции?,general_info,product_info,0.9073319435119629,,
stg1_000991,stg1_000840,"Отправь письмо моему брату и скажи, что годовщина свадьбы",расскажи мне о моей подписке на твой информационный бюллетень,general_info,account,0.907245934009552,,
stg1_001455,stg1_000455,как вернуть товар в магазин,"Мне нужно отменить товар, как мне это сделать?",return_exchange,order_status,0.907147228717804,,
stg1_000617,stg1_002850,"Мне нужно закрыть свой профиль, как это сделать?","мне нужно сообщить о чертовой проблеме на сайте, как мне это сделать?",account,technical_issue,0.9071203470230103,,
stg1_001839,stg1_001095,Я бы хотел поговорить с чертовым кем-нибудь,помогите мне поговорить с чертовой службой поддержки,other,general_info,0.9071031212806702,,
stg1_000382,stg1_001722,помогите мне увидеть плату за досрочный выход,"хочу увидеть дату доставки моего заказа, пожалуйста, помогите мне",order_status,delivery,0.9069582223892212,,
stg1_000431,stg1_001682,можешь помочь мне переключить чертову позицию заказа J5H3VSCH?,"Мне нужно узнать чертову стоимость пересылки, можешь мне помочь?",order_status,delivery,0.9068936109542847,,
stg1_002164,stg1_000138,Сколько стоит $X...,Какова текущая цена акций...,payment_refund,product_info,0.9065904021263123,,
stg1_002627,stg1_000760,Я бы хотел воспользоваться твоим чертовым мобильным приложением.,Я хотел бы изменить свою чертову личную информацию.,technical_issue,account,0.9065524935722351,,
stg1_000848,stg1_001273,"кто-то взломал мой чертов пароль, как мне его сбросить?","Я бы хотел вернуть чертовы вещи из Интернета, как мне это сделать?",account,return_exchange,0.9064942002296448,,
stg1_002886,stg1_001416,могу ли я купить через ваш сайт?,Можете ли вы помочь мне обменять купленные мной товары?,technical_issue,return_exchange,0.9064693450927734,,
stg1_000118,stg1_002458,Не могли бы вы дать мне прежний график на будущее.,не могли бы вы дать мне информацию о следующих продажах?,product_info,promo_loyalty,0.906453013420105,,
stg1_000566,stg1_001345,нужна помощь в замене чего-либо при покупке YW1RPD7M,"Я хочу вернуть чертову вещь, купленную в интернет-магазине, мне нужна помощь",order_status,return_exchange,0.906311571598053,,
stg1_002625,stg1_000658,могу ли я использовать твое чертово мобильное приложение?,"мне нужна чертова учетная запись пользователя, можешь помочь мне ее создать?",technical_issue,account,0.9059908986091614,,
stg1_001607,stg1_001164,Покажите мне дорогу ближайшей железнодорожной станции.,"Мне нужна помощь, чтобы найти ближайший магазин",delivery,general_info,0.9059861302375793,,
stg1_000943,stg1_001675,"как мне узнать, в какое время доступна служба поддержки клиентов?","Мне нужна информация о времени доставки, как я могу ее найти?",general_info,delivery,0.9059548377990723,,
stg1_002981,stg1_002176,Есть ли скидки?,Какая цена?,promo_loyalty,payment_refund,0.9058980941772461,,
stg1_000870,stg1_000400,Я не могу сбросить PIN-код профиля пользователя,Я не могу изменить заказ MP86REYN,account,order_status,0.9058622121810913,,
stg1_000846,stg1_002285,"Мне нужно перейти на платиновый аккаунт, как это сделать?","Я хочу оплатить картой, как мне это сделать?",account,payment_refund,0.9058029651641846,,
stg1_001546,stg1_001449,у меня проблемы с отправкой дополнительного адреса доставки,"мне нужно отправить заказ обратно, я получу помощь",delivery,return_exchange,0.9057843089103699,,
stg1_000861,stg1_002769,хочу помочь получить пароль моего prl-файла,"хочу использовать твое мобильное приложение, помоги мне",account,technical_issue,0.905692458152771,,
stg1_002158,stg1_001731,"как я могу проверить, какие способы оплаты разрешены?","где я могу посмотреть, какие способы доставки доступны?",payment_refund,delivery,0.9054127931594849,,
stg1_002356,stg1_001474,Я жду оплаты картой,Я хочу увидеть стоимость рассылки,payment_refund,delivery,0.9053722620010376,,
stg1_002143,stg1_000622,"Я потерял чертов счет от Джона, пришли мне его.","я потерял чертов пароль, восстанови его",payment_refund,account,0.9053348302841187,,
stg1_000495,stg1_002357,"мотыга, могу ли я проверить штрафы за снятие средств",мне нужно отследить возврат средств,order_status,payment_refund,0.90531325340271,,
stg1_000550,stg1_001536,проблемы с исправлением порядка WGFN46EY,проблемы с настройкой адреса доставки,order_status,delivery,0.9047490954399109,,
stg1_000822,stg1_000348,"кто-то украл мой профиль, сбрось пароль","я разместил заказ, помогите мне отменить его",account,order_status,0.9046081304550171,,
stg1_002141,stg1_000984,нужна помощь в получении вызова #12588,"Мне нужна помощь, чтобы позвонить в службу поддержки клиентов",payment_refund,general_info,0.9045202732086182,,
stg1_002597,stg1_002909,когда следующие распродажи,Когда появится товар в наличии?,promo_loyalty,product_info,0.9042949080467224,,
stg1_002308,stg1_000799,помогите получить мой счет №37777,нужно зарегистрироваться помогите мне,payment_refund,account,0.9042835831642151,,
stg1_000863,stg1_000532,могу ли я перейти на чертов стандартный аккаунт?,можно ли отменить чертов заказ?,account,order_status,0.9042729735374451,,
stg1_001908,stg1_000891,Могу ли я подать рекламацию клиента?,Могу ли я связаться со службой поддержки клиентов?,other,general_info,0.9042428135871887,,
stg1_003011,stg1_002938,Сколько стоит рюкзак?,Сколько стоит доставка?,product_info,delivery,0.9042107462882996,,
stg1_000994,stg1_001806,Дэн прислал мне какие-нибудь письма?,"У меня есть отзыв, вы поможете мне его отправить?",general_info,other,0.9041971564292908,,
stg1_001593,stg1_001126,"Пожалуйста, дайте мне направление в парк рядом со мной.","Я хочу найти магазины рядом со мной, помогите мне",delivery,general_info,0.9041876792907715,,
stg1_000591,stg1_000769,"см. статус покупки LYWI6XYR, черт возьми","нужно просмотреть мою историю покупок, вы мне поможете",order_status,account,0.9041425585746765,,
stg1_000827,stg1_000241,информация об аннулировании моего Премиум-аккаунта,хочу сообщить об ошибках в приобретенном мной продукте,account,product_info,0.9040877819061279,,
stg1_000880,stg1_002256,открыть стандартный счет для моего отца,мне нужна помощь в поиске счета,account,payment_refund,0.9040684700012207,,
stg1_000722,stg1_001704,"что мне нужно сделать, чтобы восстановить пин-код моей учетной записи пользователя","мне нужна помощь, чтобы обновить мой адрес",account,delivery,0.9040665626525879,,
stg1_000977,stg1_001654,"как узнать, в какие часы я могу связаться со службой поддержки клиентов","Я звоню, чтобы узнать, как скоро я могу ожидать товар",general_info,delivery,0.9040642976760864,,
stg1_002946,stg1_000467,Пришлите чек об оплате,помогите мне отследить заказ,payment_refund,order_status,0.9040219783782959,,
stg1_001096,stg1_001806,Прислал мне какие-нибудь письма?,"У меня есть отзыв, вы поможете мне его отправить?",general_info,other,0.9039976000785828,,
stg1_000237,stg1_001330,можно ли посмотреть наличие товаров онлайн,как я могу найти информацию о товаре в магазине,product_info,return_exchange,0.9037944674491882,,
stg1_000694,stg1_002769,помогите мне использовать платиновый профиль,"хочу использовать твое мобильное приложение, помоги мне",account,technical_issue,0.9037562608718872,,
stg1_002317,stg1_000819,"Wqanna совершать платежи, как мне это сделать?","Я хотел бы заполнить свои личные данные, как мне это сделать?",payment_refund,account,0.9037327170372009,,
stg1_000378,stg1_002530,я пытаюсь отредактировать покупку 7VYZ8KUP,я пытаюсь найти информацию о чертовых распродажах,order_status,promo_loyalty,0.9035309553146362,,
stg1_002019,stg1_000074,Я пытаюсь поговорить с кем-то,я стараюсь оставлять свой отзыв,other,product_info,0.9034243226051331,,
stg1_001160,stg1_001654,"как узнать, в какое время я могу позвонить в службу поддержки клиентов","Я звоню, чтобы узнать, как скоро я могу ожидать товар",general_info,delivery,0.9033658504486084,,
stg1_002957,stg1_000396,Посоветуйте что-нибудь,помогите заказать несколько товаров,other,order_status,0.9030470252037048,,
stg1_002319,stg1_001555,как проверить принятые способы оплаты?,где проверить какие способы доставки доступны?,payment_refund,delivery,0.9029724597930908,,
stg1_000388,stg1_001554,где заказать статью?,"что мне нужно сделать, чтобы узнать, когда придет моя статья?",order_status,delivery,0.9029213786125183,,
stg1_002841,stg1_000388,где мне скачать ваше приложение?,где заказать статью?,technical_issue,order_status,0.9027445912361145,,
stg1_000518,stg1_000839,мне нужна помощь в отмене itwm,мне нужна помощь в отмене премиум-аккаунта,order_status,account,0.9022435545921326,,
stg1_001022,stg1_002043,Ответ на электронную почту,Мне нужно отправить отзыв,general_info,other,0.902177095413208,,
stg1_000392,stg1_002362,как я могу найти информацию о заказе редактирования S2GRTWA6,как я могу получить информацию о следующих гребаных распродажах?,order_status,promo_loyalty,0.9020252227783203,,
stg1_000634,stg1_000332,"хочу открыть аккаунт, как это сделать","нужно найти мою посылку, как я могу это сделать",account,order_status,0.9019280672073364,,
stg1_000469,stg1_001257,Можно ли отменить заказ после его размещения?,ты поможешь мне отправить обратно этот чертов заказ?,order_status,return_exchange,0.9018875360488892,,
stg1_002196,stg1_001440,"Обменный курс, который я получу с иностранной валютой",Мне нужно обменять купленный товар,payment_refund,return_exchange,0.9018036127090454,,
stg1_002913,stg1_000063,Непонятно что делать,"Я не знаю, что сделать, чтобы оставить мнение",other,product_info,0.9016329646110535,,
stg1_002978,stg1_002853,Ваш телефон?,"нужно использовать твое чертово мобильное приложение, можешь мне помочь?",general_info,technical_issue,0.901502788066864,,
stg1_002710,stg1_000747,Мне нужно воспользоваться твоим чертовым мобильным папой.,"Мне нужна чертова учетная запись пользователя, да!",technical_issue,account,0.9014489650726318,,
stg1_001149,stg1_001982,Ответь на письмо Кристи и скажи спасибо большое.,"у меня есть чертов отзыв о вашей компании, помогите мне отправить его",general_info,other,0.9012972116470337,,
stg1_000149,stg1_002959,Какова цена акций (вставить),Какие сейчас акции?,product_info,promo_loyalty,0.9012301564216614,,
stg1_000804,stg1_002256,Мне нужна информация об открытии счетов Titanium,мне нужна помощь в поиске счета,account,payment_refund,0.9011913537979126,,
stg1_002669,stg1_000237,можно ли купить через ваш сайт,можно ли посмотреть наличие товаров онлайн,technical_issue,product_info,0.9011461734771729,,
stg1_000592,stg1_000289,как добавить товар к покупке VH13TA8Z?,"хочу добавить товары в корзину, где мне это сделать?",order_status,product_info,0.9010408520698547,,
stg1_001904,stg1_000074,я пытаюсь поговорить с кем-нибудь,я стараюсь оставлять свой отзыв,other,product_info,0.9009512662887573,,
stg1_000421,stg1_001192,"что мне нужно сделать, чтобы отменить покупку K20X0TB0?","Мне нужно обменять купленный товар, как это сделать?",order_status,return_exchange,0.9008802771568298,,
stg1_003005,stg1_003013,Как зарегистрироваться?,Ошибка при регистрации,account,technical_issue,0.9007886648178101,,
stg1_002275,stg1_001336,Я жду компенсацию в размере 10$,Я хотел бы запросить возмещение,payment_refund,return_exchange,0.9007883071899414,,
stg1_000557,stg1_002946,видя плату за прекращение,Пришлите чек об оплате,order_status,payment_refund,0.9007320404052734,,
stg1_000551,stg1_002133,помощь в проверке чертовых штрафов за досрочный выход,Нужна помощь в проверке разрешенных способов оплаты,order_status,payment_refund,0.9006036520004272,,
stg1_001843,stg1_000096,подать иск потребителя против вашей компании,Я хочу оставить отзыв о вашей компании,other,product_info,0.900522768497467,,
stg1_000736,stg1_001557,обновить премиум-аккаунт,Я хочу обновить свой адрес,account,delivery,0.900397777557373,,
stg1_000439,stg1_001297,приобрести несколько предметов,"Я хотел бы обменять некоторые купленные вещи, где мне это сделать",order_status,return_exchange,0.9003963470458984,,
stg1_000385,stg1_001554,как бы мне заказать несколько статей,"что мне нужно сделать, чтобы узнать, когда придет моя статья?",order_status,delivery,0.9003929495811462,,
stg1_003024,stg1_002777,Промокод SALE2026 не активируется,"приложение не работает, сообщите об ошибке",promo_loyalty,technical_issue,0.9003730416297913,,
stg1_002882,stg1_000425,могу ли я купить через ваш сайт,мне нужно приобрести продукт,technical_issue,order_status,0.9003634452819824,,
stg1_002144,stg1_001474,я ожидаю возмещения 10 долларов,Я хочу увидеть стоимость рассылки,payment_refund,delivery,0.9002187848091125,,
stg1_000443,stg1_000086,вопрос об отмене покупки IBAFFANT,"Мне нужна помощь, чтобы оставить отзыв о продукте",order_status,product_info,0.9001315832138062,,
