text,raw_label,label,source,is_synthetic
"хочу подтвердить наличие товара в магазине, могу ли я получить помощь",product_info,product_info,bitext,False
"Мне нужно проверить наличие этого чертового предмета, могу ли я получить помощь?",product_info,product_info,bitext,False
"Я хочу удалить товар из корзины, где мне это сделать?",product_info,product_info,bitext,False
"продукт, который я купил, работает правильно, могу ли я сообщить о проблеме с продуктом",product_info,product_info,bitext,False
Я хотел бы сообщить о дефектах заказанного товара. Можете ли вы мне помочь?,product_info,product_info,bitext,False
"мне нужно проверить наличие товара в магазине, не могли бы вы мне помочь?",product_info,product_info,bitext,False
Я хотел бы сообщить об ошибке в заказанном мной товаре. Могу ли я это сделать?,product_info,product_info,bitext,False
"Мне нравится информация о чертовом продукте, как я могу ее получить?",product_info,product_info,bitext,False
заказанный мной продукт не работает должным образом. Можете ли вы мне помочь сообщить о проблеме с продуктом?,product_info,product_info,bitext,False
Мне нужно подтвердить наличие товаров в магазине. Могу ли я получить помощь?,product_info,product_info,bitext,False
"продукт, который я заказал, работает неправильно, могу ли я сообщить о проблеме с продуктом",product_info,product_info,bitext,False
"хочу знать о продуктах, могу найти некоторую информацию",product_info,product_info,bitext,False
не могли бы вы помочь мне проверить наличие этого чертового товара онлайн?,product_info,product_info,bitext,False
"хочу сообщить об ошибках в купленном мной проекте, где я могу это сделать",product_info,product_info,bitext,False
"Мне нужно удалить чертовы товары из корзины, могу ли я получить помощь?",product_info,product_info,bitext,False
Я хотел бы увидеть доступность этого чертового продукта в Интернете.,product_info,product_info,bitext,False
"Я хочу подтвердить наличие товара в магазине, мне нужна помощь",product_info,product_info,bitext,False
"продукт, который я получил, не работает должным образом, как я могу сообщить об ошибке продукта?",product_info,product_info,bitext,False
Мне нужна помощь в проверке наличия товара,product_info,product_info,bitext,False
"Ищу информацию о чертовых продуктах, где ее взять?",product_info,product_info,bitext,False
"Я хочу удалить товар из корзины, как мне это сделать?",product_info,product_info,bitext,False
"Мне нужно подтвердить наличие товара онлайн, где это сделать?",product_info,product_info,bitext,False
"Мне нужна информация о чертовом продюсере, как мне ее найти?",product_info,product_info,bitext,False
"мне нужно посмотреть наличие какого-то гребаного товара в Интернете, помогите мне",product_info,product_info,bitext,False
как я мог добавить чертов товар в корзину,product_info,product_info,bitext,False
"Мне нужно проверить наличие товаров в магазине, могу ли я получить помощь?",product_info,product_info,bitext,False
"хочу сообщить о проблемах в купленном мной продукте, нужно ли мне это сделать",product_info,product_info,bitext,False
"как сообщить о чертовски дефектном товаре, который я получил",product_info,product_info,bitext,False
Мне нужна помощь с добавлением чертовых товаров в корзину.,product_info,product_info,bitext,False
"Я хотел бы подтвердить наличие товаров в магазине, мне нужна помощь",product_info,product_info,bitext,False
"Я хотел бы узнать о чертовых продуктах, как я могу получить больше информации?",product_info,product_info,bitext,False
"Я хотел бы проверить наличие этого чертового предмета, вы можете мне помочь?",product_info,product_info,bitext,False
"Мне нужно посмотреть наличие какого-то товара в сети, где я могу это сделать?",product_info,product_info,bitext,False
не могли бы вы помочь мне подтвердить наличие этого чертового товара в Интернете?,product_info,product_info,bitext,False
Я хотел бы сообщить о проблеме с приобретенным мной продуктом. Могу ли я получить помощь?,product_info,product_info,bitext,False
"мне нужно удалить чертову вещь из корзины, ты мне поможешь?",product_info,product_info,bitext,False
"нужно проверить наличие товара, помогите мне",product_info,product_info,bitext,False
"мне нужна помощь, чтобы узнать наличие товара",product_info,product_info,bitext,False
не могли бы помочь мне проверить наличие товаров в магазине,product_info,product_info,bitext,False
"мне нужно добавить чертов товар в корзину, помогите мне.",product_info,product_info,bitext,False
"заказанный мною продукт работает неправильно, сообщите о проблеме с продуктом",product_info,product_info,bitext,False
"хочу удалить чертовы вещи из корзины, мне нужна помощь",product_info,product_info,bitext,False
"Я хотел бы увидеть наличие этого чертового товара, где мне это сделать?",product_info,product_info,bitext,False
где проверить наличие товара в магазине?,product_info,product_info,bitext,False
"Я хотел бы добавить чертовы товары в корзину, где мне это сделать?",product_info,product_info,bitext,False
"Я ищу информацию о продуктах, где я могу ее найти?",product_info,product_info,bitext,False
как удалить долбаные товары из корзины?,product_info,product_info,bitext,False
"Я хотел бы увидеть наличие этих чертовых предметов, не могли бы вы мне помочь?",product_info,product_info,bitext,False
"я ищу информацию о продукте, где я могу ее получить",product_info,product_info,bitext,False
мне нужна помощь с проверкой наличия этого чертового товара,product_info,product_info,bitext,False
"Звоню, чтобы оставить отзыв о вашей продукции.",product_info,product_info,ikshana,False
нужна помощь в отправке отзыва об услуге,product_info,product_info,ikshana,False
"звоню, чтобы написать отзыв о товаре",product_info,product_info,ikshana,False
Есть ли способ оставить отзыв о вашей компании?,product_info,product_info,ikshana,False
есть ли у вас способ оставить отзыв об услуге?,product_info,product_info,ikshana,False
"Мне нужно отправить отзыв об услуге, как это сделать?",product_info,product_info,ikshana,False
"Я не знаю, как я могу отправить отзыв о вашей компании.",product_info,product_info,ikshana,False
Я должен отправить свой отзыв,product_info,product_info,ikshana,False
помогите мне написать комментарий к услуге,product_info,product_info,ikshana,False
"Есть ли электронное письмо, по которому можно отправить отзыв о вашей продукции?",product_info,product_info,ikshana,False
у вас есть адрес для отправки отзыва?,product_info,product_info,ikshana,False
"Я не знаю, как оставить отзыв об услуге",product_info,product_info,ikshana,False
"Я не знаю, что сделать, чтобы оставить мнение",product_info,product_info,ikshana,False
как я могу отправить отзыв о продукте?,product_info,product_info,ikshana,False
"есть ли раздел, где можно оставить отзыв о вашей продукции?",product_info,product_info,ikshana,False
Я стараюсь оставлять отзывы о ваших услугах.,product_info,product_info,ikshana,False
оставить отзыв об услуге,product_info,product_info,ikshana,False
"Мне нужна помощь, чтобы отправить отзыв о ваших услугах",product_info,product_info,ikshana,False
Есть ли адрес для отправки отзывов о вашей продукции?,product_info,product_info,ikshana,False
"есть адрес, где можно оставить отзыв?",product_info,product_info,ikshana,False
"Есть ли адрес, по которому можно отправить отзыв о вашей компании?",product_info,product_info,ikshana,False
помогите отправить отзыв о вашей продукции,product_info,product_info,ikshana,False
"Я не знаю, как я могу оставить отзыв о продукте",product_info,product_info,ikshana,False
я стараюсь оставлять свой отзыв,product_info,product_info,ikshana,False
помогите мне оставить отзыв о вашей продукции,product_info,product_info,ikshana,False
"Мне нужно оставить отзыв о товаре, помогите мне.",product_info,product_info,ikshana,False
есть ли электронное письмо для отправки моего отзыва о вашей продукции?,product_info,product_info,ikshana,False
помогите оставить отзыв о вашей продукции,product_info,product_info,ikshana,False
"Мне нужна помощь, чтобы оставить отзыв о ваших услугах",product_info,product_info,ikshana,False
звоню оставить отзыв,product_info,product_info,ikshana,False
"нужна помощь, оставив отзыв об услуге",product_info,product_info,ikshana,False
как я могу отправить отзыв?,product_info,product_info,ikshana,False
как написать комментарий к вашей продукции?,product_info,product_info,ikshana,False
помощь в отправке отзывов о продукте,product_info,product_info,ikshana,False
где я могу оставить отзыв об услуге?,product_info,product_info,ikshana,False
"Мне нужна помощь, чтобы оставить отзыв о продукте",product_info,product_info,ikshana,False
"я не знаю, что делать, чтобы написать отзыв об услуге",product_info,product_info,ikshana,False
Могу ли я отправить отзыв об услуге?,product_info,product_info,ikshana,False
как написать отзыв?,product_info,product_info,ikshana,False
могу ли я написать отзыв о вашей продукции,product_info,product_info,ikshana,False
помогите оставить блин отзыв о товарах ру,product_info,product_info,ikshana,False
"Я не знаю, как отправить отзыв о ваших услугах.",product_info,product_info,ikshana,False
как я могу оставить отзыв о наших услугах,product_info,product_info,ikshana,False
Есть ли у вас способ оставить отзыв о ваших услугах?,product_info,product_info,ikshana,False
помогите мне оставить отзыв о ваших услугах,product_info,product_info,ikshana,False
Я хочу оставить отзыв о вашей компании,product_info,product_info,ikshana,False
"нужно написать комментарий о ваших услугах, как я могу это сделать",product_info,product_info,ikshana,False
есть ли у вас раздел для отправки отзывов об услуге?,product_info,product_info,ikshana,False
можно ли оставить отзыв о вашей компании?,product_info,product_info,ikshana,False
как я могу отправить отзыв об услуге?,product_info,product_info,ikshana,False
За сколько продаётся HP?,product_info,product_info,runlu,False
Покажите мне цену на Фейсбук.,product_info,product_info,runlu,False
какова балансовая стоимость гугля,product_info,product_info,runlu,False
"Продюсеры, пожалуйста.",product_info,product_info,runlu,False
Расскажите мне о сегодняшних рыночных тенденциях для [компании],product_info,product_info,runlu,False
Какова текущая цена акций Google?,product_info,product_info,runlu,False
Стоимостная цена GSS Energy ( &lt; &lt; Энергетика &gt; &gt; ),product_info,product_info,runlu,False
Расскажи мне о текущей цене эксксон-мобильных запасов.,product_info,product_info,runlu,False
Каковы текущие запасы для Яху?,product_info,product_info,runlu,False
Какова цена AMD на фондовом рынке?,product_info,product_info,runlu,False
Цена акций за яблоко,product_info,product_info,runlu,False
Какая разница между вчерашними и сегодняшними ценами на акции Уолмарта?,product_info,product_info,runlu,False
"Какова цена ""Форд Сток""?",product_info,product_info,runlu,False
показать стоимость акций гуга,product_info,product_info,runlu,False
показать значение гуга для носка,product_info,product_info,runlu,False
Я хотел бы получать обновленную информацию о фондовом рынке каждый день.,product_info,product_info,runlu,False
Что такое акции Apple,product_info,product_info,runlu,False
Не могли бы вы дать мне прежний график на будущее.,product_info,product_info,runlu,False
отправиться в NSDL и искать цены,product_info,product_info,runlu,False
Какова цена для Марвела?,product_info,product_info,runlu,False
x цена акций компании,product_info,product_info,runlu,False
Скажи мне краткое прогнозирование запасов Microsoft на 30 дней вперед.,product_info,product_info,runlu,False
Открытая цена акций за имя,product_info,product_info,runlu,False
ПАДА проверяет фондовые цены на эту продукцию.,product_info,product_info,runlu,False
перечислить стоимость акций этой компании,product_info,product_info,runlu,False
Какова цена GOOGL сегодня,product_info,product_info,runlu,False
Ставка запасов Фейсбука,product_info,product_info,runlu,False
Как поживает IBM?,product_info,product_info,runlu,False
Могу ли я получить список акций олы и uber?,product_info,product_info,runlu,False
Какова цена акций IBM?,product_info,product_info,runlu,False
Сколько стоит акции ФБР?,product_info,product_info,runlu,False
Когда айфон обычно падает,product_info,product_info,runlu,False
Какова цена яблочного запаса сегодня,product_info,product_info,runlu,False
"Сделай так, чтобы акции поднялись или упали сегодня для Уолмарта.",product_info,product_info,runlu,False
Сведения об товарно-материальных запасах,product_info,product_info,runlu,False
Каков рост стоимости акций за последнюю неделю Дисней?,product_info,product_info,runlu,False
"Что ""Apple"" закрыла вчера?",product_info,product_info,runlu,False
Какова текущая цена акций...,product_info,product_info,runlu,False
Какие последние новости на фондовом рынке?,product_info,product_info,runlu,False
В наши дни Старбак много чего делает?,product_info,product_info,runlu,False
Сколько стоит акции Старбака?,product_info,product_info,runlu,False
Где ДЕЛЛ сейчас стоит на фондовом рынке?,product_info,product_info,runlu,False
Какова ставка за акции Уэллса Фарго?,product_info,product_info,runlu,False
"Пожалуйста, выясните цену акций Microsoft в Насдаке.",product_info,product_info,runlu,False
Дайте мне цену акций Intel,product_info,product_info,runlu,False
"PDA, каковы цены на акции",product_info,product_info,runlu,False
Какие у меня колебания акций?,product_info,product_info,runlu,False
Насколько эффективно будет покупать акции NIKE,product_info,product_info,runlu,False
Какова цена акций (вставить),product_info,product_info,runlu,False
"Какова цена акций ""Сенсекса"" сейчас?",product_info,product_info,runlu,False
помощь в написании комментария к вашей продукции,product_info,product_info,ikshana,False
мне нужна помощь в извлечении чертовых товаров из корзины,product_info,product_info,bitext,False
"хочу добавить товары в корзину, как мне это сделать?",product_info,product_info,bitext,False
"мне нужно добавить элементы в catr, где я могу это сделать",product_info,product_info,bitext,False
"Я хотел бы подтвердить наличие этого чертового товара в магазине, как мне это сделать?",product_info,product_info,bitext,False
"Я не вижу наличия чертовых товаров в магазине, мне нужна помощь",product_info,product_info,bitext,False
"мне нужно подтвердить наличие чертовых товаров в магазине, поможет мне",product_info,product_info,bitext,False
"Я хочу удалить товары из катра, как это сделать",product_info,product_info,bitext,False
"Я хотел бы проверить наличие товаров онлайн, как это сделать?",product_info,product_info,bitext,False
"Мне нужно проверить наличие товара, не могли бы вы мне помочь?",product_info,product_info,bitext,False
"мне нужно проверить наличие товаров в магазине, мне нужна помощь",product_info,product_info,bitext,False
"Я бы хотел убрать долбанные продукты из корзины, помогите мне.",product_info,product_info,bitext,False
"Я хотел бы подтвердить наличие чертовых товаров в Интернете, вы мне поможете?",product_info,product_info,bitext,False
"хочу удалить товар из корзины, могу ли я это сделать",product_info,product_info,bitext,False
"Я хочу узнать о продукте, как я могу получить дополнительную информацию?",product_info,product_info,bitext,False
есть ли этот товар в наличии,product_info,product_info,bitext,False
"Мне нравится информация о продукте, где я могу ее найти",product_info,product_info,bitext,False
"Я хочу удалить товары из корзины, как мне это сделать?",product_info,product_info,bitext,False
где я могу получить информацию о продукте,product_info,product_info,bitext,False
можешь мне помочь добавить чертовы товары в корзину?,product_info,product_info,bitext,False
"мне нужно добавить товары в корзину, помогите мне",product_info,product_info,bitext,False
хочу знать о чертовом продукте,product_info,product_info,bitext,False
Вы дадите мне информацию о продуктах?,product_info,product_info,bitext,False
не могли бы вы мне помочь проверить наличие товара?,product_info,product_info,bitext,False
Можете ли вы помочь мне увидеть наличие этого чертового продукта в Интернете?,product_info,product_info,bitext,False
"мне нужно вытащить чертовы вещи из тележки, где это сделать",product_info,product_info,bitext,False
"Я должен увидеть наличие какого-то гребаного товара в Интернете, помогите мне.",product_info,product_info,bitext,False
"Мне нужно сообщить об ошибке продукта, мне нужна помощь",product_info,product_info,bitext,False
"хочу оставить отзыв о ваших услугах, помогите мне",product_info,product_info,ikshana,False
"Я хотел бы увидеть наличие какого-то долбанного товара в магазине, где я могу это сделать?",product_info,product_info,bitext,False
как я могу проверить наличие чертовых товаров онлайн?,product_info,product_info,bitext,False
"Я хотел бы увидеть наличие этого чертового предмета, не могли бы вы мне помочь?",product_info,product_info,bitext,False
где проверить наличие чертового товара,product_info,product_info,bitext,False
"Я хотел бы сообщить о проблеме с купленным мной продуктом, мне нужна помощь",product_info,product_info,bitext,False
"Мне нужна помощь, чтобы добавить чертов товар в корзину.",product_info,product_info,bitext,False
Мне нужно отправить отзыв об услуге,product_info,product_info,ikshana,False
"Я ищу информацию о чертовых продуктах, могу ли я получить помощь?",product_info,product_info,bitext,False
"Мне нужна помощь, чтобы проверить наличие товара",product_info,product_info,bitext,False
"Я хочу увидеть наличие товара, мне нужна помощь",product_info,product_info,bitext,False
Я хотел бы сообщить о проблемах в купленном мной продукте. Где я могу это сделать?,product_info,product_info,bitext,False
"я должен сообщить о чертовых проблемах с приобретенным мной продуктом, как я могу это сделать",product_info,product_info,bitext,False
"Я хочу добавить чертовы товары в корзину, где я могу это сделать?",product_info,product_info,bitext,False
"хочу проверить наличие товара в магазине, как я могу это сделать",product_info,product_info,bitext,False
"Мне нужна помощь, чтобы отправить отзыв о вашей продукции",product_info,product_info,ikshana,False
"купленный мной продукт не работает должным образом, могу ли я сообщить о проблеме с продуктом?",product_info,product_info,bitext,False
"Я хотел бы узнать больше о чертовых продуктах, можете ли вы дать мне некоторую информацию?",product_info,product_info,bitext,False
"нужна помощь, оставлю свой отзыв об услуге",product_info,product_info,ikshana,False
"Мне нужно проверить наличие какого-то товара в магазине, это может мне помочь.",product_info,product_info,bitext,False
помоги мне проверить наличие чертового товара,product_info,product_info,bitext,False
"Я хочу узнать больше о продукте, дайте мне некоторую информацию",product_info,product_info,bitext,False
"Я хотел бы узнать больше об этом чертовом продукте, можете ли вы дать мне некоторую информацию?",product_info,product_info,bitext,False
"мне нужно добавить товары в корзину, могу ли я получить помощь",product_info,product_info,bitext,False
Мне нужна помощь с добавлением чертового товара в корзину.,product_info,product_info,bitext,False
"хочу сообщить о чертовых проблемах с полученным мной продуктом, мне поможет",product_info,product_info,bitext,False
"нужно удалить чертов товар из корзины, где я могу это сделать",product_info,product_info,bitext,False
"Мне нужна информация о продукте, где я могу ее найти?",product_info,product_info,bitext,False
"Я ищу информацию о продуктах, которые могли бы мне помочь.",product_info,product_info,bitext,False
"Я хотел бы добавить офигенные товары в корзину, мне нужна помощь",product_info,product_info,bitext,False
"Я бы хотел удалить чертов товар из корзины, мне нужна помощь",product_info,product_info,bitext,False
Я хочу увидеть наличие товара,product_info,product_info,bitext,False
"хочу подтвердить наличие чертовых товаров в Интернете, мне поможет",product_info,product_info,bitext,False
"Я бы хотел удалить чертовы вещи из корзины, как мне это сделать?",product_info,product_info,bitext,False
"нужно удалить чертовы товары из корзины, можете мне помочь",product_info,product_info,bitext,False
"мне нужно посмотреть наличие товара, могу ли я получить помощь",product_info,product_info,bitext,False
как я могу найти информацию о продуктах,product_info,product_info,bitext,False
посмотреть наличие товара онлайн,product_info,product_info,bitext,False
"Мне нужно удалить товар из корзины, могу ли я получить помощь?",product_info,product_info,bitext,False
"Я хотел бы проверить наличие чертовых товаров в магазине, как я могу это сделать?",product_info,product_info,bitext,False
могу ли я добавить товар в корзину?,product_info,product_info,bitext,False
мне нужна помощь в добавлении товаров в корзину,product_info,product_info,bitext,False
"Я хочу узнать о чертовом продукте, где мне найти дополнительную информацию?",product_info,product_info,bitext,False
"Я хочу удалить товары из корзины, где я могу это сделать?",product_info,product_info,bitext,False
Мне нужно просмотреть наличие товаров в Интернете. Вы мне поможете?,product_info,product_info,bitext,False
"Мне нужно проверить наличие товара, как это сделать?",product_info,product_info,bitext,False
"Мне нужно увидеть наличие этого чертового предмета, могу ли я получить помощь?",product_info,product_info,bitext,False
"Мне нужно подтвердить наличие товара онлайн, можете ли вы мне помочь?",product_info,product_info,bitext,False
"Мне необходимо проверить наличие товара в магазине, где я могу это сделать?",product_info,product_info,bitext,False
"мне нужна помощь, чтобы отправить отзыв о нашей компании",product_info,product_info,ikshana,False
Я хочу удалить товар из корзины,product_info,product_info,bitext,False
где я могу посмотреть наличие товара?,product_info,product_info,bitext,False
Я хочу подтвердить наличие товара онлайн,product_info,product_info,bitext,False
"хочу узнать о продукте, могу найти некоторую информацию",product_info,product_info,bitext,False
у вас есть похожие модели в наличии,product_info,product_info,bitext,False
"я не знаю, как я могу оставить чертов комментарий для твоих людей",product_info,product_info,ikshana,False
"Я хочу повторить проблему с продуктом, как это сделать?",product_info,product_info,bitext,False
"мой продукт не работает так, как указано. Помогите мне сообщить о проблеме с продуктом.",product_info,product_info,bitext,False
можно ли посмотреть наличие товаров онлайн,product_info,product_info,bitext,False
Мне нужно сообщить о проблеме с заказанным товаром. Где я могу это сделать?,product_info,product_info,bitext,False
"Я хотел бы подтвердить наличие продуктов онлайн, мне нужна помощь",product_info,product_info,bitext,False
Я хочу сообщить об ошибках в купленном мной продукте. Где я могу это сделать?,product_info,product_info,bitext,False
хочу сообщить об ошибках в приобретенном мной продукте,product_info,product_info,bitext,False
"Я хотел бы узнать о наличии товаров в магазине, не могли бы вы мне помочь?",product_info,product_info,bitext,False
"Я не знаю, как написать отзыв об услуге.",product_info,product_info,ikshana,False
могу ли я оставить проклятое мнение о товаре?,product_info,product_info,ikshana,False
"Я хочу добавить чертовы галстуки в корзину, ты мне поможешь?",product_info,product_info,bitext,False
могу ли я удалить чертов товар из корзины?,product_info,product_info,bitext,False
"Я хотел бы увидеть наличие товара в Интернете, вы мне поможете?",product_info,product_info,bitext,False
удалить товар из корзины,product_info,product_info,bitext,False
"Я хочу добавить товар в корзину, где это можно сделать?",product_info,product_info,bitext,False
Могу ли я проверить наличие чертовых товаров онлайн?,product_info,product_info,bitext,False
"Мне нужно проверить наличие долбаной вещи в магазине, где это сделать?",product_info,product_info,bitext,False
"мне нужно удалить чертов товар из корзины, можешь мне помочь?",product_info,product_info,bitext,False
"Мне нужна помощь, чтобы вытащить чертовы вещи из корзины.",product_info,product_info,bitext,False
"Мне нужна информация о продуктах, как я могу ее получить?",product_info,product_info,bitext,False
"Я ищу информацию о продуктах, мне нужна помощь",product_info,product_info,bitext,False
"Мне нужно оставить комментарий к вашим услугам, как это сделать?",product_info,product_info,ikshana,False
"нужно добавить товары в корзину, как мне это сделать",product_info,product_info,bitext,False
"Мне нужно добавить товар в корзину, могу ли я получить помощь?",product_info,product_info,bitext,False
Мне нужно сообщить об ошибках в продукте. Как я могу это сделать?,product_info,product_info,bitext,False
"нужно проверить наличие чертовых товаров в Интернете, как я могу это сделать",product_info,product_info,bitext,False
как посмотреть наличие товара онлайн?,product_info,product_info,bitext,False
"Я хотел бы узнать о чертовом продукте, найду некоторую информацию",product_info,product_info,bitext,False
"хочу проверить наличие товара в магазине, могу ли я получить помощь",product_info,product_info,bitext,False
"мне нужно проверить наличие товара, могу ли я получить помощь?",product_info,product_info,bitext,False
"Нужна помощь, чтобы оставить комментарий к вашим продуктамa",product_info,product_info,ikshana,False
помогите мне написать отзыв об услуге,product_info,product_info,ikshana,False
"мне нужно проверить наличие товара в магазине, мне нужна помощь",product_info,product_info,bitext,False
Мне нужно проверить наличие товаров онлайн,product_info,product_info,bitext,False
могу ли я удалить товар из корзины,product_info,product_info,bitext,False
помоги мне проверить наличие этого чертового товара,product_info,product_info,bitext,False
"Я хочу удалить товар из корзины, не могли бы вы мне помочь?",product_info,product_info,bitext,False
"мне нужно проверить наличие товара, пожалуйста, помогите мне",product_info,product_info,bitext,False
"Мне нужно удалить чертов товар из корзины, мне нужна помощь",product_info,product_info,bitext,False
"Я хотел бы добавить чертов товар в корзину, могу ли я получить помощь?",product_info,product_info,bitext,False
"Мне нужна информация о продукте, как я могу ее получить?",product_info,product_info,bitext,False
"Я хотел бы проверить наличие товара, могу ли я получить помощь?",product_info,product_info,bitext,False
"мой продукт работает неправильно, мне нужна помощь, чтобы сообщить о проблеме с продуктом",product_info,product_info,bitext,False
"мне нужно проверить наличие товара, как мне это сделать?",product_info,product_info,bitext,False
"Я ищу информацию о продукте, как я могу ее найти?",product_info,product_info,bitext,False
"Я хочу удалить товары из корзины, где это можно сделать?",product_info,product_info,bitext,False
"нужно сообщить о чертовых дефектах в товаре, который я купил, как это сделать",product_info,product_info,bitext,False
"Я хотел бы проверить наличие какого-то товара онлайн, как мне это сделать?",product_info,product_info,bitext,False
"мне нужно добавить товары в корзину, как мне это сделать?",product_info,product_info,bitext,False
не могли бы вы помочь мне добавить товар в корзину?,product_info,product_info,bitext,False
"Мне нужна информация о чертовых продуктах, как я могу ее получить?",product_info,product_info,bitext,False
"мне нужно проверить наличие товара, ты мне поможешь?",product_info,product_info,bitext,False
"хочу увидеть наличие товара, помогите мне",product_info,product_info,bitext,False
"Я хотел бы удалить офигенные товары из корзины, где это сделать?",product_info,product_info,bitext,False
"хочу добавить товары в корзину, где мне это сделать?",product_info,product_info,bitext,False
"Я ищу информацию о чертовом продукте, могу ли я получить помощь?",product_info,product_info,bitext,False
не могли бы вы помочь мне добавить чертовы товары в корзину?,product_info,product_info,bitext,False
хочу сообщить об ошибках продукта,product_info,product_info,bitext,False
Я хотел бы сообщить об ошибках в купленном мной продукте. Не могли бы вы мне помочь?,product_info,product_info,bitext,False
"мне нужно удалить чертов предмет из аккаунта, где мне это сделать",product_info,product_info,bitext,False
Мне нужна помощь в написании отзыва о продукте,product_info,product_info,ikshana,False
"Я хотел бы узнать больше об этом чертовом продукте, не могли бы вы дать мне некоторую информацию?",product_info,product_info,bitext,False
"Мне нужно добавить чертовы товары в корзину, могу ли я получить помощь?",product_info,product_info,bitext,False
"Я купил товар, но выбрал не ту модель, могу ли я изменить онлайн-заказ",order_status,order_status,bitext,False
"я разместил чертов онлайн-заказ, помогите мне его отменить",order_status,order_status,bitext,False
"Я купил товар, но он мне не нужен, как мне отменить заказ?",order_status,order_status,bitext,False
"Мне нужно увидеть, черт возьми, статус моего замененного товара. Не могли бы вы мне помочь?",order_status,order_status,bitext,False
"Я купил товар, но выбрал не ту модель. Я хотел бы изменить свой чертов онлайн-заказ.",order_status,order_status,bitext,False
"Мне нужно отследить замену продукта, могу ли я получить помощь?",order_status,order_status,bitext,False
"Я купил чертов товар, но выбрал не ту модель, хочу изменить заказ.",order_status,order_status,bitext,False
"Мне нужно отследить свою посылку, как я могу это сделать?",order_status,order_status,bitext,False
"я купил чертов товар, но он мне не нужен, могу ли я отменить заказ",order_status,order_status,bitext,False
"можно ли отменить чертов заказ, если он не отправлен?",order_status,order_status,bitext,False
"где я могу проверить, где моя чертова доставка",order_status,order_status,bitext,False
"Мне нужно отменить чертов заказ, как я могу это сделать?",order_status,order_status,bitext,False
"я бы хотел отменить чертов заказ, где это сделать",order_status,order_status,bitext,False
"Я купил товар, но выбрал неправильный цвет, можно ли изменить мой чертов онлайн-заказ?",order_status,order_status,bitext,False
"Я купил товар, но выбрал неправильный размер. Как я могу изменить свой онлайн-заказ?",order_status,order_status,bitext,False
"хочу проверить, где моя посылка, может мне помочь",order_status,order_status,bitext,False
"мне нужно обновить свой заказ перед использованием, это мне поможет",order_status,order_status,bitext,False
"Я купил товар, но выбрал неправильный размер, как изменить мой онлайн-заказ?",order_status,order_status,bitext,False
"я купил товар, но выбрал неправильный размер, мне нужно изменить заказ",order_status,order_status,bitext,False
как я могу отследить свой замененный товар?,order_status,order_status,bitext,False
"мне нужна помощь в обновлении моего заказа, прежде чем вы его отправите",order_status,order_status,bitext,False
"я разместил онлайн-заказ, хочу его отменить",order_status,order_status,bitext,False
"Мне нужна помощь, чтобы узнать, где моя чертова доставка.",order_status,order_status,bitext,False
"Я запросил обмен, но не получил его. Помогите мне отследить статус моего товара на замену.",order_status,order_status,bitext,False
"мне нужно проверить, где моя гребаная посылка, ты можешь мне помочь?",order_status,order_status,bitext,False
"Я хотел бы проверить, где моя гребаная доставка, мне нужна помощь.",order_status,order_status,bitext,False
"Я хочу отменить товар, как мне это сделать?",order_status,order_status,bitext,False
"мне нужно отследить свою посылку, где я могу это сделать",order_status,order_status,bitext,False
"я купил чертов товар, но он мне не нужен, я хочу отменить заказ",order_status,order_status,bitext,False
"Я хочу посмотреть, где мой чертов груз, как я могу это сделать?",order_status,order_status,bitext,False
"я купил офигенный товар, но он мне не нужен, мне нужно отменить заказ",order_status,order_status,bitext,False
"мне нужно отменить пункт, где мне это сделать",order_status,order_status,bitext,False
"я купил чертов товар, но он мне не нужен, я не могу отменить этот чертов заказ",order_status,order_status,bitext,False
"Мне нужно найти свою чертову посылку, могу ли я получить помощь?",order_status,order_status,bitext,False
"нужно найти мою посылку, как я могу это сделать",order_status,order_status,bitext,False
Мне нужна помощь в поиске моей гребаной посылки,order_status,order_status,bitext,False
мне нужна помощь в поиске моего корабля,order_status,order_status,bitext,False
"мне нужна помощь, чтобы узнать, где моя чертова посылка",order_status,order_status,bitext,False
где я могу получить информацию о чертовом статусе моей замены,order_status,order_status,bitext,False
"Мне нужно изменить свой чертов заказ перед отправкой, где это сделать?",order_status,order_status,bitext,False
"Я хотел бы найти свою посылку, могу ли я получить помощь?",order_status,order_status,bitext,False
"хочу проверить, где моя доставка, как это сделать",order_status,order_status,bitext,False
где я могу отследить свою чертову посылку?,order_status,order_status,bitext,False
"Мне нужна помощь, чтобы узнать, где мой чертов груз.",order_status,order_status,bitext,False
"я купил чертов товар, но он мне не нужен, мне нужно отменить заказ",order_status,order_status,bitext,False
"Мне нужно проверить, где находится моя чертова посылка, где я могу это сделать?",order_status,order_status,bitext,False
"нужно проверить, где находится мой чертов онлайн-заказ, как я могу это сделать",order_status,order_status,bitext,False
"Мне нужно отменить товар, где это сделать?",order_status,order_status,bitext,False
как я могу найти информацию о статусе замены продукта?,order_status,order_status,bitext,False
"я купил чертов товар, но он мне не нужен, как мне отменить этот чертов заказ",order_status,order_status,bitext,False
"я разместил заказ, помогите мне отменить его",order_status,order_status,bitext,False
"я бы хотел отменить элемент, как мне это сделать",order_status,order_status,bitext,False
"Я хотел бы увидеть, где мой чертов заказ",order_status,order_status,bitext,False
можно ли будет проверить статус моего заменяющего продукта?,order_status,order_status,bitext,False
"мне нужно отследить свою чертову доставку, мне нужна помощь",order_status,order_status,bitext,False
"Я хотел бы отследить свою посылку, где я могу это сделать?",order_status,order_status,bitext,False
"Я купил чертов товар, но выбрал не ту модель. Мне нужно обновить онлайн-заказ.",order_status,order_status,bitext,False
"Мне нужно посмотреть, где находится моя посылка, как я могу это сделать?",order_status,order_status,bitext,False
"Я купил товар, но выбрал неправильный размер. Я хочу обновить свой онлайн-заказ.",order_status,order_status,bitext,False
"Я бы хотел найти свою чертову посылку, может мне помочь.",order_status,order_status,bitext,False
"Я хочу отменить чертов онлайн-заказ, вы можете мне помочь?",order_status,order_status,bitext,False
"Я разместил заказ, мне нужна помощь, чтобы отменить его",order_status,order_status,bitext,False
"Мне нужно проверить статус моего заменяющего продукта, помогите мне.",order_status,order_status,bitext,False
"Я купил товар, но выбрал не ту модель, можно ли обновить мой чертов заказ?",order_status,order_status,bitext,False
"Я запросил обмен, но не получил его. Можете ли вы помочь мне отследить статус моего замененного товара?",order_status,order_status,bitext,False
"Я хочу отменить чертов заказ, могу ли я получить помощь?",order_status,order_status,bitext,False
"Я купил чертов товар, но выбрал неправильный размер, хочу изменить свой заказ.",order_status,order_status,bitext,False
"хочу найти свою чертову посылку, где это сделать",order_status,order_status,bitext,False
"Мне нужно отменить чертову вещь, как мне это сделать?",order_status,order_status,bitext,False
Я хотел бы обновить свой заказ перед отправкой. Можете ли вы мне помочь?,order_status,order_status,bitext,False
"Я хотел бы проверить чертов статус моей замены, как мне это сделать?",order_status,order_status,bitext,False
"Я купил товар, но выбрал неправильный цвет, мне нужно обновить свой чертов онлайн-заказ",order_status,order_status,bitext,False
"Я купил чертов товар, но он мне не нужен, как я могу отменить этот чертов заказ?",order_status,order_status,bitext,False
могу ли я увидеть статус покупки 4Q5LD2OF,order_status,order_status,ikshana,False
"я допустил ошибку, мне нужна помощь в изменении покупки AZKL8TD4",order_status,order_status,ikshana,False
порядок редактирования CUMQFIXG,order_status,order_status,ikshana,False
изменить заказ CFF1C9T2,order_status,order_status,ikshana,False
помогите мне удалить товар из заказа A39TAHVV,order_status,order_status,ikshana,False
удалить товар из заказа,order_status,order_status,ikshana,False
"я не знаю, как отменить заказ B8K5F7LB",order_status,order_status,ikshana,False
я пытаюсь отредактировать покупку 7VYZ8KUP,order_status,order_status,ikshana,False
Я пытаюсь увидеть статус заказа IUPCKU97.,order_status,order_status,ikshana,False
помощь в заказе нескольких ваших товаров,order_status,order_status,ikshana,False
Мне нужна помощь с добавлением продукта для покупки UPT0BIQ1.,order_status,order_status,ikshana,False
помогите мне увидеть плату за досрочный выход,order_status,order_status,ikshana,False
нужна помощь с проверкой платы за досрочный выход,order_status,order_status,ikshana,False
мне нужна помощь в отмене покупки DV6LZG49,order_status,order_status,ikshana,False
как бы мне заказать несколько статей,order_status,order_status,ikshana,False
"Я заказал некоторые товары, как отменить покупку ОХФТРЗАД?",order_status,order_status,ikshana,False
нужно изменить порядок WD0FBXT1,order_status,order_status,ikshana,False
где заказать статью?,order_status,order_status,ikshana,False
"я допустил ошибку, помогите мне изменить заказ ULGUMS02",order_status,order_status,ikshana,False
Можете ли вы помочь мне увидеть штрафы за досрочный выход?,order_status,order_status,ikshana,False
как заказать некоторые товары?,order_status,order_status,ikshana,False
как я могу найти информацию о заказе редактирования S2GRTWA6,order_status,order_status,ikshana,False
можно ли обменять некоторые купленные товары KTA0PRFG,order_status,order_status,ikshana,False
Мне нужно поменять артикул заказа TS30V8IU,order_status,order_status,ikshana,False
"что мне нужно сделать, чтобы отменить покупку 0661Z77G?",order_status,order_status,ikshana,False
помогите заказать несколько товаров,order_status,order_status,ikshana,False
где я могу что-то заработать?,order_status,order_status,ikshana,False
Мне нужно проверить расчетное время заказа AO9CL2BG.,order_status,order_status,ikshana,False
статус заказа 41T2OL87,order_status,order_status,ikshana,False
Я не могу изменить заказ MP86REYN,order_status,order_status,ikshana,False
Не могу добавить товар в заказ CS7Q7MW4,order_status,order_status,ikshana,False
"Я не знаю, как отменить покупку JMFUYL0O",order_status,order_status,ikshana,False
Мне нужна помощь в приобретении некоторых ваших продуктов,order_status,order_status,ikshana,False
удалить товар из покупки 2TBYSYJA,order_status,order_status,ikshana,False
"Я не знаю, что делать, чтобы увидеть плату за отмену бронирования.",order_status,order_status,ikshana,False
"Я хочу увидеть плату за прекращение, можете ли вы мне помочь?",order_status,order_status,ikshana,False
"я не знаю, что мне нужно сделать, чтобы купить товар",order_status,order_status,ikshana,False
Можете ли вы помочь мне отменить заказ S4CELMM4?,order_status,order_status,ikshana,False
Помогите мне удалить несколько статей из заказа J9I05GWN.,order_status,order_status,ikshana,False
порядок изменения TQVJYIMF,order_status,order_status,ikshana,False
"Я пропустил товар в покупке GBUVSR83, можете ли вы его добавить?",order_status,order_status,ikshana,False
где я могу проверить штраф за отмену,order_status,order_status,ikshana,False
где заказать несколько статей?,order_status,order_status,ikshana,False
"нужна помощь, чтобы проверить расчетное время покупки NBLCE01I",order_status,order_status,ikshana,False
Помогите мне отменить покупку XCPQZP1R,order_status,order_status,ikshana,False
"Я не знаю, как купить несколько статей",order_status,order_status,ikshana,False
могу ли я переключить что-нибудь порядка DPDGR17C?,order_status,order_status,ikshana,False
отменить покупку00123842,order_status,order_status,ikshana,False
"Мне нужна помощь, чтобы увидеть плату за отмену",order_status,order_status,ikshana,False
Можете ли вы помочь мне увидеть плату за отмену?,order_status,order_status,ikshana,False
"что мне нужно сделать, чтобы отменить покупку K20X0TB0?",order_status,order_status,ikshana,False
заказ на обновление 8GXBRIEV,order_status,order_status,ikshana,False
помощь в покупке некоторых ваших продуктов,order_status,order_status,ikshana,False
Мне нужна помощь в просмотре платы за отмену,order_status,order_status,ikshana,False
мне нужно приобрести продукт,order_status,order_status,ikshana,False
"мне нужно купить кое-какие чертовы продукты, как я могу это сделать?",order_status,order_status,ikshana,False
можно ли увидеть статус покупки LXEV1O0N?,order_status,order_status,ikshana,False
помогите мне добавить несколько товаров в заказ USI3D4J7,order_status,order_status,ikshana,False
помогите исправить порядок V9YH4Y3K,order_status,order_status,ikshana,False
нужна помощь с отменой покупки FGKK1P85,order_status,order_status,ikshana,False
можешь помочь мне переключить чертову позицию заказа J5H3VSCH?,order_status,order_status,ikshana,False
помогите мне купить несколько продуктов,order_status,order_status,ikshana,False
Мне нужна помощь в проверке платы за досрочное прекращение,order_status,order_status,ikshana,False
нужна помощь в приобретении предмета,order_status,order_status,ikshana,False
как мне изменить покупку E8TGXPC4?,order_status,order_status,ikshana,False
"Я не могу оплатить этот товар, отмените заказ 5080MLAD.",order_status,order_status,ikshana,False
добавить товар в заказ,order_status,order_status,ikshana,False
обновить покупку113542617735902,order_status,order_status,ikshana,False
приобрести несколько предметов,order_status,order_status,ikshana,False
я не могу добавить некоторые чертовы продукты для покупки MJUF2I2H,order_status,order_status,ikshana,False
где я могу купить несколько продуктов?,order_status,order_status,ikshana,False
как проверить текущий статус покупки AJNV6XHU?,order_status,order_status,ikshana,False
вопрос об отмене покупки IBAFFANT,order_status,order_status,ikshana,False
нужна помощь в отмене заказа DQ0DRMYZ,order_status,order_status,ikshana,False
"Я купил товар, но выбрал неправильный цвет, как я могу обновить свой чертов онлайн-заказ?",order_status,order_status,bitext,False
"что мне нужно сделать, чтобы отменить покупку PAOLFJT6?",order_status,order_status,ikshana,False
"мне нужна помощь, чтобы отменить покупку FR0KMCOJ",order_status,order_status,ikshana,False
"мне нужно обновить свой заказ, прежде чем ты его отправишь, помогите мне",order_status,order_status,bitext,False
"Мне нужно найти свой чертов заказ, ты можешь мне помочь?",order_status,order_status,bitext,False
Мне нужно отменить чертов заказ,order_status,order_status,bitext,False
Я больше не могу позволить себе заказ DHGF2O0E,order_status,order_status,ikshana,False
"мне нужно изменить мой гребаный онлайн-заказ, прежде чем отправлять его, не могли бы вы мне помочь?",order_status,order_status,bitext,False
"Я хочу купить 1R0YLJZH, вы можете мне помочь?",order_status,order_status,ikshana,False
"мне нужна информация о статусе моего обмена, как я могу ее найти",order_status,order_status,bitext,False
"Мне нужно отменить товар, как мне это сделать?",order_status,order_status,bitext,False
мне нужна помощь в изменении товара EYXRG41M,order_status,order_status,ikshana,False
"Я купил чертов товар, но выбрал неправильный цвет, как изменить мой чертов онлайн-заказ?",order_status,order_status,bitext,False
помогите удалить некоторые товары из покупки EZGN9LRN,order_status,order_status,ikshana,False
отменить заказ XDL2CK5C,order_status,order_status,ikshana,False
показывает мне текущий статус покупки 29UFRE3K,order_status,order_status,ikshana,False
"Я не знаю, что мне нужно сделать, чтобы совершить покупку",order_status,order_status,ikshana,False
"я не знаю, что делать, чтобы получить предмет",order_status,order_status,ikshana,False
мне нужно отменить чертов онлайн-заказ,order_status,order_status,bitext,False
"Я хотел бы проверить, где находится моя доставка, не могли бы вы мне помочь?",order_status,order_status,bitext,False
помоги мне отследить мою чертову доставку,order_status,order_status,bitext,False
"Я бы хотел проверить, где моя чертова посылка, мне нужна помощь",order_status,order_status,bitext,False
помогите мне отследить заказ,order_status,order_status,bitext,False
"Я хотел бы отменить онлайн-заказ, можете ли вы мне помочь?",order_status,order_status,bitext,False
Можно ли отменить заказ после его размещения?,order_status,order_status,bitext,False
"Я отправил часть товаров обратно, но не получил замену, как отследить статус обмена?",order_status,order_status,bitext,False
"нужна помощь, чтобы увидеть заказ KND8PTMN syatus",order_status,order_status,ikshana,False
"Я хотел бы проверить чертов статус моей замены, могу ли я получить некоторую помощь?",order_status,order_status,bitext,False
"я купил товар, но выбрал не ту модель, хочу изменить свой заказ",order_status,order_status,bitext,False
мне нужно найти заказ BQQFYSQJ,order_status,order_status,ikshana,False
могу ли я проверить штраф за досрочный выход,order_status,order_status,ikshana,False
"Я не знаю, что делать, чтобы проверить плату за завершение",order_status,order_status,ikshana,False
"Я не знаю, как я могу проверить плату за отмену",order_status,order_status,ikshana,False
мне нужно найти покупку PN2MEFQY помогите мне,order_status,order_status,ikshana,False
Я не могу оплатить заказ 1CMFS82G,order_status,order_status,ikshana,False
"Я хотел бы отменить заказ, вы можете мне помочь?",order_status,order_status,bitext,False
где я могу увидеть предварительную плату за выход,order_status,order_status,ikshana,False
где я могу проверить текущий статус заказа DNK5ATL9?,order_status,order_status,ikshana,False
Отследить заказ,order_status,order_status,ikshana,False
"мне нужно изменить свой чертов онлайн-заказ, прежде чем отправлять его, где мне это сделать",order_status,order_status,bitext,False
Мне нужна помощь в поиске моего гребаного онлайн-заказа.,order_status,order_status,bitext,False
"Я заказал товар, отмените покупку 01JJ7N7T",order_status,order_status,ikshana,False
"мне нужно найти свой чертов онлайн-заказ, где я могу это сделать",order_status,order_status,bitext,False
Я забыл включить товар в покупку 7WGEKZA5,order_status,order_status,ikshana,False
"Я не знаю, как отменить заказ NQWAOVVF",order_status,order_status,ikshana,False
"Мне нужна помощь, чтобы найти заказ DBDMU6F5.",order_status,order_status,ikshana,False
"мне нужно изменить свой чертов заказ, прежде чем использовать его, мне нужна помощь",order_status,order_status,bitext,False
не могли бы помочь мне исправить заказ J5WMQ5LV,order_status,order_status,ikshana,False
"Я не знаю, что мне нужно сделать, чтобы заказать некоторые статьи.",order_status,order_status,ikshana,False
"я не знаю, как отменить заказ R7V7E9BP",order_status,order_status,ikshana,False
"мотыга, могу ли я проверить штрафы за снятие средств",order_status,order_status,ikshana,False
"мне нужно изменить покупку DUCKQERC, мне нужна помощь",order_status,order_status,ikshana,False
"Мне нужно купить кое-какие чертовы вещи, могу ли я получить помощь?",order_status,order_status,ikshana,False
"Могу ли я отменить заказ, если он уже отправлен?",order_status,order_status,bitext,False
"хочу изменить свой гребаный онлайн-заказ перед использованием, могу ли я это сделать",order_status,order_status,bitext,False
"Я хочу проверить, где моя посылка",order_status,order_status,bitext,False
"мне нужно изменить мой чертов заказ на omline, прежде чем использовать его, могу ли я получить некоторую помощь",order_status,order_status,bitext,False
"Мне нужна информация о чертовом статусе моей замены, где я могу ее найти?",order_status,order_status,bitext,False
"помощь, чтобы увидеть расчетное время покупки 01LIOX55",order_status,order_status,ikshana,False
где я могу заказать статью,order_status,order_status,ikshana,False
"Я хотел бы посмотреть, где моя чертова посылка, как я могу это сделать?",order_status,order_status,bitext,False
Я хочу увидеть расчетное время моего заказа. Не могли бы вы мне помочь?,order_status,order_status,ikshana,False
обновить покупку00123842,order_status,order_status,ikshana,False
"Я бы хотел отменить чертов онлайн-заказ, ты мне поможешь?",order_status,order_status,bitext,False
Мне нужно удалить товар из заказа HPHKJ0J5,order_status,order_status,ikshana,False
переключить продукт заказа 8ХВОБЗДС,order_status,order_status,ikshana,False
могу ли я поменять IEM заказа VXYMBRVV,order_status,order_status,ikshana,False
можно ли редактировать покупку ZPGTKJN2?,order_status,order_status,ikshana,False
"Я бы хотел проверить, где моя чертова посылка, как это сделать",order_status,order_status,bitext,False
"хочу обновить свой заказ перед отправкой, как мне это сделать?",order_status,order_status,bitext,False
"мне нужно отслеживать свой замененный продукт, могу ли я получить помощь?",order_status,order_status,bitext,False
Нужна помощь в проверке комиссий за снятие средств,order_status,order_status,ikshana,False
"Я хотел бы посмотреть, где мой чертов груз, можешь мне помочь?",order_status,order_status,bitext,False
мне нужна помощь в отмене itwm,order_status,order_status,bitext,False
"Мне нужна помощь, чтобы отменить продукт",order_status,order_status,bitext,False
"Я нашел товар, но выбрал неправильный размер, мне нужно обновить свой онлайн-заказ",order_status,order_status,bitext,False
"Мне нужно найти свою чертову посылку, где ее взять?",order_status,order_status,bitext,False
Мне не нужно изменить мой онлайн-заказ перед его отправкой. Где я могу это сделать?,order_status,order_status,bitext,False
"Я ищу информацию о статусе замены, можете ли вы мне помочь?",order_status,order_status,bitext,False
"Я хотел бы посмотреть, где находится мой чертов заказ, как мне его сделать?",order_status,order_status,bitext,False
"см. заказ OFDAED1D, черт возьми, текущий статус",order_status,order_status,ikshana,False
"нужно проверить текущий статус заказа 1WHGA53H, как мне это сделать",order_status,order_status,ikshana,False
"Я запросил товар на замену, но не получил его. Я хотел бы отслеживать статус товара на замену.",order_status,order_status,bitext,False
"Я хочу отслеживать доставку, как мне это сделать?",order_status,order_status,bitext,False
"Я купил офигенный товар, но выбрал не ту модель, хочу обновить заказ.",order_status,order_status,bitext,False
Мне нужна помощь в просмотре статуса заказа 2QTQ766A.,order_status,order_status,ikshana,False
"я не знаю, как мне увидеть штрафы за увольнение",order_status,order_status,ikshana,False
можно ли отменить чертов заказ?,order_status,order_status,bitext,False
"что мне нужно сделать, чтобы отследить заказ E4WN70JI?",order_status,order_status,ikshana,False
"хочу изменить свой заказ, прежде чем отправить его, как это сделать",order_status,order_status,bitext,False
как посмотреть статус заказа 6UKQR40M,order_status,order_status,ikshana,False
"Я купил товар, отменить заказ 7KC7QF9B",order_status,order_status,ikshana,False
как отменить покупку SYWFCSJD?,order_status,order_status,ikshana,False
"Я хотел бы посмотреть, где находится мой заказ, где я могу его сделать?",order_status,order_status,bitext,False
мне нужна помощь в редактировании заказа 056QW26F,order_status,order_status,ikshana,False
как я могу удалить некоторые статьи из покупки 0FRNSJED,order_status,order_status,ikshana,False
"Мне нужна помощь, чтобы отменить чертов заказ",order_status,order_status,bitext,False
"мне нужно проверить статус замены, помогите мне",order_status,order_status,bitext,False
"что мне нужно сделать, чтобы купить несколько товаров?",order_status,order_status,ikshana,False
"Мне нужно отменить чертов онлайн-заказ, могу ли я получить помощь?",order_status,order_status,bitext,False
можно ли увидеть чертов статус моего замененного товара?,order_status,order_status,bitext,False
"Мне не нужен мой последний чертов предмет, отмени заказ B6W0L0L8",order_status,order_status,ikshana,False
можешь помочь мне купить кое-какие товары?,order_status,order_status,ikshana,False
как проверить текущий статус заказа 4LD9RMTI?,order_status,order_status,ikshana,False
"что мне нужно сделать, чтобы проверить комиссию за досрочный выход?",order_status,order_status,ikshana,False
проблемы с исправлением порядка WGFN46EY,order_status,order_status,ikshana,False
помощь в проверке чертовых штрафов за досрочный выход,order_status,order_status,ikshana,False
"Мне нужна помощь, чтобы увидеть плату за досрочный выход",order_status,order_status,ikshana,False
Я больше не могу оплатить покупку VUZVUJ46,order_status,order_status,ikshana,False
"Мне нужно увидеть текущий статус заказа M9553WYS, помогите мне.",order_status,order_status,ikshana,False
я не могу поменять купленный продукт LKCEBL56,order_status,order_status,ikshana,False
помогите мне проверить комиссию за снятие средств,order_status,order_status,ikshana,False
видя плату за прекращение,order_status,order_status,ikshana,False
"что мне нужно сделать, чтобы отменить заказ 4P0R3W0Q",order_status,order_status,ikshana,False
"Мне нужна помощь, чтобы отследить мой чертов онлайн-заказ.",order_status,order_status,bitext,False
помощь в заказе статьи,order_status,order_status,ikshana,False
текущий статус заказа A633G1NP,order_status,order_status,ikshana,False
"я не знаю, как мне проверить штрафы за увольнение",order_status,order_status,ikshana,False
"Я не знаю, как изменить предмет покупки 2V5QZNX0",order_status,order_status,ikshana,False
Мне нужна помощь в проверке штрафа за увольнение,order_status,order_status,ikshana,False
не могли бы помочь мне отследить мою посылку,order_status,order_status,bitext,False
нужна помощь в замене чего-либо при покупке YW1RPD7M,order_status,order_status,ikshana,False
Я не могу добавить некоторые статьи для заказа HSRVKCU,order_status,order_status,ikshana,False
"Мне нужно изменить товар при покупке. FEBSWKOP, помогите мне.",order_status,order_status,ikshana,False
"Мне нужна информация о статусе моей замены, как я могу ее получить?",order_status,order_status,bitext,False
"мне нужно найти свою чертову посылку, где я могу это сделать",order_status,order_status,bitext,False
"мне нужно найти свою чертову посылку, как мне это сделать?",order_status,order_status,bitext,False
как посмотреть статус заказа LOTY4SC9?,order_status,order_status,ikshana,False
где я могу заработать несколько статей?,order_status,order_status,ikshana,False
редактирование покупки КРЭЛВК77,order_status,order_status,ikshana,False
могу ли я изменить заказ L9B16C1S,order_status,order_status,ikshana,False
"Мне нужно проверить плату за ранний выход, мне нужна помощь",order_status,order_status,ikshana,False
Мне нужно отследить свою гребаную посылку,order_status,order_status,bitext,False
хочу поменять некоторые позиции заказа U435EX1M,order_status,order_status,ikshana,False
"Я купил товар, но выбрал неправильный размер, мне придется изменить свой заказ.",order_status,order_status,bitext,False
нужна помощь в просмотре комиссии за снятие средств,order_status,order_status,ikshana,False
как мне купить несколько ваших товаров?,order_status,order_status,ikshana,False
Можете ли вы помочь мне заказать несколько ваших продуктов?,order_status,order_status,ikshana,False
возникли проблемы с отменой покупки DOY97F3P,order_status,order_status,ikshana,False
порядок редактирования WQ4YXL3S,order_status,order_status,ikshana,False
Мне нужна помощь с проверкой расчетного времени заказа QV9LA5X1.,order_status,order_status,ikshana,False
"Я не знаю, как я могу проверить плату за отмену бронирования.",order_status,order_status,ikshana,False
Мне нужно увидеть расчетное время покупки 9U2JAH4C.,order_status,order_status,ikshana,False
вопрос об отмене покупки A8YLXAXU,order_status,order_status,ikshana,False
где я могу проверить плату за прекращение?,order_status,order_status,ikshana,False
"Мне нужно отменить товар, где мне это сделать?",order_status,order_status,bitext,False
"см. статус покупки LYWI6XYR, черт возьми",order_status,order_status,ikshana,False
как добавить товар к покупке VH13TA8Z?,order_status,order_status,ikshana,False
"я не знаю, как отменить покупку K2ZISU5R",order_status,order_status,ikshana,False
Я хотел бы исправить свои личные данные. Вы мне поможете?,account,account,bitext,False
"кто-то взломал мой профиль, мне нужна помощь в восстановлении пароля",account,account,bitext,False
"мне нужно открыть чертов счет, ты можешь мне помочь?",account,account,bitext,False
"я не помню свой пароль, можете ли вы помочь мне сбросить его?",account,account,bitext,False
"Мне нужна учетная запись, мне нужна помощь в ее создании",account,account,bitext,False
"хочу открыть чертов аккаунт, как это сделать",account,account,bitext,False
"мне нужно изменить мою личную информацию, помогите мне",account,account,bitext,False
как мне проверить чертову историю покупок,account,account,bitext,False
"кто-то взломал мой профиль, могу ли я сбросить свой чертов пароль?",account,account,bitext,False
"Я хотел бы открыть чертов счет, где это сделать.",account,account,bitext,False
"Мне нужно найти что-то, что я купил. Как просмотреть историю заказов?",account,account,bitext,False
"Я хотел бы проверить историю заказов, как это сделать?",account,account,bitext,False
"Мне не нужен мой чертов профиль, помоги мне закрыть его.",account,account,bitext,False
"Мне не нужен мой профиль, помогите мне закрыть его.",account,account,bitext,False
"мне нужно удалить свой гребаный аккаунт, где это сделать",account,account,bitext,False
"Мне не нужен мой чертов аккаунт, помогите мне его удалить.",account,account,bitext,False
"мне нужна помощь, чтобы просмотреть историю покупок",account,account,bitext,False
"Я хотел бы открыть учетную запись пользователя, как мне это сделать?",account,account,bitext,False
"мне не нужна моя учетная запись, можно отменить ее",account,account,bitext,False
"Мне нужно запросить право на забвение, где мне это сделать?",account,account,bitext,False
"Я хочу восстановить свой пароль, как это сделать",account,account,bitext,False
где мне создать чертову учетную запись пользователя?,account,account,bitext,False
"Мне нужно обновить свои чертовы личные данные, помогите мне.",account,account,bitext,False
"Мне нужно закрыть свой профиль, как это сделать?",account,account,bitext,False
"мои личные данные неверны, мне нужна помощь в их изменении",account,account,bitext,False
"мой аккаунт украли, помогите мне восстановить пароль",account,account,bitext,False
"Я хочу зарегистрироваться, мне нужна помощь",account,account,bitext,False
"Я бы хотел сменить свою чертову учетную запись, где мне это сделать?",account,account,bitext,False
"я потерял чертов пароль, восстанови его",account,account,bitext,False
"нужно изменить свой профиль, могу ли я получить помощь",account,account,bitext,False
"я бы хотел отредактировать свой профиль, мог бы мне помочь",account,account,bitext,False
"Мне нужно обновить свою чертову учетную запись, как это сделать?",account,account,bitext,False
мне нужна помощь в редактировании моей учетной записи,account,account,bitext,False
"мне нужен чертов аккаунт, ты поможешь мне его открыть?",account,account,bitext,False
"Я хотел бы закрыть свой чертов аккаунт, мне нужна помощь",account,account,bitext,False
"я не помню свой пароль, помогите мне его сбросить",account,account,bitext,False
"моего пользователя украли, могу ли я восстановить свой чертов пароль?",account,account,bitext,False
"мне нужно изменить свою учетную запись, где это сделать",account,account,bitext,False
Я ищу свою чертову историю покупок. Не могли бы вы мне помочь ее найти?,account,account,bitext,False
Мне нужно просмотреть историю покупок. Как я могу это сделать?,account,account,bitext,False
"хочу открыть аккаунт, как это сделать",account,account,bitext,False
"Мне нужно удалить учетную запись mjy, где я могу это сделать?",account,account,bitext,False
"Я хотел бы проверить гребаный перерыв в заказе, могу ли я получить некоторую помощь?",account,account,bitext,False
"Мне нужна моя чертова история покупок, где я могу ее посмотреть?",account,account,bitext,False
мне не нужно изменять свои чертовы личные данные,account,account,bitext,False
"мне не нужен мой чертов профиль, мне нужна помощь, чтобы удалить его",account,account,bitext,False
"мне нужен чертов аккаунт, где его создать",account,account,bitext,False
"Я хотел бы закрыть свою чертову учетную запись пользователя, как я могу это сделать?",account,account,bitext,False
"кто-то украл мой профиль, можешь ли ты помочь мне сбросить мой чертов пароль?",account,account,bitext,False
"Мне не нужен мой чертов профиль, мне нужна помощь, чтобы его удалить.",account,account,bitext,False
"мне нужно заполнить свою личную информацию, пожалуйста, помогите мне",account,account,bitext,False
"мне нужно закрыть мой аккаунт, могу ли я это сделать",account,account,bitext,False
"мне нужно изменить свой чертов профиль, могу ли я получить помощь",account,account,bitext,False
"мне нужно открыть учетную запись, не могли бы мне помочь",account,account,bitext,False
"Я хотел бы запросить право на исправление, где мне это сделать?",account,account,bitext,False
"У меня проблема с моим чертовым аккаунтом, ты поможешь мне это изменить?",account,account,bitext,False
"нужно поискать что-то, что я купил, могу ли я посмотреть историю своих заказов",account,account,bitext,False
можно ли создать учетную запись пользователя,account,account,bitext,False
"Я хочу открыть чертову учетную запись пользователя, как это сделать?",account,account,bitext,False
"Мне нужно открыть учетную запись пользователя, не могли бы вы мне помочь?",account,account,bitext,False
"кто-то взломал мой профиль, мне нужна помощь, чтобы восстановить пароль",account,account,bitext,False
можешь ли ты помочь мне изменить мою чертову учетную запись?,account,account,bitext,False
"Я хотел бы исправить свои чертовы личные данные, мне нужна помощь",account,account,bitext,False
"хочу открыть чертову учетную запись пользователя, где я могу это сделать",account,account,bitext,False
"мне нужна чертова учетная запись пользователя, можешь помочь мне ее создать?",account,account,bitext,False
"мой аккаунт украли, не могли бы вы помочь мне сбросить мой чертов пароль?",account,account,bitext,False
"у меня ошибка в моей чертовой учетной записи, можно ли ее отредактировать",account,account,bitext,False
"я бы хотел создать учетную запись, где это сделать",account,account,bitext,False
"мой профиль взломали, мне нужна помощь в сбросе пароля",account,account,bitext,False
"Мне нужно поискать то, что я купил, помогите мне посмотреть мою чертову историю покупок.",account,account,bitext,False
"Мне нужно изменить свою учетную запись пользователя, где я могу это сделать?",account,account,bitext,False
"Мне нужна моя чертова история заказов, ты поможешь мне ее посмотреть?",account,account,bitext,False
"мой пароль взломали, я не хочу его восстанавливать",account,account,bitext,False
"Мне нужно обновить свои личные данные, как я могу это сделать?",account,account,bitext,False
"Я хотел бы закрыть свою учетную запись, могу ли я получить помощь?",account,account,bitext,False
создать новую учетную запись Titanium для дочери,account,account,ikshana,False
"я не могу создать пользователя, нужна помощь, сообщить о проблеме с регистрацией",account,account,ikshana,False
Я хотел бы получить информацию о получении ключа доступа,account,account,ikshana,False
"Я не могу зарегистрироваться, могу ли я сообщить о проблемах с регистрацией?",account,account,ikshana,False
могу ли я сообщить об ошибках при регистрации,account,account,ikshana,False
правильные данные на счете Platinum,account,account,ikshana,False
Я пытаюсь перейти на платиновый аккаунт,account,account,ikshana,False
открытие нового аккаунта Titanium,account,account,ikshana,False
хочу узнать об отмене подписки на новостную рассылку моей компании,account,account,ikshana,False
уведомлять об ошибках при регистрации,account,account,ikshana,False
Можете ли вы помочь мне отписаться от новостной рассылки?,account,account,ikshana,False
удалить Премиум-аккаунт,account,account,ikshana,False
обновление информации о платиновом аккаунте,account,account,ikshana,False
Мне нужна информация по удалению стандартного аккаунта,account,account,ikshana,False
открыть фримиум-аккаунт,account,account,ikshana,False
"я не знаю, как сообщить о проблеме с регистрацией",account,account,ikshana,False
"У меня проблемы с регистрацией, помогите мне",account,account,ikshana,False
информация об аннулировании моего аккаунта Titanium,account,account,ikshana,False
могу ли я перейти на платиновый аккаунт,account,account,ikshana,False
Я не могу получать информационный бюллетень,account,account,ikshana,False
дайте мне информацию об открытии счета в Titanium,account,account,ikshana,False
как пользоваться платиновым профилем?,account,account,ikshana,False
Мне нужна помощь с подпиской на рассылку новостей,account,account,ikshana,False
"что мне нужно сделать, чтобы использовать учетную запись Platinum",account,account,ikshana,False
"Я не знаю, как мне сообщить о проблеме с регистрацией.",account,account,ikshana,False
помогите мне использовать платиновый профиль,account,account,ikshana,False
"Мне нужно использовать профиль Platinum, как это сделать?",account,account,ikshana,False
нужна помощь в редактировании моих личных данных,account,account,ikshana,False
мне нужно создать учетную запись Titanium для моего жениха,account,account,ikshana,False
не могли бы вы помочь мне закрыть золотой аккаунт?,account,account,ikshana,False
"мне нужна помощь, чтобы перейти на платиновый аккаунт",account,account,ikshana,False
"Я не знаю, как мне подписаться на рассылку новостей",account,account,ikshana,False
как перейти на платиновый аккаунт,account,account,ikshana,False
помощь в создании еще одной гребаной фримиум-аккаунта,account,account,ikshana,False
"что мне нужно сделать, чтобы удалить премиум-аккаунт",account,account,ikshana,False
исправление информации на счете Platinum,account,account,ikshana,False
могу ли я закрыть платиновый аккаунт?,account,account,ikshana,False
Мне нужна помощь в информировании о проблемах с регистрацией,account,account,ikshana,False
"я не знаю, что делать, чтобы перейти на платиновый аккаунт",account,account,ikshana,False
изменить информацию в бесплатном аккаунте,account,account,ikshana,False
правильные данные платинового аккаунта,account,account,ikshana,False
"можешь мне помочь, используя стандартный профиль?",account,account,ikshana,False
мне нужна помощь в создании платиновой учетной записи,account,account,ikshana,False
изменить данные в стандартном аккаунте,account,account,ikshana,False
перейти на платиновый аккаунт,account,account,ikshana,False
помощь в получении моего PIN-кода пользователя,account,account,ikshana,False
Мне нужна помощь в сообщении о проблеме с регистрацией,account,account,ikshana,False
"я не знаю, как отказаться от подписки на новостную рассылку вашей компании",account,account,ikshana,False
как я могу найти информацию о восстановлении ключа,account,account,ikshana,False
"Я не использую свою Премиум-учетную запись, мне нужна помощь, чтобы закрыть ее",account,account,ikshana,False
куда мне сообщить о проблемах с регистрацией,account,account,ikshana,False
можно ли будет сесть на чертов Платиновый аккаунт,account,account,ikshana,False
нужна помощь в открытии премиум-аккаунта,account,account,ikshana,False
"что мне нужно сделать, чтобы восстановить пин-код моей учетной записи пользователя",account,account,ikshana,False
стандартная учетная запись clsoe,account,account,ikshana,False
"помощь, чтобы сообщить об ошибке при регистрации",account,account,ikshana,False
"нужна помощь, сообщите об ошибке при регистрации",account,account,ikshana,False
помогите мне увидеть статус моей подписки на рассылку новостей,account,account,ikshana,False
Я хочу подписаться на вашу корпоративную рассылку,account,account,ikshana,False
"я не знаю, что делать, чтобы уведомить о проблеме с регистрацией",account,account,ikshana,False
Мне нужна помощь в отказе от подписки на новостную рассылку вашей компании,account,account,ikshana,False
я не могу сообщить об ошибках при регистрации,account,account,ikshana,False
куда сообщать об ошибках с регистрацией?,account,account,ikshana,False
изменить данные в золотом аккаунте,account,account,ikshana,False
отменить подписку на рассылку,account,account,ikshana,False
"Я не могу открыть счет, мне нужно сообщить о проблеме с регистрацией",account,account,ikshana,False
"Я не знаю, что мне нужно сделать, чтобы сбросить мою учетную запись пользователя ppwd",account,account,ikshana,False
обновить премиум-аккаунт,account,account,ikshana,False
"Я не знаю, что мне нужно сделать, чтобы перейти на Платиновый аккаунт.",account,account,ikshana,False
хочу исправить личную информацию,account,account,ikshana,False
изменение бесплатного аккаунта,account,account,ikshana,False
"Я потерял ключ доступа к своему профилю пользователя, помогите его восстановить.",account,account,ikshana,False
"Я не знаю, как мне восстановить ключ доступа к моему профилю.",account,account,ikshana,False
изменить информацию в аккаунте Platinum,account,account,ikshana,False
как мне использовать платиновый профиль?,account,account,ikshana,False
Я не могу создать учетную запись Titanium,account,account,ikshana,False
"Мне нужно исправить свои личные данные, помогите мне.",account,account,bitext,False
"Мне нужно удалить свой аккаунт, где это сделать?",account,account,bitext,False
"Мне нужна чертова учетная запись пользователя, да!",account,account,bitext,False
"мне нужно просмотреть историю покупок, мне нужна помощь",account,account,bitext,False
можешь помочь мне сбросить мой чертов пароль?,account,account,bitext,False
"мне не нужен мой чертов профиль, ох, можно я его закрою",account,account,bitext,False
"мне нужен аккаунт, помогите мне открыть его",account,account,bitext,False
еще один стандартный аккаунт,account,account,ikshana,False
можно ли сбросить ключ моей учетной записи?,account,account,ikshana,False
"Мне нужно обновить свой чертов аккаунт, как это сделать?",account,account,bitext,False
как отказаться от подписки на корпоративную рассылку,account,account,ikshana,False
как сообщить о проблемах с регистрацией,account,account,ikshana,False
"У меня ошибка в профиле, помогите мне его изменить.",account,account,bitext,False
"мне не нужна моя чертова учетная запись, мне нужна помощь, чтобы закрыть ее",account,account,bitext,False
я больше не пользуюсь про-аккаунтом и пытаюсь его удалить,account,account,ikshana,False
Я хотел бы изменить свою чертову личную информацию.,account,account,bitext,False
"кто-то взломал мой профиль, помогите мне сбросить мой чертов пароль",account,account,bitext,False
у меня вопрос по поводу удаления моего Премиум-аккаунта,account,account,ikshana,False
Мне нужна помощь в удалении стандартной учетной записи,account,account,ikshana,False
"Я не знаю, как отменить подписку на рассылку новостей",account,account,ikshana,False
как перейти на золотой счет?,account,account,ikshana,False
Мне нужно изменить данные моего аккаунта. Не могли бы вы мне помочь?,account,account,bitext,False
"что мне нужно сделать, чтобы восстановить ключ доступа к моему профилю пользователя",account,account,ikshana,False
"у меня ошибка в моей учетной записи, могу ли я ее изменить",account,account,bitext,False
"нужно просмотреть мою историю покупок, вы мне поможете",account,account,bitext,False
можешь показать мне эту чертову историю покупок?,account,account,bitext,False
Можете ли вы помочь мне отказаться от подписки на вашу корпоративную рассылку?,account,account,ikshana,False
"Я не знаю, как мне сбросить ключ доступа",account,account,ikshana,False
где я мог подписаться на чертову корпоративную рассылку?,account,account,ikshana,False
изменить профессиональный аккаунт,account,account,ikshana,False
"я не знаю, как перейти на платиновый аккаунт",account,account,ikshana,False
"хочу зарегистрироваться, мне нужна помощь",account,account,bitext,False
"мне нужна помощь, чтобы сбросить ключ моей учетной записи",account,account,ikshana,False
"мой чертов пароль украли, могу я его сбросить?",account,account,bitext,False
"Мне не нужен мой чертов профиль, мне нужна помощь, чтобы его закрыть.",account,account,bitext,False
"мой аккаунт взломали, мне нужна помощь в восстановлении пароля",account,account,bitext,False
"мне нужна помощь, чтобы сбросить PIN-код моего профиля",account,account,ikshana,False
верная информация о платиновом аккаунте,account,account,ikshana,False
"Я хотел бы изменить свой профиль, где мне это сделать?",account,account,bitext,False
"кто-то украл моего пользователя, мне нужно восстановить свой чертов пароль",account,account,bitext,False
"я не знаю, что мне нужно сделать, чтобы переключиться на про аккаунт",account,account,ikshana,False
"мой профиль взломали, как мне сбросить пароль?",account,account,bitext,False
"Я не знаю, что мне нужно сделать, чтобы восстановить свой PIN-код.",account,account,ikshana,False
помогите сообщить о проблеме с регистрацией,account,account,ikshana,False
редактирование платинового аккаунта,account,account,ikshana,False
asxsistance получение вашего информационного бюллетеня,account,account,ikshana,False
"У меня проблема с моей чертовой учетной записью пользователя, можно ли ее обновить?",account,account,bitext,False
исправление данных в про аккаунте,account,account,ikshana,False
"У меня ошибка в моей учетной записи пользователя, как я могу ее обновить?",account,account,bitext,False
"кто-то взломал мой профиль, не могли бы вы помочь мне восстановить мой чертов пароль?",account,account,bitext,False
"Я не зарегистрирован, как открыть у вас про аккаунт?",account,account,ikshana,False
где я могу подписаться на вашу корпоративную рассылку?,account,account,ikshana,False
"Мне нужно найти то, что я купил, мне нужна помощь в просмотре истории моих покупок.",account,account,bitext,False
"я потерял свой чертов пароль, я хочу его восстановить",account,account,bitext,False
нужно зарегистрироваться помогите мне,account,account,bitext,False
зарегистрироваться,account,account,ikshana,False
Я не могу создать профиль пользователя. Помогите сообщить о проблемах с регистрацией.,account,account,ikshana,False
"Мне нужно просмотреть мою чертову историю заказов, можешь мне помочь?",account,account,bitext,False
помогите мне проверить чертову историю покупок,account,account,bitext,False
Мне нужна информация об открытии счетов Titanium,account,account,ikshana,False
обновить информацию на счете Platinum,account,account,ikshana,False
"кто-то взломал моего пользователя, помогите мне восстановить пароль",account,account,bitext,False
"Я не использую свою Премиум-аккаунт, мне нужна помощь в ее удалении",account,account,ikshana,False
удаление аккаунта Титаниум,account,account,ikshana,False
"мне придется удалить свой чертов аккаунт, где я это делаю",account,account,bitext,False
можешь помочь мне использовать платиновый профиль,account,account,ikshana,False
"У меня проблема с моей чертовой учетной записью, помогите мне ее изменить.",account,account,bitext,False
"мой аккаунт взломали, не могли бы вы помочь мне сбросить мой чертов пароль?",account,account,bitext,False
проблема со сбросом ключа доступа,account,account,ikshana,False
"Мне нужна помощь, чтобы подписаться на новостную рассылку вашей компании",account,account,ikshana,False
"я бы хотел открыть чертов счет, могу ли я получить помощь",account,account,bitext,False
"нужна помощь, чтобы подписаться на информационный бюллетень компании",account,account,ikshana,False
"Я хочу закрыть свой профиль, как мне это сделать?",account,account,bitext,False
Мне нужна помощь с открытием премиум-аккаунта,account,account,ikshana,False
"Я хотел бы заполнить свои личные данные, как мне это сделать?",account,account,bitext,False
Я хотел бы проверить историю покупок,account,account,bitext,False
"что мне нужно сделать, чтобы создать учетную запись Titanium для моего отца",account,account,ikshana,False
"кто-то украл мой профиль, сбрось пароль",account,account,bitext,False
Можете ли вы помочь мне восстановить PIN-код моей учетной записи?,account,account,ikshana,False
"мой аккаунт украли, я бы хотел восстановить свой чертов пароль",account,account,bitext,False
"мне не нужен мой профиль, можно ли его отменить",account,account,bitext,False
помоги мне отредактировать мой чертов аккаунт,account,account,bitext,False
информация об аннулировании моего Премиум-аккаунта,account,account,ikshana,False
открыть счет в Титаниуме,account,account,ikshana,False
где я могу сбросить PIN-код своего профиля?,account,account,ikshana,False
"мне нужно использовать платиновый аккаунт, ты мне поможешь?",account,account,ikshana,False
"нужна помощь, чтобы уведомить о проблеме с регистрацией",account,account,ikshana,False
"у меня проблема с моей чертовой учетной записью, не могли бы вы помочь мне изменить ее?",account,account,bitext,False
"мне не нужно изменять свою чертову учетную запись пользователя, могу ли я получить помощь",account,account,bitext,False
"Мне не нужен мой профиль, помогите мне удалить его.",account,account,bitext,False
нужна помощь в изменении данных в моем профиле,account,account,ikshana,False
"Мне нужно создать учетную запись пользователя, мне нужна помощь",account,account,bitext,False
еще один золотой счет для отца,account,account,ikshana,False
Я хочу узнать больше об отмене подписки на рассылку новостей,account,account,ikshana,False
мне нужна помощь в отмене премиум-аккаунта,account,account,ikshana,False
расскажи мне о моей подписке на твой информационный бюллетень,account,account,ikshana,False
как я могу увидеть историю заказов?,account,account,bitext,False
"Я хотел бы закрыть свой чертов аккаунт, как я могу это сделать?",account,account,bitext,False
"Мне не нужна моя учетная запись, мне нужна помощь в ее удалении",account,account,bitext,False
как я могу получать информационный бюллетень твоей чертовой компании?,account,account,ikshana,False
"мне нужно посмотреть чертову историю заказов, что мне делать?",account,account,bitext,False
"Мне нужно перейти на платиновый аккаунт, как это сделать?",account,account,ikshana,False
изменение данных на платиновом аккаунте,account,account,ikshana,False
"кто-то взломал мой чертов пароль, как мне его сбросить?",account,account,bitext,False
мне нужна информация о восстановлении PWD,account,account,ikshana,False
"Я не могу вспомнить PIN-код своего профиля, как его сбросить?",account,account,ikshana,False
"Я хотел бы сбросить свой чертов пароль, как мне это сделать?",account,account,bitext,False
Мне нужна помощь в переходе на платиновый аккаунт,account,account,ikshana,False
информация об отмене подписки на рассылку новостей,account,account,ikshana,False
"Я бы хотел изменить свой чертов профиль, где это сделать.",account,account,bitext,False
Я должен сообщить о проблемах с регистрацией,account,account,ikshana,False
"Мне нужна помощь, чтобы удалить мою чертову учетную запись пользователя",account,account,bitext,False
Мне нужна помощь в восстановлении пароля моей учетной записи,account,account,ikshana,False
"хочу изменить свои чертовы личные данные, мне нужна помощь",account,account,bitext,False
"Мне нужно получить ваш корпоративный информационный бюллетень, мне нужна помощь",account,account,ikshana,False
"мой пароль взломали, помогите мне восстановить его",account,account,bitext,False
хочу помочь получить пароль моего prl-файла,account,account,ikshana,False
"хочу открыть счет, где это сделать",account,account,bitext,False
могу ли я перейти на чертов стандартный аккаунт?,account,account,ikshana,False
вопрос об открытии стандартного счета,account,account,ikshana,False
"Мне нужно найти то, что я купил, мне нужна помощь в проверке моей гребаной истории покупок.",account,account,bitext,False
"Мне нужна помощь, чтобы открыть счет Titanium для моего отца.",account,account,ikshana,False
opdn Титановый аккаунт,account,account,ikshana,False
открытие премиум-аккаунта для жены,account,account,ikshana,False
"мне не нужна моя учетная запись, я бы хотел ее удалить",account,account,bitext,False
Я не могу сбросить PIN-код профиля пользователя,account,account,ikshana,False
"Я забыл ключ своего профиля, помогите мне его восстановить.",account,account,ikshana,False
мне нужно уведомлять об ошибках при регистрации,account,account,ikshana,False
Я не могу перейти на стандартную учетную запись,account,account,ikshana,False
Не могу уведомить об ошибках при регистрации,account,account,ikshana,False
"Я хотел бы открыть счет, где я могу это сделать?",account,account,bitext,False
"кто-то взломал мой пароль, можно ли его восстановить?",account,account,bitext,False
мне нужна помощь в восстановлении пароля моей учетной записи usrr,account,account,ikshana,False
"мне не нужно переходить на стандартную учетную запись, как мне это сделать",account,account,ikshana,False
еще один аккаунт Titanium для отца,account,account,ikshana,False
открыть стандартный счет для моего отца,account,account,ikshana,False
нужно отписаться от вашей рассылки,account,account,ikshana,False
Я хочу подписаться на рассылку новостей вашей компании,account,account,ikshana,False
"у меня ошибка в моей гребаной учетной записи, ты поможешь мне ее изменить?",account,account,bitext,False
помогите мне восстановить мой пропуск,account,account,ikshana,False
"мне нужно использовать платиновый профиль, могу ли я получить помощь?",account,account,ikshana,False
"Мне нужно просмотреть историю заказов, вы мне поможете?",account,account,bitext,False
"Я не знаю, как мне создать учетную запись Titanium.",account,account,ikshana,False
Мне нужно отредактировать свою чертову учетную запись пользователя,account,account,bitext,False
"я хочу чертову учетную запись пользователя, могу ее создать",account,account,bitext,False
"я не зарегистрирован, мне нужно открыть у вас стандартный счет",account,account,ikshana,False
Могу ли я связаться со службой поддержки клиентов?,general_info,general_info,bitext,False
"мне нужно связаться со службой поддержки клиентов, могу ли я получить помощь",general_info,general_info,bitext,False
"Мне нужна помощь, чтобы позвонить в чертову службу поддержки клиентов.",general_info,general_info,bitext,False
"Мне нужно найти ближайший магазин, как это сделать?",general_info,general_info,bitext,False
Мне нужна информация о часах работы вашего магазина. Могу ли я получить помощь?,general_info,general_info,bitext,False
"Я хотел бы поговорить с чертовой службой поддержки клиентов, где мне это сделать?",general_info,general_info,bitext,False
"Мне нравится информация о часах работы твоего чертового магазина, как мне ее найти?",general_info,general_info,bitext,False
"мне нужно отправить электронное письмо в службу поддержки клиентов, как я могу это сделать",general_info,general_info,bitext,False
"Мне нужна информация о часах работы вашего магазина, где я могу ее получить?",general_info,general_info,bitext,False
"Не нужно проверять часы работы, помогите мне",general_info,general_info,bitext,False
как искать магазин,general_info,general_info,bitext,False
"Я хотел бы найти чертов магазин, мне нужна помощь.",general_info,general_info,bitext,False
Мне нужна помощь в проверке часов работы вашего магазина.,general_info,general_info,bitext,False
"Я хочу позвонить в чертову службу поддержки клиентов, как я могу это сделать?",general_info,general_info,bitext,False
"Я хотел бы проверить часы работы твоего чертового магазина, могу ли я получить некоторую помощь?",general_info,general_info,bitext,False
"Я хотел бы найти магазины рядом со мной, вы мне поможете?",general_info,general_info,bitext,False
Я хочу знать о часах работы твоего чертового магазина. Ты дашь мне некоторую информацию?,general_info,general_info,bitext,False
во сколько закрываются ваши магазины,general_info,general_info,bitext,False
Можно ли отправить электронное письмо в службу поддержки клиентов?,general_info,general_info,bitext,False
помоги мне проверить часы работы твоего чертового магазина,general_info,general_info,bitext,False
где находится ближайший магазин,general_info,general_info,bitext,False
"Мне не нужно разговаривать со службой поддержки, где мне это сделать?",general_info,general_info,bitext,False
"Я хотел бы поговорить со службой поддержки, где это сделать",general_info,general_info,bitext,False
когда откроется твой магазин,general_info,general_info,bitext,False
"мне нужно поговорить со службой поддержки, могу ли я получить помощь",general_info,general_info,bitext,False
"Я хотел бы найти чертову стойку, мне нужна помощь",general_info,general_info,bitext,False
"Мне нужна информация о часах работы вашего магазина, где я могу ее найти?",general_info,general_info,bitext,False
"Я хотел бы узнать о ближайших к черту магазинах, не могли бы вы найти какую-нибудь информацию?",general_info,general_info,bitext,False
"Мне нужно связаться со службой поддержки клиентов, вы можете мне помочь?",general_info,general_info,bitext,False
"Я хочу знать о самых дорогих магазинах, где мне найти дополнительную информацию?",general_info,general_info,bitext,False
"Мне бы хотелось найти чертовы магазины поблизости, мне нужна помощь",general_info,general_info,bitext,False
Искать чертовы магазины рядом со мной,general_info,general_info,bitext,False
даст мне информацию о часах работы,general_info,general_info,bitext,False
"нужно проверить часы работы твоего чертового магазина, можешь мне помочь",general_info,general_info,bitext,False
"Мне нужно посмотреть часы работы твоего чертового магазина, как мне это сделать?",general_info,general_info,bitext,False
"Я хотел бы найти чертовы магазины в моем районе, как это сделать?",general_info,general_info,bitext,False
"мне нужно поискать ближайший магазин, как мне это сделать",general_info,general_info,bitext,False
Я хотел бы узнать больше о ваших часах работы. Вы найдете какую-нибудь информацию?,general_info,general_info,bitext,False
могу я позвонить в чертову службу поддержки клиентов,general_info,general_info,bitext,False
можешь помочь мне поговорить со службой поддержки клиентов?,general_info,general_info,bitext,False
"нужно поговорить с чертовой службой поддержки, где мне это сделать?",general_info,general_info,bitext,False
"Мне нравится информация о часах работы вашего магазина, где я могу ее получить",general_info,general_info,bitext,False
"Я хотел бы поговорить с чертовой службой поддержки клиентов, мне нужна помощь.",general_info,general_info,bitext,False
"Я бы хотел найти магазин поблизости, мог бы мне помочь",general_info,general_info,bitext,False
"Я хотел бы узнать часы работы вашего магазина, это мне поможет.",general_info,general_info,bitext,False
помоги мне найти чертовы магазины рядом со мной,general_info,general_info,bitext,False
Мне нужно отправить письмо в чертову службу поддержки клиентов.,general_info,general_info,bitext,False
"Мне нужно проверить часы работы твоего чертового магазина, могу ли я чем-нибудь помочь?",general_info,general_info,bitext,False
"хочу найти магазины в моем районе, могу ли я получить помощь",general_info,general_info,bitext,False
"Мне нужно найти чертов магазин, как мне это сделать?",general_info,general_info,bitext,False
"помогите узнать, в какие часы доступна служба поддержки клиентов",general_info,general_info,ikshana,False
"где я могу проверить, в какие часы я могу связаться со службой поддержки клиентов?",general_info,general_info,ikshana,False
"как мне узнать, в какое время доступна служба поддержки клиентов?",general_info,general_info,ikshana,False
"Я не знаю, как связаться со службой поддержки клиентов",general_info,general_info,ikshana,False
могу ли я связаться со службой поддержки клиентов,general_info,general_info,ikshana,False
"хочу помочь узнать, в какие часы я могу позвонить в службу поддержки клиентов",general_info,general_info,ikshana,False
"Я пытаюсь узнать, в какие часы я могу связаться со службой поддержки клиентов",general_info,general_info,ikshana,False
"Мне нужно поговорить со службой поддержки, как мне это сделать?",general_info,general_info,ikshana,False
"хочу поговорить со службой поддержки, можете ли вы мне помочь?",general_info,general_info,ikshana,False
"где посмотреть, в какие часы я могу связаться со службой поддержки?",general_info,general_info,ikshana,False
"Можете ли вы показать мне, в какое время доступна служба поддержки клиентов?",general_info,general_info,ikshana,False
"скажите мне, в какие часы я могу связаться со службой поддержки клиентов",general_info,general_info,ikshana,False
"нужно посмотреть, в какие часы я могу связаться со службой поддержки",general_info,general_info,ikshana,False
"как проверить, в какое время я могу позвонить в службу поддержки?",general_info,general_info,ikshana,False
можете помочь мне поговорить со службой поддержки клиентов,general_info,general_info,ikshana,False
"помогите мне узнать, в какие часы доступна служба поддержки клиентов",general_info,general_info,ikshana,False
"Мне нужно проверить, в какое время я могу обратиться в службу поддержки клиентов",general_info,general_info,ikshana,False
как я могу связаться со службой поддержки клиентов?,general_info,general_info,ikshana,False
Можете ли вы помочь мне связаться со службой поддержки клиентов?,general_info,general_info,ikshana,False
"мне нужна помощь, чтобы узнать, в какие часы я могу позвонить в службу поддержки клиентов",general_info,general_info,ikshana,False
"мне нужна помощь, чтобы поговорить со службой поддержки клиентов",general_info,general_info,ikshana,False
"помогите узнать, в какое время я могу связаться со службой поддержки клиентов",general_info,general_info,ikshana,False
"где мне узнать, в какое время я могу позвонить в службу поддержки клиентов",general_info,general_info,ikshana,False
"Мне нужно связаться со службой поддержки, мне нужна помощь",general_info,general_info,ikshana,False
какой у вас номер телефона службы поддержки клиентов?,general_info,general_info,ikshana,False
помогите мне связаться со службой поддержки клиентов,general_info,general_info,ikshana,False
"помогите мне узнать, в какие часы я могу связаться со службой поддержки клиентов",general_info,general_info,ikshana,False
"мне нужно проверить, в какие часы доступна поддержка клиентов",general_info,general_info,ikshana,False
как мне позвонить в службу поддержки клиентов?,general_info,general_info,ikshana,False
"где я могу проверить, в какие часы я могу обратиться в службу поддержки клиентов",general_info,general_info,ikshana,False
"Мне нужно позвонить в службу поддержки клиентов, как я могу это сделать?",general_info,general_info,ikshana,False
"помогите мне узнать, в какое время доступна служба поддержки клиентов",general_info,general_info,ikshana,False
"хочу узнать, в какое время я смогу связаться со службой поддержки",general_info,general_info,ikshana,False
не могли бы вы помочь мне поговорить со службой поддержки?,general_info,general_info,ikshana,False
"у тебя есть номер телефона, чтобы связаться с чертовой службой поддержки клиентов?",general_info,general_info,ikshana,False
какая почта службы поддержки клиентов,general_info,general_info,ikshana,False
"как узнать, в какие часы я могу связаться со службой поддержки клиентов",general_info,general_info,ikshana,False
"Мне нужно поговорить со службой поддержки, могу ли я получить помощь?",general_info,general_info,ikshana,False
"Я не знаю, что мне нужно сделать, чтобы поговорить со службой поддержки клиентов.",general_info,general_info,ikshana,False
"помогите узнать, в какие часы я могу связаться со службой поддержки",general_info,general_info,ikshana,False
"помогите мне узнать, в какие часы я могу позвонить в службу поддержки клиентов",general_info,general_info,ikshana,False
"нужна помощь, чтобы узнать, в какие часы я могу связаться со службой поддержки",general_info,general_info,ikshana,False
"Я хотел бы помочь со службой поддержки клиентов, которая могла бы мне помочь",general_info,general_info,ikshana,False
"Мне нужна помощь, чтобы позвонить в службу поддержки клиентов",general_info,general_info,ikshana,False
"мне нужна помощь, чтобы связаться со службой поддержки клиентов",general_info,general_info,ikshana,False
Я пытаюсь связаться с чертовой службой поддержки клиентов.,general_info,general_info,ikshana,False
У меня новый адрес электронной почты. Можешь отправить e-mail?,general_info,general_info,runlu,False
"Проверить, есть ли новые сообщения по электронной почте",general_info,general_info,runlu,False
Просьба представить географическую информацию о X.,general_info,general_info,runlu,False
Что такое ядерная триада?,general_info,general_info,runlu,False
"Отправь письмо моему брату и скажи, что годовщина свадьбы",general_info,general_info,runlu,False
Определить фотосинтез,general_info,general_info,runlu,False
Где Патегония?,general_info,general_info,runlu,False
Дэн прислал мне какие-нибудь письма?,general_info,general_info,runlu,False
Дайте мне описание работы мобильной батареи.,general_info,general_info,runlu,False
"Игрок, играющий в игру",general_info,general_info,runlu,False
любые последние письма,general_info,general_info,runlu,False
Сколько сообщений Джон Смит прислал мне за последние 12 месяцев?,general_info,general_info,runlu,False
Что такое Johnzena,general_info,general_info,runlu,False
Показать все электронные сообщения о контрактах,general_info,general_info,runlu,False
Мне не приходили письма за последние 5 часов?,general_info,general_info,runlu,False
"Привет, у меня есть новые письма.",general_info,general_info,runlu,False
"Директор, руководивший тем или иным действием",general_info,general_info,runlu,False
Есть какие-нибудь новые письма от...?,general_info,general_info,runlu,False
"PDA, География, пожалуйста?",general_info,general_info,runlu,False
Отправить письмо Джерри о встрече.,general_info,general_info,runlu,False
"Видишь, о чём мне писал Эндрю?",general_info,general_info,runlu,False
Есть какие-нибудь новые письма?,general_info,general_info,runlu,False
Какие особенности в таблице?,general_info,general_info,runlu,False
составить электронную почту на новый адрес,general_info,general_info,runlu,False
Мой босс прислал мне новые письма сегодня?,general_info,general_info,runlu,False
Расскажи мне о Роке!,general_info,general_info,runlu,False
"PDA, в какой части страны есть тропические леса?",general_info,general_info,runlu,False
Где... находится?,general_info,general_info,runlu,False
Найди смысл обещания.,general_info,general_info,runlu,False
Покажите мне записи Сачин Тендулкара?,general_info,general_info,runlu,False
В каком году начался бейсбол,general_info,general_info,runlu,False
Что это за родной город в театре Болшой?,general_info,general_info,runlu,False
Когда Дейви Крокетт выжил и умер?,general_info,general_info,runlu,False
"Посмотри, что это слово значит.",general_info,general_info,runlu,False
Мэл Гибсон,general_info,general_info,runlu,False
Ответ на электронную почту,general_info,general_info,runlu,False
Проверь почту за последние 12 часов,general_info,general_info,runlu,False
"Пожалуйста, предупредите меня, когда Джон напишет мне письмо.",general_info,general_info,runlu,False
"Напиши Саре, если она сегодня свободна на завтрак.",general_info,general_info,runlu,False
Что значит осциллат?,general_info,general_info,runlu,False
Кто жена Обамы?,general_info,general_info,runlu,False
Есть ли какие-нибудь письма с 4 часов вечера?,general_info,general_info,runlu,False
почта x@x.org,general_info,general_info,runlu,False
"Скажи мне, какова география в этом регионе.",general_info,general_info,runlu,False
"Ответ на письмо, полученное от Питера",general_info,general_info,runlu,False
Есть что-нибудь от Эмилии?,general_info,general_info,runlu,False
"Алекса описывает мне, как выглядит мяч.",general_info,general_info,runlu,False
любые важные уведомления.,general_info,general_info,runlu,False
Этот человек прислал любую почту.,general_info,general_info,runlu,False
У меня есть почта?,general_info,general_info,runlu,False
"мне нужно проверить часы работы, как я могу это сделать",general_info,general_info,bitext,False
"мне нужно поискать ближайший магазин, ты мне поможешь?",general_info,general_info,bitext,False
"Я хотел бы проверить часы работы вашего магазина, могу ли я это сделать",general_info,general_info,bitext,False
"Я хочу поговорить с чертовой службой поддержки, как я могу это сделать?",general_info,general_info,bitext,False
поговорить со службой поддержки клиентов,general_info,general_info,ikshana,False
"помогите мне узнать, в какое время я могу обратиться в службу поддержки клиентов",general_info,general_info,ikshana,False
"Я хочу связаться со службой поддержки клиентов, мне нужна помощь.",general_info,general_info,bitext,False
"хочу найти магазин, как мне это сделать?",general_info,general_info,bitext,False
"хочу поговорить со службой поддержки, мне нужна помощь",general_info,general_info,bitext,False
Мне нужно позвонить в службу поддержки клиентов,general_info,general_info,ikshana,False
"мне нужно проверить твои чертовы часы работы, где это сделать",general_info,general_info,bitext,False
"мне нужно поискать чертов магазин, ты мне поможешь?",general_info,general_info,bitext,False
Мне нужна помощь в разговоре с чертовой службой поддержки клиентов.,general_info,general_info,ikshana,False
"Я хотел бы узнать больше о ваших часах работы, дайте мне некоторую информацию",general_info,general_info,bitext,False
"Мне бы хотелось найти чертовы магазины, могу ли я получить помощь?",general_info,general_info,bitext,False
"Мне нужно узнать часы работы вашего магазина, помогите мне.",general_info,general_info,bitext,False
"Я хотел бы узнать больше о твоих чертовых часах работы, можешь ли ты найти какую-нибудь информацию?",general_info,general_info,bitext,False
"Мне нужна помощь, чтобы узнать, в какое время я могу позвонить в службу поддержки клиентов",general_info,general_info,ikshana,False
помогите поговорить со службой поддержки,general_info,general_info,ikshana,False
"PDA отправляет почту на компаст, что их сервис отстой.",general_info,general_info,runlu,False
"Я пытаюсь узнать, в какое время я могу позвонить в службу поддержки клиентов",general_info,general_info,ikshana,False
Где горы Рокки?,general_info,general_info,runlu,False
Что было самыми длинными зданиями в мире,general_info,general_info,runlu,False
"Мне нужно найти чертовы магазины, ты можешь мне помочь?",general_info,general_info,bitext,False
Есть что-нибудь по электронной почте за последний час?,general_info,general_info,runlu,False
у вас есть бесплатный номер для связи со службой поддержки,general_info,general_info,ikshana,False
Не могли бы вы помочь мне поговорить со службой поддержки клиентов?,general_info,general_info,bitext,False
"Мне нужно найти ближайший магазин, вы можете мне помочь?",general_info,general_info,bitext,False
"Я хотел бы найти магазины поблизости, мне нужна помощь",general_info,general_info,bitext,False
"Мне нужно проверить часы работы твоего чертового магазина, ты мне поможешь?",general_info,general_info,bitext,False
"мне нужно найти ближайший магазин, могу ли я получить помощь?",general_info,general_info,bitext,False
"Я хотел бы знать о ближайших к черту магазинах, где я могу получить больше информации?",general_info,general_info,bitext,False
"мне нужно поговорить с чертовой службой поддержки, не могли бы мне помочь",general_info,general_info,bitext,False
можно ли поговорить со службой поддержки клиентов,general_info,general_info,ikshana,False
"Мне нужно проверить твои гребаные часы покупок, могу ли я получить помощь?",general_info,general_info,bitext,False
"Пожалуйста, отправьте письмо моей маме.",general_info,general_info,runlu,False
помощь в разговоре со службой поддержки клиентов,general_info,general_info,ikshana,False
"Мне нужна информация о часах работы вашего магазина, как ее найти?",general_info,general_info,bitext,False
"как проверить, в какое время я могу связаться со службой поддержки клиентов?",general_info,general_info,ikshana,False
"Я хочу поговорить со службой поддержки, вы можете мне помочь?",general_info,general_info,ikshana,False
"нужно посмотреть часы работы вашего магазина, где это сделать",general_info,general_info,bitext,False
"хочу отправить электронное письмо в службу поддержки клиентов, могу ли я это сделать",general_info,general_info,bitext,False
"мне нужно посмотреть часы твоих покупок, мне нужна помощь",general_info,general_info,bitext,False
можно ли связаться с чертовой службой поддержки клиентов?,general_info,general_info,bitext,False
"Мне нужно найти магазины рядом со мной, помогите им.",general_info,general_info,bitext,False
У меня есть новое письмо?,general_info,general_info,runlu,False
"мне нужно поговорить со службой поддержки, чтобы это сделать",general_info,general_info,bitext,False
Я хотел бы узнать о ваших часах работы. Как мне найти дополнительную информацию?,general_info,general_info,bitext,False
"Мне нужно поискать гребаные магазины рядом со мной, мне нужна помощь.",general_info,general_info,bitext,False
"хочу позвонить в службу поддержки клиентов, где я могу это сделать",general_info,general_info,bitext,False
"Я хотел бы позвонить в службу поддержки клиентов, как я могу это сделать?",general_info,general_info,ikshana,False
"Я хотел бы найти ближайший магазин, не могли бы вы мне помочь?",general_info,general_info,bitext,False
Сделать почту для Джека,general_info,general_info,runlu,False
"Я хотел бы узнать больше о ваших часах покупок, дайте мне некоторую информацию",general_info,general_info,bitext,False
"Мне нужна информация о часах работы вашего магазина, мне нужна помощь.",general_info,general_info,bitext,False
"Мне нужно проверить часы работы твоего чертового магазина, как я могу это сделать?",general_info,general_info,bitext,False
"мне нужно проверить часы работы, где я могу это сделать",general_info,general_info,bitext,False
как мне посмотреть часы работы твоего чертового магазина?,general_info,general_info,bitext,False
помогите мне поговорить с чертовой службой поддержки,general_info,general_info,bitext,False
Прислал мне какие-нибудь письма?,general_info,general_info,runlu,False
"Я хотел бы найти чертовы магазины рядом со мной, могу ли я получить помощь?",general_info,general_info,bitext,False
Я пытаюсь найти информацию о часах работы твоего чертового магазина.,general_info,general_info,bitext,False
"мне нужно узнать, в какое время я могу связаться со службой поддержки клиентов",general_info,general_info,ikshana,False
"Мне нужно найти ближайший ко мне магазин, где я могу это сделать?",general_info,general_info,bitext,False
где ближайший магазин?,general_info,general_info,bitext,False
"мне нужно посмотреть часы работы твоего чертового магазина, где это посмотреть",general_info,general_info,bitext,False
"Я бы хотел найти чертовы магазины, как мне это сделать?",general_info,general_info,bitext,False
информация о часах работы нашего магазина,general_info,general_info,bitext,False
"Мне нужно проверить твои гребаные часы покупок, ты можешь мне помочь?",general_info,general_info,bitext,False
Мне нужна помощь с проверкой часов работы твоего чертового магазина.,general_info,general_info,bitext,False
"Я бы хотел позвонить в чертову службу поддержки, вы можете мне помочь?",general_info,general_info,bitext,False
"Мне нужно найти ближайший ко мне магазин, как это сделать?",general_info,general_info,bitext,False
"Мне нужно поговорить со службой поддержки, где я могу это сделать?",general_info,general_info,bitext,False
"нужно посмотреть, в какие часы доступна служба поддержки клиентов",general_info,general_info,ikshana,False
Мне нужно отправить ответ Шарлотте.,general_info,general_info,runlu,False
"Мне нужно позвонить в службу поддержки клиентов, как мне это сделать?",general_info,general_info,bitext,False
"Мне нужно найти магазины в моем районе, вы можете мне помочь?",general_info,general_info,bitext,False
"Я хотел бы поговорить со службой поддержки, вы мне поможете?",general_info,general_info,bitext,False
Сколько лет Мэриан Кэри?,general_info,general_info,runlu,False
"Я не знаю, как мне поговорить со службой поддержки клиентов",general_info,general_info,ikshana,False
"Мне нужно найти чертов магазин, где я могу это сделать?",general_info,general_info,bitext,False
"нужно найти ближайший ко мне магазин, могу ли я получить помощь",general_info,general_info,bitext,False
"мне нужна помощь, чтобы поговорить с чертовой службой поддержки клиентов",general_info,general_info,bitext,False
"Напиши письмо моему товарищу по компании, чтобы он представил задание завтра.",general_info,general_info,runlu,False
Я хочу поговорить со службой поддержки клиентов,general_info,general_info,ikshana,False
"Я хотел бы узнать больше о часах работы вашего чертового магазина, я дам мне некоторую информацию.",general_info,general_info,bitext,False
Мне нужно посмотреть часы работы твоего чертового магазина. Могу ли я получить помощь?,general_info,general_info,bitext,False
Мне хотелось бы узнать о твоих чертовых часах работы. Как мне найти дополнительную информацию?,general_info,general_info,bitext,False
мне нужна помощь в общении со службой поддержки,general_info,general_info,bitext,False
"Я хочу найти магазины рядом со мной, помогите мне",general_info,general_info,bitext,False
помоги мне посмотреть часы работы твоего чертового магазина,general_info,general_info,bitext,False
Есть ли электронное письмо для связи со службой поддержки?,general_info,general_info,bitext,False
Можете ли вы помочь мне найти ближайший ко мне магазин?,general_info,general_info,bitext,False
"Я ищу информацию о твоих чертовых часах посещения магазинов, как я могу ее получить?",general_info,general_info,bitext,False
"хочу узнать о часах работы вашего магазина, где я могу найти дополнительную информацию",general_info,general_info,bitext,False
Мне хотелось бы узнать о ваших часах работы. Как мне найти дополнительную информацию?,general_info,general_info,bitext,False
"мне нужно найти чертов магазин рядом со мной, помоги мне",general_info,general_info,bitext,False
как связаться со службой поддержки клиентов?,general_info,general_info,ikshana,False
"мне нужно поискать чертовы магазины рядом со мной, мне нужна помощь",general_info,general_info,bitext,False
Я хотел бы узнать больше о ближайших магазинах. Найдите некоторую информацию.,general_info,general_info,bitext,False
"мне нужна помощь, чтобы найти чертовы магазины рядом со мной",general_info,general_info,bitext,False
"мне нужно найти магазины, где я могу это сделать",general_info,general_info,bitext,False
"Мне нужна информация о часах ваших покупок, как я могу ее получить?",general_info,general_info,bitext,False
"мне бы хотелось поискать в чертовом магазине, как я мог это сделать",general_info,general_info,bitext,False
"хочу посмотреть часы работы твоего магазина, как мне это сделать?",general_info,general_info,bitext,False
"нужна помощь, чтобы узнать, в какие часы я могу обратиться в службу поддержки клиентов",general_info,general_info,ikshana,False
помогите поговорить со службой поддержки клиентов,general_info,general_info,ikshana,False
"мне нужно отправить письмо в чертову службу поддержки, где мне это сделать?",general_info,general_info,bitext,False
как мне отправить электронное письмо в службу поддержки клиентов?,general_info,general_info,bitext,False
как я могу связаться со службой поддержки клиентов,general_info,general_info,ikshana,False
"Мне нужно найти магазин поблизости, как мне это сделать?",general_info,general_info,bitext,False
"Хотелось бы узнать побольше о ближайших магазинах, не могли бы вы найти какую-нибудь информацию?",general_info,general_info,bitext,False
Ответь на письмо Кристи и скажи спасибо большое.,general_info,general_info,runlu,False
"Я хотел бы поговорить со службой поддержки клиентов, не могли бы вы мне помочь?",general_info,general_info,bitext,False
можешь помочь мне узнать час работы твоего магазина,general_info,general_info,bitext,False
могу ли я поговорить со службой поддержки клиентов,general_info,general_info,ikshana,False
"мне нужна информация о часах твоего шоппинга, как мне ее найти",general_info,general_info,bitext,False
"Я хотел бы найти магазины рядом со мной, как мне это сделать?",general_info,general_info,bitext,False
"Я хочу связаться со службой поддержки клиентов, как мне это сделать?",general_info,general_info,bitext,False
Я хотел бы узнать о ваших часах работы. Где я могу получить дополнительную информацию?,general_info,general_info,bitext,False
Я получил новые письма сегодня?,general_info,general_info,runlu,False
"Мне нужно связаться со службой поддержки, могу ли я получить помощь?",general_info,general_info,bitext,False
"Я пытаюсь узнать, в какие часы доступна служба поддержки клиентов.",general_info,general_info,ikshana,False
"как узнать, в какое время я могу позвонить в службу поддержки клиентов",general_info,general_info,ikshana,False
Я получал письма от Тима?,general_info,general_info,runlu,False
"мне нужна информация о чертовых магазинах поблизости, где я могу ее получить",general_info,general_info,bitext,False
"Я хотел бы узнать больше о ближайших к черту магазинах, вы можете дать мне некоторую информацию?",general_info,general_info,bitext,False
"Мне нужна помощь, чтобы найти ближайший магазин",general_info,general_info,bitext,False
Объясни мне о Роке!,general_info,general_info,runlu,False
"хочу отправить электронное письмо в службу поддержки клиентов, как мне это сделать?",general_info,general_info,bitext,False
Каково определение этого объекта?,general_info,general_info,runlu,False
"Я хотел бы знать о чертовых магазинах поблизости, я дам мне некоторую информацию",general_info,general_info,bitext,False
"Я хочу проверить ваши часы работы, помогите мне.",general_info,general_info,bitext,False
"Я хочу найти магазин, где я могу это сделать?",general_info,general_info,bitext,False
"Я ищу информацию о твоих чертовых часах работы, ты мне поможешь?",general_info,general_info,bitext,False
"Эхо, я получал письма от матери?",general_info,general_info,runlu,False
Что такое 50 кг в фунтах?,general_info,general_info,runlu,False
Можете ли вы помочь мне позвонить в службу поддержки?,general_info,general_info,bitext,False
"Я хочу отправить электронное письмо в службу поддержки клиентов, где мне это сделать?",general_info,general_info,bitext,False
"Я хотел бы узнать о часах работы вашего чертового магазина, как мне получить дополнительную информацию?",general_info,general_info,bitext,False
"Мне нужно проверить твои чертовы часы работы, как это сделать?",general_info,general_info,bitext,False
"чертовы продукты в моей доставке неверны, помогите мне сообщить о них",return_exchange,return_exchange,bitext,False
Я хочу обменять товар в магазине,return_exchange,return_exchange,bitext,False
"Я хотел бы сообщить о чертовски неправильных продуктах, как мне это сделать?",return_exchange,return_exchange,bitext,False
"Я хотел бы вернуть чертовы товары онлайн, могу ли я получить помощь?",return_exchange,return_exchange,bitext,False
"некоторые продукты неправильные, можете ли вы помочь мне сообщить о них?",return_exchange,return_exchange,bitext,False
"один из чертовых товаров, которые я получил, неправильный, помогите мне сообщить об этом",return_exchange,return_exchange,bitext,False
"чертов товар, который я получил, неправильный",return_exchange,return_exchange,bitext,False
"не могли бы вы помочь мне обменять некоторые чертовы товары, которые я купил?",return_exchange,return_exchange,bitext,False
"Мне нужно обменять чертов товар в магазине, как я могу это сделать?",return_exchange,return_exchange,bitext,False
"Мне нужно вернуть деньги, как мне это сделать?",return_exchange,return_exchange,bitext,False
"Я ищу информацию о твоем чертовом процессе возвращения, где я могу ее получить?",return_exchange,return_exchange,bitext,False
"Я хочу вернуть деньги, мне нужна помощь, чтобы их получить.",return_exchange,return_exchange,bitext,False
"Товар, который я получил, был раздавлен. Не могли бы вы помочь мне сообщить об этом?",return_exchange,return_exchange,bitext,False
"помогите мне вернуть товар, который я купил онлайн в магазине",return_exchange,return_exchange,bitext,False
"Мне нужно обменять купленный товар, как это сделать?",return_exchange,return_exchange,bitext,False
"Я хочу обменять товар в магазине, вы мне поможете?",return_exchange,return_exchange,bitext,False
"один из заказанных мной товаров был чертовски поврежден во время отправки, мог бы сообщить об этом",return_exchange,return_exchange,bitext,False
"мне нужно обменять товар, который я купил онлайн, в магазине, где мне это сделать",return_exchange,return_exchange,bitext,False
"мне нужно вернуть онлайн-заказ, мне нужна помощь",return_exchange,return_exchange,bitext,False
как получить чертову компенсацию,return_exchange,return_exchange,bitext,False
"мне нужно вернуть чертов заказ онлайн, как я могу это сделать",return_exchange,return_exchange,bitext,False
"доставленные продукты Soem чертовски раздавлены, можете сообщить об этом",return_exchange,return_exchange,bitext,False
"Мне нужно отправить чертов товар обратно, где я могу это сделать?",return_exchange,return_exchange,bitext,False
"мне нужно обменять чертов товар, который я купил в магазине онлайн",return_exchange,return_exchange,bitext,False
"Мне бы хотелось увидеть, что ваша политика возврата поможет мне",return_exchange,return_exchange,bitext,False
"мне нужна помощь, чтобы отправить обратно чертов товар",return_exchange,return_exchange,bitext,False
"нужно отправить обратный заказ, не могли бы вы мне помочь?",return_exchange,return_exchange,bitext,False
"Я хочу обменять купленные мной чертовы товары, могу ли я получить помощь?",return_exchange,return_exchange,bitext,False
"могу ли я вернуть товар, купленный онлайн, в магазине",return_exchange,return_exchange,bitext,False
"чертов продукт, который я получил, неправильный, не могли бы вы помочь мне сообщить об этом?",return_exchange,return_exchange,bitext,False
"Мне нужно обменять товар, купленный онлайн, в магазине. Могу ли я получить помощь?",return_exchange,return_exchange,bitext,False
"мне нужно вернуть чертовы товары из интернета, могу ли я это сделать",return_exchange,return_exchange,bitext,False
"один из заказанных мной товаров был чертовски поврежден при доставке, сообщите об этом",return_exchange,return_exchange,bitext,False
"Я требую возврата денег, мне нужна помощь.",return_exchange,return_exchange,bitext,False
"чертов предмет, который я получил, был сломан, как я мог об этом сообщить?",return_exchange,return_exchange,bitext,False
"Мне нужно вернуть чертов товар онлайн, могу ли я это сделать?",return_exchange,return_exchange,bitext,False
"Мне нужна помощь, чтобы вернуть товар онлайн",return_exchange,return_exchange,bitext,False
"Мне нужно обменять товар, который я купил онлайн, в магазине. Как это сделать?",return_exchange,return_exchange,bitext,False
могу ли я отправить обратно этот чертов товар?,return_exchange,return_exchange,bitext,False
"мне нужна информация о чертовом товаре в магазине, где я могу его найти",return_exchange,return_exchange,bitext,False
Я хочу отправить обратно чертову вещь. Не могли бы вы мне помочь?,return_exchange,return_exchange,bitext,False
"Мне нравится информация о товаре в магазине, где я могу его получить",return_exchange,return_exchange,bitext,False
"Я бы хотел обменять товар в магазине, как это сделать",return_exchange,return_exchange,bitext,False
"Я хотел бы вернуть чертов товар, как мне это сделать?",return_exchange,return_exchange,bitext,False
"хочу узнать больше о твоем чертовом процессе возврата, могу найти некоторую информацию",return_exchange,return_exchange,bitext,False
"Товары, которые я заказал, неверны. Не могли бы вы помочь мне сообщить о них?",return_exchange,return_exchange,bitext,False
как мне вернуть чертов товар онлайн,return_exchange,return_exchange,bitext,False
"Я хотел бы вернуть товар онлайн, могу ли я получить помощь?",return_exchange,return_exchange,bitext,False
один из полученных мной предметов был раздавлен. Вы поможете мне сообщить об этом?,return_exchange,return_exchange,bitext,False
где мне обменять эту чертову вещь,return_exchange,return_exchange,bitext,False
"гребаный продукт, который я получил, был раздавлен. Не могли бы вы помочь мне сообщить об этом?",return_exchange,return_exchange,bitext,False
где я могу обменять этот чертов товар?,return_exchange,return_exchange,bitext,False
"Мне нужно обменять чертов товар, который я купил в магазине, ты мне поможешь?",return_exchange,return_exchange,bitext,False
"Я бы хотел отправить чертов заказ обратно, как мне это сделать?",return_exchange,return_exchange,bitext,False
"Я хочу вернуть купленный товар, что мне делать?",return_exchange,return_exchange,bitext,False
"мне нужно потребовать вернуть деньги, как я мог это сделать",return_exchange,return_exchange,bitext,False
Заказанная мной посылка была раздавлена. Не могли бы вы помочь мне сообщить об этом?,return_exchange,return_exchange,bitext,False
"хочу увидеть твой чертов процесс возврата, мог бы мне помочь",return_exchange,return_exchange,bitext,False
мне нужна помощь в обмене этого чертового товара,return_exchange,return_exchange,bitext,False
"Мне нужна информация о политике возврата, где я могу ее получить",return_exchange,return_exchange,bitext,False
Не могли бы вы помочь мне вернуть товары онлайн?,return_exchange,return_exchange,bitext,False
"мой заказ отменен, помогите мне сообщить об этом",return_exchange,return_exchange,bitext,False
"хочу вернуть чертовы заказы онлайн, где это сделать",return_exchange,return_exchange,bitext,False
"один из предметов в моей посылке поврежден, помогите мне сообщить об этом",return_exchange,return_exchange,bitext,False
"хочу вернуть чертову вещь, которую я купил в магазине онлайн, могу ли я это сделать",return_exchange,return_exchange,bitext,False
"помогите мне обменять товар, который я купил онлайн в магазине",return_exchange,return_exchange,bitext,False
Я бы хотел вернуть чертовы товары онлайн,return_exchange,return_exchange,bitext,False
"мне нужна информация о твоем чертовом процессе возврата, могу я ее получить",return_exchange,return_exchange,bitext,False
"мне нужно запросить возмещение, где я могу это сделать",return_exchange,return_exchange,bitext,False
"Я хотел бы запросить возврат средств, мне нужна помощь",return_exchange,return_exchange,bitext,False
не могли бы вы помочь мне сообщить о чертовски неправильном продукте?,return_exchange,return_exchange,bitext,False
"Мне нужно вернуть чертов заказ онлайн, помогите мне.",return_exchange,return_exchange,bitext,False
"хочу обменять товары, как это сделать",return_exchange,return_exchange,bitext,False
как я могу увидеть вашу политику поворота?,return_exchange,return_exchange,bitext,False
"не могли бы вы помочь мне обменять чертов товар, который я купил в магазине онлайн?",return_exchange,return_exchange,bitext,False
"Я хотел бы вернуть товар, как это сделать?",return_exchange,return_exchange,bitext,False
"Мне нужно вернуть заказ онлайн, мне нужна помощь",return_exchange,return_exchange,bitext,False
"один из предметов в моей посылке неправильный, как мне об этом сообщить?",return_exchange,return_exchange,bitext,False
"Я хочу отправить купленный товар обратно, что я могу сделать?",return_exchange,return_exchange,bitext,False
ты поможешь мне отправить обратно этот чертов заказ?,return_exchange,return_exchange,bitext,False
"мне нужно обменять чертову вещь, которую я купил в магазине, мне нужна помощь",return_exchange,return_exchange,bitext,False
"мне нужно отправить обратно чертов товар, где это сделать",return_exchange,return_exchange,bitext,False
"Я хочу вернуть товар, купленный онлайн, в магазин, как я могу это сделать?",return_exchange,return_exchange,bitext,False
не могли бы вы помочь мне получить гребаный возврат денег?,return_exchange,return_exchange,bitext,False
Я хотел бы проверить ваши правила возврата. Не могли бы вы мне помочь?,return_exchange,return_exchange,bitext,False
"Я пытаюсь найти чертову компенсацию, помогите мне.",return_exchange,return_exchange,bitext,False
"нужно отправить этот чертов товар обратно, где я могу это сделать",return_exchange,return_exchange,bitext,False
"мне нужно вернуть чертов товар онлайн, как я могу это сделать",return_exchange,return_exchange,bitext,False
"Я ищу гребаный возврат денег, помогите мне.",return_exchange,return_exchange,bitext,False
"некоторые продукты в моей посылке указаны неверно, мне нужна помощь, чтобы сообщить о них",return_exchange,return_exchange,bitext,False
"Я ищу информацию о офигенном товаре в магазине, где я могу его найти?",return_exchange,return_exchange,bitext,False
одна из посылок в моей доставке чертовски сломана. Не могли бы вы помочь мне сообщить об этом?,return_exchange,return_exchange,bitext,False
как мне вернуть некоторые товары в магазин?,return_exchange,return_exchange,bitext,False
куда я могу отправить обратно этот чертов товар?,return_exchange,return_exchange,bitext,False
"Мне нужно чертово возмещение, могу ли я его запросить?",return_exchange,return_exchange,bitext,False
"Я бы хотел вернуть чертовы вещи из Интернета, как мне это сделать?",return_exchange,return_exchange,bitext,False
"моя чертова доставка неправильная, я хочу сообщить об этом",return_exchange,return_exchange,bitext,False
"хочу обменять купленный товар, помогите мне",return_exchange,return_exchange,bitext,False
"Я хотел бы вернуть товар, купленный онлайн в магазине, вы мне поможете?",return_exchange,return_exchange,bitext,False
"Я хотел бы отправить товар обратно, где я могу это сделать",return_exchange,return_exchange,bitext,False
"Я хотел бы вернуть чертов товар, который я купил в магазине онлайн, помогите мне.",return_exchange,return_exchange,bitext,False
"мне нужно вернуть чертов товар, который я купил в магазине онлайн, как я могу это сделать",return_exchange,return_exchange,bitext,False
"Я получил продукт не той модели, мне нужна помощь, чтобы сообщить об этом",return_exchange,return_exchange,bitext,False
"Я хотел бы узнать о вашей чертовой политике возврата, где я могу получить дополнительную информацию",return_exchange,return_exchange,bitext,False
"один из продуктов, которые я купил, был чертовски раздавлен, можно ли сообщить об этом?",return_exchange,return_exchange,bitext,False
"мне нужно посмотреть твои правила возврата, где мне это сделать",return_exchange,return_exchange,bitext,False
"Я указал неправильный товар, мне нужна помощь, чтобы сообщить об этом",return_exchange,return_exchange,bitext,False
"Я хочу получить возмещение, вы мне поможете?",return_exchange,return_exchange,bitext,False
"Я хочу обменять чертов товар, где я могу это сделать?",return_exchange,return_exchange,bitext,False
"Я хочу отправить обратно купленный товар, могу ли я получить помощь?",return_exchange,return_exchange,bitext,False
"какой-то чертов предмет неправильный, помогите мне сообщить об этом",return_exchange,return_exchange,bitext,False
как мне вернуть некоторые чертовы вещи вне периода возврата?,return_exchange,return_exchange,bitext,False
Мне нужна помощь в обмене чертовой вещи в магазине.,return_exchange,return_exchange,bitext,False
"мне нужно вернуть чертов товар, который я купил в магазине, где я могу это сделать",return_exchange,return_exchange,bitext,False
"мне нужно вернуть чертов товар, может мне поможет",return_exchange,return_exchange,bitext,False
"мне нужно обменять гребаный заказ, который я купил, помогите мне",return_exchange,return_exchange,bitext,False
"некоторые чертовы продукты, которые я получил, были сломаны, помогите мне сообщить о них",return_exchange,return_exchange,bitext,False
"мне нужно обменять чертову вещь, которую я купил в магазине, где мне это сделать",return_exchange,return_exchange,bitext,False
можешь ли ты помочь мне вернуть товар онлайн?,return_exchange,return_exchange,bitext,False
"Я хотел бы обменять некоторые купленные вещи, где мне это сделать",return_exchange,return_exchange,bitext,False
"Мне нужна помощь в обмене товара, который я купил онлайн в магазине.",return_exchange,return_exchange,bitext,False
"Мне нужна помощь, чтобы отправить обратно чертов товар.",return_exchange,return_exchange,bitext,False
"Мне нужна информация о вашем процессе возврата, как я могу ее получить?",return_exchange,return_exchange,bitext,False
Мне нужна помощь для обмена купленных мной товаров,return_exchange,return_exchange,bitext,False
"продукт, который я заказал, неправильный, помогите мне сообщить об этом",return_exchange,return_exchange,bitext,False
"мне нужна информация о чертовом товаре в магазине, где я могу его получить",return_exchange,return_exchange,bitext,False
как обменять товар в магазине?,return_exchange,return_exchange,bitext,False
"Я купил товар, но хочу отправить его обратно. Можете мне помочь?",return_exchange,return_exchange,bitext,False
"чертов товар в моей посылке неправильный, сообщите об этом",return_exchange,return_exchange,bitext,False
"отправленный товар чертовски раздавлен, могу ли я сообщить об этом?",return_exchange,return_exchange,bitext,False
"Я хотел бы запросить возврат средств, могу ли я получить некоторую помощь?",return_exchange,return_exchange,bitext,False
"Я бы хотел вернуть чертов товар онлайн, где мне это сделать?",return_exchange,return_exchange,bitext,False
"Я бы хотел отправить чертов заказ обратно, ты мне поможешь?",return_exchange,return_exchange,bitext,False
можно ли вернуть чертов товар?,return_exchange,return_exchange,bitext,False
"Я хочу возмещение, вы поможете мне его запросить?",return_exchange,return_exchange,bitext,False
"Я хотел бы получить чертову компенсацию, где я могу это сделать?",return_exchange,return_exchange,bitext,False
"т. е. если вы хотите сообщить о неправильном продукте, это может мне помочь.",return_exchange,return_exchange,bitext,False
"Я хочу, чтобы хелп вернул чертов товар",return_exchange,return_exchange,bitext,False
"Я хочу чертово возмещение, ты поможешь мне его запросить?",return_exchange,return_exchange,bitext,False
"нужно обменять чертову вещь, как я могу это сделать",return_exchange,return_exchange,bitext,False
"Я хочу потребовать чертовски возмещение, где я могу это сделать?",return_exchange,return_exchange,bitext,False
возможен ли обмен товара в магазине,return_exchange,return_exchange,bitext,False
"чертов товар, который я заказал, неправильный, мне нужна помощь, чтобы сообщить об этом",return_exchange,return_exchange,bitext,False
"Мне нужна компенсация, как я могу ее получить?",return_exchange,return_exchange,bitext,False
я ищу возмещение,return_exchange,return_exchange,bitext,False
"Мне нужно вернуть товар, купленный онлайн, в магазин. Могу ли я получить помощь?",return_exchange,return_exchange,bitext,False
"Мне нужно вернуть чертову вещь онлайн, ты можешь мне помочь?",return_exchange,return_exchange,bitext,False
как обменять купленные мной чертовы товары?,return_exchange,return_exchange,bitext,False
"какие чертовы вещи, которые я получил, неправильные, вы поможете мне сообщить о них?",return_exchange,return_exchange,bitext,False
некоторые предметы сломаны. Можете ли вы помочь мне сообщить о них?,return_exchange,return_exchange,bitext,False
Можете ли вы помочь мне проверить вашу политику возврата?,return_exchange,return_exchange,bitext,False
"моя посылка была чертовски повреждена при доставке, можете ли вы сообщить об этом?",return_exchange,return_exchange,bitext,False
как я могу найти информацию о товаре в магазине,return_exchange,return_exchange,bitext,False
"Я хочу обменять эти чертовы заказы, которые я купил, где мне это сделать?",return_exchange,return_exchange,bitext,False
"гребаный продукт, который я получил, был раздавлен, мог бы сообщить об этом",return_exchange,return_exchange,bitext,False
"Я должен запросить возмещение, как я могу это сделать?",return_exchange,return_exchange,bitext,False
"Мне нужно вернуть товар, купленный онлайн, в магазин. Можете ли вы мне помочь?",return_exchange,return_exchange,bitext,False
"Я хотел бы вернуть в магазин чертов товар, купленный в Интернете, где я могу это сделать?",return_exchange,return_exchange,bitext,False
Я хотел бы запросить возмещение,return_exchange,return_exchange,bitext,False
"чертовы продукты, которые я заказал, неверны. Вы поможете мне сообщить о них?",return_exchange,return_exchange,bitext,False
"мне нужно вернуть товары онлайн, могу ли я получить помощь",return_exchange,return_exchange,bitext,False
"мне нужно вернуть заказ, только где мне это сделать",return_exchange,return_exchange,bitext,False
"Я ищу информацию о чертовом товаре в магазине, мне нужна помощь.",return_exchange,return_exchange,bitext,False
"я купил товар, но он мне не нравится, можно ли отправить его обратно",return_exchange,return_exchange,bitext,False
"Я хотел бы вернуть чертовы товары из Интернета, мне нужна помощь",return_exchange,return_exchange,bitext,False
"Мне нужно отправить товар обратно, могу ли я получить помощь?",return_exchange,return_exchange,bitext,False
"Мне нужно обменять купленные мной чертовы заказы, как это сделать?",return_exchange,return_exchange,bitext,False
"Я хочу вернуть чертову вещь, купленную в интернет-магазине, мне нужна помощь",return_exchange,return_exchange,bitext,False
"Мне нужно вернуть деньги, помогите мне.",return_exchange,return_exchange,bitext,False
Я бы хотел вернуть чертов товар онлайн,return_exchange,return_exchange,bitext,False
как я могу вернуть некоторые чертовы товары вне срока возврата?,return_exchange,return_exchange,bitext,False
"Я хочу отправить товар обратно, как мне это сделать?",return_exchange,return_exchange,bitext,False
"я должен сообщить о неправильном товаре, вы мне поможете?",return_exchange,return_exchange,bitext,False
"Я хотел бы вернуть товар, который я купил в магазине онлайн",return_exchange,return_exchange,bitext,False
"моя посылка прибыла чертовски поврежденной, не могли бы вы помочь мне сообщить об этом?",return_exchange,return_exchange,bitext,False
как я могу вернуть товар в магазин,return_exchange,return_exchange,bitext,False
мне нужна помощь в обмене купленных мной товаров,return_exchange,return_exchange,bitext,False
"Я бы хотел вернуть этот чертов заказ, мне нужна помощь.",return_exchange,return_exchange,bitext,False
"Я хотел бы обменять некачественный товар в магазине, где я могу это сделать?",return_exchange,return_exchange,bitext,False
"мне нужно обменять товар в магазине, как я могу это сделать",return_exchange,return_exchange,bitext,False
"Мне нужно вернуть чертов заказ, помогите мне.",return_exchange,return_exchange,bitext,False
"Я хотел бы вернуть товар, купленный онлайн, в магазин. Можете ли вы мне помочь?",return_exchange,return_exchange,bitext,False
"можно ли вернуть некоторые товары, которые были по акции",return_exchange,return_exchange,bitext,False
"Я хочу обменять в магазине чертов товар, купленный онлайн, как мне это сделать?",return_exchange,return_exchange,bitext,False
"Я хотел бы обменять товар в магазине, могу ли я получить помощь?",return_exchange,return_exchange,bitext,False
куда вернуть чертов товар онлайн,return_exchange,return_exchange,bitext,False
"Мне нужно увидеть твою чертову обратную почту, как я могу это сделать?",return_exchange,return_exchange,bitext,False
"мне нужно запросить чертов возврат денег, мне нужна помощь",return_exchange,return_exchange,bitext,False
"некоторые предметы чертовски повреждены, как мне сообщить о них?",return_exchange,return_exchange,bitext,False
как мне увидеть твою чертову политику возврата?,return_exchange,return_exchange,bitext,False
"я купил товар, но хочу вернуть его, мне нужна помощь",return_exchange,return_exchange,bitext,False
"мне нужно запросить возмещение, можете ли вы мне помочь?",return_exchange,return_exchange,bitext,False
"Я хочу вернуть товары онлайн, мне нужна помощь",return_exchange,return_exchange,bitext,False
"Я хочу вернуть заказы онлайн, где мне это сделать?",return_exchange,return_exchange,bitext,False
"если я хочу обменять то, что купил, это поможет мне",return_exchange,return_exchange,bitext,False
"в моей доставке поврежденный товар, не могли бы вы помочь мне сообщить об этом?",return_exchange,return_exchange,bitext,False
"Я бы хотел вернуть деньги, где мне это сделать?",return_exchange,return_exchange,bitext,False
"Мне нужна чертова компенсация, помоги мне ее получить.",return_exchange,return_exchange,bitext,False
Я бы не хотел требовать возврата денег. Не могли бы вы мне помочь?,return_exchange,return_exchange,bitext,False
"Я бы хотел обменять чертов товар в магазине, где я могу это сделать?",return_exchange,return_exchange,bitext,False
"я купил товар, но он мне не нравится, могу ли я его вернуть?",return_exchange,return_exchange,bitext,False
"Я хочу вернуть купленный товар, мне нужна помощь",return_exchange,return_exchange,bitext,False
"мне нужно обменять товар, который я купил в магазине ni store, как мне это сделать",return_exchange,return_exchange,bitext,False
"Товар, который я получил, неправильный, мне нужна помощь, чтобы сообщить об этом",return_exchange,return_exchange,bitext,False
"Мне нужно вернуть в магазин чертов товар, который я купил в Интернете. Могу ли я получить помощь?",return_exchange,return_exchange,bitext,False
"некоторые чертовы вещи в моей посылке неправильные, не могли бы вы сообщить о них?",return_exchange,return_exchange,bitext,False
один из купленных мною предметов был чертовски раздавлен. Вы поможете мне сообщить об этом?,return_exchange,return_exchange,bitext,False
"мне нужно обменять кое-какие вещи, которые я купил, мне нужна помощь",return_exchange,return_exchange,bitext,False
"Мне нужно потребовать возврат средств, где я могу это сделать?",return_exchange,return_exchange,bitext,False
"Я хочу вернуть товар онлайн, где я могу это сделать?",return_exchange,return_exchange,bitext,False
"Я хочу обменять купленный мной чертов товар, где мне это сделать?",return_exchange,return_exchange,bitext,False
"Я хочу сообщить о сломанном товаре, как мне это сделать?",return_exchange,return_exchange,bitext,False
где я могу вернуть чертов заказ онлайн,return_exchange,return_exchange,bitext,False
"Я хочу узнать о вашей чертовой политике возврата, можете ли вы найти какую-нибудь информацию?",return_exchange,return_exchange,bitext,False
"мне нужно проверить твою чертову политику возврата, как я могу это сделать",return_exchange,return_exchange,bitext,False
чертовы продукты в моей доставке неверны. Не могли бы вы помочь мне сообщить о них?,return_exchange,return_exchange,bitext,False
нужно обменять товар в магазине как это сделать,return_exchange,return_exchange,bitext,False
"Мне нужно вернуть товар онлайн, как я могу это сделать?",return_exchange,return_exchange,bitext,False
"я хочу вернуть деньги, помогите мне запросить это",return_exchange,return_exchange,bitext,False
"Мне нужно вернуть товар онлайн, где я могу это сделать?",return_exchange,return_exchange,bitext,False
"Мне нужно обменять купленные вещи, где это сделать?",return_exchange,return_exchange,bitext,False
"Я хотел бы обменять некоторые товары, где это сделать?",return_exchange,return_exchange,bitext,False
"чертов продукт, который я получил, был поврежден, мне нужна помощь, чтобы сообщить об этом",return_exchange,return_exchange,bitext,False
Я ищу информацию о твоем чертовом процессе возврата.,return_exchange,return_exchange,bitext,False
"Мне нужно обменять товар в магазине, вы мне поможете?",return_exchange,return_exchange,bitext,False
"некоторые предметы сломаны, вы поможете мне сообщить о них?",return_exchange,return_exchange,bitext,False
"Я хотел бы вернуть чертову вещь, вы можете мне помочь?",return_exchange,return_exchange,bitext,False
"мне нужно вернуть чертовы вещи онлайн, как это сделать",return_exchange,return_exchange,bitext,False
"Мне нужно получить возмещение, мне нужна помощь",return_exchange,return_exchange,bitext,False
"Мне нужно вернуть товар, купленный онлайн, в магазин, где мне это сделать?",return_exchange,return_exchange,bitext,False
"Я ищу информацию о чертовом товаре в магазине, помогите мне.",return_exchange,return_exchange,bitext,False
"Я хотел бы обменять купленный товар, не могли бы вы мне помочь?",return_exchange,return_exchange,bitext,False
"мне нужно вернуть товар онлайн, как это сделать",return_exchange,return_exchange,bitext,False
могу ли я вернуть некоторые чертовы вещи в магазине,return_exchange,return_exchange,bitext,False
"Мне нужно вернуть деньги, как это сделать?",return_exchange,return_exchange,bitext,False
"один из купленных мной товаров был чертовски поврежден, могу ли я сообщить об этом?",return_exchange,return_exchange,bitext,False
"некоторые товары повреждены, сообщите об этом",return_exchange,return_exchange,bitext,False
"мне не нравится то, что я купил, ты поможешь мне это проверить?",return_exchange,return_exchange,bitext,False
Можете ли вы помочь мне обменять купленные мной товары?,return_exchange,return_exchange,bitext,False
Можно ли вернуть товар в магазине?,return_exchange,return_exchange,bitext,False
помогите мне вернуть чертов товар,return_exchange,return_exchange,bitext,False
можно ли вернуть некоторые чертовы вещи в магазин?,return_exchange,return_exchange,bitext,False
Можете ли вы помочь мне обменять товар в магазине?,return_exchange,return_exchange,bitext,False
"чертовы вещи, которые я получил, были чертовски повреждены, я хочу сообщить о них",return_exchange,return_exchange,bitext,False
"Мне нужна информация о твоем чертовом процессе возвращения, как я могу ее получить?",return_exchange,return_exchange,bitext,False
как я могу вернуть некоторые чертовы вещи в магазин?,return_exchange,return_exchange,bitext,False
"не мог бы ты помочь мне обменять некоторые чертовы вещи, которые я купил?",return_exchange,return_exchange,bitext,False
"Я хотел бы вернуть товар, купленный в Интернете, в магазине, где я могу это сделать",return_exchange,return_exchange,bitext,False
Мне нужно обменять чертов товар в магазине.,return_exchange,return_exchange,bitext,False
"могу ли я обменять эти чертовы заказы, которые купил?",return_exchange,return_exchange,bitext,False
"Я хочу обменять товар, купленный онлайн, в магазине, как мне это сделать?",return_exchange,return_exchange,bitext,False
Мне нужно отправить обратно чертов заказ,return_exchange,return_exchange,bitext,False
"Я хочу отправить товар обратно, вы мне поможете?",return_exchange,return_exchange,bitext,False
"мне нужно обменять предметы, где мне это сделать",return_exchange,return_exchange,bitext,False
"Я хотел бы обменять товар, купленный онлайн, в магазине, где я могу это сделать?",return_exchange,return_exchange,bitext,False
"мне нужно обменять купленные вещи, как я могу это сделать",return_exchange,return_exchange,bitext,False
"мне нужна помощь, чтобы запросить гребаный возврат средств",return_exchange,return_exchange,bitext,False
"Я хочу вернуть заказы онлайн, где я могу это сделать?",return_exchange,return_exchange,bitext,False
"Мне нужно обменять в магазине чертову вещь, купленную в Интернете, как я могу это сделать?",return_exchange,return_exchange,bitext,False
мне нужно обменять товар,return_exchange,return_exchange,bitext,False
мне нужна информация о вашей политике возврата,return_exchange,return_exchange,bitext,False
"Я хочу сообщить о чертовски неправильных товарах, мне нужна помощь",return_exchange,return_exchange,bitext,False
Мне нужно обменять купленный товар,return_exchange,return_exchange,bitext,False
"Я хочу вернуть товар, купленный онлайн, в магазин, как мне это сделать?",return_exchange,return_exchange,bitext,False
"мне не нравится то, что я купил, как я мог это увидеть",return_exchange,return_exchange,bitext,False
"некоторые элементы у меня неправильные, я хочу сообщить о них",return_exchange,return_exchange,bitext,False
"Мне нужно сообщить о раздавленном продукте, могу ли я получить помощь?",return_exchange,return_exchange,bitext,False
можно ли добиться возврата денег?,return_exchange,return_exchange,bitext,False
"Мне нужно обменять чертов товар, могу ли я получить помощь?",return_exchange,return_exchange,bitext,False
куда отправить чертов заказ обратно?,return_exchange,return_exchange,bitext,False
"Я хотел бы вернуть товар онлайн, как я могу это сделать?",return_exchange,return_exchange,bitext,False
"мне нужно отправить заказ обратно, я получу помощь",return_exchange,return_exchange,bitext,False
необходимо запросить возмещение,return_exchange,return_exchange,bitext,False
"Мне нужно вернуть чертову вещь, купленную в интернет-магазине, не могли бы вы мне помочь?",return_exchange,return_exchange,bitext,False
У меня чертов предмет не того размера.,return_exchange,return_exchange,bitext,False
"Мне нужна информация о товаре в магазине, где я могу ее получить?",return_exchange,return_exchange,bitext,False
"Я хочу возмещение, я хотел бы получить его",return_exchange,return_exchange,bitext,False
как вернуть товар в магазин,return_exchange,return_exchange,bitext,False
"Мне нужно обменять товары, как я могу это сделать?",return_exchange,return_exchange,bitext,False
не могли бы вы помочь мне отправить товар обратно?,return_exchange,return_exchange,bitext,False
"один из продуктов неправильный, можно ли об этом сообщить?",return_exchange,return_exchange,bitext,False
"как я могу вернуть товар, купленный онлайн, в магазине?",return_exchange,return_exchange,bitext,False
"помогите мне вернуть чертов товар, который я купил в магазине онлайн",return_exchange,return_exchange,bitext,False
"Я хотел бы обменять товар в магазине, где я могу это сделать?",return_exchange,return_exchange,bitext,False
"Я хочу обменять товар, где я могу это сделать?",return_exchange,return_exchange,bitext,False
не могли бы вы помочь мне вернуть товар онлайн?,return_exchange,return_exchange,bitext,False
"мне нужно вернуть товар онлайн, где я могу это сделать",return_exchange,return_exchange,bitext,False
"Этот чертов товар, который я получил, неправильный, можете ли вы помочь мне сообщить об этом?",return_exchange,return_exchange,bitext,False
"Мне нужно обменять некоторые товары, могу ли я получить помощь?",return_exchange,return_exchange,bitext,False
Я хочу знать о вашем процессе возврата,return_exchange,return_exchange,bitext,False
"Я хотел бы вернуть товар, купленный в Интернете, в магазине, где это сделать",return_exchange,return_exchange,bitext,False
"Мне нужно вернуть в магазин чертов товар, который я купил в Интернете. Вы мне поможете?",return_exchange,return_exchange,bitext,False
"Я должен сообщить о чертовски неправильных товарах, мне нужна помощь",return_exchange,return_exchange,bitext,False
"заказанная мной чертова посылка была раздавлена, как я могу об этом сообщить?",return_exchange,return_exchange,bitext,False
Я ищу возврат средств,return_exchange,return_exchange,bitext,False
"мне нужно потребовать возврат средств, как это сделать",return_exchange,return_exchange,bitext,False
Я хочу увидеть стоимость рассылки,delivery,delivery,bitext,False
"моя доставка была задержана, мне нужна помощь, чтобы сообщить о проблемах с доставкой",delivery,delivery,bitext,False
"нужно сообщить о проблемах с доставкой моего заказа, где это сделать",delivery,delivery,bitext,False
"Я ищу информацию о чертовой дате доставки моей покупки, мне нужна помощь.",delivery,delivery,bitext,False
"я не получил посылку, мне нужна помощь, чтобы сообщить о проблеме с доставкой",delivery,delivery,bitext,False
помогите мне сообщить о проблеме с доставкой моей посылки,delivery,delivery,bitext,False
"Я хотел бы увидеть срок доставки моей покупки, как это сделать?",delivery,delivery,bitext,False
"Я хочу проверить стоимость рассылки, могу ли я это сделать?",delivery,delivery,bitext,False
"хочу узнать больше о сроках доставки моей покупки, дашь мне некоторую информацию?",delivery,delivery,bitext,False
"Я хотел бы увидеть чертовы сроки доставки моего заказа, как это сделать?",delivery,delivery,bitext,False
"Мне хотелось бы узнать о чертовой дате доставки, как я могу получить дополнительную информацию?",delivery,delivery,bitext,False
"я не получил свой заказ, как я могу сообщить о проблемах с доставкой",delivery,delivery,bitext,False
"Я ищу информацию о дате доставки моей покупки, мне нужна помощь",delivery,delivery,bitext,False
"мне нужно проверить время доставки моей покупки, могу ли я получить помощь",delivery,delivery,bitext,False
"мне нужно сообщить о чертовой проблеме с доставкой, где я могу это сделать",delivery,delivery,bitext,False
мне нужна помощь в определении даты доставки моей покупки,delivery,delivery,bitext,False
"моя посылка потерялась, можете ли вы помочь мне сообщить о проблеме с доставкой?",delivery,delivery,bitext,False
"моя посылка потерялась, куда сообщить о проблемах с доставкой?",delivery,delivery,bitext,False
"Я хотел бы узнать о времени доставки, можете ли вы найти какую-нибудь информацию?",delivery,delivery,bitext,False
"хочу увидеть чертову стоимость пересылки, где я могу это сделать",delivery,delivery,bitext,False
"Мне не хватает некоторых продуктов, которые я купил, мне нужна помощь, чтобы сообщить о них",delivery,delivery,bitext,False
"Мне не хочется видеть время доставки моего заказа, как я могу это сделать?",delivery,delivery,bitext,False
"Я хочу узнать стоимость доставки, где мне это сделать?",delivery,delivery,bitext,False
"моя доставка была задержана, я хотел бы сообщить о чертовых проблемах с доставкой",delivery,delivery,bitext,False
"моя посылка была отправлена ​​не на тот адрес, я должен сообщить о чертовых проблемах с доставкой",delivery,delivery,bitext,False
"Я получил не все купленные товары, куда сообщить о недостающих товарах?",delivery,delivery,bitext,False
"Я не получил свой заказ, мне нужна помощь, чтобы сообщить о проблемах с доставкой.",delivery,delivery,bitext,False
"мне бы хотелось увидеть чертов срок доставки моего заказа, где это сделать",delivery,delivery,bitext,False
"Я хотел бы проверить чертову стоимость пересылки, мне поможет",delivery,delivery,bitext,False
"хочу знать о чертовых расходах на пересылку, найдешь ли ты какую-нибудь информацию?",delivery,delivery,bitext,False
"Мне нравится информация о чертовых расходах на рассылку, где бы она ни была, я ее получу",delivery,delivery,bitext,False
"Я хочу узнать стоимость доставки, как мне это сделать?",delivery,delivery,bitext,False
"Мне нужно проверить дату доставки, мне нужна помощь",delivery,delivery,bitext,False
"Мне нужно увидеть дату доставки, вы мне поможете?",delivery,delivery,bitext,False
"один из товаров из моего заказа не доставлен, помогите мне сообщить об этом",delivery,delivery,bitext,False
хочу увидеть чертову стоимость доставки,delivery,delivery,bitext,False
"Я хочу узнать о стоимости пересылки, как я могу найти дополнительную информацию?",delivery,delivery,bitext,False
Я хотел бы сообщить о проблемах с доставкой моего заказа. Могу ли я получить помощь?,delivery,delivery,bitext,False
"мне нужно проверить чертову дату доставки моей покупки, могу ли я получить помощь?",delivery,delivery,bitext,False
"Мне нужна информация о стоимости доставки, как я могу ее получить?",delivery,delivery,bitext,False
"моя доставка не была вовремя, мне нужна помощь, чтобы сообщить о чертовой проблеме с доставкой",delivery,delivery,bitext,False
"моя доставка опоздала, куда сообщить о проблемах с доставкой",delivery,delivery,bitext,False
Где я могу найти информацию о чертовой дате доставки?,delivery,delivery,bitext,False
как я могу получить информацию о чертовой стоимости доставки?,delivery,delivery,bitext,False
"Я хочу узнать дату доставки, вы дадите мне некоторую информацию?",delivery,delivery,bitext,False
хочу сообщить о чертовых проблемах с доставкой моего заказа,delivery,delivery,bitext,False
"хочу узнать стоимость рассылки, как мне это сделать?",delivery,delivery,bitext,False
"Мне нужно проверить время доставки моего заказа, помогите мне.",delivery,delivery,bitext,False
"Мне нужно проверить стоимость доставки, где мне это сделать?",delivery,delivery,bitext,False
Я хотел бы сообщить о чертовой проблеме с доставкой. Могу ли я это сделать?,delivery,delivery,bitext,False
"где я могу увидеть, когда придет моя посылка?",delivery,delivery,ikshana,False
Мне нужна помощь в отправке адреса доставки,delivery,delivery,ikshana,False
произошла ошибка при настройке адреса доставки,delivery,delivery,ikshana,False
"нужна помощь, чтобы узнать, когда прибудет моя посылка",delivery,delivery,ikshana,False
"мне нужно посмотреть, как скоро я смогу ожидать доставки",delivery,delivery,ikshana,False
Ищу информацию о сроках доставки,delivery,delivery,ikshana,False
У меня возникла проблема с попыткой исправить мой адрес,delivery,delivery,ikshana,False
где посмотреть сколько времени занимает доставка?,delivery,delivery,ikshana,False
cn я могу разместить заказ из Дели?,delivery,delivery,ikshana,False
"Мне нужна поддержка, чтобы обновить адрес доставки",delivery,delivery,ikshana,False
Могу ли я ввести свой дополнительный адрес доставки?,delivery,delivery,ikshana,False
могу ли я разместить чертов заказ из Дели?,delivery,delivery,ikshana,False
проблемы с настройкой адреса доставки,delivery,delivery,ikshana,False
"Мне нужно посмотреть, сколько времени потребуется, чтобы прибыть посылка.",delivery,delivery,ikshana,False
возникла проблема с изменением адреса доставки,delivery,delivery,ikshana,False
"помогите мне проверить, какие способы доставки доступны",delivery,delivery,ikshana,False
где я могу изменить адрес доставки?,delivery,delivery,ikshana,False
поддерживает попытку редактирования адреса,delivery,delivery,ikshana,False
"мне нужно посмотреть варианты доставки, как мне это сделать",delivery,delivery,ikshana,False
почему я не могу указать действительный дополнительный адрес доставки,delivery,delivery,ikshana,False
возникла проблема с отправкой дополнительного адреса доставки.,delivery,delivery,ikshana,False
где я могу получить информацию о способах доставки?,delivery,delivery,ikshana,False
у меня проблемы с отправкой дополнительного адреса доставки,delivery,delivery,ikshana,False
"хочу указать дополнительный адрес доставки, как это сделать?",delivery,delivery,ikshana,False
"Мне нужно посмотреть, какие способы доставки вы предлагаете, как это сделать?",delivery,delivery,ikshana,False
"где я могу проверить, когда прибудет моя посылка",delivery,delivery,ikshana,False
Можете ли вы помочь мне указать новый адрес доставки?,delivery,delivery,ikshana,False
Мне нужно указать дополнительный адрес доставки.,delivery,delivery,ikshana,False
ошибка при настройке моего дополнительного адреса доставки,delivery,delivery,ikshana,False
"я не знаю, как мне исправить адрес доставки",delivery,delivery,ikshana,False
"что мне нужно сделать, чтобы узнать, когда придет моя статья?",delivery,delivery,ikshana,False
где проверить какие способы доставки доступны?,delivery,delivery,ikshana,False
где я могу настроить дополнительный адрес доставки,delivery,delivery,ikshana,False
Я хочу обновить свой адрес,delivery,delivery,ikshana,False
"я звоню, чтобы узнать, когда придет моя статья",delivery,delivery,ikshana,False
отправлю в Дели,delivery,delivery,ikshana,False
доставка в Индию,delivery,delivery,ikshana,False
где мне ввести свой дополнительный адрес доставки?,delivery,delivery,ikshana,False
Можете ли вы помочь мне настроить другой адрес доставки?,delivery,delivery,ikshana,False
проверьте доступные варианты доставки,delivery,delivery,ikshana,False
Я не могу изменить адрес доставки,delivery,delivery,ikshana,False
"Могу ли я посмотреть, сколько времени займет доставка товара?",delivery,delivery,ikshana,False
"как я могу увидеть, сколько времени занимает доставка?",delivery,delivery,ikshana,False
как скоро я могу ожидать свою покупку,delivery,delivery,ikshana,False
"где я могу посмотреть, как скоро мне ожидать посылку?",delivery,delivery,ikshana,False
как скоро я могу ожидать доставку?,delivery,delivery,ikshana,False
"хочу посмотреть, сколько времени обычно занимает доставка заказа",delivery,delivery,ikshana,False
"Хочу посмотреть, как скоро мне ожидать заказ, как это сделать?",delivery,delivery,ikshana,False
у меня возникли проблемы с вводом дополнительного адреса доставки,delivery,delivery,ikshana,False
"Что это за поезд времени, приходящий из Сакраменто?",delivery,delivery,runlu,False
Название PDA: во сколько xxxx прибудет хххх,delivery,delivery,runlu,False
Когда поезд F сегодня поедет?,delivery,delivery,runlu,False
Скажи мне поезда из Калифорнии в Нью-Джерси после 11 вечера.,delivery,delivery,runlu,False
Как лучше всего добраться до франка?,delivery,delivery,runlu,False
Когда последний поезд с рабочего отпуска,delivery,delivery,runlu,False
Сколько времени на поезд...,delivery,delivery,runlu,False
У вас есть билеты на поезд?,delivery,delivery,runlu,False
Во сколько поезд отправляется в Айову?,delivery,delivery,runlu,False
Могу я получить направление к ближайшему бару?,delivery,delivery,runlu,False
Во сколько поезд отправляется из Праги в Брно?,delivery,delivery,runlu,False
Сколько стоит билет на поезд до Денвера отсюда?,delivery,delivery,runlu,False
Что за время путешествий отсюда до Далласа поездом?,delivery,delivery,runlu,False
"Я хотел бы знать маршрут, по которому поезд отправится в Майами.",delivery,delivery,runlu,False
"Показать поезда, отправляющиеся в Антверпен после 2 часов вечера субботы",delivery,delivery,runlu,False
Когда лучше всего отправиться в Канаду?,delivery,delivery,runlu,False
направления,delivery,delivery,runlu,False
Когда поезд отправляется в Айову?,delivery,delivery,runlu,False
Дай мне направление от Фарипира до Гурпура.,delivery,delivery,runlu,False
"Поезд в 5 вечера в среду до Роквилла, вы вовремя?",delivery,delivery,runlu,False
"Пожалуйста, дайте мне направление в парк рядом со мной.",delivery,delivery,runlu,False
Где вокзал?,delivery,delivery,runlu,False
Название PDA: Как долго до xxxx airives на станции xxxxxxx,delivery,delivery,runlu,False
Как долго пройдёт путь от Ньяка до коттеджа Долина,delivery,delivery,runlu,False
Сегодня днем в Далласе приедет поезд?,delivery,delivery,runlu,False
Во сколько поезд отправляется в Лагос?,delivery,delivery,runlu,False
Время работы поезда,delivery,delivery,runlu,False
Где купить билет на поезд,delivery,delivery,runlu,False
отправиться на станцию Ага,delivery,delivery,runlu,False
Время поезда на станции Гэри идёт к Форту Уэйну сегодня,delivery,delivery,runlu,False
Как далеко отсюда Уолмарт?,delivery,delivery,runlu,False
Как долго мы доберемся до центра.,delivery,delivery,runlu,False
Есть ли подъезжающий поезд из Лондона в Париж и во сколько?,delivery,delivery,runlu,False
Время проверки 10887 поезда со станции Луни во вторник,delivery,delivery,runlu,False
Покажите мне дорогу ближайшей железнодорожной станции.,delivery,delivery,runlu,False
Показать все поезда и время Ни,delivery,delivery,runlu,False
Время проверки поезда Калки с станции Джодпур в понедельник,delivery,delivery,runlu,False
Во сколько прибывает поезд?,delivery,delivery,runlu,False
Во сколько поезд покидает Филадельфию?,delivery,delivery,runlu,False
"маневры, связанные с дорожной скоростью",delivery,delivery,runlu,False
Есть поезд от Филадельфии до Нью-Йорка в полдень?,delivery,delivery,runlu,False
"Путь, пожалуйста.",delivery,delivery,runlu,False
"Есть ли поезда, отправляющиеся из Нью-Йорка в 8 вечера?",delivery,delivery,runlu,False
Сколько времени на поезд из Нью-Йорка в Покипси?,delivery,delivery,runlu,False
Сколько времени на поезд?,delivery,delivery,runlu,False
"Олли, ты должен найти другой путь к моему месту назначения.",delivery,delivery,runlu,False
"Покажи мне, как поехать в Бостон через Сиэтл.",delivery,delivery,runlu,False
Дай мне дорогу.,delivery,delivery,runlu,False
"Когда следующий поезд, путешествующий по городу, уезжает отсюда?",delivery,delivery,runlu,False
Время поезда до места с длинным расстоянием,delivery,delivery,runlu,False
"Я звоню, чтобы узнать, когда придет мой товар",delivery,delivery,ikshana,False
"новый адрес доставки недействителен, как мне это сделать?",delivery,delivery,ikshana,False
Я хочу знать дату доставки моего заказа,delivery,delivery,bitext,False
мне нужно ввести другой адрес доставки,delivery,delivery,ikshana,False
Я хотел бы сообщить о проблемах с доставкой моего груза. Не могли бы вы мне помочь?,delivery,delivery,bitext,False
"Мне нужно проверить стоимость пересылки, нужно ли мне это делать?",delivery,delivery,bitext,False
"Я хочу проверить чертов срок доставки, как мне это сделать?",delivery,delivery,bitext,False
"мне нужно увидеть стоимость пересылки, как мне это сделать",delivery,delivery,bitext,False
"моя посылка потерялась, я хочу сообщить о чертовой проблеме с доставкой",delivery,delivery,bitext,False
"можно ли узнать, когда придет моя посылка?",delivery,delivery,ikshana,False
"Я хочу узнать, когда прибудет мой товар, мне нужна помощь",delivery,delivery,ikshana,False
Я получил не все заказанные товары. Помогите мне сообщить об отсутствующем товаре.,delivery,delivery,bitext,False
"нужна помощь, чтобы узнать, когда прибудет мой заказ",delivery,delivery,ikshana,False
"мне нужно увидеть время доставки, как я могу это сделать",delivery,delivery,bitext,False
"помогите проверить, когда придет моя покупка",delivery,delivery,ikshana,False
не могли бы вы помочь мне увидеть чертову дату доставки?,delivery,delivery,bitext,False
"мне нужно посмотреть, сколько времени потребуется, чтобы доставить мою посылку",delivery,delivery,ikshana,False
"моя доставка была задержана, это поможет мне сообщить о проблемах с доставкой.",delivery,delivery,bitext,False
"Можешь показать мне, как отправиться в Музей полета в Сиэтле.",delivery,delivery,runlu,False
"Мне нужно узнать, как скоро я смогу ожидать статью",delivery,delivery,ikshana,False
Я хочу узнать больше о сроках доставки,delivery,delivery,ikshana,False
Я хочу получить информацию о стоимости пересылки,delivery,delivery,bitext,False
"Я хотел бы узнать о дате доставки моей покупки, это даст мне некоторую информацию.",delivery,delivery,bitext,False
Мне нужна помощь в исправлении моего адреса,delivery,delivery,ikshana,False
"Я не знаю, как настроить дополнительный адрес доставки.",delivery,delivery,ikshana,False
где я могу проверить чертову стоимость доставки?,delivery,delivery,bitext,False
доставка в Дели,delivery,delivery,ikshana,False
Я хотел бы сообщить о проблемах с доставкой моего груза. Вы мне поможете?,delivery,delivery,bitext,False
"Я ищу информацию о сроках доставки моего заказа, как я могу ее получить?",delivery,delivery,bitext,False
"Я хочу проверить, какие варианты доставки есть",delivery,delivery,ikshana,False
где посмотреть чертову стоимость доставки,delivery,delivery,bitext,False
"Я звоню, чтобы узнать, как скоро я могу ожидать товар",delivery,delivery,ikshana,False
где я могу найти информацию о чертовой стоимости доставки,delivery,delivery,bitext,False
"я не получил все, что купил, помогите мне сообщить о пропаже товара",delivery,delivery,bitext,False
"моя доставка не завершена, мне нужна помощь, чтобы сообщить об отсутствующем товаре",delivery,delivery,bitext,False
Мне нужно сообщить о проблемах с доставкой моего груза. Где я могу это сделать?,delivery,delivery,bitext,False
"мой заказ не завершен, я хотел бы сообщить о неполной доставке",delivery,delivery,bitext,False
можно ли сделать заказ из Индии?,delivery,delivery,ikshana,False
"Мне нужна информация о чертовой стоимости пересылки, где я могу ее получить?",delivery,delivery,bitext,False
"Я по ошибке указал свой старый адрес, как я могу его обновить?",delivery,delivery,ikshana,False
"Я не получил свою посылку, мне нужна помощь в сообщении о проблемах с доставкой.",delivery,delivery,bitext,False
у меня проблемы с редактированием адреса доставки,delivery,delivery,ikshana,False
"я не знаю, как указать дополнительный адрес доставки",delivery,delivery,ikshana,False
"мне нужно увидеть дату покупки, как я могу это сделать",delivery,delivery,bitext,False
"нужно проверить чертову стоимость доставки, где это сделать",delivery,delivery,bitext,False
Могу ли я разместить заказ из Индии?,delivery,delivery,ikshana,False
"помощь в проверке, когда придет моя статья",delivery,delivery,ikshana,False
"Можете ли вы показать мне, когда прибудет мой товар?",delivery,delivery,ikshana,False
"хочу проверить время доставки моей покупки, мне нужна помощь",delivery,delivery,bitext,False
"Мне нужна информация о стоимости доставки, как ее найти?",delivery,delivery,bitext,False
"помощь в проверке, ох скоро могу ли я ожидать товар",delivery,delivery,ikshana,False
проблема с вводом моего нового адреса доставки,delivery,delivery,ikshana,False
"Мне нужна информация о времени доставки, как я могу ее найти?",delivery,delivery,bitext,False
Я не получил все купленные товары. Куда мне сообщить о неполном заказе?,delivery,delivery,bitext,False
У меня возникают ошибки при попытке изменить адрес доставки.,delivery,delivery,ikshana,False
проблема с вводом вторичного адреса доставки,delivery,delivery,ikshana,False
"хочу узнать больше о времени доставки, найдите некоторую информацию",delivery,delivery,bitext,False
"Мне нужно проверить, какие способы доставки у меня есть.",delivery,delivery,ikshana,False
"моя поставка неполная, можете ли вы помочь мне сообщить о неполной поставке?",delivery,delivery,bitext,False
"Мне нужно узнать чертову стоимость пересылки, можешь мне помочь?",delivery,delivery,bitext,False
мой заказ потерян. Можете ли вы помочь мне сообщить о проблеме с доставкой?,delivery,delivery,bitext,False
Мне нужно указать новый адрес доставки,delivery,delivery,ikshana,False
"Мне нужна помощь, чтобы проверить, как скоро я смогу ожидать свою покупку",delivery,delivery,ikshana,False
"мой адрес изменился, мне нужна помощь в его изменении",delivery,delivery,ikshana,False
"Можете ли вы помочь мне проверить, как скоро я могу ожидать посылку?",delivery,delivery,ikshana,False
У меня возникла проблема с настройкой нового адреса доставки.,delivery,delivery,ikshana,False
"мне нужна помощь, чтобы настроить адрес доставки",delivery,delivery,ikshana,False
"моя доставка не прибыла вовремя, как я могу сообщить о проблеме с доставкой?",delivery,delivery,bitext,False
"Мне нужно посмотреть, когда придет моя статья",delivery,delivery,ikshana,False
"моя посылка неполная, мне нужна помощь, чтобы сообщить о неполной поставке",delivery,delivery,bitext,False
возникли проблемы с редактированием моего адреса,delivery,delivery,ikshana,False
"хочу сообщить о проблеме с доставкой моего заказа, мне нужна помощь",delivery,delivery,bitext,False
"Мне нужна помощь, чтобы изменить адрес доставки",delivery,delivery,ikshana,False
Я хотел бы проверить дату доставки моей покупки. Могу ли я получить помощь?,delivery,delivery,bitext,False
"Я хотел бы проверить время доставки, мне нужна помощь",delivery,delivery,bitext,False
я по ошибке ввел неправильный адрес,delivery,delivery,ikshana,False
где посмотреть стоимость доставки?,delivery,delivery,bitext,False
"Хотелось бы узнать о стоимости рассылки, где можно получить дополнительную информацию?",delivery,delivery,bitext,False
"нужна помощь, просмотрите варианты доставки",delivery,delivery,ikshana,False
"Я ищу информацию о дате доставки моей покупки, где я могу ее получить?",delivery,delivery,bitext,False
"где я могу увидеть, когда мой товар прибудет?",delivery,delivery,ikshana,False
"мне нужна помощь, чтобы обновить мой адрес",delivery,delivery,ikshana,False
"Я хотел бы увидеть чертово время доставки, вы можете мне помочь?",delivery,delivery,bitext,False
У меня проблемы с редактированием адреса,delivery,delivery,ikshana,False
установить новый адрес доставки,delivery,delivery,ikshana,False
"Мне нужно указать адрес доставки, как мне это сделать?",delivery,delivery,ikshana,False
"где проверить, когда придет мой товар?",delivery,delivery,ikshana,False
"моя посылка потерялась, мне нужна помощь, чтобы сообщить о проблеме с доставкой",delivery,delivery,bitext,False
"можно ли проверить, какие у меня способы доставки?",delivery,delivery,ikshana,False
У меня возникла проблема с редактированием адреса доставки.,delivery,delivery,ikshana,False
"мне нужно сообщить о чертовой неполной доставке, помогите мне",delivery,delivery,bitext,False
"Я хотел бы проверить время доставки моего заказа, помогите мне",delivery,delivery,bitext,False
проблемы с вводом нового адреса доставки,delivery,delivery,ikshana,False
произошла ошибка при отправке адреса доставки,delivery,delivery,ikshana,False
"мне нужна помощь, чтобы проверить, какие у меня есть способы доставки",delivery,delivery,ikshana,False
хочу указать адрес доставки,delivery,delivery,ikshana,False
"Я не знаю, что делать, чтобы указать новый адрес доставки.",delivery,delivery,ikshana,False
"моя доставка не прибыла вовремя, можете ли вы помочь мне сообщить о чертовых проблемах с доставкой?",delivery,delivery,bitext,False
"можешь мне помочь узнать, когда прибудет мой товар?",delivery,delivery,ikshana,False
"хочу увидеть дату доставки моего заказа, пожалуйста, помогите мне",delivery,delivery,bitext,False
можешь рассказать мне больше о чертовой дате доставки,delivery,delivery,bitext,False
"Я звоню, чтобы узнать, как скоро мне ожидать посылку.",delivery,delivery,ikshana,False
"моя посылка была отправлена ​​не на тот адрес, мне нужна помощь, чтобы сообщить о проблемах с доставкой",delivery,delivery,bitext,False
ты едливер в Индию?,delivery,delivery,ikshana,False
"мне нужно проверить чертову стоимость доставки, помогите мне.",delivery,delivery,bitext,False
"Я хотел бы проверить чертову стоимость пересылки, где я могу это сделать?",delivery,delivery,bitext,False
где проверить сколько времени занимает доставка?,delivery,delivery,ikshana,False
"моя посылка неполная, можете ли вы помочь мне сообщить о неполной доставке?",delivery,delivery,bitext,False
"где я могу посмотреть, какие способы доставки доступны?",delivery,delivery,ikshana,False
"Мне нужно проверить, какие способы доставки доступны.",delivery,delivery,ikshana,False
"Я хотел бы проверить чертову стоимость доставки, где я могу это сделать",delivery,delivery,bitext,False
можно ли сделать заказ из Дели?,delivery,delivery,ikshana,False
"Я хочу посмотреть, сколько времени потребуется, чтобы прибыть росистая доставка.",delivery,delivery,ikshana,False
"Я бы хотел узнать о сроках доставки моего заказа, могу дать мне некоторую информацию.",delivery,delivery,bitext,False
"Я хотел бы узнать о сроках доставки моей покупки, где я могу получить дополнительную информацию?",delivery,delivery,bitext,False
"хочу узнать больше о сроках доставки моей покупки, могу найти некоторую информацию",delivery,delivery,bitext,False
"Я не знаю, как мне указать адрес доставки.",delivery,delivery,ikshana,False
"Я хотел бы проверить чертово время доставки, помогите мне.",delivery,delivery,bitext,False
"Я получил не все купленные товары, сообщите о неполной комплектации",delivery,delivery,bitext,False
Мне нужно увидеть чертову дату доставки моей покупки. Могу ли я это сделать?,delivery,delivery,bitext,False
Я пытаюсь найти информацию об изменении адреса,delivery,delivery,ikshana,False
"Мне нужно увидеть чертову стоимость доставки, где мне это сделать?",delivery,delivery,bitext,False
Я хочу указать адрес доставки,delivery,delivery,ikshana,False
поставки в Дели,delivery,delivery,ikshana,False
"Мне нужно указать адрес доставки, помогите мне.",delivery,delivery,ikshana,False
"моя посылка не укомплектована, как я могу сообщить об отсутствующем товаре?",delivery,delivery,bitext,False
у меня возникли проблемы с отправкой другого адреса доставки,delivery,delivery,ikshana,False
вы отправляете в Индию?,delivery,delivery,ikshana,False
"моя доставка не завершена, мне нужна помощь, чтобы сообщить о чертовой неполноте заказа",delivery,delivery,bitext,False
"помогите проверить, как скоро я получу свой продукт",delivery,delivery,ikshana,False
У меня возникла проблема с обновлением адреса доставки.,delivery,delivery,ikshana,False
"мне нужна помощь, чтобы узнать, как скоро я смогу получить свой продукт",delivery,delivery,ikshana,False
Я бы хотел сообщить о проблемах с доставкой моего груза. Где мне это сделать?,delivery,delivery,bitext,False
Я получил не все заказанные товары. Можете ли вы помочь мне сообщить о неполном заказе?,delivery,delivery,bitext,False
Где я могу получить информацию о стоимости доставки?,delivery,delivery,bitext,False
"Мне нужно увидеть чертову дату доставки моей покупки, мне нужна помощь.",delivery,delivery,bitext,False
"Я хотел бы увидеть чертову дату доставки, помогите мне.",delivery,delivery,bitext,False
"мне нужна помощь, чтобы узнать, когда прибудет моя посылка",delivery,delivery,ikshana,False
"помогите проверить, какие у меня чертовы способы доставки",delivery,delivery,ikshana,False
можно ли заказать из Дели?,delivery,delivery,ikshana,False
расскажи мне больше о редактировании моего адреса,delivery,delivery,ikshana,False
"как я могу увидеть, какие чертовы варианты доставки доступны?",delivery,delivery,ikshana,False
"мой заказ был утерян, как мне сообщить о проблемах с доставкой?",delivery,delivery,bitext,False
хочу отправить обзор продукта,other,other,bitext,False
"Я хотел бы поговорить с агентством, могу ли я получить помощь?",other,other,bitext,False
"Я хочу предложить чертовы предложения по улучшению продукта, где я могу это сделать?",other,other,bitext,False
"нужно отправить предложение по улучшению продукта, как я могу это сделать",other,other,bitext,False
"Я хотел бы отправить чертов комментарий о твоей компании, ох, я это сделаю",other,other,bitext,False
"мне нужно отправить отзыв о продукте, помогите мне",other,other,bitext,False
"У меня чертов отзыв, не могли бы вы помочь мне его отправить?",other,other,bitext,False
"мне нужно отправить комментарии к продукту, не могли бы мне помочь",other,other,bitext,False
"Мне нужно отправить отзыв о продукте, мне нужна помощь",other,other,bitext,False
"хочу отправить жалобу, мне нужна помощь",other,other,bitext,False
"Мне нужно отправить чертову жалобу на ваш бренд, где это сделать?",other,other,bitext,False
"Я хотел бы оставить чертовы комментарии о продуктах, которые могут мне помочь.",other,other,bitext,False
"Я вас не понимаю, мне нужна помощь, чтобы поговорить с оператором",other,other,bitext,False
"Я хотел бы предложить чертову идею по улучшению продукта, как я могу это сделать?",other,other,bitext,False
"мне нужно отправить чертов отзыв о твоем бренде, где я могу это сделать",other,other,bitext,False
"Я хочу подать жалобу на продукцию, как мне это сделать?",other,other,bitext,False
"Мне нужно поговорить с человеком, как мне это сделать?",other,other,bitext,False
"Мне нужна помощь, чтобы представить идею",other,other,bitext,False
"Мне нужно поговорить с чертовым человеком-агентом, где я могу это сделать?",other,other,bitext,False
"у меня чертовски жалоба на твой бренд, могу ли я ее отправить?",other,other,bitext,False
Мне нужно отправить чертов комментарий о вашей компании.,other,other,bitext,False
"Я хотел бы послать чертовы идеи по улучшению продукта, могу ли я получить помощь?",other,other,bitext,False
"Я хотел бы отправить идею продукта, вы мне поможете?",other,other,bitext,False
"Мне нужно оставить чертов комментарий о вашей компании, как я могу это сделать?",other,other,bitext,False
"Я хотел бы подать чертову жалобу на твой бренд, помоги мне.",other,other,bitext,False
"Мне нужно представить идеи, вы мне поможете?",other,other,bitext,False
"Я хотел бы подать гребаную жалобу, где я могу это сделать?",other,other,bitext,False
"Мне нужно отправить комментарий к товару, где это сделать?",other,other,bitext,False
"хочу оставить комментарии о продуктах, где это сделать",other,other,bitext,False
"Я хотел бы поговорить с кем-нибудь, как мне это сделать?",other,other,bitext,False
"Мне нужно отправить предложения по продуктам, где я могу это сделать?",other,other,bitext,False
"Я хотел бы оставить комментарий о вашем бренде, помогите мне.",other,other,bitext,False
"Я хотел бы оставить чертов комментарий о продукте, где я могу это сделать",other,other,bitext,False
"я не понимаю, как мне поговорить с агентом-человеком",other,other,bitext,False
"я не понимаю, мне нужно поговорить с человеком",other,other,bitext,False
могу ли я предложить чертовски продукт?,other,other,bitext,False
"хочу отправить отзыв о вашем бренде, как я могу это сделать",other,other,bitext,False
"Я тебя не понимаю, помоги мне поговорить с чертовым человеком.",other,other,bitext,False
"Мне нужно поговорить с человеком, ты можешь мне помочь?",other,other,bitext,False
"Я хочу поговорить с человеком, вы мне поможете?",other,other,bitext,False
"У меня есть отзыв, вы поможете мне его отправить?",other,other,bitext,False
Не могли бы вы помочь мне отправить чертовы жалобы на продукты?,other,other,bitext,False
"Я тебя не понимаю, можешь помочь мне поговорить с кем-то, черт возьми?",other,other,bitext,False
"Я хотел бы поговорить с чертовым оператором, могу ли я получить помощь?",other,other,bitext,False
как я могу оставить комментарий о товаре?,other,other,bitext,False
"я не понимаю, мне нужна помощь, чтобы поговорить с оператором",other,other,bitext,False
"Хочу отправить идеи, куда это сделать?",other,other,bitext,False
"Я хочу оставить отзыв о продукте, где я могу это сделать?",other,other,bitext,False
"Я хотел бы оставить отзыв о продукте, мне нужна помощь",other,other,bitext,False
"Мне нужно отправить чертов отзыв о продукте, как я мог это сделать?",other,other,bitext,False
"Мне нужно отправить чертовы предложения по продукту, как я мог это сделать?",other,other,bitext,False
"мне нужно отправить отзыв, чтобы сделать это",other,other,bitext,False
"нужно поговорить с кем-нибудь, где это сделать",other,other,bitext,False
где cvan я могу оставить отзыв,other,other,bitext,False
"хочу отправить чертов отзыв, где мне это сделать?",other,other,bitext,False
"мне нужна помощь, чтобы представить чертову идею продукта",other,other,bitext,False
куда я могу подать жалобу на товар?,other,other,bitext,False
"Я хотел представить чертовы идеи, где мне это сделать?",other,other,bitext,False
мне нужна помощь в отправке отзыва о продукте,other,other,bitext,False
"я бы хотел поговорить с кем-нибудь, где я мог бы это сделать",other,other,bitext,False
"Мне нужно поговорить с чертовым кем-нибудь, помоги мне.",other,other,bitext,False
"Я хотел бы отправить идею продукта, как я могу это сделать?",other,other,bitext,False
"я не понимаю, ты не мог бы помочь мне поговорить с чертовым человеком",other,other,bitext,False
у меня жалоба на продукцию,other,other,bitext,False
"Я бы хотел поговорить с кем-нибудь, черт возьми, мне нужна помощь",other,other,bitext,False
"Я хотел бы отправить чертов отзыв, где мне это сделать?",other,other,bitext,False
"хочу подать жалобу на свой бренд, где это сделать",other,other,bitext,False
"у меня есть комментарий о продукте, как я могу его отправить",other,other,bitext,False
нужно поговорить с чертовым оператором,other,other,bitext,False
"Мне нужна помощь, чтобы отправить предложения по продуктам",other,other,bitext,False
"я не понимаю, мне нужна помощь, чтобы поговорить с кем-то трахающимся",other,other,bitext,False
"Я бы хотел поговорить с чертовым человеком, который мог бы мне помочь.",other,other,bitext,False
"У меня есть чертов комментарий о вашем бренде, как я могу его отправить?",other,other,bitext,False
Я бы хотел поговорить с чертовым кем-нибудь,other,other,bitext,False
как мне подать чертову потребительскую претензию?,other,other,ikshana,False
как подать жалобу клиента,other,other,ikshana,False
"Я не доволен вашей работой, как мне предъявить претензию?",other,other,ikshana,False
подать иск потребителя против вашей компании,other,other,ikshana,False
как я могу поговорить с агентом-человеком?,other,other,ikshana,False
"что мне нужно сделать, чтобы связаться с человеком?",other,other,ikshana,False
"Я звоню, чтобы подать жалобу клиента на вашу организацию",other,other,ikshana,False
помогите поговорить с помощником,other,other,ikshana,False
нужна помощь в подаче потребительского иска против вашей организации,other,other,ikshana,False
"я не знаю, что мне нужно сделать, чтобы поговорить с живым агентом",other,other,ikshana,False
я должен подать иск против твоего бизнеса,other,other,ikshana,False
"Я не знаю, что мне нужно сделать, чтобы связаться с помощником",other,other,ikshana,False
Мне нужно поговорить с агентом-человеком,other,other,ikshana,False
нужна помощь в подаче потребительского иска против вашего бизнеса,other,other,ikshana,False
Я хочу связаться с агентом,other,other,ikshana,False
Мне нужна помощь в составлении рекламации клиента,other,other,ikshana,False
"Мне нужна помощь, чтобы подать иск",other,other,ikshana,False
"Я хочу подать рекламацию клиента, могу ли я получить помощь?",other,other,ikshana,False
"нужна помощь, чтобы поговорить с живым агентом",other,other,ikshana,False
"Я не знаю, как говорить с агентом человека",other,other,ikshana,False
можешь ли ты направить мне живого агента,other,other,ikshana,False
подача жалобы клиента на вашу компанию,other,other,ikshana,False
Можете ли вы помочь мне подать жалобу потребителя?,other,other,ikshana,False
как мне поговорить с кем-то?,other,other,ikshana,False
нужна помощь в подаче иска против вашей организации,other,other,ikshana,False
Я хочу подать иск против вашего бизнеса,other,other,ikshana,False
можно ли подать жалобу,other,other,ikshana,False
помогите мне подать иск против вашей компании,other,other,ikshana,False
"я не знаю, что делать, чтобы возбудить иск потребителя",other,other,ikshana,False
Я должен подать иск,other,other,ikshana,False
Я хочу предъявить претензию клиенту,other,other,ikshana,False
"мне нужна помощь, чтобы поговорить с живым агентом",other,other,ikshana,False
"Я не знаю, что мне нужно сделать, чтобы подать жалобу клиента.",other,other,ikshana,False
можно ли подать чертову претензию от клиента?,other,other,ikshana,False
"очень полезно, могу я с кем-нибудь поболтать",other,other,ikshana,False
"Мне нужна помощь, чтобы поговорить с кем-нибудь",other,other,ikshana,False
куда я могу подать жалобу клиента на вашу компанию,other,other,ikshana,False
"Я тебя не понимаю, можешь помочь мне поговорить с агентом?",other,other,ikshana,False
"Я не знаю, как мне подать иск против вашей компании.",other,other,ikshana,False
"я не знаю, что делать, чтобы поговорить с агентом",other,other,ikshana,False
Я пытаюсь подать иск,other,other,ikshana,False
"Я не знаю, что мне нужно сделать, чтобы пообщаться с оператором",other,other,ikshana,False
помогите мне подать жалобу на вашу компанию,other,other,ikshana,False
куда я могу подать потребительский иск против вашей компании?,other,other,ikshana,False
Я пытаюсь поговорить с агентом,other,other,ikshana,False
Мне нужна помощь в подаче иска против вашей компании.,other,other,ikshana,False
"Я не знаю, что делать, чтобы поговорить с кем-то",other,other,ikshana,False
помогите подать жалобу потребителя на вашу компанию,other,other,ikshana,False
"мое впечатление от вас было ужасным, подайте жалобу",other,other,ikshana,False
Мне нужна помощь в подаче жалобы клиента,other,other,ikshana,False
"Я хочу поговорить с человеком, как мне это сделать?",other,other,ikshana,False
помогите мне связаться с кем-нибудь,other,other,ikshana,False
"Я звоню, чтобы подать жалобу клиента на вашу компанию.",other,other,ikshana,False
"Я крайне недоволен тем, что ваши услуги помогают подать иск.",other,other,ikshana,False
Можете ли вы помочь мне подать претензию клиента?,other,other,ikshana,False
помогите мне подать иск клиента против вашей компании,other,other,ikshana,False
Можете ли вы помочь мне подать иск против вашей компании?,other,other,ikshana,False
"Я звоню, чтобы подать претензию",other,other,ikshana,False
"мне нужна помощь, разговариваю с кем-то",other,other,ikshana,False
помощь в предъявлении претензии клиенту против вашей организации,other,other,ikshana,False
можешь помочь мне поговорить с ассистентом?,other,other,ikshana,False
"я не знаю, что мне нужно сделать, чтобы поговорить с ассистентом",other,other,ikshana,False
Можете ли вы помочь мне составить претензию клиента?,other,other,ikshana,False
как предъявить чертову претензию клиенту к вашему бизнесу?,other,other,ikshana,False
я пытаюсь поговорить с кем-нибудь,other,other,ikshana,False
могу ли я связаться с помощником?,other,other,ikshana,False
поговорить с агентом,other,other,ikshana,False
пообщаться с помощником,other,other,ikshana,False
Могу ли я подать рекламацию клиента?,other,other,ikshana,False
Я не могу поговорить с ассистентом,other,other,ikshana,False
"Я недоволен вашей работой, пишите претензию.",other,other,ikshana,False
"что мне нужно сделать, чтобы пообщаться с агентом?",other,other,ikshana,False
как я могу поговорить с оператором,other,other,ikshana,False
"мне нужна помощь, чтобы поговорить с кем-то",other,other,ikshana,False
"я не знаю, как подать жалобу клиента",other,other,ikshana,False
помощь в составлении иска,other,other,ikshana,False
как мне подать претензию?,other,other,ikshana,False
"мне нужно поговорить с чертовым кое-кем, ты можешь мне помочь?",other,other,bitext,False
"у меня есть чертов комментарий о твоем бренде, мне нужна помощь, чтобы отправить его",other,other,bitext,False
"Я хотел бы отправить долбанную идею, как сделать продукт лучше, где я могу это сделать?",other,other,bitext,False
"мне нужно отправить чертовы предложения, мне нужна помощь",other,other,bitext,False
"Мне нужно поговорить с чертовым человеком, где мне это сделать?",other,other,bitext,False
куда мне подать иск против вашего бизнеса,other,other,ikshana,False
"мне нужна помощь, чтобы отправить чертов отзыв",other,other,bitext,False
мне нужно поговорить с человеком,other,other,ikshana,False
"Я хотел бы отправить жалобы на продукт, не могли бы мне помочь",other,other,bitext,False
"мне нужна помощь, чтобы отправить комментарий о вашем бренде",other,other,bitext,False
"мне нужно оставить комментарии о продуктах, это поможет мне",other,other,bitext,False
нужно подать чертову жалобу от клиента,other,other,ikshana,False
"Я хотел бы оставить комментарий, могу ли я получить помощь?",other,other,bitext,False
"я не знаю, что мне нужно сделать, чтобы пообщаться с кем-нибудь",other,other,ikshana,False
"Я не знаю, как подать жалобу от потребителя.",other,other,ikshana,False
куда я могу подать жалобу на ваш бренд?,other,other,bitext,False
"Я вас не понимаю, мне нужна помощь, чтобы поговорить с агентом-человеком.",other,other,bitext,False
"мне нужно подать чертову жалобу на твою компанию, как это сделать",other,other,bitext,False
"что мне нужно сделать, чтобы пообщаться с ассистентом?",other,other,ikshana,False
"мне нужно отправить чертов отзыв, мне нужна помощь",other,other,bitext,False
"У меня есть чертов комментарий о твоем бренде, я бы хотел его отправить.",other,other,bitext,False
как подать претензию клиента против вашей организации,other,other,ikshana,False
"Мне нужно подать жалобу на товар, могу ли я получить помощь?",other,other,bitext,False
"я не понимаю тебя, как я могу говорить с этим чертовым человеком",other,other,bitext,False
"Я тебя не понимаю, мне нужна помощь, чтобы поговорить с кем-нибудь, блядь,",other,other,bitext,False
"У меня есть предложение, как сделать ваш продукт лучше. Можете ли вы помочь мне отправить его?",other,other,bitext,False
Мне нужно отправить чертов отзыв о твоем бренде. Можете мне помочь?,other,other,bitext,False
"я не знаю, что мне нужно сделать, чтобы поговорить с кем-то",other,other,ikshana,False
Куда мне снова подать жалобу клиента на вашу компанию?,other,other,ikshana,False
Мне нужно связаться с человеком,other,other,ikshana,False
"Мне нужно отправить отзыв о продукте, где я могу это сделать?",other,other,bitext,False
Могу ли я подать рекламацию клиента против вашей компании,other,other,ikshana,False
я не могу говорить с агентом,other,other,ikshana,False
Мне нужно подать жалобу на ваш бренд. Вы мне поможете?,other,other,bitext,False
"У меня есть жалоба, помогите мне ее подать",other,other,bitext,False
"Я хотел бы поговорить с чертовым агентом-человеком, помогите мне.",other,other,bitext,False
"Мне нужно отправить чертов отзыв, могу ли я получить помощь?",other,other,bitext,False
подача потребительского иска против вашего бизнеса,other,other,ikshana,False
подача иска против вашего бизнеса,other,other,ikshana,False
Я пытаюсь поговорить с ассистентом,other,other,ikshana,False
"Я не знаю, как говорить с агентом-человеком",other,other,ikshana,False
хочу подать жалобу потребителя на вашу организацию,other,other,ikshana,False
"Я не знаю, что мне нужно сделать, чтобы предъявить потребительскую претензию.",other,other,ikshana,False
"у меня есть отзыв о продукте, помогите, мистер, отправьте его",other,other,bitext,False
"я не понимаю, тебе нужна помощь, чтобы поговорить с чертовым человеком",other,other,bitext,False
"Я хотел бы поговорить с оператором, как это сделать?",other,other,bitext,False
"Я хотел бы оставить комментарий о продукте, могу ли я получить помощь?",other,other,bitext,False
"мне нужна помощь, чтобы поговорить с агентом-человеком",other,other,ikshana,False
"У меня есть комментарий о вашей компании, помогите мне его отправить.",other,other,bitext,False
Я пытаюсь подать жалобу от клиента,other,other,ikshana,False
"Я тебя не понимаю, помоги мне поговорить с кем-нибудь",other,other,bitext,False
"у меня есть предложение по улучшению вашего продукта, можете ли вы его прислать?",other,other,bitext,False
Я хочу подать жалобу на вашу компанию,other,other,bitext,False
"мне нужна помощь, чтобы поговорить с чертовым оператором",other,other,bitext,False
мне нужна помощь с отправкой чертовых жалоб на продукт,other,other,bitext,False
"мне нужно предложить чертову идею, как сделать продукт лучше, не мог бы ты мне помочь",other,other,bitext,False
можно ли отправить отзыв о продукте?,other,other,bitext,False
Мне нужна помощь в отправке идей для продукта,other,other,bitext,False
можно ли оставить чертов отзыв,other,other,bitext,False
"нужна помощь, разговариваю с оператором",other,other,ikshana,False
"нужно поговорить с агентом, где я могу это сделать",other,other,bitext,False
Мне нужно отправить чертовы жалобы на продукт.,other,other,bitext,False
хочу помочь поговорить с человеком,other,other,ikshana,False
"у меня есть отзыв о вашей компании, не могли бы вы помочь мне отправить его?",other,other,bitext,False
Мне нужна помощь в разговоре с агентом-человеком,other,other,ikshana,False
"у меня есть чертов отзыв о вашей компании, помогите мне отправить его",other,other,bitext,False
"Я хочу оставить отзыв о вашей компании, могу ли я получить некоторую помощь?",other,other,bitext,False
"нужно отправить идеи для продукта, где мне это сделать",other,other,bitext,False
Нужна помощь в подаче иска клиента против вашей организации,other,other,ikshana,False
"Я хочу представить идею продукта, мне нужна помощь",other,other,bitext,False
"Мне нужно подать чертову жалобу на вашу компанию, помогите мне.",other,other,bitext,False
"Мне нужно отправить чертово предложение по продукту, как это сделать?",other,other,bitext,False
"Мне нужно оставить отзыв, где это сделать?",other,other,bitext,False
"нужно представить чертовы идеи по улучшению продукта, помогите мне",other,other,bitext,False
"Я хочу подать чертову жалобу, как я могу это сделать?",other,other,bitext,False
"хочу оставить чертов отзыв, ты мне поможешь?",other,other,bitext,False
"опыт с тобой был плохим, помогите мне подать жалобу",other,other,ikshana,False
Я хотел бы отправить предложения по улучшению продукта. Можете ли вы мне помочь?,other,other,bitext,False
"хочу предложить идею по улучшению продукта, как я могу это сделать",other,other,bitext,False
"мне нужна помощь, чтобы отправить предложение",other,other,bitext,False
"Мне нужно поговорить с чертовым агентом, могу ли я получить помощь?",other,other,bitext,False
"Я хотел бы предложить идеи по улучшению продукта, где мне это сделать?",other,other,bitext,False
Маки жалоба,other,other,ikshana,False
"Я хочу отправить идею продукта, не могли бы вы мне помочь?",other,other,bitext,False
"у меня чертов комментарий к товару, помоги мне его отправить",other,other,bitext,False
"Я хотел бы отправить отзывы о продуктах, где я могу это сделать",other,other,bitext,False
Я хотел бы оставить комментарий о вашем бренде,other,other,bitext,False
"Я хотел бы отправить отзыв, где я могу это сделать",other,other,bitext,False
"Я хочу отправить идею продукта, как это сделать?",other,other,bitext,False
"Мне нужно отправить чертов отзыв о продукте, могу ли я получить помощь?",other,other,bitext,False
Я хотел бы предложить идею по улучшению продукта,other,other,bitext,False
нужна помощь в связи с оператором,other,other,ikshana,False
где я могу отправить чертово предложение по продукту?,other,other,bitext,False
"мне нужно оставить чертов комментарий, где это сделать",other,other,bitext,False
"хочу поговорить с человеком, могу ли я получить помощь",other,other,bitext,False
Можете ли вы помочь мне подать иск клиента против вашей компании?,other,other,ikshana,False
"Мне нужно отправить чертовы предложения по продукту, вы мне поможете?",other,other,bitext,False
можешь помочь мне поговорить с кем-нибудь?,other,other,bitext,False
"Я не знаю, как мне подать иск",other,other,ikshana,False
Я пытаюсь подать жалобу,other,other,ikshana,False
"Я не доволен вашей работой, подам жалобу на потребителя.",other,other,ikshana,False
помогите мне подать потребительский иск,other,other,ikshana,False
Я пытаюсь поговорить с кем-то,other,other,ikshana,False
"мне нужно оставлять чертовы комментарии о продукте, как я могу это сделать",other,other,bitext,False
нужна помощь в подаче иска потребителя,other,other,ikshana,False
куда отправлять чертовы предложения по улучшению продукта,other,other,bitext,False
"Я хотел бы поговорить с чертовым агентом-человеком, могу ли я получить помощь?",other,other,bitext,False
"Я хочу оставить комментарий о вашем бренде, мне нужна помощь",other,other,bitext,False
"Я хотел бы оставить чертовски предложение, могу ли я получить помощь?",other,other,bitext,False
как я могу оставить чертов отзыв о продукте,other,other,bitext,False
"Мне нужно отправить идею, могу ли я получить помощь?",other,other,bitext,False
"Мне нужно отправить комментарий о вашем бренде, можете ли вы мне помочь?",other,other,bitext,False
"Мне нужно отправить отзыв о вашей компании, где это сделать?",other,other,bitext,False
можете помочь мне отправить отзыв о продукте,other,other,bitext,False
"у меня есть офигенный отзыв о продукте, мог бы его использовать",other,other,bitext,False
можешь помочь мне связаться с кем-нибудь,other,other,ikshana,False
мне нужна помощь в составлении потребительской претензии,other,other,ikshana,False
"нужно отправить чертовски предложение по улучшению продукта, помогите мне",other,other,bitext,False
"хочу оставить отзыв о вашем бренде, могу ли я получить помощь",other,other,bitext,False
"я не понимаю, как общаться с кем-то",other,other,bitext,False
"Мне нужно оставить отзыв о продукте, где это сделать?",other,other,bitext,False
где я могу оставить отзыв о вашем бренде?,other,other,bitext,False
Мне нужна помощь в общении с кем-то,other,other,ikshana,False
"Я хотел бы отправить предложение по улучшению продукта, где это сделать",other,other,bitext,False
"Мне нужно с кем-нибудь поговорить, как мне это сделать?",other,other,bitext,False
помоги мне пообщаться с кем-нибудь,other,other,ikshana,False
Мне нужно отправить отзыв,other,other,bitext,False
Я пытаюсь подать жалобу клиента,other,other,ikshana,False
Можете ли вы помочь мне подать гребаную рекламацию от клиента?,other,other,ikshana,False
"Я хотел бы отправить комментарий о вашем бренде, где это сделать",other,other,bitext,False
"мне нужно поговорить с чертовым человеком, где я могу это сделать",other,other,bitext,False
"Мне нужно отправить чертов отзыв о вашем бренде, вы можете мне помочь?",other,other,bitext,False
как отправить отзыв о вашем филиале?,other,other,bitext,False
помогите мне оставить отзыв о продукте,other,other,bitext,False
можешь помочь мне поговорить с чертовым человеком?,other,other,bitext,False
"Мне нужно подать жалобу, могу ли я получить помощь?",other,other,ikshana,False
"waqnna, отправь чертов отзыв, можешь мне помочь?",other,other,bitext,False
мне нужно поговорить с кем-нибудь,other,other,bitext,False
"Мне нужно отправить отзыв, помогите мне",other,other,bitext,False
"Я хотел бы поговорить с агентом, могу ли я получить помощь?",other,other,bitext,False
нужно поговорить с чертовым человеком,other,other,bitext,False
"Я бы хотел поговорить с кем-нибудь, мне нужна помощь",other,other,bitext,False
"мне нужно поговорить с агентом, мог бы мне помочь",other,other,ikshana,False
"Мне нужно оставить отзыв о вашей компании, как я могу это сделать?",other,other,bitext,False
"я сделал чертов заказ, но мне не пришел счет, могу ли я его скачать?",payment_refund,payment_refund,bitext,False
как я могу получить информацию о чертовом статусе моего возмещения,payment_refund,payment_refund,bitext,False
"Мне нужно увидеть ваши варианты оплаты, как это сделать?",payment_refund,payment_refund,bitext,False
"моя карта не работает, мне нужно сообщить о чертовой проблеме с оплатой",payment_refund,payment_refund,bitext,False
"я ищу информацию о чертовом статусе моего возмещения, как я могу его получить",payment_refund,payment_refund,bitext,False
Я не получил подтверждение платежа. Помогите мне сообщить о чертовой проблеме с оплатой.,payment_refund,payment_refund,bitext,False
"я сделал чертов заказ и не получил счет, мне нужна помощь, чтобы его скачать",payment_refund,payment_refund,bitext,False
Я хотел бы получить счет,payment_refund,payment_refund,bitext,False
Я хочу произвести оплату,payment_refund,payment_refund,bitext,False
"хочу сделать чертов платеж, как это сделать",payment_refund,payment_refund,bitext,False
"Мне нужно увидеть чертов статус моего возмещения, могу ли я получить некоторую помощь?",payment_refund,payment_refund,bitext,False
"мне нужно заплатить картой, где это сделать",payment_refund,payment_refund,bitext,False
"Я хотел бы узнать больше о ваших способах оплаты, можете ли вы дать мне некоторую информацию?",payment_refund,payment_refund,bitext,False
"Я бы хотел заплатить чертовой картой, ты можешь мне помочь?",payment_refund,payment_refund,bitext,False
"Я хочу знать о статусе моего возмещения, как я могу найти дополнительную информацию?",payment_refund,payment_refund,bitext,False
"Я совершил покупку, но не получил счет, как мне его запросить?",payment_refund,payment_refund,bitext,False
"Мне нужно было произвести оплату, как я могу это сделать?",payment_refund,payment_refund,bitext,False
"Мне нужно проверить вашу политику возмещения, где это сделать?",payment_refund,payment_refund,bitext,False
"Я совершил покупку и не получил счет-фактуру, не могли бы вы его получить?",payment_refund,payment_refund,bitext,False
"Я хотел бы узнать о вашей чертовой политике возврата денег, дайте мне немного информации.",payment_refund,payment_refund,bitext,False
"Мне нужно произвести оплату, вы можете мне помочь?",payment_refund,payment_refund,bitext,False
"Я хочу отследить свой чертов возврат средств, как мне это сделать?",payment_refund,payment_refund,bitext,False
"Я заказал чертову вещь, но не получил счет, помогите мне ее скачать.",payment_refund,payment_refund,bitext,False
"Я бы хотел сделать гребаные переводы, можешь мне помочь.",payment_refund,payment_refund,bitext,False
"Мне нужна информация о статусе моего возмещения, как я могу ее получить?",payment_refund,payment_refund,bitext,False
"Я хотел бы сделать переводы, помогите мне",payment_refund,payment_refund,bitext,False
"мне нужна помощь, чтобы проверить статус моего возмещения",payment_refund,payment_refund,bitext,False
"Мне нужна помощь, чтобы сделать чертов перевод",payment_refund,payment_refund,bitext,False
"я сделал чертов заказ, но мне не пришел счет, помогите мне его получить",payment_refund,payment_refund,bitext,False
У меня возникла проблема с оплатой дебетовой картой. Можете ли вы сообщить об этом?,payment_refund,payment_refund,bitext,False
"Я хотел бы проверить статус моего возврата, как я могу это сделать?",payment_refund,payment_refund,bitext,False
У меня возникла проблема с переводом с помощью кредитной карты. Не могли бы вы помочь мне сообщить об этом?,payment_refund,payment_refund,bitext,False
"Я хотел бы узнать о вашей гарантии возврата денег, дайте мне некоторую информацию",payment_refund,payment_refund,bitext,False
"Я хотел бы узнать о вашей политике возврата денег, можете ли вы найти некоторую информацию?",payment_refund,payment_refund,bitext,False
"мне нужна информация о твоих чертовых способах оплаты, где я могу ее получить",payment_refund,payment_refund,bitext,False
"Я совершил покупку и не получил счет, могу его получить",payment_refund,payment_refund,bitext,False
"Я не могу совершать переводы, сообщаю о проблемах с оплатой",payment_refund,payment_refund,bitext,False
"мне бы хотелось увидеть чертов статус моего возмещения, где это сделать",payment_refund,payment_refund,bitext,False
"моя дебетовая карта была отклонена, мне нужна помощь, чтобы сообщить о проблеме с оплатой",payment_refund,payment_refund,bitext,False
"я ищу информацию о статусе моего возмещения, где я могу его получить",payment_refund,payment_refund,bitext,False
Я хотел бы узнать о твоих чертовых способах оплаты. Могу найти некоторую информацию.,payment_refund,payment_refund,bitext,False
"Мне нужна информация о вашей политике возврата средств, где я могу ее получить",payment_refund,payment_refund,bitext,False
"Я ищу счет, где я могу его найти?",payment_refund,payment_refund,bitext,False
"Мне нужно сделать чертов платеж, где я могу это сделать?",payment_refund,payment_refund,bitext,False
"Я заказал товар, но не получил счет. Можете ли вы мне помочь его получить?",payment_refund,payment_refund,bitext,False
Я хотел бы увидеть статус моего возврата. Вы мне поможете?,payment_refund,payment_refund,bitext,False
Мне нужна помощь с переводами,payment_refund,payment_refund,bitext,False
"Мне нужна помощь, чтобы сообщить о чертовых проблемах с оплатой",payment_refund,payment_refund,bitext,False
могу ли я увидеть чертов статус моего возврата?,payment_refund,payment_refund,bitext,False
"Я не могу сделать перевод, как мне сообщить о проблеме с оплатой?",payment_refund,payment_refund,bitext,False
"помогите мне понять, при каких обстоятельствах я могу запросить возврат средств",payment_refund,payment_refund,ikshana,False
как мне сообщить о проблемах с оплатой?,payment_refund,payment_refund,ikshana,False
"мне нужно проверить, в каких случаях я могу запросить возврат средств",payment_refund,payment_refund,ikshana,False
хочу помочь получить возврат моих денег,payment_refund,payment_refund,ikshana,False
"хочу помочь проверить, есть ли какие-либо новости о моем возврате средств",payment_refund,payment_refund,ikshana,False
вижу счет №85632,payment_refund,payment_refund,ikshana,False
"что мне нужно сделать, чтобы загрузить счет № 85632?",payment_refund,payment_refund,ikshana,False
помогите мне проверить статус возврата,payment_refund,payment_refund,ikshana,False
"хочу проверить, какие способы оплаты uaccept",payment_refund,payment_refund,ikshana,False
помогите уведомить о гребаной ошибке с онлайн-платежами,payment_refund,payment_refund,ikshana,False
"я не знаю, как мне перечислить разрешенные вами способы оплаты",payment_refund,payment_refund,ikshana,False
Я хочу помощи с требованием компенсации,payment_refund,payment_refund,ikshana,False
Мне нужна помощь в поиске счетов от Джона.,payment_refund,payment_refund,ikshana,False
"Я не знаю, что делать, чтобы потребовать возврат денег.",payment_refund,payment_refund,ikshana,False
"покажите мне, в каких ситуациях я могу запросить возврат средств",payment_refund,payment_refund,ikshana,False
"я не знаю, что мне нужно сделать, чтобы сообщить о проблемах с платежами",payment_refund,payment_refund,ikshana,False
не могли бы вы помочь мне сообщить о проблемах с оплатой?,payment_refund,payment_refund,ikshana,False
Я ожидаю скидку 10 долларов,payment_refund,payment_refund,ikshana,False
"мне нужно получить чертов счет от Джона, мне нужна помощь",payment_refund,payment_refund,ikshana,False
мне нужна помощь в проверке способов оплаты,payment_refund,payment_refund,ikshana,False
Я жду возмещения в размере 10 долларов.,payment_refund,payment_refund,ikshana,False
"Я не знаю, как мне скачать счет №00108.",payment_refund,payment_refund,ikshana,False
Нужна помощь в проверке разрешенных способов оплаты,payment_refund,payment_refund,ikshana,False
"Я не знаю, как скачать счет №37777.",payment_refund,payment_refund,ikshana,False
мне нужна помощь в решении чертовой проблемы с оплатой,payment_refund,payment_refund,ikshana,False
получать счета от Джона,payment_refund,payment_refund,ikshana,False
пришлите мне счет №00108,payment_refund,payment_refund,ikshana,False
ищу счет от Джона,payment_refund,payment_refund,ikshana,False
я не вижу твоей политики возврата денег,payment_refund,payment_refund,ikshana,False
можно ли получить возмещение моих денег,payment_refund,payment_refund,ikshana,False
нужна помощь в получении вызова #12588,payment_refund,payment_refund,ikshana,False
Можете ли вы помочь мне проверить разрешенные способы оплаты?,payment_refund,payment_refund,ikshana,False
"Я потерял чертов счет от Джона, пришли мне его.",payment_refund,payment_refund,ikshana,False
я ожидаю возмещения 10 долларов,payment_refund,payment_refund,ikshana,False
"что мне нужно сделать, чтобы получить компенсацию своих денег",payment_refund,payment_refund,ikshana,False
"Мне нужна помощь, чтобы быстро просмотреть счет № 37777.",payment_refund,payment_refund,ikshana,False
я заплатил 10 долларов за товар и хочу вернуть свои деньги,payment_refund,payment_refund,ikshana,False
мне нужна помощь в информировании об ошибках с платежами,payment_refund,payment_refund,ikshana,False
"Я не знаю, что мне нужно сделать, чтобы получить счет #85632",payment_refund,payment_refund,ikshana,False
нужно поискать счет от Джона,payment_refund,payment_refund,ikshana,False
см. законопроект № 12588,payment_refund,payment_refund,ikshana,False
"Мне нужна помощь, чтобы загрузить мой счет № 37777.",payment_refund,payment_refund,ikshana,False
Жду блин возврата 10$,payment_refund,payment_refund,ikshana,False
"Мне нужно просмотреть счета от Джона, помогите мне.",payment_refund,payment_refund,ikshana,False
мне нужно получить мой счет № 12588,payment_refund,payment_refund,ikshana,False
куда я могу сообщить о проблемах с онлайн-платежами,payment_refund,payment_refund,ikshana,False
как мне получить возврат денег?,payment_refund,payment_refund,ikshana,False
"как я могу проверить, какие способы оплаты разрешены?",payment_refund,payment_refund,ikshana,False
"Я пытаюсь узнать, есть ли что-нибудь новое в моем возмещении.",payment_refund,payment_refund,ikshana,False
Жду скидку 10 долларов,payment_refund,payment_refund,ikshana,False
Валютные курсы,payment_refund,payment_refund,runlu,False
"Каков обменный курс между 500 долларов, что я фрак?",payment_refund,payment_refund,runlu,False
Сколько австралийцев можно купить за один фунт стерлингов?,payment_refund,payment_refund,runlu,False
Сколько стоит $X...,payment_refund,payment_refund,runlu,False
Сколько у США [валюта_источник: доллары] в 100 евро?,payment_refund,payment_refund,runlu,False
Каков обменный курс на английский фунт и наши доллары?,payment_refund,payment_refund,runlu,False
Сколько песо за американский доллар?,payment_refund,payment_refund,runlu,False
Сколько стоит канадский доллар в США?,payment_refund,payment_refund,runlu,False
Сколько песо я могу получить за доллар прямо сейчас?,payment_refund,payment_refund,runlu,False
:: проверка валют,payment_refund,payment_refund,runlu,False
[Валюта: доллары США] к евро,payment_refund,payment_refund,runlu,False
"Если у меня есть 5 долларов, сколько это стоит в AUD?",payment_refund,payment_refund,runlu,False
Вы можете сказать мне обменный курс канадской валюты,payment_refund,payment_refund,runlu,False
Обмен валюты,payment_refund,payment_refund,runlu,False
"Сколько евро я получу за 100,00 [валюта: доллары]",payment_refund,payment_refund,runlu,False
Какая цена?,payment_refund,payment_refund,runlu,False
Сколько стоит фунт в долл. США?,payment_refund,payment_refund,runlu,False
что такое обменный курс доллара,payment_refund,payment_refund,runlu,False
Как я преобразую [валюта_источник: доллары] в песо,payment_refund,payment_refund,runlu,False
Дайте мне обменный курс между долларом США и канадским долларом.,payment_refund,payment_refund,runlu,False
Обменный курс от КАД к доллару США,payment_refund,payment_refund,runlu,False
Сколько стоит доллар США против рупии?,payment_refund,payment_refund,runlu,False
Это песо стоимостью больше доллара.,payment_refund,payment_refund,runlu,False
Текущие ставки на предпоследние периоды,payment_refund,payment_refund,runlu,False
Является ли в США 5 [валюта: доллары] Китая [валюта_источник: доллары] стоимостью 5 долларов?,payment_refund,payment_refund,runlu,False
Сколько [валюта_источник: доллары] в фунте?,payment_refund,payment_refund,runlu,False
Сколько евро 1 доллар?,payment_refund,payment_refund,runlu,False
Сколько я получу за 100 мексиканских песо?,payment_refund,payment_refund,runlu,False
Что такое [число] евро в долл. США?,payment_refund,payment_refund,runlu,False
Какова ставка изменения между долларом США и JPY,payment_refund,payment_refund,runlu,False
- какова применимая плата за пересчет валют.,payment_refund,payment_refund,runlu,False
:: найти обменный курс для нас к фунту,payment_refund,payment_refund,runlu,False
Какова ставка между песо и иеной?,payment_refund,payment_refund,runlu,False
Каков обменный курс между динаром и фунтом,payment_refund,payment_refund,runlu,False
"Пожалуйста, дайте мне подробности: 1 долл. США = Rs",payment_refund,payment_refund,runlu,False
"Обменный курс, который я получу с иностранной валютой",payment_refund,payment_refund,runlu,False
"Если бы у меня было 500 долларов, сколько бы это было иен?",payment_refund,payment_refund,runlu,False
долл. США/евро,payment_refund,payment_refund,runlu,False
Сколько иен за каждый доллар,payment_refund,payment_refund,runlu,False
Какова стоимость фунта в Рупи?,payment_refund,payment_refund,runlu,False
Сколько евро стоит по сравнению с долларом?,payment_refund,payment_refund,runlu,False
Каков обменный курс рупии за доллар?,payment_refund,payment_refund,runlu,False
Сколько стоит 1 евро в рупиях.,payment_refund,payment_refund,runlu,False
Каков обменный курс между США и Мексикой?,payment_refund,payment_refund,runlu,False
Сколько йен за доллары сегодня?,payment_refund,payment_refund,runlu,False
Сколько канадских долларов в долларах США?,payment_refund,payment_refund,runlu,False
долл. США - фунт стерлингов,payment_refund,payment_refund,runlu,False
Каков обменный курс между 100 долл. США и песо?,payment_refund,payment_refund,runlu,False
"Сири, какой американский доллар в японском Йене?",payment_refund,payment_refund,runlu,False
"Я сделал чертов заказ и не получил счет, мне нужна помощь с его получением",payment_refund,payment_refund,bitext,False
Я хотел бы увидеть чертов статус моего возмещения. Не могли бы вы мне помочь?,payment_refund,payment_refund,bitext,False
как мне сделать перевод?,payment_refund,payment_refund,bitext,False
"Мне нужна информация о вашей гарантии возврата денег, как я могу ее получить?",payment_refund,payment_refund,bitext,False
"Я хочу сделать гребаные переводы, могу ли я получить помощь?",payment_refund,payment_refund,bitext,False
"Мне нужна помощь, чтобы найти мои счета от Джона.",payment_refund,payment_refund,ikshana,False
Мне нужна информация о чертовом статусе моего возмещения,payment_refund,payment_refund,bitext,False
Я должен сообщить о проблемах с оплатой,payment_refund,payment_refund,ikshana,False
"Я хотел бы проверить твои чертовы варианты оплаты, где я могу это сделать",payment_refund,payment_refund,bitext,False
"я не знаю, как мне сообщить о чертовых проблемах с платежами",payment_refund,payment_refund,ikshana,False
Я жду возмещения в размере 10 долларов США.,payment_refund,payment_refund,ikshana,False
"Я хотел бы проверить чертов статус моего возврата, где мне это сделать",payment_refund,payment_refund,bitext,False
"Я хотел бы отследить свой гребаный возврат, надеюсь, смогу ли я это сделать?",payment_refund,payment_refund,bitext,False
"Я не знаю, что делать. Не сообщайте о проблемах с онлайн-платежами.",payment_refund,payment_refund,ikshana,False
"Я хочу узнать о вашей чертовой политике возмещения расходов, где я могу найти дополнительную информацию?",payment_refund,payment_refund,bitext,False
как исправить проблемы с онлайн оплатой,payment_refund,payment_refund,ikshana,False
Могу ли я увидеть вашу политику возмещения?,payment_refund,payment_refund,ikshana,False
"где я могу проверить, какие способы оплаты вы принимаете?",payment_refund,payment_refund,ikshana,False
У меня возникла проблема с оплатой кредитной картой,payment_refund,payment_refund,bitext,False
Можете ли вы помочь мне увидеть принятые вами способы оплаты?,payment_refund,payment_refund,ikshana,False
"где проверить, какие способы оплаты разрешены?",payment_refund,payment_refund,ikshana,False
"Я хотел бы увидеть ваши варианты оплаты, где мне это сделать",payment_refund,payment_refund,bitext,False
подать счет №37777,payment_refund,payment_refund,ikshana,False
Мне нужна помощь в загрузке счетов от Джона.,payment_refund,payment_refund,ikshana,False
"Мне нужна помощь, чтобы сообщить об ошибке при онлайн-платеже",payment_refund,payment_refund,ikshana,False
"Можете ли вы помочь мне проверить, в каких случаях я могу запросить возврат средств?",payment_refund,payment_refund,ikshana,False
"Я заплатил 10$ за заказ, хочу компенсацию",payment_refund,payment_refund,ikshana,False
мне нужна помощь с долбанными платежами,payment_refund,payment_refund,bitext,False
"Я хотел бы проверить твои чертовы способы оплаты, мне нужна помощь",payment_refund,payment_refund,bitext,False
Мне нужна информация о вашей политике возврата средств. Можете ли вы мне помочь?,payment_refund,payment_refund,bitext,False
"нужна помощь, чтобы получить компенсацию денег",payment_refund,payment_refund,ikshana,False
"я не знаю, как я могу получить денежную компенсацию",payment_refund,payment_refund,ikshana,False
Я ожидаю возмещения в размере 10 долларов США.,payment_refund,payment_refund,ikshana,False
"Я не знаю, что мне нужно сделать, чтобы уведомить о проблеме с оплатой",payment_refund,payment_refund,ikshana,False
"Мне пришлось расплатиться чертовой дебетовой картой, где я мог это сделать?",payment_refund,payment_refund,bitext,False
"Я хочу проверить вашу политику возврата, помогите мне.",payment_refund,payment_refund,ikshana,False
Жду рибейт 10 долларов,payment_refund,payment_refund,ikshana,False
"Я хочу узнать больше о вашей чертовой гарантии возврата денег, можете ли вы найти какую-нибудь информацию?",payment_refund,payment_refund,bitext,False
"Я бы хотел расплатиться чертовой картой, как мне это сделать?",payment_refund,payment_refund,bitext,False
"Не могу сделать перевод, нужно сообщить о проблемах с оплатой",payment_refund,payment_refund,ikshana,False
Я ищу информацию о статусе моего возмещения. Не могли бы вы мне помочь?,payment_refund,payment_refund,bitext,False
"Я не знаю, что мне нужно сделать, чтобы получить счет №12588.",payment_refund,payment_refund,ikshana,False
"Я заказал чертову вещь и не получил счет, можешь ли ты мне помочь с ее получением?",payment_refund,payment_refund,bitext,False
"Я хочу узнать, есть ли какие-нибудь новости о моей скидке.",payment_refund,payment_refund,ikshana,False
помогите скачать счет №37777,payment_refund,payment_refund,ikshana,False
я не вижу статус компенсации,payment_refund,payment_refund,ikshana,False
мне нужна помощь в поиске счета,payment_refund,payment_refund,bitext,False
"Я хотел бы оплатить картой, вы можете мне помочь?",payment_refund,payment_refund,bitext,False
"Я не знаю, что мне нужно сделать, чтобы потребовать компенсацию.",payment_refund,payment_refund,ikshana,False
"Я хочу проверить вашу политику возмещения, помогите мне.",payment_refund,payment_refund,ikshana,False
"я не знаю, что мне нужно сделать, чтобы найти счет-фактуру № 85632.",payment_refund,payment_refund,ikshana,False
"Я хотел бы увидеть статус моего возврата, как это сделать?",payment_refund,payment_refund,bitext,False
помощь в загрузке моих счетов от Джона,payment_refund,payment_refund,ikshana,False
"Я хотел бы заплатить чертовой картой, мне нужна помощь",payment_refund,payment_refund,bitext,False
"помощь, чтобы узнать, в каких ситуациях я могу запросить возврат средств",payment_refund,payment_refund,ikshana,False
Мне нужна помощь в проверке разрешенных способов оплаты,payment_refund,payment_refund,ikshana,False
Можете ли вы помочь мне увидеть принятые варианты оплаты?,payment_refund,payment_refund,ikshana,False
возместить 10 долларов,payment_refund,payment_refund,ikshana,False
"Я бы хотел сделать чертов платеж, где мне это сделать?",payment_refund,payment_refund,bitext,False
"Я хочу оплатить дебетовой картой, где я могу это сделать?",payment_refund,payment_refund,bitext,False
"я не могу сделать перевод, как сообщить о чертовых проблемах с оплатой",payment_refund,payment_refund,bitext,False
Мне нужна помощь в сообщении о проблеме с оплатой,payment_refund,payment_refund,ikshana,False
"Мне нужна помощь, чтобы узнать, какие варианты оплаты вы принимаете",payment_refund,payment_refund,ikshana,False
"я бы хотел сделать чертов перевод, где я мог бы сделать это",payment_refund,payment_refund,bitext,False
нужна помощь с просьбой вернуть деньги,payment_refund,payment_refund,ikshana,False
Я жду компенсацию в размере 10$,payment_refund,payment_refund,ikshana,False
"хочу узнать больше о статусе моего возмещения, могу найти некоторую информацию",payment_refund,payment_refund,bitext,False
Можете ли вы помочь мне потребовать возмещения денег?,payment_refund,payment_refund,ikshana,False
"Я хочу проверить вашу политику возмещения, вы мне поможете?",payment_refund,payment_refund,bitext,False
"мне нужно запросить чертов счет, могу ли я получить помощь",payment_refund,payment_refund,bitext,False
"Мне нужно оплатить дебетовой картой, как я могу это сделать?",payment_refund,payment_refund,bitext,False
мне нужно получить возмещение моих денег,payment_refund,payment_refund,ikshana,False
"хочу узнать о твоих чертовых способах оплаты, как мне найти дополнительную информацию",payment_refund,payment_refund,bitext,False
"Мне нужно совершить чертовы платежи, где это сделать?",payment_refund,payment_refund,bitext,False
"я заказал чертову вещь и не получил счет, помогите мне ее скачать",payment_refund,payment_refund,bitext,False
"Я хочу оплатить картой, как мне это сделать?",payment_refund,payment_refund,bitext,False
Я хочу сообщить об ошибках с оплатой,payment_refund,payment_refund,ikshana,False
"У меня проблема с оплатой дебетовой картой, могу ли я сообщить об этом?",payment_refund,payment_refund,bitext,False
помощь в получении возмещения,payment_refund,payment_refund,ikshana,False
"Мне нужно выехать, помогите мне",payment_refund,payment_refund,bitext,False
"Я хотел бы выехать, как я могу это сделать?",payment_refund,payment_refund,bitext,False
"Мне нужна помощь, чтобы получить счет от Джона",payment_refund,payment_refund,ikshana,False
"Я потерял счета от Джона, пришлите их мне по почте.",payment_refund,payment_refund,ikshana,False
"Мне нужна помощь, чтобы узнать, есть ли какие-либо новости о моем возмещении",payment_refund,payment_refund,ikshana,False
где я могу скачать счет №85632,payment_refund,payment_refund,ikshana,False
"Можете ли вы помочь мне узнать, какие варианты оплаты вы принимаете?",payment_refund,payment_refund,ikshana,False
"хочу заплатить, можешь мне помочь",payment_refund,payment_refund,bitext,False
"я совершил чертову покупку, но мне не пришел счет, как мне ее скачать",payment_refund,payment_refund,bitext,False
"хочу узнать о вашей политике возмещения расходов, как мне получить дополнительную информацию",payment_refund,payment_refund,bitext,False
"что мне нужно сделать, чтобы сообщить об ошибках оплаты?",payment_refund,payment_refund,ikshana,False
Я хотел бы оплатить дебетовой картой,payment_refund,payment_refund,bitext,False
"Я хочу знать о статусе моего возврата, дайте мне некоторую информацию",payment_refund,payment_refund,bitext,False
получение счетов за восемь месяцев назад,payment_refund,payment_refund,ikshana,False
"я купил чертов товар и не получил счет, помогите мне его получить",payment_refund,payment_refund,bitext,False
"Я хотел бы совершить гребаные платежи, могу ли я получить помощь?",payment_refund,payment_refund,bitext,False
"я не знаю, как проверить счет #00108",payment_refund,payment_refund,ikshana,False
"я совершил покупку, но не получил счет, как мне его скачать",payment_refund,payment_refund,bitext,False
"нужна помощь, чтобы запросить возврат моих денег",payment_refund,payment_refund,ikshana,False
помогите получить мой счет №37777,payment_refund,payment_refund,ikshana,False
"помогите мне понять, в каких случаях я могу потребовать вернуть свои деньги",payment_refund,payment_refund,ikshana,False
"Я совершил покупку, но не получил счет. Помогите мне скачать ее.",payment_refund,payment_refund,bitext,False
"Мне нужен счет, я хочу его найти.",payment_refund,payment_refund,bitext,False
мог бы рассказать мне больше о вашей политике возврата денег,payment_refund,payment_refund,bitext,False
"Я не получил подтверждение платежа. Мне нужна помощь, чтобы сообщить о проблеме с оплатой.",payment_refund,payment_refund,bitext,False
Можете ли вы помочь мне составить список разрешенных способов оплаты?,payment_refund,payment_refund,ikshana,False
"Я ищу информацию о чертовом статусе моего отказа, мне нужна помощь.",payment_refund,payment_refund,bitext,False
"Мне нужно проверить, в каких случаях я могу запросить возмещение",payment_refund,payment_refund,ikshana,False
"Wqanna совершать платежи, как мне это сделать?",payment_refund,payment_refund,bitext,False
проверка счетов от Джона,payment_refund,payment_refund,ikshana,False
как проверить принятые способы оплаты?,payment_refund,payment_refund,ikshana,False
"я не знаю, что делать, чтобы попросить вернуть деньги",payment_refund,payment_refund,ikshana,False
как я могу получить возмещение,payment_refund,payment_refund,ikshana,False
Мне нужна помощь в загрузке моего счета № 85632.,payment_refund,payment_refund,ikshana,False
"Я хочу решить проблемы с оплатой, могу ли я получить помощь?",payment_refund,payment_refund,bitext,False
Я хотел бы узнать о вашей чертовой политике возврата денег. Можете ли вы найти какую-нибудь информацию?,payment_refund,payment_refund,bitext,False
"хочу узнать о твоем чертовом процессе возврата денег, дай мне немного информации",payment_refund,payment_refund,bitext,False
как сообщить об ошибках с оплатой,payment_refund,payment_refund,ikshana,False
Мне нужно проверить процесс возврата средств. Как мне это сделать?,payment_refund,payment_refund,bitext,False
"что мне нужно сделать, чтобы увидеть текущий статус компенсации?",payment_refund,payment_refund,ikshana,False
"помогите понять, в каких ситуациях я могу потребовать возмещение",payment_refund,payment_refund,ikshana,False
"мне нужна помощь, чтобы проверить счет № 12588",payment_refund,payment_refund,ikshana,False
Можете ли вы помочь мне решить проблему с оплатой?,payment_refund,payment_refund,ikshana,False
"хочу сделать гребаные переводы, мне нужна помощь",payment_refund,payment_refund,bitext,False
Мне нужно проверить процесс возврата средств. Могу ли я получить помощь?,payment_refund,payment_refund,bitext,False
"Помогите узнать, в каких случаях я могу потребовать вернуть свои деньги",payment_refund,payment_refund,ikshana,False
"Я заплатил 10 долларов за этот товар, пытаюсь получить скидку",payment_refund,payment_refund,ikshana,False
"я сделал чертов заказ и не получил счет, могу ли я его скачать",payment_refund,payment_refund,bitext,False
Можете ли вы помочь мне получить возврат денег?,payment_refund,payment_refund,ikshana,False
Я хочу увидеть вашу гарантию возврата денег. Как я могу это сделать?,payment_refund,payment_refund,ikshana,False
"Мне нужно уведомить о долбаных проблемах с оплатой, где это сделать?",payment_refund,payment_refund,bitext,False
"Я не могу заплатить, где я могу заметить чертову проблему с оплатой?",payment_refund,payment_refund,bitext,False
"хочу получить счет от Джона, помоги мне",payment_refund,payment_refund,ikshana,False
"Мне нужно проверить ваши чертовы способы оплаты, мне нужна помощь.",payment_refund,payment_refund,bitext,False
помогите мне сделать переводы,payment_refund,payment_refund,bitext,False
Я хочу ознакомиться с вашей политикой возврата средств. Вы мне поможете?,payment_refund,payment_refund,bitext,False
"я не могу произвести платеж, не могли бы вы помочь мне сообщить о чертовых проблемах с оплатой?",payment_refund,payment_refund,bitext,False
"Мне нужно посмотреть, в каких ситуациях я могу попросить возмещение",payment_refund,payment_refund,ikshana,False
"Я хотел бы увидеть статус моего возврата, где мне это сделать",payment_refund,payment_refund,bitext,False
"хочу увидеть твою чертову политику возмещения расходов, мне нужна помощь",payment_refund,payment_refund,bitext,False
"Я ищу информацию о ваших чертовых способах оплаты, где я могу ее получить?",payment_refund,payment_refund,bitext,False
"мне нужно посмотреть, в каких случаях я могу потребовать вернуть свои деньги",payment_refund,payment_refund,ikshana,False
помогите мне сообщить об ошибках при онлайн-платеже,payment_refund,payment_refund,ikshana,False
Я пытаюсь проверить твою чертову гарантию возврата денег.,payment_refund,payment_refund,ikshana,False
"Я не знаю, что мне нужно сделать, чтобы увидеть счет №37777.",payment_refund,payment_refund,ikshana,False
Мне нужна помощь в загрузке счета № 12588.,payment_refund,payment_refund,ikshana,False
мне нужно скачать счета от Джона,payment_refund,payment_refund,ikshana,False
Я жду оплаты картой,payment_refund,payment_refund,bitext,False
мне нужно отследить возврат средств,payment_refund,payment_refund,ikshana,False
"Мне нужна информация о чертовых весенних распродажах, как мне ее найти?",promo_loyalty,promo_loyalty,bitext,False
"Я хочу узнать больше о чертовых зимних распродажах, найти информацию",promo_loyalty,promo_loyalty,bitext,False
"мне нужна информация о чертовых распродажах, где я могу ее получить",promo_loyalty,promo_loyalty,bitext,False
"Ищу информацию о следующих распродажах, мне нужна помощь",promo_loyalty,promo_loyalty,bitext,False
как я могу получить информацию о следующих гребаных распродажах?,promo_loyalty,promo_loyalty,bitext,False
"Мне нужна информация о чертовых распродажах, где я могу ее найти?",promo_loyalty,promo_loyalty,bitext,False
"Я ищу информацию о распродажах, где я могу ее получить?",promo_loyalty,promo_loyalty,bitext,False
"Я хотел бы узнать больше о следующих распродажах, вы дадите мне какую-нибудь информацию?",promo_loyalty,promo_loyalty,bitext,False
"Я хотел бы узнать больше о зимних распродажах, можете ли вы найти какую-нибудь информацию?",promo_loyalty,promo_loyalty,bitext,False
Я ищу информацию о чертовой распродаже. Могу ли я получить помощь?,promo_loyalty,promo_loyalty,bitext,False
"Ищу информацию о чертовых распродажах, мне нужна помощь",promo_loyalty,promo_loyalty,bitext,False
"Я хочу узнать больше о зимних распродажах, найти некоторую информацию",promo_loyalty,promo_loyalty,bitext,False
"Я хотел бы узнать больше о следующих гребаных распродажах, найти некоторую информацию.",promo_loyalty,promo_loyalty,bitext,False
даст мне информацию о следующих продажах,promo_loyalty,promo_loyalty,bitext,False
"Я хотел бы узнать больше о весенних распродажах, можете ли вы найти какую-нибудь информацию?",promo_loyalty,promo_loyalty,bitext,False
где я могу найти информацию о распродажах?,promo_loyalty,promo_loyalty,bitext,False
"мне нужна информация о следующих распродажах, как я могу ее получить",promo_loyalty,promo_loyalty,bitext,False
"Мне бы хотелось получить информацию о следующих распродажах, как мне ее найти?",promo_loyalty,promo_loyalty,bitext,False
можешь рассказать мне больше о чертовых распродажах?,promo_loyalty,promo_loyalty,bitext,False
Я хотел бы узнать больше о продажах найти некоторую информацию,promo_loyalty,promo_loyalty,bitext,False
"Хотелось бы узнать подробнее о следующих распродажах, найдете ли вы какую-нибудь информацию?",promo_loyalty,promo_loyalty,bitext,False
"Мне нужна информация о чертовых весенних распродажах, где я могу ее получить?",promo_loyalty,promo_loyalty,bitext,False
"Я хотел бы узнать больше о чертовых продажах psring, дай мне немного информации",promo_loyalty,promo_loyalty,bitext,False
"Я ищу информацию о зимних распродажах, могу ли я получить помощь?",promo_loyalty,promo_loyalty,bitext,False
"Мне нужна информация о чертовых зимних распродажах, как я могу ее получить?",promo_loyalty,promo_loyalty,bitext,False
"Ищу информацию о чертовых распродажах, как мне ее найти?",promo_loyalty,promo_loyalty,bitext,False
когда начнутся следующие продажи,promo_loyalty,promo_loyalty,bitext,False
"я ищу информацию о чертовых распродажах, как мне ее найти",promo_loyalty,promo_loyalty,bitext,False
Я пытаюсь найти информацию о чертовых распродажах.,promo_loyalty,promo_loyalty,bitext,False
"мне нужна информация о чертовых весенних распродажах, как мне ее найти",promo_loyalty,promo_loyalty,bitext,False
"Я хотел бы узнать больше о следующих распродажах, найти некоторую информацию.",promo_loyalty,promo_loyalty,bitext,False
мне нужна информация о следующих чертовых распродажах,promo_loyalty,promo_loyalty,bitext,False
мне нужна информация о чертовых распродажах,promo_loyalty,promo_loyalty,bitext,False
"Мне нужна информация о зимних распродажах, как я могу ее получить?",promo_loyalty,promo_loyalty,bitext,False
Я хочу информацию о продажах,promo_loyalty,promo_loyalty,bitext,False
Можете ли вы дать мне информацию о зимних распродажах?,promo_loyalty,promo_loyalty,bitext,False
"мне нужна информация о продажах, где я могу ее найти",promo_loyalty,promo_loyalty,bitext,False
как мне найти информацию о очередных распродажах?,promo_loyalty,promo_loyalty,bitext,False
"Я хотел бы узнать больше о чертовых продажах, можете ли вы дать мне некоторую информацию?",promo_loyalty,promo_loyalty,bitext,False
"Мне нужна информация о чертовой распродаже, где ее найти?",promo_loyalty,promo_loyalty,bitext,False
"Я ищу информацию о ближайших распродажах, не могли бы вы мне помочь?",promo_loyalty,promo_loyalty,bitext,False
"Мне нужна информация о распродажах, как ее найти?",promo_loyalty,promo_loyalty,bitext,False
"Ищу информацию о очередных охренительных распродажах, помогите мне",promo_loyalty,promo_loyalty,bitext,False
"Я хотел бы получить информацию о чертовых зимних распродажах, где я могу ее получить?",promo_loyalty,promo_loyalty,bitext,False
"Мне нужна информация о распродажах, где я могу ее получить?",promo_loyalty,promo_loyalty,bitext,False
"мне нужна информация о распродажах, как я могу ее получить",promo_loyalty,promo_loyalty,bitext,False
где я мог получить информацию о чертовых распродажах?,promo_loyalty,promo_loyalty,bitext,False
"хочу узнать больше о чертовых весенних распродажах, можешь найти какую-нибудь информацию?",promo_loyalty,promo_loyalty,bitext,False
как я могу найти информацию о распродажах?,promo_loyalty,promo_loyalty,bitext,False
Хочу узнать больше о весенних распродажах,promo_loyalty,promo_loyalty,bitext,False
"Я ищу информацию о чертовых распродажах, может мне поможет",promo_loyalty,promo_loyalty,bitext,False
"Ищу информацию о чертовых весенних распродажах, как мне ее получить?",promo_loyalty,promo_loyalty,bitext,False
"Я хотел бы узнать больше о распродажах, не могли бы вы найти какую-нибудь информацию?",promo_loyalty,promo_loyalty,bitext,False
"я ищу информацию о чертовых распродажах, мне нужна помощь",promo_loyalty,promo_loyalty,bitext,False
"мне нужна информация о зимних распродажах, где я могу ее получить",promo_loyalty,promo_loyalty,bitext,False
дайте мне информацию о весенних распродажах,promo_loyalty,promo_loyalty,bitext,False
"Я хотел бы узнать больше о чертовой распродаже, можете ли вы дать мне некоторую информацию?",promo_loyalty,promo_loyalty,bitext,False
"Ищу информацию о чертовых зимних распродажах, помогите.",promo_loyalty,promo_loyalty,bitext,False
"мне нужна информация о зимних распродажах, как я могу ее получить",promo_loyalty,promo_loyalty,bitext,False
"Я ищу информацию о чертовых зимних распродажах, где я могу ее найти?",promo_loyalty,promo_loyalty,bitext,False
"Я ищу информацию о выставке, могу ли я ее получить?",promo_loyalty,promo_loyalty,bitext,False
"Я ищу информацию о весенних распродажах, не могли бы вы мне помочь?",promo_loyalty,promo_loyalty,bitext,False
"Я хотел бы узнать больше о чертовых распродажах, не могли бы вы найти какую-нибудь информацию?",promo_loyalty,promo_loyalty,bitext,False
"Я ищу информацию о следующих распродажах, как мне ее найти?",promo_loyalty,promo_loyalty,bitext,False
"хочу узнать больше о следующих распродажах, могу найти некоторую информацию",promo_loyalty,promo_loyalty,bitext,False
Я хотел бы узнать больше о чертовых весенних распродажах. Можете ли вы дать мне некоторую информацию?,promo_loyalty,promo_loyalty,bitext,False
"Я ищу информацию о следующих чертовых распродажах, где ее найти?",promo_loyalty,promo_loyalty,bitext,False
"Я ищу информацию о продажах, где я могу ее получить?",promo_loyalty,promo_loyalty,bitext,False
"Мне нужна информация о следующих чертовых распродажах, как мне ее найти?",promo_loyalty,promo_loyalty,bitext,False
"Я ищу информацию о чертовых зимних распродажах, как мне ее получить?",promo_loyalty,promo_loyalty,bitext,False
"Я ищу информацию о чертовых весенних распродажах, как мне ее найти?",promo_loyalty,promo_loyalty,bitext,False
"Ищу информацию о чертовых зимних распродажах, где ее взять?",promo_loyalty,promo_loyalty,bitext,False
"Я ищу информацию о распродажах, мне нужна помощь",promo_loyalty,promo_loyalty,bitext,False
как мне найти информацию о чертовых зимних распродажах,promo_loyalty,promo_loyalty,bitext,False
"Мне нужна информация о продажах, где я могу ее получить?",promo_loyalty,promo_loyalty,bitext,False
"Я хочу узнать больше о следующих продажах, дайте мне некоторую информацию",promo_loyalty,promo_loyalty,bitext,False
"Мне нужна информация о чертовых зимних распродажах, как мне ее найти?",promo_loyalty,promo_loyalty,bitext,False
"Я ищу информацию о чертовых распродажах, мне нужна помощь.",promo_loyalty,promo_loyalty,bitext,False
"Я хочу узнать больше о следующих распродажах, дайте мне немного информации.",promo_loyalty,promo_loyalty,bitext,False
"Я хочу узнать больше о распродажах, можете ли вы дать мне некоторую информацию?",promo_loyalty,promo_loyalty,bitext,False
"Я ищу информацию о распродажах, как мне ее найти?",promo_loyalty,promo_loyalty,bitext,False
"Я хочу узнать больше о чертовых распродажах, можешь ли ты найти какую-нибудь информацию?",promo_loyalty,promo_loyalty,bitext,False
"Мне нравится информация о зимних распродажах, как я могу ее получить?",promo_loyalty,promo_loyalty,bitext,False
Я не хочу знать больше о продажах,promo_loyalty,promo_loyalty,bitext,False
как я могу получить информацию о следующих продажах,promo_loyalty,promo_loyalty,bitext,False
"Мне нужна информация о весенних распродажах, где я могу ее получить?",promo_loyalty,promo_loyalty,bitext,False
Я ищу информацию о чертовых распродажах,promo_loyalty,promo_loyalty,bitext,False
"Я хотел бы узнать больше о распродажах, дайте мне некоторую информацию",promo_loyalty,promo_loyalty,bitext,False
"Мне нужна информация о весенних распродажах, где ее можно найти?",promo_loyalty,promo_loyalty,bitext,False
"Мне нужна информация о распродажах Wionter, как ее найти?",promo_loyalty,promo_loyalty,bitext,False
"Мне нужна информация о следующих распродажах, где я могу ее получить?",promo_loyalty,promo_loyalty,bitext,False
"Мне нужна информация о чертовых распродажах, где я могу ее получить?",promo_loyalty,promo_loyalty,bitext,False
"Я ищу информацию о весенних распродажах, как я могу ее получить?",promo_loyalty,promo_loyalty,bitext,False
"Я ищу информацию о чертовых зимних распродажах, могу ли я получить какую-нибудь помощь?",promo_loyalty,promo_loyalty,bitext,False
"Мне нужна информация о чертовых распродажах, как я могу ее получить?",promo_loyalty,promo_loyalty,bitext,False
"Я хотел бы узнать больше о весенних распродажах, вы найдете какую-нибудь информацию?",promo_loyalty,promo_loyalty,bitext,False
как я могу найти информацию о очередных распродажах,promo_loyalty,promo_loyalty,bitext,False
"Я хотел бы узнать больше о чертовых зимних распродажах, мог бы дать мне некоторую информацию",promo_loyalty,promo_loyalty,bitext,False
Я ищу информацию о весенних распродажах. Можете ли вы мне помочь?,promo_loyalty,promo_loyalty,bitext,False
"Мне нужна информация о следующих распродажах, как я могу ее получить?",promo_loyalty,promo_loyalty,bitext,False
не могли бы вы дать мне информацию о следующих продажах?,promo_loyalty,promo_loyalty,bitext,False
"Хочешь узнать больше о следующих чертовых распродажах, можешь ли ты дать мне некоторую информацию?",promo_loyalty,promo_loyalty,bitext,False
"Я хотел бы узнать больше о распродажах, можете ли вы дать мне некоторую информацию?",promo_loyalty,promo_loyalty,bitext,False
"Я ищу информацию о чертовых распродажах, как мне ее найти?",promo_loyalty,promo_loyalty,bitext,False
"Ищу информацию о чертовых весенних распродажах, где ее взять?",promo_loyalty,promo_loyalty,bitext,False
"Я ищу информацию о чертовых весенних распродажах, могу ли я получить помощь?",promo_loyalty,promo_loyalty,bitext,False
когда будут распродажи,promo_loyalty,promo_loyalty,bitext,False
"мне нужна информация о следующих распродажах, как ее найти",promo_loyalty,promo_loyalty,bitext,False
"Мне бы хотелось узнать больше о следующих распродажах, найти некоторую информацию",promo_loyalty,promo_loyalty,bitext,False
"Мне нужна информация о распродажах, где я могу ее найти?",promo_loyalty,promo_loyalty,bitext,False
"я ищу информацию о следующих распродажах, как я могу ее получить",promo_loyalty,promo_loyalty,bitext,False
"Я ищу информацию о зимних распродажах, где я могу ее получить?",promo_loyalty,promo_loyalty,bitext,False
"Я хочу узнать больше о весенних распродажах, можете ли вы дать мне некоторую информацию?",promo_loyalty,promo_loyalty,bitext,False
"мне нужна информация о чертовых распродажах, где я могу ее найти",promo_loyalty,promo_loyalty,bitext,False
"Я ищу информацию о весенних распродажах, мне нужна помощь",promo_loyalty,promo_loyalty,bitext,False
"Мне нужна информация об этих чертовых зимних распродажах, где ее можно найти?",promo_loyalty,promo_loyalty,bitext,False
Я ищу информацию о распродажах,promo_loyalty,promo_loyalty,bitext,False
"Я ищу информацию о зимних распродажах, может мне поможет",promo_loyalty,promo_loyalty,bitext,False
"Я ищу информацию о чертовых зимних распродажах, могу ли я получить помощь?",promo_loyalty,promo_loyalty,bitext,False
"ищу информацию о распродаже, где ее можно получить",promo_loyalty,promo_loyalty,bitext,False
Я ищу информацию о чертовых распродажах. Не могли бы вы мне помочь?,promo_loyalty,promo_loyalty,bitext,False
"Я хотел бы узнать больше о зимних распродажах, найду некоторую информацию",promo_loyalty,promo_loyalty,bitext,False
Я хотел бы узнать больше о чертовых зимних распродажах. Не могли бы вы дать мне некоторую информацию?,promo_loyalty,promo_loyalty,bitext,False
"Я хочу узнать больше о следующих распродажах, можешь ли ты найти какую-нибудь информацию?",promo_loyalty,promo_loyalty,bitext,False
"Я ищу информацию о чертовых весенних распродажах, как мне ее получить?",promo_loyalty,promo_loyalty,bitext,False
"Мне бы хотелось получить информацию о чертовых весенних распродажах, как мне ее найти?",promo_loyalty,promo_loyalty,bitext,False
"Я хотел бы узнать больше о чертовых зимних распродажах, ты найдешь какую-нибудь информацию",promo_loyalty,promo_loyalty,bitext,False
"Я бы соврал, чтобы узнать больше о зимних распродажах, найти некоторую информацию",promo_loyalty,promo_loyalty,bitext,False
"Я ищу информацию о продажах, как я могу ее получить?",promo_loyalty,promo_loyalty,bitext,False
"Я ищу информацию о следующих распродажах, где я могу ее найти?",promo_loyalty,promo_loyalty,bitext,False
"Мне нужна информация о чертовых весенних распродажах, как я могу ее найти?",promo_loyalty,promo_loyalty,bitext,False
"Я хотел бы узнать больше о распродажах, вы найдете какую-нибудь информацию?",promo_loyalty,promo_loyalty,bitext,False
Я ищу информацию о чертовых весенних распродажах. Можете мне помочь?,promo_loyalty,promo_loyalty,bitext,False
"Я хотел бы узнать больше о продажах iwnter, дам мне некоторую информацию.",promo_loyalty,promo_loyalty,bitext,False
"хочу узнать больше о чертовых распродажах, можешь ли ты найти какую-нибудь информацию?",promo_loyalty,promo_loyalty,bitext,False
Я ищу информацию о продажах,promo_loyalty,promo_loyalty,bitext,False
Я хотел бы узнать больше о следующих распродажах. Можете ли вы дать мне некоторую информацию?,promo_loyalty,promo_loyalty,bitext,False
где я могу получить информацию о чертовой распродаже?,promo_loyalty,promo_loyalty,bitext,False
"Я ищу информацию о распродажах, помогите мне.",promo_loyalty,promo_loyalty,bitext,False
"Я ищу информацию о чертовых распродажах, как мне ее получить?",promo_loyalty,promo_loyalty,bitext,False
"Я ищу информацию о чертовых зимних распродажах, как мне ее найти?",promo_loyalty,promo_loyalty,bitext,False
"Я хотел бы узнать больше о чертовых зимних распродажах, можете ли вы дать мне некоторую информацию?",promo_loyalty,promo_loyalty,bitext,False
"Я ищу информацию о весенних распродажах, где я могу ее получить",promo_loyalty,promo_loyalty,bitext,False
"Я хотел бы получить информацию о зимних распродажах, где я могу ее получить?",promo_loyalty,promo_loyalty,bitext,False
"Мне нужна информация о чертовой распродаже, где я могу ее получить?",promo_loyalty,promo_loyalty,bitext,False
"Я бы солгал, чтобы узнать больше о чертовых продажах, дай мне какую-нибудь информацию?",promo_loyalty,promo_loyalty,bitext,False
"Мне нужна информация о весенних распродажах, где я могу ее найти?",promo_loyalty,promo_loyalty,bitext,False
Я ищу информацию о весенних распродажах.,promo_loyalty,promo_loyalty,bitext,False
как я могу найти информацию о весенних распродажах,promo_loyalty,promo_loyalty,bitext,False
"Я ищу информацию о весенних распродажах, как мне ее найти?",promo_loyalty,promo_loyalty,bitext,False
"мне нужна информация о чертовых распродажах, как я могу ее получить",promo_loyalty,promo_loyalty,bitext,False
хочу узнать больше о продажах,promo_loyalty,promo_loyalty,bitext,False
"Я хотел бы узнать больше о чертовой распродаже, можете ли вы найти какую-нибудь информацию?",promo_loyalty,promo_loyalty,bitext,False
"Я хотел бы узнать больше о чертовых распродажах, дайте мне немного информации.",promo_loyalty,promo_loyalty,bitext,False
"Я ищу информацию о следующих распродажах, может мне помочь.",promo_loyalty,promo_loyalty,bitext,False
"Мне нравится информация о распродажах, как я могу ее найти",promo_loyalty,promo_loyalty,bitext,False
"Мне нравится информация о следующих чертовых распродажах, где я могу ее получить",promo_loyalty,promo_loyalty,bitext,False
"Я хотел бы узнать больше о распродажах, дайте мне некоторую информацию.",promo_loyalty,promo_loyalty,bitext,False
хочу узнать больше о чертовых весенних распродажах,promo_loyalty,promo_loyalty,bitext,False
я ищу информацию о зимних распродажах,promo_loyalty,promo_loyalty,bitext,False
"Ищу информацию о очередных долбаных распродажах, как мне ее получить?",promo_loyalty,promo_loyalty,bitext,False
"Я хочу узнать больше о следующих гребаных распродажах, найти некоторую информацию.",promo_loyalty,promo_loyalty,bitext,False
Я ищу информацию о чертовых распродажах. Можете ли вы мне помочь?,promo_loyalty,promo_loyalty,bitext,False
"Я хотел бы узнать о следующих распродажах, можете ли вы найти какую-нибудь информацию?",promo_loyalty,promo_loyalty,bitext,False
"Я хочу узнать больше о продажах nrxt, вы найдете какую-нибудь информацию?",promo_loyalty,promo_loyalty,bitext,False
"Ищу информацию о чертовых зимних распродажах, где ее взять",promo_loyalty,promo_loyalty,bitext,False
"Я хотел бы узнать больше о следующих распродажах, вы дадите мне некоторую информацию?",promo_loyalty,promo_loyalty,bitext,False
"Я хотел бы узнать больше о чертовой распродаже, найти некоторую информацию",promo_loyalty,promo_loyalty,bitext,False
как я мог получить информацию о чертовых распродажах,promo_loyalty,promo_loyalty,bitext,False
"мне нужна информация о продажах, как я могу ее получить",promo_loyalty,promo_loyalty,bitext,False
"Ищу информацию о чертовых весенних распродажах, где ее взять",promo_loyalty,promo_loyalty,bitext,False
"Мне хотелось бы узнать больше о следующих распродажах, найти некоторую информацию",promo_loyalty,promo_loyalty,bitext,False
я пытаюсь найти информацию о чертовых распродажах,promo_loyalty,promo_loyalty,bitext,False
"мне нужна информация о следующих распродажах, могу ли я ее получить",promo_loyalty,promo_loyalty,bitext,False
Я хочу знать больше о следующих распродажах,promo_loyalty,promo_loyalty,bitext,False
"Знаю ли я больше о чертовых зимних распродажах, можешь ли ты найти какую-нибудь информацию?",promo_loyalty,promo_loyalty,bitext,False
Можете ли вы дать мне информацию о весенних распродажах?,promo_loyalty,promo_loyalty,bitext,False
мне нужна информация об этих чертовых распродажах,promo_loyalty,promo_loyalty,bitext,False
"Мне бы хотелось узнать больше о весенних распродажах, не могли бы вы дать мне некоторую информацию?",promo_loyalty,promo_loyalty,bitext,False
Я хотел бы получить информацию о продажах NetX,promo_loyalty,promo_loyalty,bitext,False
"Я хочу узнать больше о следующих распродажах, можешь ли ты дать мне какую-нибудь информацию?",promo_loyalty,promo_loyalty,bitext,False
Мне нужна информация о продажах,promo_loyalty,promo_loyalty,bitext,False
"хочу узнать больше о распродажах, могу дать мне некоторую информацию",promo_loyalty,promo_loyalty,bitext,False
как я могу найти информацию о следующих распродажах,promo_loyalty,promo_loyalty,bitext,False
"Мне нужна информация о зимних распродажах, как ее найти?",promo_loyalty,promo_loyalty,bitext,False
могу дать мне информацию о весенних распродажах,promo_loyalty,promo_loyalty,bitext,False
"Я хотел бы узнать больше о чертовых зимних распродажах, найдёте ли вы информацию?",promo_loyalty,promo_loyalty,bitext,False
Я ищу информацию о продажах. Не могли бы вы мне помочь?,promo_loyalty,promo_loyalty,bitext,False
"Я ищу информацию о чертовой распродаже, где ее найти?",promo_loyalty,promo_loyalty,bitext,False
"Я ищу информацию о следующих чертовых распродажах, где я могу ее получить",promo_loyalty,promo_loyalty,bitext,False
"Я хотел бы узнать больше о чертовых распродажах, можете ли вы дать мне некоторую информацию?",promo_loyalty,promo_loyalty,bitext,False
Я ищу информацию о чертовых весенних распродажах. Не могли бы вы мне помочь?,promo_loyalty,promo_loyalty,bitext,False
"Я ищу информацию о продажах, могу ли я получить помощь?",promo_loyalty,promo_loyalty,bitext,False
мог бы дать мне информацию о чертовых распродажах,promo_loyalty,promo_loyalty,bitext,False
"Я ищу информацию о следующих чертовых распродажах, ты мне поможешь?",promo_loyalty,promo_loyalty,bitext,False
"Мне нравится информация о весенних распродажах, как ее найти?",promo_loyalty,promo_loyalty,bitext,False
можешь дать мне информацию о чертовых весенних распродажах?,promo_loyalty,promo_loyalty,bitext,False
"Я ищу информацию о чертовых весенних распродажах, где я могу ее получить?",promo_loyalty,promo_loyalty,bitext,False
"Я хочу узнать больше о весенних распродажах, можете ли вы найти какую-нибудь информацию?",promo_loyalty,promo_loyalty,bitext,False
"Мне бы хотелось получить информацию о чертовых зимних распродажах, как мне ее получить?",promo_loyalty,promo_loyalty,bitext,False
"Я ищу информацию о будущих распродажах, где я могу ее найти?",promo_loyalty,promo_loyalty,bitext,False
сколько продлятся летние распродажи?,promo_loyalty,promo_loyalty,bitext,False
"Я ищу информацию о следующих распродажах, могу ли я получить помощь?",promo_loyalty,promo_loyalty,bitext,False
Мне нужна информация о чертовых зимних аслях.,promo_loyalty,promo_loyalty,bitext,False
Вы дадите мне информацию о следующих продажах?,promo_loyalty,promo_loyalty,bitext,False
расскажи мне побольше о чертовых весенних сэлсах,promo_loyalty,promo_loyalty,bitext,False
"Я ищу информацию о следующих распродажах, помогите мне.",promo_loyalty,promo_loyalty,bitext,False
"Мне нравится информация о продажах, как я могу ее получить?",promo_loyalty,promo_loyalty,bitext,False
"я ищу информацию о чертовых распродажах, помогите мне",promo_loyalty,promo_loyalty,bitext,False
"Я ищу информацию о весенних распродажах, где я могу ее получить?",promo_loyalty,promo_loyalty,bitext,False
не могли бы вы дать мне информацию о распродажах?,promo_loyalty,promo_loyalty,bitext,False
где я могу найти информацию о следующих чертовых распродажах?,promo_loyalty,promo_loyalty,bitext,False
"Мне бы хотелось получить информацию о следующих распродажах, могу ли я ее найти?",promo_loyalty,promo_loyalty,bitext,False
"Я ищу информацию о зимних распродажах, как я могу ее получить?",promo_loyalty,promo_loyalty,bitext,False
Я ищу информацию о следующих распродажах. Могу ли я получить помощь?,promo_loyalty,promo_loyalty,bitext,False
Я хочу узнать больше о распродаже Salex,promo_loyalty,promo_loyalty,bitext,False
не могли бы вы дать мне информацию о продажах,promo_loyalty,promo_loyalty,bitext,False
когда заканчиваются январские сазлы?,promo_loyalty,promo_loyalty,bitext,False
"Я хотел бы узнать больше о следующих распродажах, могу дать мне некоторую информацию",promo_loyalty,promo_loyalty,bitext,False
Я ищу информацию о чертовых распродажах.,promo_loyalty,promo_loyalty,bitext,False
"Мне нужна информация о ближайших распродажах, где я могу ее получить?",promo_loyalty,promo_loyalty,bitext,False
дайте мне информацию о чертовых распродажах,promo_loyalty,promo_loyalty,bitext,False
Я хотел бы узнать больше о чертовых распродажах.,promo_loyalty,promo_loyalty,bitext,False
"Я хотел бы узнать больше о весенних распродажах, найду некоторую информацию.",promo_loyalty,promo_loyalty,bitext,False
"Я ищу информацию о весенних распродажах, мистер",promo_loyalty,promo_loyalty,bitext,False
информация о следующих распродажах,promo_loyalty,promo_loyalty,bitext,False
"Я хотел бы узнать больше о следующих распродажах, ты дашь мне некоторую информацию?",promo_loyalty,promo_loyalty,bitext,False
"хочу узнать больше о следующих чертовых распродажах, давай найдём какую-нибудь информацию",promo_loyalty,promo_loyalty,bitext,False
я ищу информацию о чертовых весенних распродажах,promo_loyalty,promo_loyalty,bitext,False
Вы дадите мне информацию о продажах?,promo_loyalty,promo_loyalty,bitext,False
"Я ищу информацию о чертовых весенних распродажах, мне нужна помощь.",promo_loyalty,promo_loyalty,bitext,False
найти информацию о распродажах,promo_loyalty,promo_loyalty,bitext,False
Не могли бы вы дать мне информацию о зимних распродажах?,promo_loyalty,promo_loyalty,bitext,False
"хочу узнать больше о чертовых распродажах, не могли бы вы дать мне некоторую информацию?",promo_loyalty,promo_loyalty,bitext,False
где я мог бы получить информацию о чертовых распродажах?,promo_loyalty,promo_loyalty,bitext,False
"Я ищу информацию о весенних распродажах, где я могу ее найти?",promo_loyalty,promo_loyalty,bitext,False
"мне нужна информация о чертовых зимних распродажах, где я могу ее получить",promo_loyalty,promo_loyalty,bitext,False
можешь ли ты дать мне информацию о продажах,promo_loyalty,promo_loyalty,bitext,False
Мне бы хотелось узнать больше о чертовых продажах,promo_loyalty,promo_loyalty,bitext,False
когда следующие распродажи,promo_loyalty,promo_loyalty,bitext,False
"Мне нужна информация о чертовых распродажах, как мне ее найти?",promo_loyalty,promo_loyalty,bitext,False
"Мне нужна информация о чертовых весенних распродажах, где ее можно найти?",promo_loyalty,promo_loyalty,bitext,False
"Мне нравится информация о чертовых зимних распродажах, где я могу ее найти",promo_loyalty,promo_loyalty,bitext,False
Я хочу узнать больше о весенних распродажах. Можете ли вы дать мне некоторую информацию?,promo_loyalty,promo_loyalty,bitext,False
"Ищу информацию о чертовых весенних распродажах, помогите.",promo_loyalty,promo_loyalty,bitext,False
"Ищу информацию о очередных распродажах, мне нужна помощь",promo_loyalty,promo_loyalty,bitext,False
"хочу узнать больше о чертовых зимних распродажах, найду кое-какую информацию",promo_loyalty,promo_loyalty,bitext,False
"хочу узнать больше о весенних распродажах, могу найти некоторую информацию",promo_loyalty,promo_loyalty,bitext,False
"Мне нужна информация о следующих распродажах, как я могу ее найти?",promo_loyalty,promo_loyalty,bitext,False
"Я ищу информацию о чертовых распродажах, где я могу ее найти?",promo_loyalty,promo_loyalty,bitext,False
"Мне нужна информация о зимних распродажах, где ее можно найти?",promo_loyalty,promo_loyalty,bitext,False
"Я ищу информацию о зимних распродажах, помогите мне.",promo_loyalty,promo_loyalty,bitext,False
информация о продажах,promo_loyalty,promo_loyalty,bitext,False
"Мне нужна информация о распродажах, как я могу ее получить?",promo_loyalty,promo_loyalty,bitext,False
"Мне нужна информация о продажах, как я могу ее найти?",promo_loyalty,promo_loyalty,bitext,False
"Мне нужна информация о чертовых зимних распродажах, где ее найти?",promo_loyalty,promo_loyalty,bitext,False
"Мне нужна информация о зимних распродажах, где я могу ее получить?",promo_loyalty,promo_loyalty,bitext,False
"Мне нужна информация о ближайших распродажах, как мне ее найти?",promo_loyalty,promo_loyalty,bitext,False
"Мне нужна информация о чертовых распродажах, как ее найти?",promo_loyalty,promo_loyalty,bitext,False
"Я хочу узнать больше о чертовой распродаже, не могли бы вы дать мне некоторую информацию?",promo_loyalty,promo_loyalty,bitext,False
пытаюсь найти информацию о чертовых весенних распродажах,promo_loyalty,promo_loyalty,bitext,False
"Я хочу узнать больше о чертовых распродажах, вы найдете какую-нибудь информацию?",promo_loyalty,promo_loyalty,bitext,False
найти информацию о чертовых весенних распродажах,promo_loyalty,promo_loyalty,bitext,False
"Я ищу информацию о зимних распродажах, можете мне помочь?",promo_loyalty,promo_loyalty,bitext,False
"Мне нравится информация о чертовых зимних распродажах, где я могу ее получить",promo_loyalty,promo_loyalty,bitext,False
"Я ищу информацию о чертовых распродажах, ты мне поможешь?",promo_loyalty,promo_loyalty,bitext,False
"сайт не работает на моем телефоне, я хочу сообщить о чертовой проблеме",technical_issue,technical_issue,bitext,False
могу ли я использовать твое чертово мобильное приложение?,technical_issue,technical_issue,bitext,False
"сайт не работает на моем планшете, я хочу сообщить о проблеме",technical_issue,technical_issue,bitext,False
Я бы хотел воспользоваться твоим чертовым мобильным приложением.,technical_issue,technical_issue,bitext,False
у меня возникла техническая проблема с приложением на моем мобильном телефоне. Помогите мне сообщить об этом.,technical_issue,technical_issue,bitext,False
как скачать твое чертово приложение?,technical_issue,technical_issue,bitext,False
"сайт не работает на моем мобильном телефоне, могу ли я сообщить об ошибке?",technical_issue,technical_issue,bitext,False
"Я хотел бы использовать ваше приложение, как я могу это сделать?",technical_issue,technical_issue,bitext,False
"Я бы хотел использовать твое чертово приложение, как мне это сделать?",technical_issue,technical_issue,bitext,False
"Я хочу использовать ваше приложение, как мне это сделать?",technical_issue,technical_issue,bitext,False
"мобильное приложение не работает на моем устройстве, мне нужна помощь, чтобы сообщить об ошибке",technical_issue,technical_issue,bitext,False
"приложение не работает на моем планшете, могу ли я сообщить об этой чертовой проблеме",technical_issue,technical_issue,bitext,False
как мне скачать ебаное приложение,technical_issue,technical_issue,bitext,False
"сайт не работает на моем Mac, можете ли вы помочь мне сообщить об этой чертовой проблеме?",technical_issue,technical_issue,bitext,False
"хочу воспользоваться твоим чертовым мобильным приложением, могу ли я получить помощь?",technical_issue,technical_issue,bitext,False
"Я хотел бы использовать ваше мобильное приложение, могу ли я получить помощь?",technical_issue,technical_issue,bitext,False
"приложение не работает на моем компьютере, помогите мне, сообщите об ошибке",technical_issue,technical_issue,bitext,False
как я могу использовать ваше приложение?,technical_issue,technical_issue,bitext,False
"я не могу заставить веб-сайт работать на моем Mac, мне нужна помощь, чтобы сообщить о проблеме",technical_issue,technical_issue,bitext,False
"сайт не работает на моем устройстве, мне нужно сообщить о проблеме",technical_issue,technical_issue,bitext,False
"приложение не работает на моем компьютере, помогите мне сообщить о проблеме",technical_issue,technical_issue,bitext,False
как я могу купить через urwebsite,technical_issue,technical_issue,bitext,False
"Приложение не работает на моем устройстве, мне нужно сообщить об ошибке",technical_issue,technical_issue,bitext,False
Я хотел бы использовать ваше приложение,technical_issue,technical_issue,bitext,False
"сайт не работает на моем мобильном телефоне, мне нужна помощь, чтобы исправить ошибку",technical_issue,technical_issue,bitext,False
"Я хочу воспользоваться твоим чертовым приложением, как это сделать?",technical_issue,technical_issue,bitext,False
"сайт не работает на моем планшете, помогите, сообщите об ошибке",technical_issue,technical_issue,bitext,False
"я не могу заставить сайт работать, нет моего мобильного телефона, не могли бы вы помочь мне сообщить о проблеме?",technical_issue,technical_issue,bitext,False
как пользоваться вашим мобильным приложением?,technical_issue,technical_issue,bitext,False
"Я хочу использовать ваше приложение, как это сделать?",technical_issue,technical_issue,bitext,False
"сайт не работает на моем устройстве, помогите мне сообщить об этой чертовой проблеме",technical_issue,technical_issue,bitext,False
"Я хотел бы использовать ваше приложение, мне нужна помощь",technical_issue,technical_issue,bitext,False
"Я бы хотел использовать твое чертово мобильное приложение, оно бы мне помогло.",technical_issue,technical_issue,bitext,False
"мобильное приложение не работает на моем мобильном телефоне, я хочу сообщить о чертовой проблеме",technical_issue,technical_issue,bitext,False
"Мне нужно воспользоваться твоим чертовым мобильным приложением, как мне это сделать?",technical_issue,technical_issue,bitext,False
можно ли использовать твое чертово мобильное приложение?,technical_issue,technical_issue,bitext,False
"у меня чертовски техническая проблема с приложением на моем устройстве, мне нужна помощь, чтобы сообщить об этом",technical_issue,technical_issue,bitext,False
"приложение не работает на моем компьютере, мне нужна помощь, чтобы сообщить о проблеме",technical_issue,technical_issue,bitext,False
"Я бы хотел воспользоваться твоим чертовым мобильным приложением, могу ли я получить помощь?",technical_issue,technical_issue,bitext,False
"приложение не работает на моем мобильном телефоне, помогите мне сообщить об ошибке",technical_issue,technical_issue,bitext,False
У меня техническая проблема с приложением. Помогите мне не сообщить об этом.,technical_issue,technical_issue,bitext,False
"сайт не работает на моем мобильном телефоне, помогите мне сообщить о проблеме",technical_issue,technical_issue,bitext,False
"Мне нужно воспользоваться твоим чертовым приложением, помоги мне.",technical_issue,technical_issue,bitext,False
как пользоваться приложением ру,technical_issue,technical_issue,bitext,False
"мобильное приложение не работает на моем компьютере, помогите мне сообщить о проблеме",technical_issue,technical_issue,bitext,False
можно ли купить через ваш сайт,technical_issue,technical_issue,bitext,False
"Я не могу заставить приложение работать на моем мобильном телефоне, мне нужно сообщить о проблеме",technical_issue,technical_issue,bitext,False
"веб-сайт не работает на моем Mac, мне нужна помощь, чтобы сообщить о проблеме",technical_issue,technical_issue,bitext,False
"приложение не работает на моем мобильном телефоне, не могли бы вы помочь мне сообщить о проблеме?",technical_issue,technical_issue,bitext,False
"я получаю сообщение об ошибке в приложении на своем планшете, помогите мне сообщить об этом",technical_issue,technical_issue,bitext,False
"мобильное приложение не работает на моем устройстве, я хочу сообщить об ошибке",technical_issue,technical_issue,bitext,False
"Я хотел бы сообщить о чертовой технической проблеме, могу ли я получить помощь?",technical_issue,technical_issue,bitext,False
"Я хотел бы использовать ваше мобильное приложение, вы можете мне помочь?",technical_issue,technical_issue,bitext,False
"Я хочу воспользоваться твоим чертовым мобильным приложением, помоги мне.",technical_issue,technical_issue,bitext,False
"мобильное приложение не работает на моем Mac, мне нужна помощь, чтобы сообщить об этой чертовой ошибке",technical_issue,technical_issue,bitext,False
"Я бы хотел воспользоваться твоим чертовым приложением, мне нужна помощь",technical_issue,technical_issue,bitext,False
как купить через мобильное приложение?,technical_issue,technical_issue,bitext,False
можно ли использовать ваше приложение?,technical_issue,technical_issue,bitext,False
приложение не работает на моем Mac. Не могли бы вы помочь мне сообщить о проблеме?,technical_issue,technical_issue,bitext,False
"Я бы хотел воспользоваться твоим чертовым приложением, можешь мне помочь.",technical_issue,technical_issue,bitext,False
"мобильное приложение не работает на моем мобильном телефоне, помогите мне сообщить о проблеме",technical_issue,technical_issue,bitext,False
"сайт не работает на моем мобильном телефоне, помогите мне сообщить о чертовой проблеме",technical_issue,technical_issue,bitext,False
"Я хочу использовать ваше мобильное приложение, где я могу это сделать?",technical_issue,technical_issue,bitext,False
"Мне нужно воспользоваться твоим чертовым мобильным приложением, где я могу это сделать?",technical_issue,technical_issue,bitext,False
Я не могу заставить сайт работать на своем компьютере. Не могли бы вы помочь мне сообщить о чертовой проблеме?,technical_issue,technical_issue,bitext,False
"Мне нужно использовать твое чертово мобильное приложение, я получу помощь",technical_issue,technical_issue,bitext,False
"приложение не работает на моем телефоне, я должен сообщить об этой чертовой проблеме",technical_issue,technical_issue,bitext,False
как пользоваться твоим мобильным приложением,technical_issue,technical_issue,bitext,False
как мне купить через ваше мобильное приложение?,technical_issue,technical_issue,bitext,False
"мобильное приложение не работает на моем Mac, можно ли сообщить о проблеме?",technical_issue,technical_issue,bitext,False
"Мне нужно использовать ваше мобильное приложение, где мне это сделать?",technical_issue,technical_issue,bitext,False
"Я не могу заставить сайт работать на моем Mac, мне нужно сообщить об ошибке",technical_issue,technical_issue,bitext,False
"я не могу заставить сайт работать на своем планшете, мне нужно сообщить об ошибке",technical_issue,technical_issue,bitext,False
"я не могу заставить сайт работать, как мне сообщить об ошибке",technical_issue,technical_issue,bitext,False
"я не могу заставить сайт работать на моем Mac, помогите мне сообщить о проблеме",technical_issue,technical_issue,bitext,False
"мобильное приложение не работает на моем Mac, как мне сообщить о проблеме",technical_issue,technical_issue,bitext,False
"приложение не работает на моем устройстве, помогите мне сообщить о проблеме",technical_issue,technical_issue,bitext,False
"Я бы хотел воспользоваться твоим чертовым мобильным приложением, мне нужна помощь",technical_issue,technical_issue,bitext,False
"Я хотел бы использовать ваше мобильное приложение, как мне это сделать?",technical_issue,technical_issue,bitext,False
приложение не работает на моем мобильном телефоне. Не могли бы вы помочь мне сообщить об ошибке?,technical_issue,technical_issue,bitext,False
"мобильное приложение не работает на моем компьютере, мне нужно сообщить о проблеме",technical_issue,technical_issue,bitext,False
"Я бы хотел воспользоваться твоим чертовым приложением, где я могу это сделать?",technical_issue,technical_issue,bitext,False
"сайт не работает на моем мобильном телефоне, хочу сообщить об ошибке",technical_issue,technical_issue,bitext,False
"Мне нужно использовать ваше приложение, вы можете мне помочь?",technical_issue,technical_issue,bitext,False
"Я хотел бы сообщить о проблеме с приложением, помогите мне.",technical_issue,technical_issue,bitext,False
где скачать ваше мобильное приложение,technical_issue,technical_issue,bitext,False
Мне нужно воспользоваться твоим чертовым мобильным папой.,technical_issue,technical_issue,bitext,False
можно ли использовать ваше мобильное приложение,technical_issue,technical_issue,bitext,False
"Я хотел бы использовать ваше приложение, могу ли я получить помощь?",technical_issue,technical_issue,bitext,False
"У меня в приложении появляется ошибка, можно ли об этом сообщить?",technical_issue,technical_issue,bitext,False
"я бы хотел использовать твое чертово приложение, где это сделать",technical_issue,technical_issue,bitext,False
"Я не могу заставить приложение работать на своем планшете, как мне сообщить об ошибке?",technical_issue,technical_issue,bitext,False
"Я хочу использовать ваше приложение, не могли бы вы мне помочь?",technical_issue,technical_issue,bitext,False
"Я бы хотел использовать твое чертово мобильное приложение, оно мне поможет",technical_issue,technical_issue,bitext,False
могу ли я купить через твое приложение?,technical_issue,technical_issue,bitext,False
"сайт не работает на моем мобильном телефоне, как сообщить об ошибке",technical_issue,technical_issue,bitext,False
"мобильное приложение не работает на моем телефоне, могу ли я сообщить о проблеме?",technical_issue,technical_issue,bitext,False
"Мне нужно использовать твое чертово мобильное приложение, как я мог это сделать?",technical_issue,technical_issue,bitext,False
где мне скачать твое приложение,technical_issue,technical_issue,bitext,False
"мобильное приложение не работает на моем Mac, мне нужна помощь, чтобы сообщить о проблеме",technical_issue,technical_issue,bitext,False
"сайт не работает на моем компьютере, мне нужна помощь, чтобы сообщить об ошибке",technical_issue,technical_issue,bitext,False
"хочу воспользоваться твоим чертовым приложением, ты мне поможешь?",technical_issue,technical_issue,bitext,False
Я бы хотел воспользоваться этим чертовым приложением,technical_issue,technical_issue,bitext,False
"Мобильное приложение не работает на моем Mac, мне нужно сообщить о чертовой проблеме",technical_issue,technical_issue,bitext,False
"Я хочу использовать ваше мобильное приложение, как это сделать?",technical_issue,technical_issue,bitext,False
"сайт не работает на моем телефоне, я хочу помочь сообщить о проблеме",technical_issue,technical_issue,bitext,False
"приложение не работает на моем компьютере, помогите мне сообщить о чертовой проблеме",technical_issue,technical_issue,bitext,False
как я могу купить через ваше мобильное приложение,technical_issue,technical_issue,bitext,False
где я мог бы скачать твое приложение,technical_issue,technical_issue,bitext,False
"хочу нам твое мобильное приложение, где я могу это сделать",technical_issue,technical_issue,bitext,False
"я бы хотел использовать приложение ru, как это сделать",technical_issue,technical_issue,bitext,False
"приложение не работает на моем устройстве, мне нужна помощь, чтобы сообщить об ошибке",technical_issue,technical_issue,bitext,False
"Я хотел бы использовать ваше приложение, где я могу это сделать?",technical_issue,technical_issue,bitext,False
"Я бы хотел воспользоваться твоим чертовым мобильным приложением, можно мне помочь?",technical_issue,technical_issue,bitext,False
"Я бы хотел воспользоваться твоим чертовым приложением, ты можешь мне помочь?",technical_issue,technical_issue,bitext,False
"этот сайт не работает на моем Mac, помогите мне сообщить о проблеме",technical_issue,technical_issue,bitext,False
"Я хочу использовать ваше мобильное приложение, как мне это сделать?",technical_issue,technical_issue,bitext,False
"нужно использовать ваше мобильное приложение, где я могу это сделать",technical_issue,technical_issue,bitext,False
"Я хотел бы использовать ваше мобильное приложение, мне нужна помощь",technical_issue,technical_issue,bitext,False
"сайт не работает на моем мобильном телефоне, могу ли я сообщить о проблеме",technical_issue,technical_issue,bitext,False
"Я бы хотел использовать твое мобильное приложение, как я могу это сделать?",technical_issue,technical_issue,bitext,False
Я получаю чертову ошибку в приложении на своем телефоне. Можете ли вы помочь мне сообщить об этом?,technical_issue,technical_issue,bitext,False
"Веб-сайт не работает, я хотел бы сообщить о проблеме",technical_issue,technical_issue,bitext,False
"мобильное приложение не работает, мне нужна помощь, чтобы сообщить об этой чертовой проблеме",technical_issue,technical_issue,bitext,False
как я могу использовать твое мобильное приложение,technical_issue,technical_issue,bitext,False
приложение не работает на моем планшете. Не могли бы вы помочь мне сообщить об ошибке?,technical_issue,technical_issue,bitext,False
"мобильное приложение не работает на моем мобильном телефоне, могу ли я сообщить об ошибке",technical_issue,technical_issue,bitext,False
"Я бы хотел использовать твое чертово приложение, мне нужна помощь",technical_issue,technical_issue,bitext,False
"Мне нужно воспользоваться твоим чертовым мобильным приложением, как я могу это сделать?",technical_issue,technical_issue,bitext,False
мне нужна помощь в сообщении о технической проблеме с мобильным приложением,technical_issue,technical_issue,bitext,False
"сайт не работает на моем устройстве, мне нужна помощь, чтобы сообщить о чертовой проблеме",technical_issue,technical_issue,bitext,False
"Мне бы хотелось воспользоваться твоим чертовым мобильным приложением, ты мне поможешь?",technical_issue,technical_issue,bitext,False
"Я хочу воспользоваться твоим чертовым мобильным приложением, где это сделать?",technical_issue,technical_issue,bitext,False
"У меня не работает сайт на моем Mac, помогите мне сообщить о чертовой проблеме.",technical_issue,technical_issue,bitext,False
"веб-сайт не работает на моем компьютере, помогите мне сообщить о проблеме",technical_issue,technical_issue,bitext,False
"Я хотел бы использовать ваше мобильное приложение, как это сделать?",technical_issue,technical_issue,bitext,False
"Я бы хотел воспользоваться твоим чертовым приложением, где мне это сделать?",technical_issue,technical_issue,bitext,False
"Я не могу заставить сайт работать на своем компьютере, как сообщить о проблеме?",technical_issue,technical_issue,bitext,False
"приложение не работает на моем устройстве, мне нужно сообщить о проблеме",technical_issue,technical_issue,bitext,False
Я не хочу использовать твое чертово приложение,technical_issue,technical_issue,bitext,False
Я бы хотел использовать ваше мобильное приложение,technical_issue,technical_issue,bitext,False
"я не могу заставить сайт работать на своем компьютере, как я могу сообщить об ошибке",technical_issue,technical_issue,bitext,False
"Мне нужно сообщить о проблеме на сайте, как я могу это сделать?",technical_issue,technical_issue,bitext,False
"Я хотел бы использовать ваше приложение, где мне это сделать?",technical_issue,technical_issue,bitext,False
я не могу заставить приложение работать на моем компьютере сообщить о чертовой проблеме,technical_issue,technical_issue,bitext,False
"хочу использовать твое мобильное приложение, помоги мне",technical_issue,technical_issue,bitext,False
"я не могу заставить сайт работать на своем Mac, помогите мне сообщить о чертовой проблеме",technical_issue,technical_issue,bitext,False
"хочу использовать твое приложение, могу ли я получить помощь",technical_issue,technical_issue,bitext,False
приложение не работает на моем мобильном телефоне. Помогите мне сообщить о чертовой проблеме.,technical_issue,technical_issue,bitext,False
мобильное приложение не работает на моем планшете. Можете ли вы помочь мне сообщить о проблеме?,technical_issue,technical_issue,bitext,False
Сайт не работает на моем мобильном телефоне. Можете ли вы помочь мне сообщить о проблеме?,technical_issue,technical_issue,bitext,False
"сайт не работает на моем Mac, мне нужно сообщить об ошибке",technical_issue,technical_issue,bitext,False
"Мне нужно использовать ваше мобильное приложение, помогите мне.",technical_issue,technical_issue,bitext,False
"приложение не работает, сообщите об ошибке",technical_issue,technical_issue,bitext,False
"Я хочу воспользоваться твоим чертовым мобильным приложением, мне нужна помощь",technical_issue,technical_issue,bitext,False
"Я бы хотел воспользоваться твоим чертовым мобильным приложением, ты мне поможешь?",technical_issue,technical_issue,bitext,False
"Я бы хотел использовать ваше приложение, мы поможем мне",technical_issue,technical_issue,bitext,False
"Мне нужно воспользоваться твоим чертовым приложением, могу ли я получить помощь?",technical_issue,technical_issue,bitext,False
"я не могу заставить сайт работать на своем компьютере, мне нужна помощь, чтобы сообщить о чертовой проблеме",technical_issue,technical_issue,bitext,False
"Я бы хотел воспользоваться твоим чертовым приложением, оно мне поможет",technical_issue,technical_issue,bitext,False
"мобильное приложение не работает, мне нужно попросить сообщить об этой чертовой ошибке",technical_issue,technical_issue,bitext,False
Я хочу сообщить о технической проблеме с приложением. Мне нужна помощь.,technical_issue,technical_issue,bitext,False
"приложение не работает на моем мобильном телефоне, помогите мне сообщить о чертовой проблеме",technical_issue,technical_issue,bitext,False
"приложение не работает на моем устройстве, как мне повторить проблему?",technical_issue,technical_issue,bitext,False
как я могу скачать твое приложение,technical_issue,technical_issue,bitext,False
"нужно сообщить о технической проблеме с мобильным приложением, мне поможет",technical_issue,technical_issue,bitext,False
"Я хочу сообщить о чертовой технической проблеме, где я могу это сделать?",technical_issue,technical_issue,bitext,False
"хочу использовать твое приложение, может мне помочь",technical_issue,technical_issue,bitext,False
"я не могу заставить сайт работать на моем компьютере, мне нужно сообщить об ошибке",technical_issue,technical_issue,bitext,False
"Я хотел бы использовать ваше чертово приложение, как мне это сделать?",technical_issue,technical_issue,bitext,False
"Я бы хотел использовать ваше мобильное приложение, где мне это сделать?",technical_issue,technical_issue,bitext,False
"приложение не работает, сообщите о проблеме",technical_issue,technical_issue,bitext,False
как я могу купить через ваше мобильное приложение?,technical_issue,technical_issue,bitext,False
"мобильное приложение не работает на моем устройстве, мне нужна помощь, чтобы сообщить о проблеме",technical_issue,technical_issue,bitext,False
"сайт не работает, сообщите о проблеме",technical_issue,technical_issue,bitext,False
как я могу использовать ваше приложение,technical_issue,technical_issue,bitext,False
как мне использовать твое мобильное приложение,technical_issue,technical_issue,bitext,False
"приложение не работает на моем мобильном телефоне, мне нужна помощь, чтобы сообщить об ошибке",technical_issue,technical_issue,bitext,False
"Мне нужно воспользоваться твоим чертовым мобильным приложением, где мне это сделать?",technical_issue,technical_issue,bitext,False
"сайт не работает на моем мобильном телефоне, мне нужно сообщить о проблеме",technical_issue,technical_issue,bitext,False
"Я хочу воспользоваться твоим чертовым мобильным приложением, где мне это сделать?",technical_issue,technical_issue,bitext,False
"нужно использовать ваше приложение, где это сделать",technical_issue,technical_issue,bitext,False
"хочу использовать твое приложение, ты мне поможешь?",technical_issue,technical_issue,bitext,False
Мне нужно использовать твое приложение,technical_issue,technical_issue,bitext,False
Веб-сайт не работает на моем мобильном телефоне. Можете ли вы помочь мне сообщить об ошибке?,technical_issue,technical_issue,bitext,False
"Я не могу заставить приложение работать на своем компьютере, мне нужна помощь, чтобы сообщить о чертовой проблеме.",technical_issue,technical_issue,bitext,False
"приложение не работает на моем планшете, можно ли сообщить о проблеме?",technical_issue,technical_issue,bitext,False
"приложение не работает на моем компьютере, как я могу сообщить о проблеме?",technical_issue,technical_issue,bitext,False
"нужно сообщить о технической проблеме, приложение поможет мне",technical_issue,technical_issue,bitext,False
сайт не работает на моем устройстве. Можете ли вы помочь мне сообщить о проблеме?,technical_issue,technical_issue,bitext,False
"Мне нужно воспользоваться вашим мобильным приложением, где я могу это сделать?",technical_issue,technical_issue,bitext,False
"Я бы хотел использовать ваше мобильное приложение, помогите мне.",technical_issue,technical_issue,bitext,False
"сайт не работает на моем мобильном телефоне, как мне сообщить об этой чертовой проблеме?",technical_issue,technical_issue,bitext,False
"Я не могу заставить сайт работать на своем компьютере, мне нужна помощь, чтобы сообщить об ошибке",technical_issue,technical_issue,bitext,False
"я получаю сообщение об ошибке в приложении на своем компьютере, как мне сообщить об этом",technical_issue,technical_issue,bitext,False
"приложение не работает на моем телефоне, как сообщить о проблеме?",technical_issue,technical_issue,bitext,False
"приложение не работает на моем мобильном телефоне, можно ли сообщить о проблеме",technical_issue,technical_issue,bitext,False
"Мне нужно использовать ваше мобильное приложение, как это сделать?",technical_issue,technical_issue,bitext,False
"хочу воспользоваться твоим чертовым приложением, могу ли я получить помощь?",technical_issue,technical_issue,bitext,False
можно ли будет купить через ваше приложение?,technical_issue,technical_issue,bitext,False
"Мобильное приложение не работает на моем Mac, можно ли сообщить об этой чертовой проблеме?",technical_issue,technical_issue,bitext,False
"Я бы хотел использовать твое чертово мобильное приложение, можешь мне помочь?",technical_issue,technical_issue,bitext,False
"приложение не работает на моем компьютере, как мне сообщить о проблеме",technical_issue,technical_issue,bitext,False
"Я не могу заставить приложение работать на своем компьютере, мне нужно сообщить об ошибке",technical_issue,technical_issue,bitext,False
"Я не могу заставить сайт работать на своем планшете, сообщите об ошибке",technical_issue,technical_issue,bitext,False
"мобильное приложение не работает, могу ли я сообщить об ошибке?",technical_issue,technical_issue,bitext,False
"мобильное приложение не работает на моем компьютере, не могли бы вы помочь мне сообщить об ошибке?",technical_issue,technical_issue,bitext,False
"Я хочу воспользоваться твоим чертовым мобильным приложением, как я могу это сделать?",technical_issue,technical_issue,bitext,False
"приложение не работает на моем устройстве, помогите мне сообщить об ошибке",technical_issue,technical_issue,bitext,False
"мобильное приложение не работает на моем компьютере, как мне сообщить о проблеме",technical_issue,technical_issue,bitext,False
"хочу использовать твое чертово мобильное приложение, как это сделать",technical_issue,technical_issue,bitext,False
"мне нужно сообщить о проблеме на сайте, где мне это сделать",technical_issue,technical_issue,bitext,False
"мне нужно воспользоваться твоим чертовым приложением, ты можешь мне помочь",technical_issue,technical_issue,bitext,False
"Я хочу использовать ваше мобильное приложение, где мне это сделать?",technical_issue,technical_issue,bitext,False
"Я хотел бы использовать ваше мобильное приложение, не могли бы вы мне помочь?",technical_issue,technical_issue,bitext,False
"мобильное приложение не работает на моем компьютере, мне нужна помощь, чтобы сообщить о проблеме",technical_issue,technical_issue,bitext,False
как мне использовать приложение ru,technical_issue,technical_issue,bitext,False
где мне скачать ваше приложение?,technical_issue,technical_issue,bitext,False
"Мне бы хотелось воспользоваться твоим чертовым мобильным приложением, где я могу это сделать",technical_issue,technical_issue,bitext,False
"Я бы хотел использовать твое чертово мобильное приложение, как мне это сделать?",technical_issue,technical_issue,bitext,False
"Я хотел бы использовать ваше приложение, помогите мне",technical_issue,technical_issue,bitext,False
"я не могу заставить сайт работать на своем компьютере, могу ли я сообщить об ошибке",technical_issue,technical_issue,bitext,False
"Я бы хотел воспользоваться твоим чертовым приложением, как мне это сделать?",technical_issue,technical_issue,bitext,False
"Я бы хотел воспользоваться твоим чертовым приложением, нужно ли это делать?",technical_issue,technical_issue,bitext,False
"хочу использовать твое приложение, где это сделать",technical_issue,technical_issue,bitext,False
"я не могу заставить сайт работать на своем планшете, могу ли я сообщить о проблеме",technical_issue,technical_issue,bitext,False
"мне нужно сообщить о чертовой проблеме на сайте, как мне это сделать?",technical_issue,technical_issue,bitext,False
"приложение не работает на моем телефоне, мне нужно сообщить об этой чертовой проблеме",technical_issue,technical_issue,bitext,False
могу ли я использовать твое чертово приложение,technical_issue,technical_issue,bitext,False
"нужно использовать твое чертово мобильное приложение, можешь мне помочь?",technical_issue,technical_issue,bitext,False
"Я хотел бы использовать ваше приложение, не могли бы вы мне помочь?",technical_issue,technical_issue,bitext,False
"Аунна, воспользуйся твоим чертовым приложением, могу ли я получить помощь?",technical_issue,technical_issue,bitext,False
"нужно использовать твое чертово мобильное приложение, где я могу это сделать",technical_issue,technical_issue,bitext,False
"нужно использовать ваше приложение, где мне это сделать",technical_issue,technical_issue,bitext,False
"Я бы хотел использовать ваше мобильное приложение, могу ли я получить помощь?",technical_issue,technical_issue,bitext,False
можно ли купить через ваше приложение?,technical_issue,technical_issue,bitext,False
"Мне нужно сообщить о проблеме с приложением, где это сделать?",technical_issue,technical_issue,bitext,False
"Я бы хотел использовать ваше приложение, как я могу это сделать?",technical_issue,technical_issue,bitext,False
"Я хочу воспользоваться твоим чертовым приложением, могу ли я получить помощь?",technical_issue,technical_issue,bitext,False
"я не могу заставить приложение работать на своем компьютере, мне нужно сообщить о чертовой проблеме",technical_issue,technical_issue,bitext,False
"приложение не работает на моем мобильном телефоне, могу ли я сообщить об этой чертовой проблеме?",technical_issue,technical_issue,bitext,False
"сайт не работает на моем телефоне, как сообщить о проблеме",technical_issue,technical_issue,bitext,False
мобильное приложение не работает на моем компьютере. Не могли бы вы помочь мне сообщить о проблеме?,technical_issue,technical_issue,bitext,False
"приложение не работает, мне нужна помощь, чтобы сообщить о чертовой проблеме",technical_issue,technical_issue,bitext,False
"мобильное приложение не работает на моем компьютере, можете ли вы помочь мне сообщить о проблеме?",technical_issue,technical_issue,bitext,False
мобильное приложение не работает на моем Mac. Можете ли вы помочь мне сообщить о проблеме?,technical_issue,technical_issue,bitext,False
"сайт не работает, я хотел бы сообщить о проблеме",technical_issue,technical_issue,bitext,False
Мобильное приложение не работает на моем планшете. Не могли бы вы помочь мне сообщить о проблеме?,technical_issue,technical_issue,bitext,False
"мобильное приложение не работает на моем телефоне, я хочу сообщить о проблеме",technical_issue,technical_issue,bitext,False
"я не могу заставить сайт работать на своем компьютере, помогите мне сообщить о чертовой проблеме",technical_issue,technical_issue,bitext,False
"сайт не работает на моем компьютере, можно ли сообщить об этой проблеме?",technical_issue,technical_issue,bitext,False
"сайт не работает на моем мобильном телефоне, как я могу сообщить о проблеме?",technical_issue,technical_issue,bitext,False
"я не могу заставить приложение работать на своем компьютере, мне нужно сообщить о проблеме",technical_issue,technical_issue,bitext,False
"я не могу заставить приложение работать на своем компьютере, могу ли я сообщить о проблеме",technical_issue,technical_issue,bitext,False
"веб-сайт не работает на моем устройстве, мне нужна помощь, чтобы сообщить об ошибке",technical_issue,technical_issue,bitext,False
"Я не могу заставить приложение работать на своем мобильном телефоне, помогите мне сообщить о чертовой проблеме.",technical_issue,technical_issue,bitext,False
"приложение не работает, мне нужна помощь, чтобы сообщить о проблеме",technical_issue,technical_issue,bitext,False
"Я не могу заставить сайт работать на своем телефоне, мне нужна помощь, чтобы сообщить об ошибке",technical_issue,technical_issue,bitext,False
могу ли я купить через ваш сайт,technical_issue,technical_issue,bitext,False
"приложение не работает на моем компьютере, мне нужно сообщить о проблеме",technical_issue,technical_issue,bitext,False
"хочу использовать твое чертово мобильное приложение, мне нужна помощь",technical_issue,technical_issue,bitext,False
как использовать ваше приложение,technical_issue,technical_issue,bitext,False
могу ли я купить через ваш сайт?,technical_issue,technical_issue,bitext,False
как купить через ваше приложение?,technical_issue,technical_issue,bitext,False
"я не могу заставить сайт работать, мне нужно сообщить об ошибке",technical_issue,technical_issue,bitext,False
У меня возникла техническая проблема с приложением на моем ПК. Не могли бы вы сообщить об этом?,technical_issue,technical_issue,bitext,False
как я мог использовать твое чертово мобильное приложение?,technical_issue,technical_issue,bitext,False
"сайт не работает на моем компьютере, я хотел бы сообщить о проблеме",technical_issue,technical_issue,bitext,False
"Я не могу заставить сайт работать на своем телефоне, мне нужна помощь, чтобы сообщить о проблеме",technical_issue,technical_issue,bitext,False
Я бы хотел использовать ваше приложение,technical_issue,technical_issue,bitext,False
"приложение не работает на моем компьютере, мне нужна помощь, чтобы повторить ошибку",technical_issue,technical_issue,bitext,False
"Я хочу воспользоваться твоим чертовым приложением, черт возьми.",technical_issue,technical_issue,bitext,False
"приложение не работает на моем мобильном телефоне, можете ли вы помочь мне сообщить об ошибке?",technical_issue,technical_issue,bitext,False
"я не могу заставить приложение работать на своем планшете, можно ли сообщить об ошибке",technical_issue,technical_issue,bitext,False
"хочу использовать твой azpp, где мне это сделать?",technical_issue,technical_issue,bitext,False
"сайт не работает, помогите мне сообщить об ошибке",technical_issue,technical_issue,bitext,False
"Я хочу воспользоваться твоим чертовым мобильным приложением, как мне это сделать?",technical_issue,technical_issue,bitext,False
мобильное приложение не работает на моем устройстве. Помогите мне сообщить о проблеме.,technical_issue,technical_issue,bitext,False
"сайт не работает на моем мобильном телефоне, могу ли я сообщить о проблеме?",technical_issue,technical_issue,bitext,False
"Я хотел бы использовать ваше приложение, могу ли я получить помощь",technical_issue,technical_issue,bitext,False
Промокод СКИДКА10 не активируется,promo_loyalty,promo_loyalty,synthetic_dataset,True
Есть ли этот товар в другом цвете?,product_info,product_info,synthetic_dataset,True
Сайт не работает,technical_issue,technical_issue,synthetic_dataset,True
Статус доставки заказа 296884,order_status,order_status,synthetic_dataset,True
Можно обменять на другой размер?,return_exchange,return_exchange,synthetic_dataset,True
Когда появится товар в наличии?,product_info,product_info,synthetic_dataset,True
Отследить заказ 296884,order_status,order_status,synthetic_dataset,True
Баг при оформлении заказа,technical_issue,technical_issue,synthetic_dataset,True
Хочу пожаловаться на обслуживание,other,other,synthetic_dataset,True
Непонятно что делать,other,other,synthetic_dataset,True
Условия возврата товара,return_exchange,return_exchange,synthetic_dataset,True
Хочу вернуть товар,return_exchange,return_exchange,synthetic_dataset,True
Заказ 511865 уже отправили?,order_status,order_status,synthetic_dataset,True
Промокод ВЕСНА не активируется,promo_loyalty,promo_loyalty,synthetic_dataset,True
Email поддержки,general_info,general_info,synthetic_dataset,True
Ошибка при оплате картой,payment_refund,payment_refund,synthetic_dataset,True
Есть ли в наличии наушники Sony?,product_info,product_info,synthetic_dataset,True
Где мой заказ 941391?,order_status,order_status,synthetic_dataset,True
Как сменить пароль?,account,account,synthetic_dataset,True
Доставка в выходные работает?,delivery,delivery,synthetic_dataset,True
Хочу изменить email,account,account,synthetic_dataset,True
Заказ 926891 уже отправили?,order_status,order_status,synthetic_dataset,True
Отследить заказ 941391,order_status,order_status,synthetic_dataset,True
Когда приедет посылка?,order_status,order_status,synthetic_dataset,True
Когда доставят заказ?,order_status,order_status,synthetic_dataset,True
"Корзина пустая, хотя я добавлял товары",technical_issue,technical_issue,synthetic_dataset,True
Какие сроки возврата?,return_exchange,return_exchange,synthetic_dataset,True
Что с моим заказом?,order_status,order_status,synthetic_dataset,True
Политика конфиденциальности,general_info,general_info,synthetic_dataset,True
Можно ли доставить сегодня?,delivery,delivery,synthetic_dataset,True
Почему промокод не применился?,promo_loyalty,promo_loyalty,synthetic_dataset,True
Забыл пароль,account,account,synthetic_dataset,True
Как оплатить заказ?,payment_refund,payment_refund,synthetic_dataset,True
Где мой заказ 296884?,order_status,order_status,synthetic_dataset,True
Сколько стоит доставка?,delivery,delivery,synthetic_dataset,True
Из чего сделан этот товар?,product_info,product_info,synthetic_dataset,True
Сколько ждать заказ?,order_status,order_status,synthetic_dataset,True
Не работает фильтр на сайте,technical_issue,technical_issue,synthetic_dataset,True
Где находится ваш офис?,general_info,general_info,synthetic_dataset,True
Какие размеры есть?,product_info,product_info,synthetic_dataset,True
Отследить заказ 144451,order_status,order_status,synthetic_dataset,True
"Спасибо, всё отлично!",other,other,synthetic_dataset,True
Пришлите чек об оплате,payment_refund,payment_refund,synthetic_dataset,True
Статус доставки заказа 144451,order_status,order_status,synthetic_dataset,True
Какой состав ткани?,product_info,product_info,synthetic_dataset,True
Какие способы доставки?,delivery,delivery,synthetic_dataset,True
Как ввести промокод?,promo_loyalty,promo_loyalty,synthetic_dataset,True
Как вернуть некачественный товар?,return_exchange,return_exchange,synthetic_dataset,True
Не проходит оплата,payment_refund,payment_refund,synthetic_dataset,True
Хочу изменить адрес доставки,delivery,delivery,synthetic_dataset,True
Подойдёт ли мне размер M?,product_info,product_info,synthetic_dataset,True
Какой статус заказа 941391?,order_status,order_status,synthetic_dataset,True
Хочу вернуть деньги за заказ,payment_refund,payment_refund,synthetic_dataset,True
Посоветуйте что-нибудь,other,other,synthetic_dataset,True
Заказ 296884 уже отправили?,order_status,order_status,synthetic_dataset,True
Какие сейчас акции?,promo_loyalty,promo_loyalty,synthetic_dataset,True
Заказ 144451 уже отправили?,order_status,order_status,synthetic_dataset,True
Сколько стоит футболку?,product_info,product_info,synthetic_dataset,True
Чем отличается модель A от B?,product_info,product_info,synthetic_dataset,True
Как применить скидочный купон?,promo_loyalty,promo_loyalty,synthetic_dataset,True
Есть ли в наличии футболку?,product_info,product_info,synthetic_dataset,True
Какой статус заказа 296884?,order_status,order_status,synthetic_dataset,True
Хочу поменять номер телефона,account,account,synthetic_dataset,True
Доставляете ли в Самару?,delivery,delivery,synthetic_dataset,True
Где ближайший пункт выдачи?,delivery,delivery,synthetic_dataset,True
Товар повреждён при доставке,return_exchange,return_exchange,synthetic_dataset,True
Статус возврата денег,payment_refund,payment_refund,synthetic_dataset,True
"Деньги списали, а заказ не создался",payment_refund,payment_refund,synthetic_dataset,True
Работаете ли в выходные?,general_info,general_info,synthetic_dataset,True
Какой статус заказа 511865?,order_status,order_status,synthetic_dataset,True
Пришёл бракованный товар,return_exchange,return_exchange,synthetic_dataset,True
Доставляете ли в Новосибирск?,delivery,delivery,synthetic_dataset,True
Бесплатная доставка от какой суммы?,delivery,delivery,synthetic_dataset,True
Страница не загружается,technical_issue,technical_issue,synthetic_dataset,True
Ваш телефон?,general_info,general_info,synthetic_dataset,True
Какой статус заказа 144451?,order_status,order_status,synthetic_dataset,True
Отследить заказ 926891,order_status,order_status,synthetic_dataset,True
Есть ли скидки?,promo_loyalty,promo_loyalty,synthetic_dataset,True
Где мой заказ 144451?,order_status,order_status,synthetic_dataset,True
Мой заказ ещё не пришёл,order_status,order_status,synthetic_dataset,True
Возврат средств на карту,payment_refund,payment_refund,synthetic_dataset,True
Доставляете ли в Екатеринбург?,delivery,delivery,synthetic_dataset,True
Хочу оставить отзыв,other,other,synthetic_dataset,True
Какой статус заказа 926891?,order_status,order_status,synthetic_dataset,True
Промокод НОВЫЙ не активируется,promo_loyalty,promo_loyalty,synthetic_dataset,True
Режим работы магазина,general_info,general_info,synthetic_dataset,True
Не могу добавить товар в корзину,technical_issue,technical_issue,synthetic_dataset,True
Есть ли в наличии чехол для iPhone?,product_info,product_info,synthetic_dataset,True
Есть ли в наличии кроссовки Nike?,product_info,product_info,synthetic_dataset,True
Сколько у меня бонусных баллов?,promo_loyalty,promo_loyalty,synthetic_dataset,True
"Товар не подошёл, хочу вернуть",return_exchange,return_exchange,synthetic_dataset,True
Ужасный сервис,other,other,synthetic_dataset,True
Сколько стоит чехол для iPhone?,product_info,product_info,synthetic_dataset,True
Вы лучший магазин!,other,other,synthetic_dataset,True
Срок доставки в Москву,delivery,delivery,synthetic_dataset,True
Фото товара не отображается,technical_issue,technical_issue,synthetic_dataset,True
Заблокировали мой аккаунт,account,account,synthetic_dataset,True
Как оформить возврат?,return_exchange,return_exchange,synthetic_dataset,True
Сколько стоит наушники Sony?,product_info,product_info,synthetic_dataset,True
Не могу создать аккаунт,account,account,synthetic_dataset,True
Обмен товара на аналогичный,return_exchange,return_exchange,synthetic_dataset,True
Как зарегистрироваться?,account,account,synthetic_dataset,True
Мне нужна помощь,other,other,synthetic_dataset,True
Сколько стоит кроссовки Nike?,product_info,product_info,synthetic_dataset,True
Есть ли самовывоз?,delivery,delivery,synthetic_dataset,True
Когда вернут деньги?,payment_refund,payment_refund,synthetic_dataset,True
У меня сложный вопрос,other,other,synthetic_dataset,True
Сколько стоит рюкзак?,product_info,product_info,synthetic_dataset,True
Характеристики товара,product_info,product_info,synthetic_dataset,True
Ошибка при регистрации,technical_issue,technical_issue,synthetic_dataset,True
Какие способы оплаты?,payment_refund,payment_refund,synthetic_dataset,True
Заказ 941391 уже отправили?,order_status,order_status,synthetic_dataset,True
Приложение вылетает,technical_issue,technical_issue,synthetic_dataset,True
Где посмотреть оферту?,general_info,general_info,synthetic_dataset,True
Где мой заказ 926891?,order_status,order_status,synthetic_dataset,True
Есть ли в наличии рюкзак?,product_info,product_info,synthetic_dataset,True
Статус доставки заказа 511865,order_status,order_status,synthetic_dataset,True
Где мой заказ 511865?,order_status,order_status,synthetic_dataset,True
Статус доставки заказа 941391,order_status,order_status,synthetic_dataset,True
Как копить бонусные баллы?,promo_loyalty,promo_loyalty,synthetic_dataset,True
Промокод SALE2026 не активируется,promo_loyalty,promo_loyalty,synthetic_dataset,True
Как связаться с вами?,general_info,general_info,synthetic_dataset,True
Не приходит код подтверждения,account,account,synthetic_dataset,True
Кто вы такие?,general_info,general_info,synthetic_dataset,True
Доставляете ли в Краснодар?,delivery,delivery,synthetic_dataset,True
Как удалить аккаунт?,account,account,synthetic_dataset,True
Не могу войти в аккаунт,account,account,synthetic_dataset,True
Юридический адрес компании,general_info,general_info,synthetic_dataset,True
Куда писать жалобу?,other,other,synthetic_dataset,True
Статус доставки заказа 926891,order_status,order_status,synthetic_dataset,True
Доставляете ли в Казань?,delivery,delivery,synthetic_dataset,True
Ошибка 500 на странице,technical_issue,technical_issue,synthetic_dataset,True
Отследить заказ 511865,order_status,order_status,synthetic_dataset,True
Промокод не работает,promo_loyalty,promo_loyalty,synthetic_dataset,True
Где найти промокоды?,promo_loyalty,promo_loyalty,synthetic_dataset,True
