text,category,source,language,text_original_en
"хочу подтвердить наличие товара в магазине, могу ли я получить помощь",product_info,bitext,ru,wanna cofirm the availability of an item in store can i get some help
"Мне нужно проверить наличие этого чертового предмета, могу ли я получить помощь?",product_info,bitext,ru,"I have to check the fucking item availability, could I get some help?"
"Я хочу удалить товар из корзины, где мне это сделать?",product_info,bitext,ru,"I'd like to remove a product from the basket, where do I do it?"
"продукт, который я купил, работает правильно, могу ли я сообщить о проблеме с продуктом",product_info,bitext,ru,a product i purchased dpesnt work correctly could i report a product problem
Я хотел бы сообщить о дефектах заказанного товара. Можете ли вы мне помочь?,product_info,bitext,ru,"I would like to report defects in a product I ordered, can you help me ?"
"мне нужно проверить наличие товара в магазине, не могли бы вы мне помочь?",product_info,bitext,ru,i got to check the availability of an item in store could ya help me
Я хотел бы сообщить об ошибке в заказанном мной товаре. Могу ли я это сделать?,product_info,bitext,ru,"I would like to report an error with a product I ordered, were can I do it?"
"Мне нравится информация о чертовом продукте, как я могу ее получить?",product_info,bitext,ru,id like information about a fucking product how could i get it
заказанный мной продукт не работает должным образом. Можете ли вы мне помочь сообщить о проблеме с продуктом?,product_info,bitext,ru,"a product I ordered doesn't work correctly, can you hwlp me report a fucking product problem?"
Мне нужно подтвердить наличие товаров в магазине. Могу ли я получить помощь?,product_info,bitext,ru,"I got to confirm the availability of products in store, can I get some help?"
"продукт, который я заказал, работает неправильно, могу ли я сообщить о проблеме с продуктом",product_info,bitext,ru,a product i ordeted doesnt work correctly could i report a product issue
"хочу знать о продуктах, могу найти некоторую информацию",product_info,bitext,ru,wana know about products could ufind some information
не могли бы вы помочь мне проверить наличие этого чертового товара онлайн?,product_info,bitext,ru,could you help me to check the availability of an fucking product online?
"хочу сообщить об ошибках в купленном мной проекте, где я могу это сделать",product_info,bitext,ru,wanna report fucking errors with a prodjct i bought where can i do it
"Мне нужно удалить чертовы товары из корзины, могу ли я получить помощь?",product_info,bitext,ru,"I have to remove fucking products from the cart, can I get some help?"
Я хотел бы увидеть доступность этого чертового продукта в Интернете.,product_info,bitext,ru,I'd like to see the availability of a fucking product online
"Я хочу подтвердить наличие товара в магазине, мне нужна помощь",product_info,bitext,ru,"I want to confirm the availability of an item in store, I need help"
"продукт, который я получил, не работает должным образом, как я могу сообщить об ошибке продукта?",product_info,bitext,ru,"a product I received doesn't work properly, how can I report a fucking product error?"
Мне нужна помощь в проверке наличия товара,product_info,bitext,ru,I need assistance checking item availabiliyt
"Ищу информацию о чертовых продуктах, где ее взять?",product_info,bitext,ru,"I'm looking for information about fucking products, where can I get it?"
"Я хочу удалить товар из корзины, как мне это сделать?",product_info,bitext,ru,"I'd like to remove a product from the cart, how could I do it?"
"Мне нужно подтвердить наличие товара онлайн, где это сделать?",product_info,bitext,ru,"I have to confirm the availability of items online, where to  do it?"
"Мне нужна информация о чертовом продюсере, как мне ее найти?",product_info,bitext,ru,"I would like information about a fucking producr, how could I find it?"
"мне нужно посмотреть наличие какого-то гребаного товара в Интернете, помогите мне",product_info,bitext,ru,i have to see the availability of a fucking product online help me
как я мог добавить чертов товар в корзину,product_info,bitext,ru,how could i add a fuckingf item to the basket
"Мне нужно проверить наличие товаров в магазине, могу ли я получить помощь?",product_info,bitext,ru,"I have to see the availability of items in store , could I get some help?"
"хочу сообщить о проблемах в купленном мной продукте, нужно ли мне это сделать",product_info,bitext,ru,wanna report problems in a product i bought were do i do it
"как сообщить о чертовски дефектном товаре, который я получил",product_info,bitext,ru,how to report fucking defective products i received
Мне нужна помощь с добавлением чертовых товаров в корзину.,product_info,bitext,ru,I need assistance adding fucking peoducts to the basket
"Я хотел бы подтвердить наличие товаров в магазине, мне нужна помощь",product_info,bitext,ru,"I'd like to confirm the availability of items in store, I need help"
"Я хотел бы узнать о чертовых продуктах, как я могу получить больше информации?",product_info,bitext,ru,"I would like to know about fucking products, how could I get more information?"
"Я хотел бы проверить наличие этого чертового предмета, вы можете мне помочь?",product_info,bitext,ru,"I would like to check the fucking item availability, can you help me?"
"Мне нужно посмотреть наличие какого-то товара в сети, где я могу это сделать?",product_info,bitext,ru,"I have to see the availability of a fucking item online, where can I do it?"
не могли бы вы помочь мне подтвердить наличие этого чертового товара в Интернете?,product_info,bitext,ru,could you help me confirm the availability of a fucking item online?
Я хотел бы сообщить о проблеме с приобретенным мной продуктом. Могу ли я получить помощь?,product_info,bitext,ru,"I would like to report a fucking problem with a product I purchased , can I get some help?"
"мне нужно удалить чертову вещь из корзины, ты мне поможешь?",product_info,bitext,ru,need to remove a fucking item from the basket will ya help me
"нужно проверить наличие товара, помогите мне",product_info,bitext,ru,need to see the fucking availability of an item help me
"мне нужна помощь, чтобы узнать наличие товара",product_info,bitext,ru,i need help to see the  fucking availability of an item
не могли бы помочь мне проверить наличие товаров в магазине,product_info,bitext,ru,could uhelp me checking the availability of items in store
"мне нужно добавить чертов товар в корзину, помогите мне.",product_info,bitext,ru,i have to add a fucking item to the basket could uhelp me
"заказанный мною продукт работает неправильно, сообщите о проблеме с продуктом",product_info,bitext,ru,"a product I ordered does not work correctly, report a product problem"
"хочу удалить чертовы вещи из корзины, мне нужна помощь",product_info,bitext,ru,wanna remove fucking items from the basket i need assistance
"Я хотел бы увидеть наличие этого чертового товара, где мне это сделать?",product_info,bitext,ru,I'd like to see the fucking item availability where do i do  it
где проверить наличие товара в магазине?,product_info,bitext,ru,where do I check the availability of an item in store?
"Я хотел бы добавить чертовы товары в корзину, где мне это сделать?",product_info,bitext,ru,"I'd like to add fucking items to the cart, where do I do it?"
"Я ищу информацию о продуктах, где я могу ее найти?",product_info,bitext,ru,"I am looking for information about products, where canI find it?"
как удалить долбаные товары из корзины?,product_info,bitext,ru,how do I remove fukcing products from the cart?
"Я хотел бы увидеть наличие этих чертовых предметов, не могли бы вы мне помочь?",product_info,bitext,ru,"I'd like to see the fucking item availability, could you help me?"
"я ищу информацию о продукте, где я могу ее получить",product_info,bitext,ru,im looking for information about a product where can i get it
мне нужна помощь с проверкой наличия этого чертового товара,product_info,bitext,ru,i need assistance checking the fucking item vaailability
"Звоню, чтобы оставить отзыв о вашей продукции.",product_info,ikshana,ru,I am calling to leave my feedback for your products
нужна помощь в отправке отзыва об услуге,product_info,ikshana,ru,want help sending feedback about a service
"звоню, чтобы написать отзыв о товаре",product_info,ikshana,ru,i call to write an opinion about an product
Есть ли способ оставить отзыв о вашей компании?,product_info,ikshana,ru,is there a method to submit a review for ur company
есть ли у вас способ оставить отзыв об услуге?,product_info,ikshana,ru,do you have a method to leave a review about a service?
"Мне нужно отправить отзыв об услуге, как это сделать?",product_info,ikshana,ru,"I need to send some feedback for a service, how to do it?"
"Я не знаю, как я могу отправить отзыв о вашей компании.",product_info,ikshana,ru,I do not know how I can send some feedback for your company
Я должен отправить свой отзыв,product_info,ikshana,ru,I have got to submit my feedback
помогите мне написать комментарий к услуге,product_info,ikshana,ru,help me writing a comment for a service
"Есть ли электронное письмо, по которому можно отправить отзыв о вашей продукции?",product_info,ikshana,ru,is there a e-mail to send my feedback for your products?
у вас есть адрес для отправки отзыва?,product_info,ikshana,ru,do you have an address to send a review?
"Я не знаю, как оставить отзыв об услуге",product_info,ikshana,ru,I do not know how to leave an opinion for a service
"Я не знаю, что сделать, чтобы оставить мнение",product_info,ikshana,ru,I do not know what to do to leave an opinion
как я могу отправить отзыв о продукте?,product_info,ikshana,ru,how can I send some feedback about a product?
"есть ли раздел, где можно оставить отзыв о вашей продукции?",product_info,ikshana,ru,is there a section to submit my feedback for ur products
Я стараюсь оставлять отзывы о ваших услугах.,product_info,ikshana,ru,I try to leave some feedback about your services
оставить отзыв об услуге,product_info,ikshana,ru,leave review for a service
"Мне нужна помощь, чтобы отправить отзыв о ваших услугах",product_info,ikshana,ru,I want help to send my feedback about your services
Есть ли адрес для отправки отзывов о вашей продукции?,product_info,ikshana,ru,is there an address to send feedback for ur products
"есть адрес, где можно оставить отзыв?",product_info,ikshana,ru,is there an address to leave an opinion ?
"Есть ли адрес, по которому можно отправить отзыв о вашей компании?",product_info,ikshana,ru,is there an address to send some feedback for your company?
помогите отправить отзыв о вашей продукции,product_info,ikshana,ru,help submitting some feedback for ur products
"Я не знаю, как я могу оставить отзыв о продукте",product_info,ikshana,ru,I don't know how I can submit some feedback about a product
я стараюсь оставлять свой отзыв,product_info,ikshana,ru,i try to leave my feedback
помогите мне оставить отзыв о вашей продукции,product_info,ikshana,ru,help me to submit my feedback for your products
"Мне нужно оставить отзыв о товаре, помогите мне.",product_info,ikshana,ru,"I have to leave some feedback about a product, help me"
есть ли электронное письмо для отправки моего отзыва о вашей продукции?,product_info,ikshana,ru,is there an e-mail to send my feedbakc for ur products
помогите оставить отзыв о вашей продукции,product_info,ikshana,ru,help leaving feedback for your products
"Мне нужна помощь, чтобы оставить отзыв о ваших услугах",product_info,ikshana,ru,I need assistance leaving an opinion about your services
звоню оставить отзыв,product_info,ikshana,ru,I call to leave a review
"нужна помощь, оставив отзыв об услуге",product_info,ikshana,ru,want assistance leaving some feedback about a service
как я могу отправить отзыв?,product_info,ikshana,ru,how could I submit feedback?
как написать комментарий к вашей продукции?,product_info,ikshana,ru,how to write a comment for your products?
помощь в отправке отзывов о продукте,product_info,ikshana,ru,assistance sending some efedback about a product
где я могу оставить отзыв об услуге?,product_info,ikshana,ru,where do I submit feedback about a service?
"Мне нужна помощь, чтобы оставить отзыв о продукте",product_info,ikshana,ru,I want assistance to leave feedback about a product
"я не знаю, что делать, чтобы написать отзыв об услуге",product_info,ikshana,ru,i dont know what to do to write a review for a service
Могу ли я отправить отзыв об услуге?,product_info,ikshana,ru,can I send some feedback for a service?
как написать отзыв?,product_info,ikshana,ru,how to write an review?
могу ли я написать отзыв о вашей продукции,product_info,ikshana,ru,can i write a review about ur products
помогите оставить блин отзыв о товарах ру,product_info,ikshana,ru,help to leave damn feedback for ru products
"Я не знаю, как отправить отзыв о ваших услугах.",product_info,ikshana,ru,I do not know how to send feedback about your services
как я могу оставить отзыв о наших услугах,product_info,ikshana,ru,how can i submit some feedback forur services
Есть ли у вас способ оставить отзыв о ваших услугах?,product_info,ikshana,ru,do you have a method to leave an opinion for your services?
помогите мне оставить отзыв о ваших услугах,product_info,ikshana,ru,help me to leave feedback for ur services
Я хочу оставить отзыв о вашей компании,product_info,ikshana,ru,I want to leave an opniion for your company
"нужно написать комментарий о ваших услугах, как я могу это сделать",product_info,ikshana,ru,need to write a comment about ur serfices how could i do it
есть ли у вас раздел для отправки отзывов об услуге?,product_info,ikshana,ru,do you have a section to send feedback about a service?
можно ли оставить отзыв о вашей компании?,product_info,ikshana,ru,is it possible to send some feedback about your company?
как я могу отправить отзыв об услуге?,product_info,ikshana,ru,how can I send feedback about a service?
За сколько продаётся HP?,product_info,runlu,ru,
Покажите мне цену на Фейсбук.,product_info,runlu,ru,
какова балансовая стоимость гугля,product_info,runlu,ru,
"Продюсеры, пожалуйста.",product_info,runlu,ru,
Расскажите мне о сегодняшних рыночных тенденциях для [компании],product_info,runlu,ru,
Какова текущая цена акций Google?,product_info,runlu,ru,
Стоимостная цена GSS Energy ( &lt; &lt; Энергетика &gt; &gt; ),product_info,runlu,ru,
Расскажи мне о текущей цене эксксон-мобильных запасов.,product_info,runlu,ru,
Каковы текущие запасы для Яху?,product_info,runlu,ru,
Какова цена AMD на фондовом рынке?,product_info,runlu,ru,
Цена акций за яблоко,product_info,runlu,ru,
Какая разница между вчерашними и сегодняшними ценами на акции Уолмарта?,product_info,runlu,ru,
"Какова цена ""Форд Сток""?",product_info,runlu,ru,
показать стоимость акций гуга,product_info,runlu,ru,
показать значение гуга для носка,product_info,runlu,ru,
Я хотел бы получать обновленную информацию о фондовом рынке каждый день.,product_info,runlu,ru,
Что такое акции Apple,product_info,runlu,ru,
Не могли бы вы дать мне прежний график на будущее.,product_info,runlu,ru,
отправиться в NSDL и искать цены,product_info,runlu,ru,
Какова цена для Марвела?,product_info,runlu,ru,
x цена акций компании,product_info,runlu,ru,
Скажи мне краткое прогнозирование запасов Microsoft на 30 дней вперед.,product_info,runlu,ru,
Открытая цена акций за имя,product_info,runlu,ru,
ПАДА проверяет фондовые цены на эту продукцию.,product_info,runlu,ru,
перечислить стоимость акций этой компании,product_info,runlu,ru,
Какова цена GOOGL сегодня,product_info,runlu,ru,
Ставка запасов Фейсбука,product_info,runlu,ru,
Как поживает IBM?,product_info,runlu,ru,
Могу ли я получить список акций олы и uber?,product_info,runlu,ru,
Какова цена акций IBM?,product_info,runlu,ru,
Сколько стоит акции ФБР?,product_info,runlu,ru,
Когда айфон обычно падает,product_info,runlu,ru,
Какова цена яблочного запаса сегодня,product_info,runlu,ru,
"Сделай так, чтобы акции поднялись или упали сегодня для Уолмарта.",product_info,runlu,ru,
Сведения об товарно-материальных запасах,product_info,runlu,ru,
Каков рост стоимости акций за последнюю неделю Дисней?,product_info,runlu,ru,
"Что ""Apple"" закрыла вчера?",product_info,runlu,ru,
Какова текущая цена акций...,product_info,runlu,ru,
Какие последние новости на фондовом рынке?,product_info,runlu,ru,
В наши дни Старбак много чего делает?,product_info,runlu,ru,
Сколько стоит акции Старбака?,product_info,runlu,ru,
Где ДЕЛЛ сейчас стоит на фондовом рынке?,product_info,runlu,ru,
Какова ставка за акции Уэллса Фарго?,product_info,runlu,ru,
"Пожалуйста, выясните цену акций Microsoft в Насдаке.",product_info,runlu,ru,
Дайте мне цену акций Intel,product_info,runlu,ru,
"PDA, каковы цены на акции",product_info,runlu,ru,
Какие у меня колебания акций?,product_info,runlu,ru,
Насколько эффективно будет покупать акции NIKE,product_info,runlu,ru,
Какова цена акций (вставить),product_info,runlu,ru,
"Какова цена акций ""Сенсекса"" сейчас?",product_info,runlu,ru,
помощь в написании комментария к вашей продукции,product_info,ikshana,ru,assistance writing a comment for your products
мне нужна помощь в извлечении чертовых товаров из корзины,product_info,bitext,ru,i want help removing fucking items from the cart
"хочу добавить товары в корзину, как мне это сделать?",product_info,bitext,ru,wanna add items to the basket how can i do it
"мне нужно добавить элементы в catr, где я могу это сделать",product_info,bitext,ru,i got to add items to the catr where could i do it
"Я хотел бы подтвердить наличие этого чертового товара в магазине, как мне это сделать?",product_info,bitext,ru,I'd like to confirm the  availability of a fucking product in store how do i do it
"Я не вижу наличия чертовых товаров в магазине, мне нужна помощь",product_info,bitext,ru,i have ot see the availability of fucking items in store i need help
"мне нужно подтвердить наличие чертовых товаров в магазине, поможет мне",product_info,bitext,ru,i have to confirm the availability of fucking products in store will uhelp me
"Я хочу удалить товары из катра, как это сделать",product_info,bitext,ru,I'd like to remove products from the catr how to do it
"Я хотел бы проверить наличие товаров онлайн, как это сделать?",product_info,bitext,ru,"I would ilke to check the availability of items online, how to do it?"
"Мне нужно проверить наличие товара, не могли бы вы мне помочь?",product_info,bitext,ru,"I have to see the availability of an item , could you help me?"
"мне нужно проверить наличие товаров в магазине, мне нужна помощь",product_info,bitext,ru,i got to check the availability of prducts in store i need help
"Я бы хотел убрать долбанные продукты из корзины, помогите мне.",product_info,bitext,ru,I'd like to remove fucking products from the basket help me
"Я хотел бы подтвердить наличие чертовых товаров в Интернете, вы мне поможете?",product_info,bitext,ru,I'd like to confirm the availability of fucking items online wil ya help me
"хочу удалить товар из корзины, могу ли я это сделать",product_info,bitext,ru,wanna remove an item from the basket were could i do it
"Я хочу узнать о продукте, как я могу получить дополнительную информацию?",product_info,bitext,ru,"I want to know about a product, how could I fidn more information?"
есть ли этот товар в наличии,product_info,bitext,ru,is this prodsuct in stock
"Мне нравится информация о продукте, где я могу ее найти",product_info,bitext,ru,id like information about a product where can i find it
"Я хочу удалить товары из корзины, как мне это сделать?",product_info,bitext,ru,"I want to remove products from the basket, how can I do it ?"
где я могу получить информацию о продукте,product_info,bitext,ru,where could i fund information about a product
можешь мне помочь добавить чертовы товары в корзину?,product_info,bitext,ru,can ya help me to add fucking items to the cart
"мне нужно добавить товары в корзину, помогите мне",product_info,bitext,ru,i got to add products to the basket can uhelp me
хочу знать о чертовом продукте,product_info,bitext,ru,wanna know about a fucking product
Вы дадите мне информацию о продуктах?,product_info,bitext,ru,will you give me information about products ?
не могли бы вы мне помочь проверить наличие товара?,product_info,bitext,ru,could you help me checking the availability of an item?
Можете ли вы помочь мне увидеть наличие этого чертового продукта в Интернете?,product_info,bitext,ru,can ya help me seeing the availability of a fucking product online
"мне нужно вытащить чертовы вещи из тележки, где это сделать",product_info,bitext,ru,i have to remove fucking items from the carrt where to do it
"Я должен увидеть наличие какого-то гребаного товара в Интернете, помогите мне.",product_info,bitext,ru,"I got to see the availability of a fucking product online, help me"
"Мне нужно сообщить об ошибке продукта, мне нужна помощь",product_info,bitext,ru,"I got to report an product error, I need help"
"хочу оставить отзыв о ваших услугах, помогите мне",product_info,ikshana,ru,wanna submit feedback for ur services help me
"Я хотел бы увидеть наличие какого-то долбанного товара в магазине, где я могу это сделать?",product_info,bitext,ru,"I'd like to see the availability of a fucking item in store, where can I do it?"
как я могу проверить наличие чертовых товаров онлайн?,product_info,bitext,ru,how could i check the availability of fucking items online
"Я хотел бы увидеть наличие этого чертового предмета, не могли бы вы мне помочь?",product_info,bitext,ru,"I would like to see the fucking item availability, could you help me?"
где проверить наличие чертового товара,product_info,bitext,ru,where to check the fucking item availability
"Я хотел бы сообщить о проблеме с купленным мной продуктом, мне нужна помощь",product_info,bitext,ru,I'd like to report a fucking issue with a product i purchased i need assistance
"Мне нужна помощь, чтобы добавить чертов товар в корзину.",product_info,bitext,ru,I need help adding a fucking product tothe basket
Мне нужно отправить отзыв об услуге,product_info,ikshana,ru,I have got to submit some feedback for a service
"Я ищу информацию о чертовых продуктах, могу ли я получить помощь?",product_info,bitext,ru,"I'm looking for inmformation about fucking products, could I get some help?"
"Мне нужна помощь, чтобы проверить наличие товара",product_info,bitext,ru,I need help to check item availability
"Я хочу увидеть наличие товара, мне нужна помощь",product_info,bitext,ru,"I want to see item availability , I need assistance"
Я хотел бы сообщить о проблемах в купленном мной продукте. Где я могу это сделать?,product_info,bitext,ru,"I'd like to report fucking problems in a product I purchaded, where can I do it?"
"я должен сообщить о чертовых проблемах с приобретенным мной продуктом, как я могу это сделать",product_info,bitext,ru,i have to report fucking problems with a product i purchased how could i do it
"Я хочу добавить чертовы товары в корзину, где я могу это сделать?",product_info,bitext,ru,"I want to add fucking products to the cart, where can I do it ?"
"хочу проверить наличие товара в магазине, как я могу это сделать",product_info,bitext,ru,wanna check the availability of an product in store how could i do it
"Мне нужна помощь, чтобы отправить отзыв о вашей продукции",product_info,ikshana,ru,I want help to send my feedback for your products
"купленный мной продукт не работает должным образом, могу ли я сообщить о проблеме с продуктом?",product_info,bitext,ru,"a product I purchased does not work properly, could I report a product issue?"
"Я хотел бы узнать больше о чертовых продуктах, можете ли вы дать мне некоторую информацию?",product_info,bitext,ru,"I would like to know more abou fucking products, can you give me some information?"
"нужна помощь, оставлю свой отзыв об услуге",product_info,ikshana,ru,want assistance leavingmy feedback for a service
"Мне нужно проверить наличие какого-то товара в магазине, это может мне помочь.",product_info,bitext,ru,need to see the availability of a fucking item in store could uhelp me
помоги мне проверить наличие чертового товара,product_info,bitext,ru,help me checking the fucking item availability
"Я хочу узнать больше о продукте, дайте мне некоторую информацию",product_info,bitext,ru,"I want to know more about a product, give me some information"
"Я хотел бы узнать больше об этом чертовом продукте, можете ли вы дать мне некоторую информацию?",product_info,bitext,ru,"I'd like to know more about an fucking product, can you give me some information?"
"мне нужно добавить товары в корзину, могу ли я получить помощь",product_info,bitext,ru,i have to add items to the  cart can i get some help
Мне нужна помощь с добавлением чертового товара в корзину.,product_info,bitext,ru,I want assistance adding a fucking product tp the cart
"хочу сообщить о чертовых проблемах с полученным мной продуктом, мне поможет",product_info,bitext,ru,wanna report fucking probles in a product i received will uhelp me
"нужно удалить чертов товар из корзины, где я могу это сделать",product_info,bitext,ru,need to removea fucking item from the cart where can i do it
"Мне нужна информация о продукте, где я могу ее найти?",product_info,bitext,ru,"I want information about a product, where could I find it?"
"Я ищу информацию о продуктах, которые могли бы мне помочь.",product_info,bitext,ru,I'm looking for information about products could uhel me
"Я хотел бы добавить офигенные товары в корзину, мне нужна помощь",product_info,bitext,ru,"I would like to add fucking items to the basket, I need help"
"Я бы хотел удалить чертов товар из корзины, мне нужна помощь",product_info,bitext,ru,I'd lke to remove a fucking item from the cart i need help
Я хочу увидеть наличие товара,product_info,bitext,ru,I want to see the availability of a item
"хочу подтвердить наличие чертовых товаров в Интернете, мне поможет",product_info,bitext,ru,wanna confirm the availability of fucking items online will  uhelp me
"Я бы хотел удалить чертовы вещи из корзины, как мне это сделать?",product_info,bitext,ru,id like to remove fucking items from the basket how do i do it
"нужно удалить чертовы товары из корзины, можете мне помочь",product_info,bitext,ru,need to remove fucking products from the cart can uhelp me
"мне нужно посмотреть наличие товара, могу ли я получить помощь",product_info,bitext,ru,ik have to see item availability could i get some help
как я могу найти информацию о продуктах,product_info,bitext,ru,how could i find information about products
посмотреть наличие товара онлайн,product_info,bitext,ru,see the availability of an item online
"Мне нужно удалить товар из корзины, могу ли я получить помощь?",product_info,bitext,ru,"I need to remove an item from the basket,  can I get some help?"
"Я хотел бы проверить наличие чертовых товаров в магазине, как я могу это сделать?",product_info,bitext,ru,"I'd like to check hte availability of fucking products in store, how could I do it?"
могу ли я добавить товар в корзину?,product_info,bitext,ru,can I adda product to the basket?
мне нужна помощь в добавлении товаров в корзину,product_info,bitext,ru,i want axsistance adding items to the basket
"Я хочу узнать о чертовом продукте, где мне найти дополнительную информацию?",product_info,bitext,ru,"I want to know about a fucking product, where do I find more information?"
"Я хочу удалить товары из корзины, где я могу это сделать?",product_info,bitext,ru,I'd like to remove products from the basket where can i do it
Мне нужно просмотреть наличие товаров в Интернете. Вы мне поможете?,product_info,bitext,ru,"I got to see the availabilty of items online, will you help me?"
"Мне нужно проверить наличие товара, как это сделать?",product_info,bitext,ru,"I need to check the fucking availability of an item, how to do it?"
"Мне нужно увидеть наличие этого чертового предмета, могу ли я получить помощь?",product_info,bitext,ru,"I need to see the fucking item availability, can Iget some help?"
"Мне нужно подтвердить наличие товара онлайн, можете ли вы мне помочь?",product_info,bitext,ru,"I need to confirm the availability of a product online, can you help me?"
"Мне необходимо проверить наличие товара в магазине, где я могу это сделать?",product_info,bitext,ru,"I need to check the availability of products in store, where could I do it?"
"мне нужна помощь, чтобы отправить отзыв о нашей компании",product_info,ikshana,ru,i need assistance to send my feedback aboutur company
Я хочу удалить товар из корзины,product_info,bitext,ru,I would like to remove a product from the cart
где я могу посмотреть наличие товара?,product_info,bitext,ru,where can I see the fucking availability of an item?
Я хочу подтвердить наличие товара онлайн,product_info,bitext,ru,I'd like to confirm the availability of an item online
"хочу узнать о продукте, могу найти некоторую информацию",product_info,bitext,ru,wanna know about a product can ufind some informztion
у вас есть похожие модели в наличии,product_info,bitext,ru,ya have similar models in stock
"я не знаю, как я могу оставить чертов комментарий для твоих людей",product_info,ikshana,ru,i do not know how i can leave a damn comment for ur peoducts
"Я хочу повторить проблему с продуктом, как это сделать?",product_info,bitext,ru,"I want to repoet a product issue, how to do it?"
"мой продукт не работает так, как указано. Помогите мне сообщить о проблеме с продуктом.",product_info,bitext,ru,my product does not work as specified help me to report a product problwm
можно ли посмотреть наличие товаров онлайн,product_info,bitext,ru,is it possible to seethe availability of products online
Мне нужно сообщить о проблеме с заказанным товаром. Где я могу это сделать?,product_info,bitext,ru,"I got to report a fucking problem in a product I ordered, where can I do it?"
"Я хотел бы подтвердить наличие продуктов онлайн, мне нужна помощь",product_info,bitext,ru,"I'd like to confirm the availability of products online, I need help"
Я хочу сообщить об ошибках в купленном мной продукте. Где я могу это сделать?,product_info,bitext,ru,"I want to report errors with a product I bought, where coupd I do it?"
хочу сообщить об ошибках в приобретенном мной продукте,product_info,bitext,ru,wanna report errors in a product i purchased
"Я хотел бы узнать о наличии товаров в магазине, не могли бы вы мне помочь?",product_info,bitext,ru,"I'd like to see the availability of products in store, could you help me?"
"Я не знаю, как написать отзыв об услуге.",product_info,ikshana,ru,I don't know how to write a review about a service
могу ли я оставить проклятое мнение о товаре?,product_info,ikshana,ru,can I leave a damn opinion about a product?
"Я хочу добавить чертовы галстуки в корзину, ты мне поможешь?",product_info,bitext,ru,"I want to add fucking tiems to the basket, will you help me?"
могу ли я удалить чертов товар из корзины?,product_info,bitext,ru,could i remove a fucking item from the cart
"Я хотел бы увидеть наличие товара в Интернете, вы мне поможете?",product_info,bitext,ru,id like to seethe availability of an item online will ya help me
удалить товар из корзины,product_info,bitext,ru,remove an item from the basket
"Я хочу добавить товар в корзину, где это можно сделать?",product_info,bitext,ru,"I would like to ad an item to the cart, where can I do it?"
Могу ли я проверить наличие чертовых товаров онлайн?,product_info,bitext,ru,can i check the availability of fucking  items online
"Мне нужно проверить наличие долбаной вещи в магазине, где это сделать?",product_info,bitext,ru,"I got to check the availability of a fucking item in store, where to d it?"
"мне нужно удалить чертов товар из корзины, можешь мне помочь?",product_info,bitext,ru,i got to remove an fucking product from the basket can ya help me
"Мне нужна помощь, чтобы вытащить чертовы вещи из корзины.",product_info,bitext,ru,I need help to remoe fucking items from the basket
"Мне нужна информация о продуктах, как я могу ее получить?",product_info,bitext,ru,I'd like inmformation about products how could i get it
"Я ищу информацию о продуктах, мне нужна помощь",product_info,bitext,ru,I'm looking for information about products i need assistance
"Мне нужно оставить комментарий к вашим услугам, как это сделать?",product_info,ikshana,ru,"I need to leave a comment for your services, how to do it?"
"нужно добавить товары в корзину, как мне это сделать",product_info,bitext,ru,need to add items to the cart hwere do i do it
"Мне нужно добавить товар в корзину, могу ли я получить помощь?",product_info,bitext,ru,"I have to add a product to the basket, can I get some help?"
Мне нужно сообщить об ошибках в продукте. Как я могу это сделать?,product_info,bitext,ru,"I got to report errors with a product, how can I do it?"
"нужно проверить наличие чертовых товаров в Интернете, как я могу это сделать",product_info,bitext,ru,need to check the availability of fucking products online how could i do it
как посмотреть наличие товара онлайн?,product_info,bitext,ru,how to see the availability of items online?
"Я хотел бы узнать о чертовом продукте, найду некоторую информацию",product_info,bitext,ru,id like to know moe about a fucking product will ufind some information
"хочу проверить наличие товара в магазине, могу ли я получить помощь",product_info,bitext,ru,wanna check the availability of an product in store can i get some help
"мне нужно проверить наличие товара, могу ли я получить помощь?",product_info,bitext,ru,i got to see the fucking availability of an item can i get some help
"Нужна помощь, чтобы оставить комментарий к вашим продуктамa",product_info,ikshana,ru,need help to leave a comment for your productsa
помогите мне написать отзыв об услуге,product_info,ikshana,ru,help me writing a review for a service
"мне нужно проверить наличие товара в магазине, мне нужна помощь",product_info,bitext,ru,i have to check the availability of an  item in store i need help
Мне нужно проверить наличие товаров онлайн,product_info,bitext,ru,I need to check the availability of items online
могу ли я удалить товар из корзины,product_info,bitext,ru,could i ermove a product from the basket
помоги мне проверить наличие этого чертового товара,product_info,bitext,ru,help me check the fucking item availability
"Я хочу удалить товар из корзины, не могли бы вы мне помочь?",product_info,bitext,ru,"I'd like to remove a product from tje basket, could you help me?"
"мне нужно проверить наличие товара, пожалуйста, помогите мне",product_info,bitext,ru,i got to check the availability of an item coud uhelp me
"Мне нужно удалить чертов товар из корзины, мне нужна помощь",product_info,bitext,ru,"I have to remove a fucking item from the basket, I need assistance"
"Я хотел бы добавить чертов товар в корзину, могу ли я получить помощь?",product_info,bitext,ru,"I'd like to add a fucking product to the cart , could I get some help?"
"Мне нужна информация о продукте, как я могу ее получить?",product_info,bitext,ru,"I'd like infomration about a product, how could I get it?"
"Я хотел бы проверить наличие товара, могу ли я получить помощь?",product_info,bitext,ru,"I would like to check the availability of an item, could I get some help?"
"мой продукт работает неправильно, мне нужна помощь, чтобы сообщить о проблеме с продуктом",product_info,bitext,ru,my product does not work correctly i want assistance to report a product issue
"мне нужно проверить наличие товара, как мне это сделать?",product_info,bitext,ru,i have to check the fucking availability of an item how do i do it
"Я ищу информацию о продукте, как я могу ее найти?",product_info,bitext,ru,"I'm looking for information about an product, how could I find it?"
"Я хочу удалить товары из корзины, где это можно сделать?",product_info,bitext,ru,I'd like to remove products from the cart where can i do it
"нужно сообщить о чертовых дефектах в товаре, который я купил, как это сделать",product_info,bitext,ru,need to report fucking defects in a rpoduct i bought how to do it
"Я хотел бы проверить наличие какого-то товара онлайн, как мне это сделать?",product_info,bitext,ru,I'd like to check the availability of a fucking item online how do i do it
"мне нужно добавить товары в корзину, как мне это сделать?",product_info,bitext,ru,i have to add products to the basket how do i do it
не могли бы вы помочь мне добавить товар в корзину?,product_info,bitext,ru,could you help me add a product to the basket?
"Мне нужна информация о чертовых продуктах, как я могу ее получить?",product_info,bitext,ru,"I want information about fucking products, how could I get it ?"
"мне нужно проверить наличие товара, ты мне поможешь?",product_info,bitext,ru,i have to check item availability will ya help me
"хочу увидеть наличие товара, помогите мне",product_info,bitext,ru,wanna see item avalability help me
"Я хотел бы удалить офигенные товары из корзины, где это сделать?",product_info,bitext,ru,"I would like to remove fucking items from the basket, where to do it?"
"хочу добавить товары в корзину, где мне это сделать?",product_info,bitext,ru,wanna add items to the basket where do i do it
"Я ищу информацию о чертовом продукте, могу ли я получить помощь?",product_info,bitext,ru,"I'm looking for information about a fucking product , could I get some help?"
не могли бы вы помочь мне добавить чертовы товары в корзину?,product_info,bitext,ru,could you help me adding fucking products to the basket?
хочу сообщить об ошибках продукта,product_info,bitext,ru,wanna report product errors
Я хотел бы сообщить об ошибках в купленном мной продукте. Не могли бы вы мне помочь?,product_info,bitext,ru,"I'd like to report errors in a product I bought, could you help me?"
"мне нужно удалить чертов предмет из аккаунта, где мне это сделать",product_info,bitext,ru,i got to remove a fucking item from the acrt where do i do it
Мне нужна помощь в написании отзыва о продукте,product_info,ikshana,ru,I want help leaving a review about a product
"Я хотел бы узнать больше об этом чертовом продукте, не могли бы вы дать мне некоторую информацию?",product_info,bitext,ru,"I'd like to know more about a fucking product, could yoou give me some information?"
"Мне нужно добавить чертовы товары в корзину, могу ли я получить помощь?",product_info,bitext,ru,"I need to add fucking items to the basket, could I get some help?"
"Я купил товар, но выбрал не ту модель, могу ли я изменить онлайн-заказ",order_status,bitext,ru,i purchased a product but i chose a wrong model could i modify m online order
"я разместил чертов онлайн-заказ, помогите мне его отменить",order_status,bitext,ru,i placed a fucking online  order help me cancelling it
"Я купил товар, но он мне не нужен, как мне отменить заказ?",order_status,bitext,ru,"I bought a product but I don't want it, how can I cancel the order ?"
"Мне нужно увидеть, черт возьми, статус моего замененного товара. Не могли бы вы мне помочь?",order_status,bitext,ru,need to see the fucking status of my replacement item could ya help me
"Я купил товар, но выбрал не ту модель. Я хотел бы изменить свой чертов онлайн-заказ.",order_status,bitext,ru,i bought a product but i chose a wrong model I'd like to modify my fucking online order
"Мне нужно отследить замену продукта, могу ли я получить помощь?",order_status,bitext,ru,"I have to track my replacement product, could I get some help?"
"Я купил чертов товар, но выбрал не ту модель, хочу изменить заказ.",order_status,bitext,ru,"I purchased a fucking item but I chose a wrong model, I want to change my order"
"Мне нужно отследить свою посылку, как я могу это сделать?",order_status,bitext,ru,"I have to track my package, how can I do it?"
"я купил чертов товар, но он мне не нужен, могу ли я отменить заказ",order_status,bitext,ru,i purchased a fucking product but i do not want it could i cancel the order
"можно ли отменить чертов заказ, если он не отправлен?",order_status,bitext,ru,is it possible ti cancel a fucking order if it has not been shipped
"где я могу проверить, где моя чертова доставка",order_status,bitext,ru,where can i check where my fucking delivery is
"Мне нужно отменить чертов заказ, как я могу это сделать?",order_status,bitext,ru,"I need to cance a fucking order, how could I do it?"
"я бы хотел отменить чертов заказ, где это сделать",order_status,bitext,ru,id like to cancel a fucking order where to do it
"Я купил товар, но выбрал неправильный цвет, можно ли изменить мой чертов онлайн-заказ?",order_status,bitext,ru,i purchased an item but i chose a wrong color is it possible to modify my fucking onlien order
"Я купил товар, но выбрал неправильный размер. Как я могу изменить свой онлайн-заказ?",order_status,bitext,ru,"I bought a product but I chose a wropng size, how could I change my online order?"
"хочу проверить, где моя посылка, может мне помочь",order_status,bitext,ru,wanna check where my package is could uhelp me
"мне нужно обновить свой заказ перед использованием, это мне поможет",order_status,bitext,ru,i got to update my order before usend it will uhelp me
"Я купил товар, но выбрал неправильный размер, как изменить мой онлайн-заказ?",order_status,bitext,ru,"I bought an item but I chose a wrong size, how to modify my online order?"
"я купил товар, но выбрал неправильный размер, мне нужно изменить заказ",order_status,bitext,ru,i purchased an item but i chose a wrong size i need to modify my ordere
как я могу отследить свой замененный товар?,order_status,bitext,ru,how could I track my replacement prodcut?
"мне нужна помощь в обновлении моего заказа, прежде чем вы его отправите",order_status,bitext,ru,i want help updating my order before ya send it
"я разместил онлайн-заказ, хочу его отменить",order_status,bitext,ru,i placed an online order id like to cancel it
"Мне нужна помощь, чтобы узнать, где моя чертова доставка.",order_status,bitext,ru,I want assistance to saee where my fucking delivery is
"Я запросил обмен, но не получил его. Помогите мне отследить статус моего товара на замену.",order_status,bitext,ru,"I requested a exchange but I haven't received it, help me tracking the status of my replacement item"
"мне нужно проверить, где моя гребаная посылка, ты можешь мне помочь?",order_status,bitext,ru,i have to check where my fucking package is can ya help me
"Я хотел бы проверить, где моя гребаная доставка, мне нужна помощь.",order_status,bitext,ru,I'd like to check where my fucking delivery is i need assistance
"Я хочу отменить товар, как мне это сделать?",order_status,bitext,ru,"I'd like to cancel a product, how can I do it?"
"мне нужно отследить свою посылку, где я могу это сделать",order_status,bitext,ru,i have to track my shipment where could i do it
"я купил чертов товар, но он мне не нужен, я хочу отменить заказ",order_status,bitext,ru,i purchased a fucking product but i do not want it i wanna acncel the order
"Я хочу посмотреть, где мой чертов груз, как я могу это сделать?",order_status,bitext,ru,"I want to see where my fucking shipment is , how could I do it?"
"я купил офигенный товар, но он мне не нужен, мне нужно отменить заказ",order_status,bitext,ru,i bought a fucking product but i do not want it i need to cancel the order
"мне нужно отменить пункт, где мне это сделать",order_status,bitext,ru,i got to cancel a item where do i do it
"я купил чертов товар, но он мне не нужен, я не могу отменить этот чертов заказ",order_status,bitext,ru,i purchased a fucking item but i do not want it i waznna cancel the fucking order
"Мне нужно найти свою чертову посылку, могу ли я получить помощь?",order_status,bitext,ru,need to find my fucking package can i get some help
"нужно найти мою посылку, как я могу это сделать",order_status,bitext,ru,need to fid my shipment how could i do it
Мне нужна помощь в поиске моей гребаной посылки,order_status,bitext,ru,I need help findng my fucking package
мне нужна помощь в поиске моего корабля,order_status,bitext,ru,i want assistance finding my shipnent
"мне нужна помощь, чтобы узнать, где моя чертова посылка",order_status,bitext,ru,i want asistance seeing where my fucking package is
где я могу получить информацию о чертовом статусе моей замены,order_status,bitext,ru,where could i get information about the fucking statusof my replacement
"Мне нужно изменить свой чертов заказ перед отправкой, где это сделать?",order_status,bitext,ru,"I need to change my fucking order before you send it, where to do it?"
"Я хотел бы найти свою посылку, могу ли я получить помощь?",order_status,bitext,ru,id like to find my shipment could i get some help
"хочу проверить, где моя доставка, как это сделать",order_status,bitext,ru,wanna check where my delivery is how to do it
где я могу отследить свою чертову посылку?,order_status,bitext,ru,where could I track  my fucking shipment?
"Мне нужна помощь, чтобы узнать, где мой чертов груз.",order_status,bitext,ru,I need assistance seeing where my fucking shipment is
"я купил чертов товар, но он мне не нужен, мне нужно отменить заказ",order_status,bitext,ru,i purchased a fucking product but i dont want it i need to cancel the order
"Мне нужно проверить, где находится моя чертова посылка, где я могу это сделать?",order_status,bitext,ru,"I have to check where my fucking shipment si, where could I do it?"
"нужно проверить, где находится мой чертов онлайн-заказ, как я могу это сделать",order_status,bitext,ru,need to check where my fukcing online order is how could i do it
"Мне нужно отменить товар, где это сделать?",order_status,bitext,ru,"I need to cancel an item, where to do it?"
как я могу найти информацию о статусе замены продукта?,order_status,bitext,ru,how could I find information about the status of m replacement product?
"я купил чертов товар, но он мне не нужен, как мне отменить этот чертов заказ",order_status,bitext,ru,i bought a fucking item but i do not want it how can i cancel the fucking order
"я разместил заказ, помогите мне отменить его",order_status,bitext,ru,i placed an  order help me cancel it
"я бы хотел отменить элемент, как мне это сделать",order_status,bitext,ru,id like to cancel an item how do i do it
"Я хотел бы увидеть, где мой чертов заказ",order_status,bitext,ru,I'd like to see were my fucking order is
можно ли будет проверить статус моего заменяющего продукта?,order_status,bitext,ru,would it be possible to check the fucking status of my replacement product?
"мне нужно отследить свою чертову доставку, мне нужна помощь",order_status,bitext,ru,i have to track my fucking delivery i need assistancxe
"Я хотел бы отследить свою посылку, где я могу это сделать?",order_status,bitext,ru,"I would like to track my package, where could I do it?"
"Я купил чертов товар, но выбрал не ту модель. Мне нужно обновить онлайн-заказ.",order_status,bitext,ru,"I purchased a fucking product but I chose a wrong model, I nneed to update my online order"
"Мне нужно посмотреть, где находится моя посылка, как я могу это сделать?",order_status,bitext,ru,"I ogt to see where my shipment is, how can I do it?"
"Я купил товар, но выбрал неправильный размер. Я хочу обновить свой онлайн-заказ.",order_status,bitext,ru,"I bought an item but I chose a wrong size, I'd like to update my online order"
"Я бы хотел найти свою чертову посылку, может мне помочь.",order_status,bitext,ru,I'd like to find my fucking shipment can uhelp me
"Я хочу отменить чертов онлайн-заказ, вы можете мне помочь?",order_status,bitext,ru,"I want to cancel a fucking online order, can you help me?"
"Я разместил заказ, мне нужна помощь, чтобы отменить его",order_status,bitext,ru,"I placed na order, I need assistance to cancel it"
"Мне нужно проверить статус моего заменяющего продукта, помогите мне.",order_status,bitext,ru,"I got to check the fucking status of my replacement product, help me"
"Я купил товар, но выбрал не ту модель, можно ли обновить мой чертов заказ?",order_status,bitext,ru,"I bought an item but I chose a wrong model, wpuld it be possible to update my fucking order?"
"Я запросил обмен, но не получил его. Можете ли вы помочь мне отследить статус моего замененного товара?",order_status,bitext,ru,"I requested an exchange but I haven't received it, can you help me track the fucking status of my replacement item ?"
"Я хочу отменить чертов заказ, могу ли я получить помощь?",order_status,bitext,ru,"I want to cancel a fucking order, can I get some help?"
"Я купил чертов товар, но выбрал неправильный размер, хочу изменить свой заказ.",order_status,bitext,ru,"I bought a fucking product but I chose a wrong size, I want to modify my order"
"хочу найти свою чертову посылку, где это сделать",order_status,bitext,ru,wanna find my fucking shipment where to do it
"Мне нужно отменить чертову вещь, как мне это сделать?",order_status,bitext,ru,"I have to cancel a fucking item , how do I do it?"
Я хотел бы обновить свой заказ перед отправкой. Можете ли вы мне помочь?,order_status,bitext,ru,"I'd like to update my order before you send it, can you help me?"
"Я хотел бы проверить чертов статус моей замены, как мне это сделать?",order_status,bitext,ru,I'd like to check the fuckig status of my replacement how do i do it
"Я купил товар, но выбрал неправильный цвет, мне нужно обновить свой чертов онлайн-заказ",order_status,bitext,ru,i purchased a product but i chose a wrong color i got to update my fucking online order
"Я купил чертов товар, но он мне не нужен, как я могу отменить этот чертов заказ?",order_status,bitext,ru,"I bought a fucking item but I do not want it, how could I cancel the fucking order?"
могу ли я увидеть статус покупки 4Q5LD2OF,order_status,ikshana,ru,can i see the status of purchase 4Q5LD2OF
"я допустил ошибку, мне нужна помощь в изменении покупки AZKL8TD4",order_status,ikshana,ru,i have made a mistake i need help changing purchase AZKL8TD4
порядок редактирования CUMQFIXG,order_status,ikshana,ru,editing order CUMQFIXG
изменить заказ CFF1C9T2,order_status,ikshana,ru,edit order  CFF1C9T2
помогите мне удалить товар из заказа A39TAHVV,order_status,ikshana,ru,help me to delete an item from order A39TAHVV
удалить товар из заказа,order_status,ikshana,ru,remove item from order PEOQRALO
"я не знаю, как отменить заказ B8K5F7LB",order_status,ikshana,ru,i do not know how to cancel order B8K5F7LB
я пытаюсь отредактировать покупку 7VYZ8KUP,order_status,ikshana,ru,i try to edit purchase 7VYZ8KUP
Я пытаюсь увидеть статус заказа IUPCKU97.,order_status,ikshana,ru,I am trying to see order IUPCKU97 status
помощь в заказе нескольких ваших товаров,order_status,ikshana,ru,assistance ordering a few of your product
Мне нужна помощь с добавлением продукта для покупки UPT0BIQ1.,order_status,ikshana,ru,I need assistance with adding a product to purchase UPT0BIQ1
помогите мне увидеть плату за досрочный выход,order_status,ikshana,ru,help me to see the early exit fee
нужна помощь с проверкой платы за досрочный выход,order_status,ikshana,ru,want help checking the early exit fee
мне нужна помощь в отмене покупки DV6LZG49,order_status,ikshana,ru,i want help cancelling purchase DV6LZG49
как бы мне заказать несколько статей,order_status,ikshana,ru,how od i order some articles
"Я заказал некоторые товары, как отменить покупку ОХФТРЗАД?",order_status,ikshana,ru,"I ordered some products, how to cancel purchase OHFTRZAD?"
нужно изменить порядок WD0FBXT1,order_status,ikshana,ru,need to change order WD0FBXT1
где заказать статью?,order_status,ikshana,ru,where do I order an article?
"я допустил ошибку, помогите мне изменить заказ ULGUMS02",order_status,ikshana,ru,i made a mistake help me change order ULGUMS02
Можете ли вы помочь мне увидеть штрафы за досрочный выход?,order_status,ikshana,ru,can you help me seeing the early exit penalties?
как заказать некоторые товары?,order_status,ikshana,ru,how to order some products?
как я могу найти информацию о заказе редактирования S2GRTWA6,order_status,ikshana,ru,how can i find information about editing order S2GRTWA6
можно ли обменять некоторые купленные товары KTA0PRFG,order_status,ikshana,ru,is it possible to swap some items of purchase KTA0PRFG
Мне нужно поменять артикул заказа TS30V8IU,order_status,ikshana,ru,I need to switch an article of order TS30V8IU
"что мне нужно сделать, чтобы отменить покупку 0661Z77G?",order_status,ikshana,ru,what do I need to do to cancel purchase 0661Z77G?
помогите заказать несколько товаров,order_status,ikshana,ru,help ordering several products
где я могу что-то заработать?,order_status,ikshana,ru,where do I earn something?
Мне нужно проверить расчетное время заказа AO9CL2BG.,order_status,ikshana,ru,I have to check the ETA of the order AO9CL2BG
статус заказа 41T2OL87,order_status,ikshana,ru,status of order 41T2OL87
Я не могу изменить заказ MP86REYN,order_status,ikshana,ru,I can't change order MP86REYN
Не могу добавить товар в заказ CS7Q7MW4,order_status,ikshana,ru,I can't add an item to order CS7Q7MW4
"Я не знаю, как отменить покупку JMFUYL0O",order_status,ikshana,ru,I do not know how to cancel purchase JMFUYL0O
Мне нужна помощь в приобретении некоторых ваших продуктов,order_status,ikshana,ru,I want help to acquire a few of your product
удалить товар из покупки 2TBYSYJA,order_status,ikshana,ru,deleter a product from purchase 2TBYSYJA
"Я не знаю, что делать, чтобы увидеть плату за отмену бронирования.",order_status,ikshana,ru,I do not know what to do to see the cancellation charges
"Я хочу увидеть плату за прекращение, можете ли вы мне помочь?",order_status,ikshana,ru,"I want to see the termination fees, can you help me?"
"я не знаю, что мне нужно сделать, чтобы купить товар",order_status,ikshana,ru,i dont know what i have to do to shop an article
Можете ли вы помочь мне отменить заказ S4CELMM4?,order_status,ikshana,ru,can you help me to cancel order S4CELMM4 ?
Помогите мне удалить несколько статей из заказа J9I05GWN.,order_status,ikshana,ru,can uhelp me remove several articles from order J9I05GWN
порядок изменения TQVJYIMF,order_status,ikshana,ru,chnaging order TQVJYIMF
"Я пропустил товар в покупке GBUVSR83, можете ли вы его добавить?",order_status,ikshana,ru,"I missed an item in purchase GBUVSR83, can you add it?"
где я могу проверить штраф за отмену,order_status,ikshana,ru,where can i check the cancellation penalty
где заказать несколько статей?,order_status,ikshana,ru,where do I order several articles?
"нужна помощь, чтобы проверить расчетное время покупки NBLCE01I",order_status,ikshana,ru,need assistance to check the ETA of purchase NBLCE01I
Помогите мне отменить покупку XCPQZP1R,order_status,ikshana,ru,can uhelp me cancelling purchase XCPQZP1R
"Я не знаю, как купить несколько статей",order_status,ikshana,ru,I do not know how to buy several articles
могу ли я переключить что-нибудь порядка DPDGR17C?,order_status,ikshana,ru,could I switch something of order DPDGR17C?
отменить покупку00123842,order_status,ikshana,ru,cancel purchase00123842
"Мне нужна помощь, чтобы увидеть плату за отмену",order_status,ikshana,ru,I need help to see the cancellation fee
Можете ли вы помочь мне увидеть плату за отмену?,order_status,ikshana,ru,can you help me seeing the cancellation charge?
"что мне нужно сделать, чтобы отменить покупку K20X0TB0?",order_status,ikshana,ru,what do I need to do to cancel purchase K20X0TB0?
заказ на обновление 8GXBRIEV,order_status,ikshana,ru,updating order 8GXBRIEV
помощь в покупке некоторых ваших продуктов,order_status,ikshana,ru,assistance shopping some of your product
Мне нужна помощь в просмотре платы за отмену,order_status,ikshana,ru,I need help seeing the cancellation fee
мне нужно приобрести продукт,order_status,ikshana,ru,i have to acquire a product
"мне нужно купить кое-какие чертовы продукты, как я могу это сделать?",order_status,ikshana,ru,i have to purchase some damn products how can i do it
можно ли увидеть статус покупки LXEV1O0N?,order_status,ikshana,ru,is it possible to see purchase LXEV1O0N status?
помогите мне добавить несколько товаров в заказ USI3D4J7,order_status,ikshana,ru,help me to add several products to order USI3D4J7
помогите исправить порядок V9YH4Y3K,order_status,ikshana,ru,help to correct order V9YH4Y3K
нужна помощь с отменой покупки FGKK1P85,order_status,ikshana,ru,need help with canceling purchase FGKK1P85
можешь помочь мне переключить чертову позицию заказа J5H3VSCH?,order_status,ikshana,ru,can you help me switching a fucking item of order J5H3VSCH?
помогите мне купить несколько продуктов,order_status,ikshana,ru,help me to uby several products
Мне нужна помощь в проверке платы за досрочное прекращение,order_status,ikshana,ru,I want help to check the early termination charges
нужна помощь в приобретении предмета,order_status,ikshana,ru,need assistnce acquiring an item
как мне изменить покупку E8TGXPC4?,order_status,ikshana,ru,how do I modify purchase E8TGXPC4?
"Я не могу оплатить этот товар, отмените заказ 5080MLAD.",order_status,ikshana,ru,"I can't pay for this item, cancel order 5080MLAD"
добавить товар в заказ,order_status,ikshana,ru,add item to order
обновить покупку113542617735902,order_status,ikshana,ru,update purchase113542617735902
приобрести несколько предметов,order_status,ikshana,ru,acquire several items
я не могу добавить некоторые чертовы продукты для покупки MJUF2I2H,order_status,ikshana,ru,i cant add some goddamn products to purchase MJUF2I2H
где я могу купить несколько продуктов?,order_status,ikshana,ru,where do I shop several products?
как проверить текущий статус покупки AJNV6XHU?,order_status,ikshana,ru,how do I check purchase AJNV6XHU current status?
вопрос об отмене покупки IBAFFANT,order_status,ikshana,ru,question about cancelling purchase IBAFFANT
нужна помощь в отмене заказа DQ0DRMYZ,order_status,ikshana,ru,need help cancelling order DQ0DRMYZ
"Я купил товар, но выбрал неправильный цвет, как я могу обновить свой чертов онлайн-заказ?",order_status,bitext,ru,"I bought an item but I chose a wrong color, how could I update my fucking online order?"
"что мне нужно сделать, чтобы отменить покупку PAOLFJT6?",order_status,ikshana,ru,what do I need to do to cancel purchase PAOLFJT6?
"мне нужна помощь, чтобы отменить покупку FR0KMCOJ",order_status,ikshana,ru,i need help to cancel purchase FR0KMCOJ
"мне нужно обновить свой заказ, прежде чем ты его отправишь, помогите мне",order_status,bitext,ru,i have to update my order before ya send it helpme
"Мне нужно найти свой чертов заказ, ты можешь мне помочь?",order_status,bitext,ru,"I need to find my fucking order, couldyou help me?"
Мне нужно отменить чертов заказ,order_status,bitext,ru,I have to cancel a fucking ordr
Я больше не могу позволить себе заказ DHGF2O0E,order_status,ikshana,ru,I can no longer afford order DHGF2O0E
"мне нужно изменить мой гребаный онлайн-заказ, прежде чем отправлять его, не могли бы вы мне помочь?",order_status,bitext,ru,need to modify my fucking online order before ya send it could ya help me
"Я хочу купить 1R0YLJZH, вы можете мне помочь?",order_status,ikshana,ru,"I want to pudate purchase 1R0YLJZH, can you help me?"
"мне нужна информация о статусе моего обмена, как я могу ее найти",order_status,bitext,ru,i want infomration about the status of my exchange how could i find it
"Мне нужно отменить товар, как мне это сделать?",order_status,bitext,ru,"I need to cancel an item, how do I do it?"
мне нужна помощь в изменении товара EYXRG41M,order_status,ikshana,ru,i need help changing an iten of purchase EYXRG41M
"Я купил чертов товар, но выбрал неправильный цвет, как изменить мой чертов онлайн-заказ?",order_status,bitext,ru,"I purchased a fuckinh item but I chose a wrong color, how to change my fucking online order?"
помогите удалить некоторые товары из покупки EZGN9LRN,order_status,ikshana,ru,help deleting some products from purchase EZGN9LRN
отменить заказ XDL2CK5C,order_status,ikshana,ru,canmcel order XDL2CK5C
показывает мне текущий статус покупки 29UFRE3K,order_status,ikshana,ru,showing me purchase 29UFRE3K current status
"Я не знаю, что мне нужно сделать, чтобы совершить покупку",order_status,ikshana,ru,I don't know what I have to do to do a pucrhase
"я не знаю, что делать, чтобы получить предмет",order_status,ikshana,ru,i do not know what to do to earn an item
мне нужно отменить чертов онлайн-заказ,order_status,bitext,ru,i got to canvel a fucking online order
"Я хотел бы проверить, где находится моя доставка, не могли бы вы мне помочь?",order_status,bitext,ru,"I would like to check where my delivery is, could you help me?"
помоги мне отследить мою чертову доставку,order_status,bitext,ru,help m tracking my fucking delivery
"Я бы хотел проверить, где моя чертова посылка, мне нужна помощь",order_status,bitext,ru,id lik to check where my fucking package is i need help
помогите мне отследить заказ,order_status,bitext,ru,help me to track ym order
"Я хотел бы отменить онлайн-заказ, можете ли вы мне помочь?",order_status,bitext,ru,"I would like to cancel an online order, can you help me?"
Можно ли отменить заказ после его размещения?,order_status,bitext,ru,is it possible to cancel an orderafter it has been placed?
"Я отправил часть товаров обратно, но не получил замену, как отследить статус обмена?",order_status,bitext,ru,"I sent some products back but I haven't received the replacement, how to track the status of my exchange?"
"нужна помощь, чтобы увидеть заказ KND8PTMN syatus",order_status,ikshana,ru,want assistance to see order KND8PTMN syatus
"Я хотел бы проверить чертов статус моей замены, могу ли я получить некоторую помощь?",order_status,bitext,ru,I'd like to check the fucking status of my replacement can iget some help
"я купил товар, но выбрал не ту модель, хочу изменить свой заказ",order_status,bitext,ru,i bought a product but i chose a wrong model iwanna modify my order
мне нужно найти заказ BQQFYSQJ,order_status,ikshana,ru,i have got to locte order BQQFYSQJ
могу ли я проверить штраф за досрочный выход,order_status,ikshana,ru,can i check theearly exit penalty
"Я не знаю, что делать, чтобы проверить плату за завершение",order_status,ikshana,ru,I do not know what to do to check the termination charges
"Я не знаю, как я могу проверить плату за отмену",order_status,ikshana,ru,I don't know how I can check the cancellation fee
мне нужно найти покупку PN2MEFQY помогите мне,order_status,ikshana,ru,ihave to locate purchase PN2MEFQY help me
Я не могу оплатить заказ 1CMFS82G,order_status,ikshana,ru,I can't pay  for order 1CMFS82G
"Я хотел бы отменить заказ, вы можете мне помочь?",order_status,bitext,ru,"I would like to cancel an order, can you help me?"
где я могу увидеть предварительную плату за выход,order_status,ikshana,ru,where can i see the ealry exit charge
где я могу проверить текущий статус заказа DNK5ATL9?,order_status,ikshana,ru,where do I check the current status of order DNK5ATL9?
Отследить заказ,order_status,ikshana,ru,track order HQHSF220
"мне нужно изменить свой чертов онлайн-заказ, прежде чем отправлять его, где мне это сделать",order_status,bitext,ru,need to change my fucking onpine order before ya send it where do i do it
Мне нужна помощь в поиске моего гребаного онлайн-заказа.,order_status,bitext,ru,I need help finding my fucking online order
"Я заказал товар, отмените покупку 01JJ7N7T",order_status,ikshana,ru,"I ordered some item, cancel purchase 01JJ7N7T"
"мне нужно найти свой чертов онлайн-заказ, где я могу это сделать",order_status,bitext,ru,i have to find my fucking online order where could i do it
Я забыл включить товар в покупку 7WGEKZA5,order_status,ikshana,ru,I forgot to include an item in purchase 7WGEKZA5
"Я не знаю, как отменить заказ NQWAOVVF",order_status,ikshana,ru,I do not know how to cancel order NQWAOVVF
"Мне нужна помощь, чтобы найти заказ DBDMU6F5.",order_status,ikshana,ru,I need help to locate order DBDMU6F5
"мне нужно изменить свой чертов заказ, прежде чем использовать его, мне нужна помощь",order_status,bitext,ru,i got to change my fucking order before usend it i need help
не могли бы помочь мне исправить заказ J5WMQ5LV,order_status,ikshana,ru,could uhelp me correct order J5WMQ5LV
"Я не знаю, что мне нужно сделать, чтобы заказать некоторые статьи.",order_status,ikshana,ru,I do not know what I have to do to order some articles
"я не знаю, как отменить заказ R7V7E9BP",order_status,ikshana,ru,i dont know how i can cancel order R7V7E9BP
"мотыга, могу ли я проверить штрафы за снятие средств",order_status,ikshana,ru,hoe can i check the withdrawal penalties
"мне нужно изменить покупку DUCKQERC, мне нужна помощь",order_status,ikshana,ru,i have to change purchase DUCKQERC i need assistanmce
"Мне нужно купить кое-какие чертовы вещи, могу ли я получить помощь?",order_status,ikshana,ru,"I need to shop some fucking articles, could I get some help?"
"Могу ли я отменить заказ, если он уже отправлен?",order_status,bitext,ru,can I cancel an order if it has already been shipped?
"хочу изменить свой гребаный онлайн-заказ перед использованием, могу ли я это сделать",order_status,bitext,ru,wanna change my fucking online order before usend it were can i do it
"Я хочу проверить, где моя посылка",order_status,bitext,ru,I'd like to check where my package is
"мне нужно изменить мой чертов заказ на omline, прежде чем использовать его, могу ли я получить некоторую помощь",order_status,bitext,ru,need to change my fucking omline order before usend it could i get some help
"Мне нужна информация о чертовом статусе моей замены, где я могу ее найти?",order_status,bitext,ru,"I want information about the fucking status of my replacement , where could I find it?"
"помощь, чтобы увидеть расчетное время покупки 01LIOX55",order_status,ikshana,ru,assistance to see the ETA of purchase 01LIOX55
где я могу заказать статью,order_status,ikshana,ru,where can i order an article
"Я хотел бы посмотреть, где моя чертова посылка, как я могу это сделать?",order_status,bitext,ru,"I would like to see where my fucking package is, how could I do it ?"
Я хочу увидеть расчетное время моего заказа. Не могли бы вы мне помочь?,order_status,ikshana,ru,"I want to see the ETA of my order, could you help me?"
обновить покупку00123842,order_status,ikshana,ru,update purchase00123842
"Я бы хотел отменить чертов онлайн-заказ, ты мне поможешь?",order_status,bitext,ru,"I'd like to cancel an fucking online order, will you help me?"
Мне нужно удалить товар из заказа HPHKJ0J5,order_status,ikshana,ru,I have to remove an item from order HPHKJ0J5
переключить продукт заказа 8ХВОБЗДС,order_status,ikshana,ru,switch a product of order 8HVOBZDS
могу ли я поменять IEM заказа VXYMBRVV,order_status,ikshana,ru,could i swap an iem of order VXYMBRVV
можно ли редактировать покупку ZPGTKJN2?,order_status,ikshana,ru,is it possible to edit purchase ZPGTKJN2?
"Я бы хотел проверить, где моя чертова посылка, как это сделать",order_status,bitext,ru,I'd like to check where my fucking package is how to do  it
"хочу обновить свой заказ перед отправкой, как мне это сделать?",order_status,bitext,ru,wanna update my order before ya send it how can i do it
"мне нужно отслеживать свой замененный продукт, могу ли я получить помощь?",order_status,bitext,ru,i have to track my replacement product could i get some help
Нужна помощь в проверке комиссий за снятие средств,order_status,ikshana,ru,needc help checking the withdrawal fees
"Я хотел бы посмотреть, где мой чертов груз, можешь мне помочь?",order_status,bitext,ru,I'd like to see where my fucking shipment is can ya help me
мне нужна помощь в отмене itwm,order_status,bitext,ru,i want help canceling an itwm
"Мне нужна помощь, чтобы отменить продукт",order_status,bitext,ru,I need assistance to cacnel a product
"Я нашел товар, но выбрал неправильный размер, мне нужно обновить свой онлайн-заказ",order_status,bitext,ru,i boguht a product but i chose a wrong size i need to update my online order
"Мне нужно найти свою чертову посылку, где ее взять?",order_status,bitext,ru,"I need to find my fucking shipment, where to od it?"
Мне не нужно изменить мой онлайн-заказ перед его отправкой. Где я могу это сделать?,order_status,bitext,ru,"I need t modify my online order before you send it, where could I do it?"
"Я ищу информацию о статусе замены, можете ли вы мне помочь?",order_status,bitext,ru,I'm looking for information about the status of ym replacement can ya help me
"Я хотел бы посмотреть, где находится мой чертов заказ, как мне его сделать?",order_status,bitext,ru,I'd like to see where my fucking order is how do i od it
"см. заказ OFDAED1D, черт возьми, текущий статус",order_status,ikshana,ru,see order OFDAED1D fucking current status
"нужно проверить текущий статус заказа 1WHGA53H, как мне это сделать",order_status,ikshana,ru,need to check order 1WHGA53H current status how do i do it
"Я запросил товар на замену, но не получил его. Я хотел бы отслеживать статус товара на замену.",order_status,bitext,ru,i requested a replacement item but i have not received it I'd like to track the status of my replacement product
"Я хочу отслеживать доставку, как мне это сделать?",order_status,bitext,ru,"I would like to track my delivery, how do I do it?"
"Я купил офигенный товар, но выбрал не ту модель, хочу обновить заказ.",order_status,bitext,ru,"I bought a fucking product but I chose a wrong model , I would like to update my order"
Мне нужна помощь в просмотре статуса заказа 2QTQ766A.,order_status,ikshana,ru,I want help to see order 2QTQ766A status
"я не знаю, как мне увидеть штрафы за увольнение",order_status,ikshana,ru,i dont know how i can see the termination penalties
можно ли отменить чертов заказ?,order_status,bitext,ru,can I cancel a fucking order?
"что мне нужно сделать, чтобы отследить заказ E4WN70JI?",order_status,ikshana,ru,what do I need to do to track order E4WN70JI?
"хочу изменить свой заказ, прежде чем отправить его, как это сделать",order_status,bitext,ru,wanna change my order before ya send it how to do it
как посмотреть статус заказа 6UKQR40M,order_status,ikshana,ru,how to see order 6UKQR40M status
"Я купил товар, отменить заказ 7KC7QF9B",order_status,ikshana,ru,"I bought some item, cancel order 7KC7QF9B"
как отменить покупку SYWFCSJD?,order_status,ikshana,ru,how to cancel purchase SYWFCSJD?
"Я хотел бы посмотреть, где находится мой заказ, где я могу его сделать?",order_status,bitext,ru,"I'd like to see where my order is, where could I do it?"
мне нужна помощь в редактировании заказа 056QW26F,order_status,ikshana,ru,i need assistance editing order 056QW26F
как я могу удалить некоторые статьи из покупки 0FRNSJED,order_status,ikshana,ru,how can i remove some articles from purchase 0FRNSJED
"Мне нужна помощь, чтобы отменить чертов заказ",order_status,bitext,ru,I need assistance  to cancel a fucking order
"мне нужно проверить статус замены, помогите мне",order_status,bitext,ru,i have to se the status of my replacement help me
"что мне нужно сделать, чтобы купить несколько товаров?",order_status,ikshana,ru,what do I need to do to buy several items?
"Мне нужно отменить чертов онлайн-заказ, могу ли я получить помощь?",order_status,bitext,ru,"I need to cancel a fuking online order, can I get some help?"
можно ли увидеть чертов статус моего замененного товара?,order_status,bitext,ru,is it posible to see the fucking status of my replacement item?
"Мне не нужен мой последний чертов предмет, отмени заказ B6W0L0L8",order_status,ikshana,ru,"I do not want my last bloody item, cancel order B6W0L0L8"
можешь помочь мне купить кое-какие товары?,order_status,ikshana,ru,can you help me shopping some items?
как проверить текущий статус заказа 4LD9RMTI?,order_status,ikshana,ru,how do I check order 4LD9RMTI current status?
"что мне нужно сделать, чтобы проверить комиссию за досрочный выход?",order_status,ikshana,ru,what do I have to do to check the early exit fees ?
проблемы с исправлением порядка WGFN46EY,order_status,ikshana,ru,problems with correcting order WGFN46EY
помощь в проверке чертовых штрафов за досрочный выход,order_status,ikshana,ru,assistance checking the fucking early exit penalties
"Мне нужна помощь, чтобы увидеть плату за досрочный выход",order_status,ikshana,ru,I want assistance seeing the early exit charges
Я больше не могу оплатить покупку VUZVUJ46,order_status,ikshana,ru,I can no longer pay for purchase VUZVUJ46
"Мне нужно увидеть текущий статус заказа M9553WYS, помогите мне.",order_status,ikshana,ru,"I have to see order M9553WYS current status, help me"
я не могу поменять купленный продукт LKCEBL56,order_status,ikshana,ru,i cannot switch a product of purchase LKCEBL56
помогите мне проверить комиссию за снятие средств,order_status,ikshana,ru,help me to check the withdrawal charges
видя плату за прекращение,order_status,ikshana,ru,seeing termination charge
"что мне нужно сделать, чтобы отменить заказ 4P0R3W0Q",order_status,ikshana,ru,whag do i need to do to cancel order 4P0R3W0Q
"Мне нужна помощь, чтобы отследить мой чертов онлайн-заказ.",order_status,bitext,ru,I need assistance to track my fucking online order
помощь в заказе статьи,order_status,ikshana,ru,assistance ordering an article
текущий статус заказа A633G1NP,order_status,ikshana,ru,order A633G1NP current status
"я не знаю, как мне проверить штрафы за увольнение",order_status,ikshana,ru,i do not know how i can checkj the termination penalties
"Я не знаю, как изменить предмет покупки 2V5QZNX0",order_status,ikshana,ru,I don't know how to change a item of purchase 2V5QZNX0
Мне нужна помощь в проверке штрафа за увольнение,order_status,ikshana,ru,I want assistance to check the termination peenalty
не могли бы помочь мне отследить мою посылку,order_status,bitext,ru,could uhelp me tracking my package
нужна помощь в замене чего-либо при покупке YW1RPD7M,order_status,ikshana,ru,want assistance to switch something of purchase YW1RPD7M
Я не могу добавить некоторые статьи для заказа HSRVKCU,order_status,ikshana,ru,I cannot add some articles to order HSNRVKCU
"Мне нужно изменить товар при покупке. FEBSWKOP, помогите мне.",order_status,ikshana,ru,"I have to change an item of purchase FEBSWKOP, help me"
"Мне нужна информация о статусе моей замены, как я могу ее получить?",order_status,bitext,ru,"I'd like information about the fucking status of my replacement , how can I get it?"
"мне нужно найти свою чертову посылку, где я могу это сделать",order_status,bitext,ru,i got to find my fucking shipment where can i do it
"мне нужно найти свою чертову посылку, как мне это сделать?",order_status,bitext,ru,need to find my fucking package how can i do it
как посмотреть статус заказа LOTY4SC9?,order_status,ikshana,ru,how to see the status of order LOTY4SC9?
где я могу заработать несколько статей?,order_status,ikshana,ru,where can I earn some articles?
редактирование покупки КРЭЛВК77,order_status,ikshana,ru,editing purchase KRELVK77
могу ли я изменить заказ L9B16C1S,order_status,ikshana,ru,can i change order L9B16C1S
"Мне нужно проверить плату за ранний выход, мне нужна помощь",order_status,ikshana,ru,"I have to check the early exit fee, I need assistance"
Мне нужно отследить свою гребаную посылку,order_status,bitext,ru,I have to track my fucking package
хочу поменять некоторые позиции заказа U435EX1M,order_status,ikshana,ru,wanna swap some items of order U435EX1M
"Я купил товар, но выбрал неправильный размер, мне придется изменить свой заказ.",order_status,bitext,ru,"I purchased an item but I chose a wrong size, I have to modify my fucking order"
нужна помощь в просмотре комиссии за снятие средств,order_status,ikshana,ru,want help seeing the withdrawal charge
как мне купить несколько ваших товаров?,order_status,ikshana,ru,how do I purchase several of your product ?
Можете ли вы помочь мне заказать несколько ваших продуктов?,order_status,ikshana,ru,can you help me order a few of your product?
возникли проблемы с отменой покупки DOY97F3P,order_status,ikshana,ru,have problems with cancelling purchase DOY97F3P
порядок редактирования WQ4YXL3S,order_status,ikshana,ru,editing order WQ4YXL3S
Мне нужна помощь с проверкой расчетного времени заказа QV9LA5X1.,order_status,ikshana,ru,I want help to check the ETA of order QV9LA5X1
"Я не знаю, как я могу проверить плату за отмену бронирования.",order_status,ikshana,ru,I do not know how I can check the cancellation charges
Мне нужно увидеть расчетное время покупки 9U2JAH4C.,order_status,ikshana,ru,I have got to see the ETA of purchase 9U2JAH4C
вопрос об отмене покупки A8YLXAXU,order_status,ikshana,ru,question about cancelling purchase A8YLXAXU
где я могу проверить плату за прекращение?,order_status,ikshana,ru,where do I check the termination fees?
"Мне нужно отменить товар, где мне это сделать?",order_status,bitext,ru,"Igot to cancel an item, where do I do it?"
"см. статус покупки LYWI6XYR, черт возьми",order_status,ikshana,ru,see purchase LYWI6XYR goddamn status
как добавить товар к покупке VH13TA8Z?,order_status,ikshana,ru,how to add a product to purchase VH13TA8Z?
"я не знаю, как отменить покупку K2ZISU5R",order_status,ikshana,ru,i dont know how i can cancel purchase K2ZISU5R
Я хотел бы исправить свои личные данные. Вы мне поможете?,account,bitext,ru,"I'd like to rectify my private data, will you help me?"
"кто-то взломал мой профиль, мне нужна помощь в восстановлении пароля",account,bitext,ru,"someone hacked my profile, I need help recovering my password"
"мне нужно открыть чертов счет, ты можешь мне помочь?",account,bitext,ru,i have to open a fucking account  could ya help me
"я не помню свой пароль, можете ли вы помочь мне сбросить его?",account,bitext,ru,i do not remember my password can ya help me resetting it
"Мне нужна учетная запись, мне нужна помощь в ее создании",account,bitext,ru,"I want an account, I need assistance creating it"
"хочу открыть чертов аккаунт, как это сделать",account,bitext,ru,wanna open a fucking cacount how to do it
"мне нужно изменить мою личную информацию, помогите мне",account,bitext,ru,i got to modify my private information will uhjelp me
как мне проверить чертову историю покупок,account,bitext,ru,how do i check the fucking purchasd history
"кто-то взломал мой профиль, могу ли я сбросить свой чертов пароль?",account,bitext,ru,"someone hacked my profile, can I reset my fucking password?"
"Я хотел бы открыть чертов счет, где это сделать.",account,bitext,ru,I'd like to open a fucking account where to do it
"Мне нужно найти что-то, что я купил. Как просмотреть историю заказов?",account,bitext,ru,"I need to look for something I purchased, how to review my order history ?"
"Я хотел бы проверить историю заказов, как это сделать?",account,bitext,ru,"I would like to check the fucking order history, how to do it ?"
"Мне не нужен мой чертов профиль, помоги мне закрыть его.",account,bitext,ru,"Idon't want my fucking profile, help me close it"
"Мне не нужен мой профиль, помогите мне закрыть его.",account,bitext,ru,"I don't need my profile, help me to close it"
"мне нужно удалить свой гребаный аккаунт, где это сделать",account,bitext,ru,i have to delete my fucking account where to do  it
"Мне не нужен мой чертов аккаунт, помогите мне его удалить.",account,bitext,ru,"I don't need my fucking account, help me to deleted it"
"мне нужна помощь, чтобы просмотреть историю покупок",account,bitext,ru,i need assistance seeing the purchase history
"Я хотел бы открыть учетную запись пользователя, как мне это сделать?",account,bitext,ru,"I'd like to open a fucking user account, how can I do it?"
"мне не нужна моя учетная запись, можно отменить ее",account,bitext,ru,i do not need my user account could ucancel it
"Мне нужно запросить право на забвение, где мне это сделать?",account,bitext,ru,"I need to request the right to be forgotten, where do I do it?"
"Я хочу восстановить свой пароль, как это сделать",account,bitext,ru,I'd like to recover my password how to do it
где мне создать чертову учетную запись пользователя?,account,bitext,ru,where do I create a fucking user account?
"Мне нужно обновить свои чертовы личные данные, помогите мне.",account,bitext,ru,"I got to updatemy fucking personal data, help me"
"Мне нужно закрыть свой профиль, как это сделать?",account,bitext,ru,"I have to clsoe my profile, how to do it?"
"мои личные данные неверны, мне нужна помощь в их изменении",account,bitext,ru,"my personal data is incorrect, I need assistance modifying it"
"мой аккаунт украли, помогите мне восстановить пароль",account,bitext,ru,my acount has been stolen help me recover my password
"Я хочу зарегистрироваться, мне нужна помощь",account,bitext,ru,"I want to register, I need help"
"Я бы хотел сменить свою чертову учетную запись, где мне это сделать?",account,bitext,ru,I'd like to changemy fucking user account where do i do it
"я потерял чертов пароль, восстанови его",account,bitext,ru,i lost ym fucking password recover it
"нужно изменить свой профиль, могу ли я получить помощь",account,bitext,ru,need to change my profile can i get some help
"я бы хотел отредактировать свой профиль, мог бы мне помочь",account,bitext,ru,id like to edit my profile could uhelp me
"Мне нужно обновить свою чертову учетную запись, как это сделать?",account,bitext,ru,"I have to update my fucking user account, how to do it ?"
мне нужна помощь в редактировании моей учетной записи,account,bitext,ru,i want assistance editing my account
"мне нужен чертов аккаунт, ты поможешь мне его открыть?",account,bitext,ru,i want a fucking account will ya ehlp me opening it
"Я хотел бы закрыть свой чертов аккаунт, мне нужна помощь",account,bitext,ru,"I would like to close my fucking account, I need assistance"
"я не помню свой пароль, помогите мне его сбросить",account,bitext,ru,i do not remember my password will uhelp me reset it
"моего пользователя украли, могу ли я восстановить свой чертов пароль?",account,bitext,ru,"my user has been stolen, could I recover my fuckimg password?"
"мне нужно изменить свою учетную запись, где это сделать",account,bitext,ru,i have to change my user accountwhere to do it
Я ищу свою чертову историю покупок. Не могли бы вы мне помочь ее найти?,account,bitext,ru,"I'm looking for my fucking purchase history, could you help me fginding it?"
Мне нужно просмотреть историю покупок. Как я могу это сделать?,account,bitext,ru,"I got to review my purchase history, how can I do iut?"
"хочу открыть аккаунт, как это сделать",account,bitext,ru,wanna opwn an account how to do it
"Мне нужно удалить учетную запись mjy, где я могу это сделать?",account,bitext,ru,"I need to delete mjy account, where could I do it?"
"Я хотел бы проверить гребаный перерыв в заказе, могу ли я получить некоторую помощь?",account,bitext,ru,"I would like to check the fucking order hiatory, could I get some help?"
"Мне нужна моя чертова история покупок, где я могу ее посмотреть?",account,bitext,ru,"I want my fucking purchase history, where could I see it?"
мне не нужно изменять свои чертовы личные данные,account,bitext,ru,i got t modify my fucking personal data
"мне не нужен мой чертов профиль, мне нужна помощь, чтобы удалить его",account,bitext,ru,i dont want my fucking profile i need hepl to delete it
"мне нужен чертов аккаунт, где его создать",account,bitext,ru,i need a fucking account where do i create it
"Я хотел бы закрыть свою чертову учетную запись пользователя, как я могу это сделать?",account,bitext,ru,"I'd like to close my fucking user account, how could I do it ?"
"кто-то украл мой профиль, можешь ли ты помочь мне сбросить мой чертов пароль?",account,bitext,ru,"someone stole my profile, can you help me resetting my fucking password?"
"Мне не нужен мой чертов профиль, мне нужна помощь, чтобы его удалить.",account,bitext,ru,"Idon't need my fucking profile, I need assistance to delete it"
"мне нужно заполнить свою личную информацию, пожалуйста, помогите мне",account,bitext,ru,i have to complete my private information coulf uhelp me
"мне нужно закрыть мой аккаунт, могу ли я это сделать",account,bitext,ru,need to close my account were can i do it
"мне нужно изменить свой чертов профиль, могу ли я получить помощь",account,bitext,ru,i got to modify my fucking profile could i get some help
"мне нужно открыть учетную запись, не могли бы мне помочь",account,bitext,ru,i have to open a user account could uhelp me
"Я хотел бы запросить право на исправление, где мне это сделать?",account,bitext,ru,"I'd like to request the rught to rectification, where do I do it?"
"У меня проблема с моим чертовым аккаунтом, ты поможешь мне это изменить?",account,bitext,ru,"I have a problem in my fucking account, will you help me to change it?"
"нужно поискать что-то, что я купил, могу ли я посмотреть историю своих заказов",account,bitext,ru,need to look for something i bpught could i see my order history
можно ли создать учетную запись пользователя,account,bitext,ru,would it be possibld to create a user account
"Я хочу открыть чертову учетную запись пользователя, как это сделать?",account,bitext,ru,"I want to open a fucking user account , how to do it?"
"Мне нужно открыть учетную запись пользователя, не могли бы вы мне помочь?",account,bitext,ru,"I have to open a user account, could you help me?"
"кто-то взломал мой профиль, мне нужна помощь, чтобы восстановить пароль",account,bitext,ru,someone hacked my pofile i need assistance to recover my password
можешь ли ты помочь мне изменить мою чертову учетную запись?,account,bitext,ru,can you help me to change my fucking user account?
"Я хотел бы исправить свои чертовы личные данные, мне нужна помощь",account,bitext,ru,"I would like to rectify my fuckinh private data, I need assistance"
"хочу открыть чертову учетную запись пользователя, где я могу это сделать",account,bitext,ru,wanna open a fucking user account where can i do it
"мне нужна чертова учетная запись пользователя, можешь помочь мне ее создать?",account,bitext,ru,i need a fucking user account can ya help me creatihg it
"мой аккаунт украли, не могли бы вы помочь мне сбросить мой чертов пароль?",account,bitext,ru,my account has been stolen could ya help me reset my fucking password
"у меня ошибка в моей чертовой учетной записи, можно ли ее отредактировать",account,bitext,ru,i have an errror in my fucking user account would it be possible to edit it
"я бы хотел создать учетную запись, где это сделать",account,bitext,ru,id like to create a account where to do it
"мой профиль взломали, мне нужна помощь в сбросе пароля",account,bitext,ru,my profile has been hacked i want help to reset my passowrd
"Мне нужно поискать то, что я купил, помогите мне посмотреть мою чертову историю покупок.",account,bitext,ru,ned to look for something i bought help me see my fucking purchase history
"Мне нужно изменить свою учетную запись пользователя, где я могу это сделать?",account,bitext,ru,"I have to change my user account, where can I do it?"
"Мне нужна моя чертова история заказов, ты поможешь мне ее посмотреть?",account,bitext,ru,"I need my fucking order history, will you help me see it?"
"мой пароль взломали, я не хочу его восстанавливать",account,bitext,ru,"my password has been hacked, I'd like ot recover it"
"Мне нужно обновить свои личные данные, как я могу это сделать?",account,bitext,ru,"I have to update my fucking personal data, how could I do it?"
"Я хотел бы закрыть свою учетную запись, могу ли я получить помощь?",account,bitext,ru,"I would like to cancel my account, could I get  some help?"
создать новую учетную запись Titanium для дочери,account,ikshana,ru,create new Titanium account for daughter
"я не могу создать пользователя, нужна помощь, сообщить о проблеме с регистрацией",account,ikshana,ru,i cant create a user need help reportinga sign-up problem
Я хотел бы получить информацию о получении ключа доступа,account,ikshana,ru,I would like information about an access key retrieval
"Я не могу зарегистрироваться, могу ли я сообщить о проблемах с регистрацией?",account,ikshana,ru,"I can't register, can I notify of registration problems?"
могу ли я сообщить об ошибках при регистрации,account,ikshana,ru,can i report errors with a sign-up
правильные данные на счете Platinum,account,ikshana,ru,correct data on Platinum account
Я пытаюсь перейти на платиновый аккаунт,account,ikshana,ru,I am trying to change to the Platinum account
открытие нового аккаунта Titanium,account,ikshana,ru,opening new Titanium account
хочу узнать об отмене подписки на новостную рассылку моей компании,account,ikshana,ru,wanna know about cancel my company newsletter subscription
уведомлять об ошибках при регистрации,account,ikshana,ru,notify of errors with registrations
Можете ли вы помочь мне отписаться от новостной рассылки?,account,ikshana,ru,can you help me unsubscribing from the newsletter?
удалить Премиум-аккаунт,account,ikshana,ru,remove Premium account
обновление информации о платиновом аккаунте,account,ikshana,ru,updating details on Platinum account
Мне нужна информация по удалению стандартного аккаунта,account,ikshana,ru,I need information about the removal of a standard account
открыть фримиум-аккаунт,account,ikshana,ru,open freemium account
"я не знаю, как сообщить о проблеме с регистрацией",account,ikshana,ru,i dont know how to notify of a registration problem
"У меня проблемы с регистрацией, помогите мне",account,ikshana,ru,"I am experiencing problems trying to sign up, help me"
информация об аннулировании моего аккаунта Titanium,account,ikshana,ru,information about the cancellation of my Titanium account
могу ли я перейти на платиновый аккаунт,account,ikshana,ru,can i switch to the Platinum account
Я не могу получать информационный бюллетень,account,ikshana,ru,I can't recerive the newsletter
дайте мне информацию об открытии счета в Titanium,account,ikshana,ru,give me information about opening a Titanium account
как пользоваться платиновым профилем?,account,ikshana,ru,how to use the Platinum profile?
Мне нужна помощь с подпиской на рассылку новостей,account,ikshana,ru,I need help signing up to the newsletter
"что мне нужно сделать, чтобы использовать учетную запись Platinum",account,ikshana,ru,what do i need to do to use the Platinum account
"Я не знаю, как мне сообщить о проблеме с регистрацией.",account,ikshana,ru,I do not know how I can inform of a problem with a signup
помогите мне использовать платиновый профиль,account,ikshana,ru,help me to use the platinum profile
"Мне нужно использовать профиль Platinum, как это сделать?",account,ikshana,ru,"I have got to use the Platinum profile, how to do it?"
нужна помощь в редактировании моих личных данных,account,ikshana,ru,want assistance editing my personal data
мне нужно создать учетную запись Titanium для моего жениха,account,ikshana,ru,i have to create a Titanium account for my fiance
не могли бы вы помочь мне закрыть золотой аккаунт?,account,ikshana,ru,could you help me cancel a gold account?
"мне нужна помощь, чтобы перейти на платиновый аккаунт",account,ikshana,ru,i need assistance to change to the Platinum account
"Я не знаю, как мне подписаться на рассылку новостей",account,ikshana,ru,I do not know how I can sign up to the newsletter
как перейти на платиновый аккаунт,account,ikshana,ru,how to switch to the Platinum account
помощь в создании еще одной гребаной фримиум-аккаунта,account,ikshana,ru,assistance to create another fucking freemium account
"что мне нужно сделать, чтобы удалить премиум-аккаунт",account,ikshana,ru,what do i have to do to remove a Premium account
исправление информации на счете Platinum,account,ikshana,ru,correcting info on Platinum account
могу ли я закрыть платиновый аккаунт?,account,ikshana,ru,can I close a platinum account?
Мне нужна помощь в информировании о проблемах с регистрацией,account,ikshana,ru,I need assistance informing of signup problems
"я не знаю, что делать, чтобы перейти на платиновый аккаунт",account,ikshana,ru,i do not know what to do to switch to the Platinum account
изменить информацию в бесплатном аккаунте,account,ikshana,ru,change information on freemium account
правильные данные платинового аккаунта,account,ikshana,ru,correct details on platinum account
"можешь мне помочь, используя стандартный профиль?",account,ikshana,ru,can ya help me using the standard profile
мне нужна помощь в создании платиновой учетной записи,account,ikshana,ru,i need assistance creating a platinum account
изменить данные в стандартном аккаунте,account,ikshana,ru,change details on standard account
перейти на платиновый аккаунт,account,ikshana,ru,switch to the Platinum account
помощь в получении моего PIN-кода пользователя,account,ikshana,ru,assistance to retrieve my user PIN
Мне нужна помощь в сообщении о проблеме с регистрацией,account,ikshana,ru,iu want assistance reporting an issue with a sign-up
"я не знаю, как отказаться от подписки на новостную рассылку вашей компании",account,ikshana,ru,i do not know how to unsubscribe from ur company newsletter
как я могу найти информацию о восстановлении ключа,account,ikshana,ru,how cab i find information about my key recovery
"Я не использую свою Премиум-учетную запись, мне нужна помощь, чтобы закрыть ее",account,ikshana,ru,"I don't use my Premium account, I want help to close it"
куда мне сообщить о проблемах с регистрацией,account,ikshana,ru,where do i notify of issues with signup
можно ли будет сесть на чертов Платиновый аккаунт,account,ikshana,ru,would it be possible to sitch to the bloody Platinum account
нужна помощь в открытии премиум-аккаунта,account,ikshana,ru,want assistance opening a premium account
"что мне нужно сделать, чтобы восстановить пин-код моей учетной записи пользователя",account,ikshana,ru,what do i need to do to recover my user account pin code
стандартная учетная запись clsoe,account,ikshana,ru,clsoe standard account
"помощь, чтобы сообщить об ошибке при регистрации",account,ikshana,ru,assistance to report an error with signup
"нужна помощь, сообщите об ошибке при регистрации",account,ikshana,ru,need assistance reporting an error with a signup
помогите мне увидеть статус моей подписки на рассылку новостей,account,ikshana,ru,help me seeing the status of my newsletter subsxcription
Я хочу подписаться на вашу корпоративную рассылку,account,ikshana,ru,I want to sign up to your corporate newsletter
"я не знаю, что делать, чтобы уведомить о проблеме с регистрацией",account,ikshana,ru,i dont know what to do to notify of an issdue with a sign-up
Мне нужна помощь в отказе от подписки на новостную рассылку вашей компании,account,ikshana,ru,I want help unsubscribing to your company newsletter
я не могу сообщить об ошибках при регистрации,account,ikshana,ru,i cannot inform of errors wiht a signup
куда сообщать об ошибках с регистрацией?,account,ikshana,ru,where to inform of errorswith registrations?
изменить данные в золотом аккаунте,account,ikshana,ru,edit details oon gold account
отменить подписку на рассылку,account,ikshana,ru,cancel the subscription to the newsletter
"Я не могу открыть счет, мне нужно сообщить о проблеме с регистрацией",account,ikshana,ru,"I cannot open an account, I have to inform of a signup issue"
"Я не знаю, что мне нужно сделать, чтобы сбросить мою учетную запись пользователя ppwd",account,ikshana,ru,I don't know what I have to do to reset my user account ppwd
обновить премиум-аккаунт,account,ikshana,ru,update premium account
"Я не знаю, что мне нужно сделать, чтобы перейти на Платиновый аккаунт.",account,ikshana,ru,I do not know what I need to do to change to the Platinum acount
хочу исправить личную информацию,account,ikshana,ru,wanna correct the personal information
изменение бесплатного аккаунта,account,ikshana,ru,modifying freemium account
"Я потерял ключ доступа к своему профилю пользователя, помогите его восстановить.",account,ikshana,ru,"I lost the access key of my user profile, help to recover it"
"Я не знаю, как мне восстановить ключ доступа к моему профилю.",account,ikshana,ru,I do not know how I can recover my profile access key
изменить информацию в аккаунте Platinum,account,ikshana,ru,modify info on Platinum account
как мне использовать платиновый профиль?,account,ikshana,ru,how do I use the platinum profile?
Я не могу создать учетную запись Titanium,account,ikshana,ru,I cannot create a Titanium account
"Мне нужно исправить свои личные данные, помогите мне.",account,bitext,ru,"I have to rectify my private data, help me"
"Мне нужно удалить свой аккаунт, где это сделать?",account,bitext,ru,"I got to delete my account, where to do it?"
"Мне нужна чертова учетная запись пользователя, да!",account,bitext,ru,"I need a fucking user account, oen it"
"мне нужно просмотреть историю покупок, мне нужна помощь",account,bitext,ru,i gt to see the purchase history i need assistance
можешь помочь мне сбросить мой чертов пароль?,account,bitext,ru,could you help me reset my fucking password?
"мне не нужен мой чертов профиль, ох, можно я его закрою",account,bitext,ru,i do not need my fucking profile ohw can i close it
"мне нужен аккаунт, помогите мне открыть его",account,bitext,ru,i need an account will uhelp me open it
еще один стандартный аккаунт,account,ikshana,ru,another standard account
можно ли сбросить ключ моей учетной записи?,account,ikshana,ru,is it possible to reset the keyof my user account
"Мне нужно обновить свой чертов аккаунт, как это сделать?",account,bitext,ru,"I have to update my fucking account, how to do it?"
как отказаться от подписки на корпоративную рассылку,account,ikshana,ru,how to unsubsribe to the corporate newsletter
как сообщить о проблемах с регистрацией,account,ikshana,ru,how do i inform of problems with an signup
"У меня ошибка в профиле, помогите мне его изменить.",account,bitext,ru,"I have an error in my profile, help me to modfy it"
"мне не нужна моя чертова учетная запись, мне нужна помощь, чтобы закрыть ее",account,bitext,ru,i do not want my fucking user account i need help to close it
я больше не пользуюсь про-аккаунтом и пытаюсь его удалить,account,ikshana,ru,i no longer use the pro account I'm trying to delete it
Я хотел бы изменить свою чертову личную информацию.,account,bitext,ru,I would like  to modify my fucking private information
"кто-то взломал мой профиль, помогите мне сбросить мой чертов пароль",account,bitext,ru,"someone hacked my profile, help me to reset my fucking pasword"
у меня вопрос по поводу удаления моего Премиум-аккаунта,account,ikshana,ru,i have a question about the removal of my Premium account
Мне нужна помощь в удалении стандартной учетной записи,account,ikshana,ru,I want assistance to remove the standard account
"Я не знаю, как отменить подписку на рассылку новостей",account,ikshana,ru,I don't know how to cancel my subscription to the newsletter
как перейти на золотой счет?,account,ikshana,ru,how to change to the gold account?
Мне нужно изменить данные моего аккаунта. Не могли бы вы мне помочь?,account,bitext,ru,"I need to make a chaznge to my account details, could you help me?"
"что мне нужно сделать, чтобы восстановить ключ доступа к моему профилю пользователя",account,ikshana,ru,what do i need to do to restore my user profile access  key
"у меня ошибка в моей учетной записи, могу ли я ее изменить",account,bitext,ru,i have an error in my user account can i modify it
"нужно просмотреть мою историю покупок, вы мне поможете",account,bitext,ru,need to review my purchase history iwll ya help me
можешь показать мне эту чертову историю покупок?,account,bitext,ru,could ya show me the fucking purchase history
Можете ли вы помочь мне отказаться от подписки на вашу корпоративную рассылку?,account,ikshana,ru,can you help me unsubscribing to your corporate newsletter?
"Я не знаю, как мне сбросить ключ доступа",account,ikshana,ru,I do not know how  I can reset my access key
где я мог подписаться на чертову корпоративную рассылку?,account,ikshana,ru,where could I sign up to the damn corporate newsletter?
изменить профессиональный аккаунт,account,ikshana,ru,modify pro account
"я не знаю, как перейти на платиновый аккаунт",account,ikshana,ru,i dont know how to change to the Platinum account
"хочу зарегистрироваться, мне нужна помощь",account,bitext,ru,wanna register i need assistance
"мне нужна помощь, чтобы сбросить ключ моей учетной записи",account,ikshana,ru,i need help to reset the key of my account
"мой чертов пароль украли, могу я его сбросить?",account,bitext,ru,"my fucking password has ben stolen, can I reset it?"
"Мне не нужен мой чертов профиль, мне нужна помощь, чтобы его закрыть.",account,bitext,ru,"I don't need my  fucking profile, I need help to cancel it"
"мой аккаунт взломали, мне нужна помощь в восстановлении пароля",account,bitext,ru,"my acount has been hacked, I need help to recover my password"
"мне нужна помощь, чтобы сбросить PIN-код моего профиля",account,ikshana,ru,i ned help to reset the pin of my profile
верная информация о платиновом аккаунте,account,ikshana,ru,correct info on platinum account
"Я хотел бы изменить свой профиль, где мне это сделать?",account,bitext,ru,"I'd like to change my profile, where do Ido it?"
"кто-то украл моего пользователя, мне нужно восстановить свой чертов пароль",account,bitext,ru,"someone stole my user, I have to recover my fucking pasxword"
"я не знаю, что мне нужно сделать, чтобы переключиться на про аккаунт",account,ikshana,ru,i do not know what i need to do to switch to the pro account
"мой профиль взломали, как мне сбросить пароль?",account,bitext,ru,"my profile has been hacked , how could I reset my password?"
"Я не знаю, что мне нужно сделать, чтобы восстановить свой PIN-код.",account,ikshana,ru,I don't know what I need to do to restore my PIN
помогите сообщить о проблеме с регистрацией,account,ikshana,ru,help to report a problem with a registration
редактирование платинового аккаунта,account,ikshana,ru,editing Platinum account
asxsistance получение вашего информационного бюллетеня,account,ikshana,ru,asxsistance receiving your newsletter
"У меня проблема с моей чертовой учетной записью пользователя, можно ли ее обновить?",account,bitext,ru,"I have a problem in my fucking user account, is it possible to update it?"
исправление данных в про аккаунте,account,ikshana,ru,correcting details on pro account
"У меня ошибка в моей учетной записи пользователя, как я могу ее обновить?",account,bitext,ru,"I ahve an error in my fucking user account, how could I update it?"
"кто-то взломал мой профиль, не могли бы вы помочь мне восстановить мой чертов пароль?",account,bitext,ru,"someone hacked my profile, could you help me recover my fucking password?"
"Я не зарегистрирован, как открыть у вас про аккаунт?",account,ikshana,ru,"I am not registered, how to open a pro account with you?"
где я могу подписаться на вашу корпоративную рассылку?,account,ikshana,ru,where can I subscribe to your corporate newsletter?
"Мне нужно найти то, что я купил, мне нужна помощь в просмотре истории моих покупок.",account,bitext,ru,"I need to look for something I bought , I want assistance seeing my purchase history"
"я потерял свой чертов пароль, я хочу его восстановить",account,bitext,ru,i lost myfucking password i wanna recover it
нужно зарегистрироваться помогите мне,account,bitext,ru,need to register help me
зарегистрироваться,account,ikshana,ru,create account
Я не могу создать профиль пользователя. Помогите сообщить о проблемах с регистрацией.,account,ikshana,ru,"I cannot create a user profile, help reporting signup issues"
"Мне нужно просмотреть мою чертову историю заказов, можешь мне помочь?",account,bitext,ru,"I got to review my fucking orde history, can you help me?"
помогите мне проверить чертову историю покупок,account,bitext,ru,can uhelp me checl the fucking purchase history
Мне нужна информация об открытии счетов Titanium,account,ikshana,ru,I want information about opening Titanium accounts
обновить информацию на счете Platinum,account,ikshana,ru,update inforemation on Platinum account
"кто-то взломал моего пользователя, помогите мне восстановить пароль",account,bitext,ru,someone hacked my user help me recvering my password
"Я не использую свою Премиум-аккаунт, мне нужна помощь в ее удалении",account,ikshana,ru,idont use my Premium account want assistance to remove it
удаление аккаунта Титаниум,account,ikshana,ru,removing Titanium account
"мне придется удалить свой чертов аккаунт, где я это делаю",account,bitext,ru,i have to delete my fucking account where colud i do it
можешь помочь мне использовать платиновый профиль,account,ikshana,ru,can uhelp me use the Platinum profile
"У меня проблема с моей чертовой учетной записью, помогите мне ее изменить.",account,bitext,ru,i have a problm in my fucking user account could uhelp me changing it
"мой аккаунт взломали, не могли бы вы помочь мне сбросить мой чертов пароль?",account,bitext,ru,my account has been hacked could ya help me resetting my fucking password
проблема со сбросом ключа доступа,account,ikshana,ru,problem with an access key reset
"Мне нужна помощь, чтобы подписаться на новостную рассылку вашей компании",account,ikshana,ru,I need help to sign up to your company newsletter
"я бы хотел открыть чертов счет, могу ли я получить помощь",account,bitext,ru,id like to open a fucking account can i get some help
"нужна помощь, чтобы подписаться на информационный бюллетень компании",account,ikshana,ru,want help to sign up to the company newsletter
"Я хочу закрыть свой профиль, как мне это сделать?",account,bitext,ru,"I would like to close my profile, how can I do it ?"
Мне нужна помощь с открытием премиум-аккаунта,account,ikshana,ru,I need hepl with opening a premium account
"Я хотел бы заполнить свои личные данные, как мне это сделать?",account,bitext,ru,id like to complete my personal data how do i do it
Я хотел бы проверить историю покупок,account,bitext,ru,I would like to check the purchase history
"что мне нужно сделать, чтобы создать учетную запись Titanium для моего отца",account,ikshana,ru,what do i need to do to create a Titanium account for my dad
"кто-то украл мой профиль, сбрось пароль",account,bitext,ru,someone  stole my profile reset my password
Можете ли вы помочь мне восстановить PIN-код моей учетной записи?,account,ikshana,ru,can you help me to recober the PIN of my account?
"мой аккаунт украли, я бы хотел восстановить свой чертов пароль",account,bitext,ru,my account has been stolen I'd like to recover my fucking password
"мне не нужен мой профиль, можно ли его отменить",account,bitext,ru,i dont want my profile would it be possibleto cancel it
помоги мне отредактировать мой чертов аккаунт,account,bitext,ru,help m edit my fucking account
информация об аннулировании моего Премиум-аккаунта,account,ikshana,ru,information about the cancellation of my Premium account
открыть счет в Титаниуме,account,ikshana,ru,open a Titanium acocunt
где я могу сбросить PIN-код своего профиля?,account,ikshana,ru,where could I reset my profile PIN code?
"мне нужно использовать платиновый аккаунт, ты мне поможешь?",account,ikshana,ru,i have to use the Platinum account will ya help me
"нужна помощь, чтобы уведомить о проблеме с регистрацией",account,ikshana,ru,want assistance to notify of an issue with sign-up
"у меня проблема с моей чертовой учетной записью, не могли бы вы помочь мне изменить ее?",account,bitext,ru,i have a problem in my fucking user account could ya help me modifynig it
"мне не нужно изменять свою чертову учетную запись пользователя, могу ли я получить помощь",account,bitext,ru,i got ot modify my fucking user account can i get some help
"Мне не нужен мой профиль, помогите мне удалить его.",account,bitext,ru,"I don't need my profile, help me delete it"
нужна помощь в изменении данных в моем профиле,account,ikshana,ru,need assistance changing the details on my profile
"Мне нужно создать учетную запись пользователя, мне нужна помощь",account,bitext,ru,"I have to create a user account, I need assistance"
еще один золотой счет для отца,account,ikshana,ru,another gold account for father
Я хочу узнать больше об отмене подписки на рассылку новостей,account,ikshana,ru,I want to know more about cancel my newsletter subscription
мне нужна помощь в отмене премиум-аккаунта,account,ikshana,ru,i want assistance cancelling an Premium account
расскажи мне о моей подписке на твой информационный бюллетень,account,ikshana,ru,tell me about my subscription to your newsletrer
как я могу увидеть историю заказов?,account,bitext,ru,how could I see theorder history?
"Я хотел бы закрыть свой чертов аккаунт, как я могу это сделать?",account,bitext,ru,"I would like to close my fucking account, how could I do it?"
"Мне не нужна моя учетная запись, мне нужна помощь в ее удалении",account,bitext,ru,"I don't need my account, I need assiostance deleting it"
как я могу получать информационный бюллетень твоей чертовой компании?,account,ikshana,ru,how can I receive your fucking company newsletter?
"мне нужно посмотреть чертову историю заказов, что мне делать?",account,bitext,ru,i got to see the fucking order history where to do i
"Мне нужно перейти на платиновый аккаунт, как это сделать?",account,ikshana,ru,"I have got to change to the platinum account, how to do it?"
изменение данных на платиновом аккаунте,account,ikshana,ru,modifying data on platinum account
"кто-то взломал мой чертов пароль, как мне его сбросить?",account,bitext,ru,someone hacked my frucking password how do i reset it
мне нужна информация о восстановлении PWD,account,ikshana,ru,i need information about a pwd recovery
"Я не могу вспомнить PIN-код своего профиля, как его сбросить?",account,ikshana,ru,"I cannot remember my profile PIN code, how to reset it?"
"Я хотел бы сбросить свой чертов пароль, как мне это сделать?",account,bitext,ru,"I'd like to reset my fucking password, howcan I do it?"
Мне нужна помощь в переходе на платиновый аккаунт,account,ikshana,ru,I need assistance changing to the Platinum account
информация об отмене подписки на рассылку новостей,account,ikshana,ru,information about canceling the newsletter subscription
"Я бы хотел изменить свой чертов профиль, где это сделать.",account,bitext,ru,I'd like to make a change to my fucking profile where to do it
Я должен сообщить о проблемах с регистрацией,account,ikshana,ru,I have got to inform of signup issues
"Мне нужна помощь, чтобы удалить мою чертову учетную запись пользователя",account,bitext,ru,I need assistance to canel my fucking user account
Мне нужна помощь в восстановлении пароля моей учетной записи,account,ikshana,ru,I want assistance retrieving the password of my account
"хочу изменить свои чертовы личные данные, мне нужна помощь",account,bitext,ru,wanna modify my fucking personl data i need help
"Мне нужно получить ваш корпоративный информационный бюллетень, мне нужна помощь",account,ikshana,ru,"I have got to receive your corporate newsletter, I need help"
"мой пароль взломали, помогите мне восстановить его",account,bitext,ru,my password has beenhacked help me to recover it
хочу помочь получить пароль моего prl-файла,account,ikshana,ru,want help to retrieve the pwd of my prlfile
"хочу открыть счет, где это сделать",account,bitext,ru,wanna open an acount where to do it
могу ли я перейти на чертов стандартный аккаунт?,account,ikshana,ru,could I change to the goddamn standard account?
вопрос об открытии стандартного счета,account,ikshana,ru,question about opening a standard account
"Мне нужно найти то, что я купил, мне нужна помощь в проверке моей гребаной истории покупок.",account,bitext,ru,"I need to look for something I purchased, I need assistance cdhecking my fucking purchase history"
"Мне нужна помощь, чтобы открыть счет Titanium для моего отца.",account,ikshana,ru,I need assistance to open a Titanium account for my dad
opdn Титановый аккаунт,account,ikshana,ru,opdn Titanium account
открытие премиум-аккаунта для жены,account,ikshana,ru,opening premium account for wife
"мне не нужна моя учетная запись, я бы хотел ее удалить",account,bitext,ru,i do nopt want my account I'd like to delete it
Я не могу сбросить PIN-код профиля пользователя,account,ikshana,ru,I cannot reset my user profile PIN
"Я забыл ключ своего профиля, помогите мне его восстановить.",account,ikshana,ru,"I forgot my profile key, help me retrieving it"
мне нужно уведомлять об ошибках при регистрации,account,ikshana,ru,i have to notify of errors with signup
Я не могу перейти на стандартную учетную запись,account,ikshana,ru,I cannot change to the standard account
Не могу уведомить об ошибках при регистрации,account,ikshana,ru,I can't notify of errors with a signup
"Я хотел бы открыть счет, где я могу это сделать?",account,bitext,ru,"I'd like to open a fucking account, where can I do it ?"
"кто-то взломал мой пароль, можно ли его восстановить?",account,bitext,ru,someone hacked my password is it possibvle to recover it
мне нужна помощь в восстановлении пароля моей учетной записи usrr,account,ikshana,ru,i need help to recover my usrr account pwd
"мне не нужно переходить на стандартную учетную запись, как мне это сделать",account,ikshana,ru,i have ot change to the standard account how do i do it
еще один аккаунт Titanium для отца,account,ikshana,ru,another Titanium account for father
открыть стандартный счет для моего отца,account,ikshana,ru,open a standard account for my dad
нужно отписаться от вашей рассылки,account,ikshana,ru,need to unsubscribe from ur newsletter
Я хочу подписаться на рассылку новостей вашей компании,account,ikshana,ru,I want to subscribe to your company newsletter
"у меня ошибка в моей гребаной учетной записи, ты поможешь мне ее изменить?",account,bitext,ru,i have a error in my fucking account will ya help me to modify it
помогите мне восстановить мой пропуск,account,ikshana,ru,help me retsore my pass
"мне нужно использовать платиновый профиль, могу ли я получить помощь?",account,ikshana,ru,i hjave to use the Platinum profile can i get some help
"Мне нужно просмотреть историю заказов, вы мне поможете?",account,bitext,ru,"I have to review my order history, will you help me?"
"Я не знаю, как мне создать учетную запись Titanium.",account,ikshana,ru,I do not know how I can create a Titanium account
Мне нужно отредактировать свою чертову учетную запись пользователя,account,bitext,ru,I got to edit my fucking user account
"я хочу чертову учетную запись пользователя, могу ее создать",account,bitext,ru,ik want a fucking user account can ucreate it
"я не зарегистрирован, мне нужно открыть у вас стандартный счет",account,ikshana,ru,i aint registered i have to open a standard account with you
Могу ли я связаться со службой поддержки клиентов?,general_info,bitext,ru,can I contact customer service ?
"мне нужно связаться со службой поддержки клиентов, могу ли я получить помощь",general_info,bitext,ru,i got to contact cusxtomer service could i get some help
"Мне нужна помощь, чтобы позвонить в чертову службу поддержки клиентов.",general_info,bitext,ru,Ineed assistance to call fucking client service
"Мне нужно найти ближайший магазин, как это сделать?",general_info,bitext,ru,"I got to find the nearest store, how to do it?"
Мне нужна информация о часах работы вашего магазина. Могу ли я получить помощь?,general_info,bitext,ru,"I'm looking for information about your store poening hours, could I get some help?"
"Я хотел бы поговорить с чертовой службой поддержки клиентов, где мне это сделать?",general_info,bitext,ru,I'd like to speak with fucking customer service where do i do it
"Мне нравится информация о часах работы твоего чертового магазина, как мне ее найти?",general_info,bitext,ru,id like information about ur fucking store opening hours how can i find it
"мне нужно отправить электронное письмо в службу поддержки клиентов, как я могу это сделать",general_info,bitext,ru,i got to send an email to customer setvice how can i do it
"Мне нужна информация о часах работы вашего магазина, где я могу ее получить?",general_info,bitext,ru,"I'd like information abvout your store opening hours, where can I get it?"
"Не нужно проверять часы работы, помогите мне",general_info,bitext,ru,nede to check ur opening hours will uhelp me
как искать магазин,general_info,bitext,ru,how to search for a store
"Я хотел бы найти чертов магазин, мне нужна помощь.",general_info,bitext,ru,"I would like to search for a fucking store , I need help"
Мне нужна помощь в проверке часов работы вашего магазина.,general_info,bitext,ru,I want help checking your shlp opening hours
"Я хочу позвонить в чертову службу поддержки клиентов, как я могу это сделать?",general_info,bitext,ru,"I want to call fucking client service, how could I do it?"
"Я хотел бы проверить часы работы твоего чертового магазина, могу ли я получить некоторую помощь?",general_info,bitext,ru,I'd like to check ur fuxking shop opening hours could i get some help
"Я хотел бы найти магазины рядом со мной, вы мне поможете?",general_info,bitext,ru,"I would like to find stores near me, will you help me?"
Я хочу знать о часах работы твоего чертового магазина. Ты дашь мне некоторую информацию?,general_info,bitext,ru,"I want to know about your fucking store opening hours , will you give me some information?"
во сколько закрываются ваши магазины,general_info,bitext,ru,what time do ur shops close
Можно ли отправить электронное письмо в службу поддержки клиентов?,general_info,bitext,ru,is it possible to send an email to client service?
помоги мне проверить часы работы твоего чертового магазина,general_info,bitext,ru,help me checking ur fukcing store opening hours
где находится ближайший магазин,general_info,bitext,ru,where is the closest store located
"Мне не нужно разговаривать со службой поддержки, где мне это сделать?",general_info,bitext,ru,"I awnt to speak with customer service, where do I do it?"
"Я хотел бы поговорить со службой поддержки, где это сделать",general_info,bitext,ru,id like to talk to customerservice where to do it
когда откроется твой магазин,general_info,bitext,ru,when does ur shop open
"мне нужно поговорить со службой поддержки, могу ли я получить помощь",general_info,bitext,ru,i got to speak with customer support can i get some help
"Я хотел бы найти чертову стойку, мне нужна помощь",general_info,bitext,ru,id like to find a fucking stoe i need assistance
"Мне нужна информация о часах работы вашего магазина, где я могу ее найти?",general_info,bitext,ru,"I would like information about yhour shop opening hours, where could I find it?"
"Я хотел бы узнать о ближайших к черту магазинах, не могли бы вы найти какую-нибудь информацию?",general_info,bitext,ru,"I would like to know about the fucking closest stores, could you find some infirmation?"
"Мне нужно связаться со службой поддержки клиентов, вы можете мне помочь?",general_info,bitext,ru,"I have to contact fucking client service, could you help me ?"
"Я хочу знать о самых дорогих магазинах, где мне найти дополнительную информацию?",general_info,bitext,ru,"I want to know about the fucking lcosest stores, where do I find more information?"
"Мне бы хотелось найти чертовы магазины поблизости, мне нужна помощь",general_info,bitext,ru,id like to find fucking stores neary i need help
Искать чертовы магазины рядом со мной,general_info,bitext,ru,searc for fucking stores near me
даст мне информацию о часах работы,general_info,bitext,ru,will ugive me information about ur opening hours
"нужно проверить часы работы твоего чертового магазина, можешь мне помочь",general_info,bitext,ru,need to check ur fucking shop opening hours can uhelp me
"Мне нужно посмотреть часы работы твоего чертового магазина, как мне это сделать?",general_info,bitext,ru,need to see ur fucking store opening hours how do i do it
"Я хотел бы найти чертовы магазины в моем районе, как это сделать?",general_info,bitext,ru,"I would like to find fucking stores ni my area, how to do it?"
"мне нужно поискать ближайший магазин, как мне это сделать",general_info,bitext,ru,i have to serach for the fucking nearest store how can i do it
Я хотел бы узнать больше о ваших часах работы. Вы найдете какую-нибудь информацию?,general_info,bitext,ru,I'd like to know more about ur opening hours will ya find some information
могу я позвонить в чертову службу поддержки клиентов,general_info,bitext,ru,can i call fucking client service
можешь помочь мне поговорить со службой поддержки клиентов?,general_info,bitext,ru,can ya help me speaking with client esrvice
"нужно поговорить с чертовой службой поддержки, где мне это сделать?",general_info,bitext,ru,need to talk to fucking customer support were do i do it
"Мне нравится информация о часах работы вашего магазина, где я могу ее получить",general_info,bitext,ru,id like information about ur store opening hours where could i get it
"Я хотел бы поговорить с чертовой службой поддержки клиентов, мне нужна помощь.",general_info,bitext,ru,"I'd like to talk to fucking client service , I need assistance"
"Я бы хотел найти магазин поблизости, мог бы мне помочь",general_info,bitext,ru,id like to search for  a store nearby could uhelp me
"Я хотел бы узнать часы работы вашего магазина, это мне поможет.",general_info,bitext,ru,I'd like to see ur store opening hours will uhelp me
помоги мне найти чертовы магазины рядом со мной,general_info,bitext,ru,help me find fucking stores close to me
Мне нужно отправить письмо в чертову службу поддержки клиентов.,general_info,bitext,ru,I got to send an email to fucking customer support
"Мне нужно проверить часы работы твоего чертового магазина, могу ли я чем-нибудь помочь?",general_info,bitext,ru,"I have to check your fucking store opening hours, can I gwt some help?"
"хочу найти магазины в моем районе, могу ли я получить помощь",general_info,bitext,ru,wanna find stores in my area can i get some help
"Мне нужно найти чертов магазин, как мне это сделать?",general_info,bitext,ru,"I have to find a fucking store, how do I do it?"
"помогите узнать, в какие часы доступна служба поддержки клиентов",general_info,ikshana,ru,help to check what hours customer assistance available is
"где я могу проверить, в какие часы я могу связаться со службой поддержки клиентов?",general_info,ikshana,ru,where do I check what hours I can reach customer service?
"как мне узнать, в какое время доступна служба поддержки клиентов?",general_info,ikshana,ru,how do I see at what time customer assistance available is?
"Я не знаю, как связаться со службой поддержки клиентов",general_info,ikshana,ru,I do not know how to get in touch with customer assistance
могу ли я связаться со службой поддержки клиентов,general_info,ikshana,ru,could i get in touchwith customer service
"хочу помочь узнать, в какие часы я могу позвонить в службу поддержки клиентов",general_info,ikshana,ru,want help to check what hours i cancall customer service
"Я пытаюсь узнать, в какие часы я могу связаться со службой поддержки клиентов",general_info,ikshana,ru,I'm trying to check what hours i can reach customer suport
"Мне нужно поговорить со службой поддержки, как мне это сделать?",general_info,ikshana,ru,"I have to speak with customer support, how can I do it?"
"хочу поговорить со службой поддержки, можете ли вы мне помочь?",general_info,ikshana,ru,wannaspeak with customer service can ya help me
"где посмотреть, в какие часы я могу связаться со службой поддержки?",general_info,ikshana,ru,where to see what hours I can contact customer support?
"Можете ли вы показать мне, в какое время доступна служба поддержки клиентов?",general_info,ikshana,ru,can ya show me at what time customer assistance available is
"скажите мне, в какие часы я могу связаться со службой поддержки клиентов",general_info,ikshana,ru,tell me what hours I can get in touch with customer support
"нужно посмотреть, в какие часы я могу связаться со службой поддержки",general_info,ikshana,ru,need to see what hours i can reach customer support
"как проверить, в какое время я могу позвонить в службу поддержки?",general_info,ikshana,ru,how to check at what time I can call customer service?
можете помочь мне поговорить со службой поддержки клиентов,general_info,ikshana,ru,can uhelp me to talk to customer assistance
"помогите мне узнать, в какие часы доступна служба поддержки клиентов",general_info,ikshana,ru,help me seeing what hours customer assistance available is
"Мне нужно проверить, в какое время я могу обратиться в службу поддержки клиентов",general_info,ikshana,ru,I need to check at what time I can reach custome assistance
как я могу связаться со службой поддержки клиентов?,general_info,ikshana,ru,how can I contact customer service?
Можете ли вы помочь мне связаться со службой поддержки клиентов?,general_info,ikshana,ru,can you help me to get in touch with customer support?
"мне нужна помощь, чтобы узнать, в какие часы я могу позвонить в службу поддержки клиентов",general_info,ikshana,ru,i want help to see what hours i can call custmer service
"мне нужна помощь, чтобы поговорить со службой поддержки клиентов",general_info,ikshana,ru,i want help to talk to customer assistance
"помогите узнать, в какое время я могу связаться со службой поддержки клиентов",general_info,ikshana,ru,help to see at what time i can reach customer support
"где мне узнать, в какое время я могу позвонить в службу поддержки клиентов",general_info,ikshana,ru,where do i cherck at what time i can call customer service
"Мне нужно связаться со службой поддержки, мне нужна помощь",general_info,ikshana,ru,"I have to contact customer support, I need assistnace"
какой у вас номер телефона службы поддержки клиентов?,general_info,ikshana,ru,what is your customer service phone number?
помогите мне связаться со службой поддержки клиентов,general_info,ikshana,ru,help me contact customer assistance
"помогите мне узнать, в какие часы я могу связаться со службой поддержки клиентов",general_info,ikshana,ru,help me to see what hours I can reach customer service
"мне нужно проверить, в какие часы доступна поддержка клиентов",general_info,ikshana,ru,i have to check what hours customer support available is
как мне позвонить в службу поддержки клиентов?,general_info,ikshana,ru,how do I call customer assistance?
"где я могу проверить, в какие часы я могу обратиться в службу поддержки клиентов",general_info,ikshana,ru,where can i check what hours i can reach customer assistance
"Мне нужно позвонить в службу поддержки клиентов, как я могу это сделать?",general_info,ikshana,ru,"I need to call customer assistance, how could I do it?"
"помогите мне узнать, в какое время доступна служба поддержки клиентов",general_info,ikshana,ru,help me see at what time customer support available is
"хочу узнать, в какое время я смогу связаться со службой поддержки",general_info,ikshana,ru,wanna see at what time i can reach customer support
не могли бы вы помочь мне поговорить со службой поддержки?,general_info,ikshana,ru,could you help me to speak to customer support?
"у тебя есть номер телефона, чтобы связаться с чертовой службой поддержки клиентов?",general_info,ikshana,ru,do you have a number to contact goddamn customer assistance?
какая почта службы поддержки клиентов,general_info,ikshana,ru,what is thecustomer support mail
"как узнать, в какие часы я могу связаться со службой поддержки клиентов",general_info,ikshana,ru,how to see what hours i can contact customer service
"Мне нужно поговорить со службой поддержки, могу ли я получить помощь?",general_info,ikshana,ru,"I have to talk to customer support, can I get some help?"
"Я не знаю, что мне нужно сделать, чтобы поговорить со службой поддержки клиентов.",general_info,ikshana,ru,I don't know what I need to do to speak to customer service
"помогите узнать, в какие часы я могу связаться со службой поддержки",general_info,ikshana,ru,help checking what hours i can reach customer support
"помогите мне узнать, в какие часы я могу позвонить в службу поддержки клиентов",general_info,ikshana,ru,help me check what hours i can call customer service
"нужна помощь, чтобы узнать, в какие часы я могу связаться со службой поддержки",general_info,ikshana,ru,need help to see what hours i can contact customer support
"Я хотел бы помочь со службой поддержки клиентов, которая могла бы мне помочь",general_info,ikshana,ru,I'd like to soeak with customer assistance could uhelp me
"Мне нужна помощь, чтобы позвонить в службу поддержки клиентов",general_info,ikshana,ru,I need help to call customer support
"мне нужна помощь, чтобы связаться со службой поддержки клиентов",general_info,ikshana,ru,i want assistance to get  in touch with customer service
Я пытаюсь связаться с чертовой службой поддержки клиентов.,general_info,ikshana,ru,I'm trying to get in touch with bloody customer service
У меня новый адрес электронной почты. Можешь отправить e-mail?,general_info,runlu,ru,
"Проверить, есть ли новые сообщения по электронной почте",general_info,runlu,ru,
Просьба представить географическую информацию о X.,general_info,runlu,ru,
Что такое ядерная триада?,general_info,runlu,ru,
"Отправь письмо моему брату и скажи, что годовщина свадьбы",general_info,runlu,ru,
Определить фотосинтез,general_info,runlu,ru,
Где Патегония?,general_info,runlu,ru,
Дэн прислал мне какие-нибудь письма?,general_info,runlu,ru,
Дайте мне описание работы мобильной батареи.,general_info,runlu,ru,
"Игрок, играющий в игру",general_info,runlu,ru,
любые последние письма,general_info,runlu,ru,
Сколько сообщений Джон Смит прислал мне за последние 12 месяцев?,general_info,runlu,ru,
Что такое Johnzena,general_info,runlu,ru,
Показать все электронные сообщения о контрактах,general_info,runlu,ru,
Мне не приходили письма за последние 5 часов?,general_info,runlu,ru,
"Привет, у меня есть новые письма.",general_info,runlu,ru,
"Директор, руководивший тем или иным действием",general_info,runlu,ru,
Есть какие-нибудь новые письма от...?,general_info,runlu,ru,
"PDA, География, пожалуйста?",general_info,runlu,ru,
Отправить письмо Джерри о встрече.,general_info,runlu,ru,
"Видишь, о чём мне писал Эндрю?",general_info,runlu,ru,
Есть какие-нибудь новые письма?,general_info,runlu,ru,
Какие особенности в таблице?,general_info,runlu,ru,
составить электронную почту на новый адрес,general_info,runlu,ru,
Мой босс прислал мне новые письма сегодня?,general_info,runlu,ru,
Расскажи мне о Роке!,general_info,runlu,ru,
"PDA, в какой части страны есть тропические леса?",general_info,runlu,ru,
Где... находится?,general_info,runlu,ru,
Найди смысл обещания.,general_info,runlu,ru,
Покажите мне записи Сачин Тендулкара?,general_info,runlu,ru,
В каком году начался бейсбол,general_info,runlu,ru,
Что это за родной город в театре Болшой?,general_info,runlu,ru,
Когда Дейви Крокетт выжил и умер?,general_info,runlu,ru,
"Посмотри, что это слово значит.",general_info,runlu,ru,
Мэл Гибсон,general_info,runlu,ru,
Ответ на электронную почту,general_info,runlu,ru,
Проверь почту за последние 12 часов,general_info,runlu,ru,
"Пожалуйста, предупредите меня, когда Джон напишет мне письмо.",general_info,runlu,ru,
"Напиши Саре, если она сегодня свободна на завтрак.",general_info,runlu,ru,
Что значит осциллат?,general_info,runlu,ru,
Кто жена Обамы?,general_info,runlu,ru,
Есть ли какие-нибудь письма с 4 часов вечера?,general_info,runlu,ru,
почта x@x.org,general_info,runlu,ru,
"Скажи мне, какова география в этом регионе.",general_info,runlu,ru,
"Ответ на письмо, полученное от Питера",general_info,runlu,ru,
Есть что-нибудь от Эмилии?,general_info,runlu,ru,
"Алекса описывает мне, как выглядит мяч.",general_info,runlu,ru,
любые важные уведомления.,general_info,runlu,ru,
Этот человек прислал любую почту.,general_info,runlu,ru,
У меня есть почта?,general_info,runlu,ru,
"мне нужно проверить часы работы, как я могу это сделать",general_info,bitext,ru,i got to check ur opening hours how can i do it
"мне нужно поискать ближайший магазин, ты мне поможешь?",general_info,bitext,ru,i got to searvh for the fucking nearest store will ya help me
"Я хотел бы проверить часы работы вашего магазина, могу ли я это сделать",general_info,bitext,ru,id like to check ur store opening hours were do i do it
"Я хочу поговорить с чертовой службой поддержки, как я могу это сделать?",general_info,bitext,ru,"I want to speak with fucking customer service, how could I do it?"
поговорить со службой поддержки клиентов,general_info,ikshana,ru,speak to customer support
"помогите мне узнать, в какое время я могу обратиться в службу поддержки клиентов",general_info,ikshana,ru,help me to see at what time I can reach customer assistance
"Я хочу связаться со службой поддержки клиентов, мне нужна помощь.",general_info,bitext,ru,"I want t contact fucking customer service, I need help"
"хочу найти магазин, как мне это сделать?",general_info,bitext,ru,wanna searfh for a store how do i do it
"хочу поговорить со службой поддержки, мне нужна помощь",general_info,bitext,ru,wanna speak with customer service io need help
Мне нужно позвонить в службу поддержки клиентов,general_info,ikshana,ru,I have to call customer service
"мне нужно проверить твои чертовы часы работы, где это сделать",general_info,bitext,ru,i got to check ur fucking opening hours where to do it
"мне нужно поискать чертов магазин, ты мне поможешь?",general_info,bitext,ru,i got to search for an fucking store will ya help me
Мне нужна помощь в разговоре с чертовой службой поддержки клиентов.,general_info,ikshana,ru,I want help speaking to goddamn customer service
"Я хотел бы узнать больше о ваших часах работы, дайте мне некоторую информацию",general_info,bitext,ru,I'd like to know more about ur opening hours give me some information
"Мне бы хотелось найти чертовы магазины, могу ли я получить помощь?",general_info,bitext,ru,id like to find fucking stores could i get some help
"Мне нужно узнать часы работы вашего магазина, помогите мне.",general_info,bitext,ru,"I have to ese your store opening hours, help me"
"Я хотел бы узнать больше о твоих чертовых часах работы, можешь ли ты найти какую-нибудь информацию?",general_info,bitext,ru,id like to know more about ur fucking opening hours can ya find some information
"Мне нужна помощь, чтобы узнать, в какое время я могу позвонить в службу поддержки клиентов",general_info,ikshana,ru,I want help to check what hours I can call customer service
помогите поговорить со службой поддержки,general_info,ikshana,ru,help talking with customer service
"PDA отправляет почту на компаст, что их сервис отстой.",general_info,runlu,ru,
"Я пытаюсь узнать, в какое время я могу позвонить в службу поддержки клиентов",general_info,ikshana,ru,I try to check at what time I can call customer service
Где горы Рокки?,general_info,runlu,ru,
Что было самыми длинными зданиями в мире,general_info,runlu,ru,
"Мне нужно найти чертовы магазины, ты можешь мне помочь?",general_info,bitext,ru,"I need to find fucking stores, couldyou help me?"
Есть что-нибудь по электронной почте за последний час?,general_info,runlu,ru,
у вас есть бесплатный номер для связи со службой поддержки,general_info,ikshana,ru,uhave a free number to talk to customer support
Не могли бы вы помочь мне поговорить со службой поддержки клиентов?,general_info,bitext,ru,could you help me talking to customer service ?
"Мне нужно найти ближайший магазин, вы можете мне помочь?",general_info,bitext,ru,"I need to find the closest store, could you help me?"
"Я хотел бы найти магазины поблизости, мне нужна помощь",general_info,bitext,ru,"I would like to find stores nearby , I need assistance"
"Мне нужно проверить часы работы твоего чертового магазина, ты мне поможешь?",general_info,bitext,ru,"I need to check your fucking store opening hours, will you help me?"
"мне нужно найти ближайший магазин, могу ли я получить помощь?",general_info,bitext,ru,i got to search for the nearest stoe can i get some help
"Я хотел бы знать о ближайших к черту магазинах, где я могу получить больше информации?",general_info,bitext,ru,"I would like to know about the fucking closest stores, where could I get more information?"
"мне нужно поговорить с чертовой службой поддержки, не могли бы мне помочь",general_info,bitext,ru,i have to spoeak with fucking customer service could uhelp me
можно ли поговорить со службой поддержки клиентов,general_info,ikshana,ru,is it possible to talk to customer service
"Мне нужно проверить твои гребаные часы покупок, могу ли я получить помощь?",general_info,bitext,ru,"I got to check your  fucking shopping hours, could I get some help?"
"Пожалуйста, отправьте письмо моей маме.",general_info,runlu,ru,
помощь в разговоре со службой поддержки клиентов,general_info,ikshana,ru,assistance to talk to customer service
"Мне нужна информация о часах работы вашего магазина, как ее найти?",general_info,bitext,ru,I'm looking for information about ur shop opening hours how can i find it
"как проверить, в какое время я могу связаться со службой поддержки клиентов?",general_info,ikshana,ru,how to check at what time I can  contact customer service?
"Я хочу поговорить со службой поддержки, вы можете мне помочь?",general_info,ikshana,ru,"I want to speak to customer service, can you help me?"
"нужно посмотреть часы работы вашего магазина, где это сделать",general_info,bitext,ru,need to see ur store opening hours where to do it
"хочу отправить электронное письмо в службу поддержки клиентов, могу ли я это сделать",general_info,bitext,ru,wanna send an email to customer service were can i do it
"мне нужно посмотреть часы твоих покупок, мне нужна помощь",general_info,bitext,ru,i got to see ur shopping hours i need help
можно ли связаться с чертовой службой поддержки клиентов?,general_info,bitext,ru,is it possible to contact fucking custyomer service?
"Мне нужно найти магазины рядом со мной, помогите им.",general_info,bitext,ru,"I have to find stores close to me, help em"
У меня есть новое письмо?,general_info,runlu,ru,
"мне нужно поговорить со службой поддержки, чтобы это сделать",general_info,bitext,ru,i have to talk to customer support were to do it
Я хотел бы узнать о ваших часах работы. Как мне найти дополнительную информацию?,general_info,bitext,ru,I'd like to know about ur opening hours how do i find more information
"Мне нужно поискать гребаные магазины рядом со мной, мне нужна помощь.",general_info,bitext,ru,"I got to search for fucking stores close to me, I need help"
"хочу позвонить в службу поддержки клиентов, где я могу это сделать",general_info,bitext,ru,wanna call customer service where  could i do it
"Я хотел бы позвонить в службу поддержки клиентов, как я могу это сделать?",general_info,ikshana,ru,"I would like to call customer assistance, how could I do it?"
"Я хотел бы найти ближайший магазин, не могли бы вы мне помочь?",general_info,bitext,ru,"I'd like to search for the closest store, could you help me?"
Сделать почту для Джека,general_info,runlu,ru,
"Я хотел бы узнать больше о ваших часах покупок, дайте мне некоторую информацию",general_info,bitext,ru,"I'd like to know more about your shopping hours, give me some information"
"Мне нужна информация о часах работы вашего магазина, мне нужна помощь.",general_info,bitext,ru,I'm looking for information about ur store opening hours i need help
"Мне нужно проверить часы работы твоего чертового магазина, как я могу это сделать?",general_info,bitext,ru,"I have to check your fucking shop opening hours, how could I do it?"
"мне нужно проверить часы работы, где я могу это сделать",general_info,bitext,ru,i got to check ur opening hours where could i do it
как мне посмотреть часы работы твоего чертового магазина?,general_info,bitext,ru,how can I see your fucking shop opening hours?
помогите мне поговорить с чертовой службой поддержки,general_info,bitext,ru,help mje talk to fucking customer support
Прислал мне какие-нибудь письма?,general_info,runlu,ru,
"Я хотел бы найти чертовы магазины рядом со мной, могу ли я получить помощь?",general_info,bitext,ru,"I'd like to find fucking stores near me, can I get some help?"
Я пытаюсь найти информацию о часах работы твоего чертового магазина.,general_info,bitext,ru,I am trying to find information about your fucking store opening hours
"мне нужно узнать, в какое время я могу связаться со службой поддержки клиентов",general_info,ikshana,ru,i haqve to see at what time i can contact customer service
"Мне нужно найти ближайший ко мне магазин, где я могу это сделать?",general_info,bitext,ru,"I need to find a store close to me, where can I do it?"
где ближайший магазин?,general_info,bitext,ru,wher is the closest store?
"мне нужно посмотреть часы работы твоего чертового магазина, где это посмотреть",general_info,bitext,ru,i got to see ur fucking shop opening hours where to od it
"Я бы хотел найти чертовы магазины, как мне это сделать?",general_info,bitext,ru,"I'd like to find fucking stores, how could I do it?"
информация о часах работы нашего магазина,general_info,bitext,ru,information about ur  shop opening hours
"Мне нужно проверить твои гребаные часы покупок, ты можешь мне помочь?",general_info,bitext,ru,"I have to check your fucking shopping hours, can you help me?"
Мне нужна помощь с проверкой часов работы твоего чертового магазина.,general_info,bitext,ru,I want assistance checking your  fucking store opening hours
"Я бы хотел позвонить в чертову службу поддержки, вы можете мне помочь?",general_info,bitext,ru,I'd like to call fucking customer support can ya help me
"Мне нужно найти ближайший ко мне магазин, как это сделать?",general_info,bitext,ru,"I have to search for an store near me, how to do it?"
"Мне нужно поговорить со службой поддержки, где я могу это сделать?",general_info,bitext,ru,"I ned to talk to customer support, where can I do it?"
"нужно посмотреть, в какие часы доступна служба поддержки клиентов",general_info,ikshana,ru,need to see what hours customer assistance available is
Мне нужно отправить ответ Шарлотте.,general_info,runlu,ru,
"Мне нужно позвонить в службу поддержки клиентов, как мне это сделать?",general_info,bitext,ru,"I haveto call client service, how can I do it?"
"Мне нужно найти магазины в моем районе, вы можете мне помочь?",general_info,bitext,ru,"I got to find stores in my area , can you help me?"
"Я хотел бы поговорить со службой поддержки, вы мне поможете?",general_info,bitext,ru,I'd like to talk to customer support will ya hepl me
Сколько лет Мэриан Кэри?,general_info,runlu,ru,
"Я не знаю, как мне поговорить со службой поддержки клиентов",general_info,ikshana,ru,I don't know how I can talk with customer assistance
"Мне нужно найти чертов магазин, где я могу это сделать?",general_info,bitext,ru,"I got to find a fucking store, where could Ido it?"
"нужно найти ближайший ко мне магазин, могу ли я получить помощь",general_info,bitext,ru,need to search for a store close to me can i get some help
"мне нужна помощь, чтобы поговорить с чертовой службой поддержки клиентов",general_info,bitext,ru,i need assistance to talk to fucking client service
"Напиши письмо моему товарищу по компании, чтобы он представил задание завтра.",general_info,runlu,ru,
Я хочу поговорить со службой поддержки клиентов,general_info,ikshana,ru,I want to speak to customer assistance
"Я хотел бы узнать больше о часах работы вашего чертового магазина, я дам мне некоторую информацию.",general_info,bitext,ru,I'd like to know more about ur fucking store opening hours will ugive me some information
Мне нужно посмотреть часы работы твоего чертового магазина. Могу ли я получить помощь?,general_info,bitext,ru,i got to see ur fucking shop opening hours can i getsome help
Мне хотелось бы узнать о твоих чертовых часах работы. Как мне найти дополнительную информацию?,general_info,bitext,ru,id like to know about ur fucking opening hours how can i find more information
мне нужна помощь в общении со службой поддержки,general_info,bitext,ru,i want help speaking with customer support
"Я хочу найти магазины рядом со мной, помогите мне",general_info,bitext,ru,"I want to search for stores near me, help me"
помоги мне посмотреть часы работы твоего чертового магазина,general_info,bitext,ru,help me to see ur fucking shop opening hours
Есть ли электронное письмо для связи со службой поддержки?,general_info,bitext,ru,is there an email to contact customer service ?
Можете ли вы помочь мне найти ближайший ко мне магазин?,general_info,bitext,ru,can you help me to find a store near me?
"Я ищу информацию о твоих чертовых часах посещения магазинов, как я могу ее получить?",general_info,bitext,ru,"I am looking for infrmation about your fucking shopping hours, how could I get it?"
"хочу узнать о часах работы вашего магазина, где я могу найти дополнительную информацию",general_info,bitext,ru,wanna know about ur shop opening hours where do i find more information
Мне хотелось бы узнать о ваших часах работы. Как мне найти дополнительную информацию?,general_info,bitext,ru,id like to know about ur opening hours how do i find more information
"мне нужно найти чертов магазин рядом со мной, помоги мне",general_info,bitext,ru,i got to find a fuckin store close to me help me
как связаться со службой поддержки клиентов?,general_info,ikshana,ru,how to contact customer assistance?
"мне нужно поискать чертовы магазины рядом со мной, мне нужна помощь",general_info,bitext,ru,i have to search for fucking stores near me i need help
Я хотел бы узнать больше о ближайших магазинах. Найдите некоторую информацию.,general_info,bitext,ru,I'd like to know more about the fucking clowest stores find some information
"мне нужна помощь, чтобы найти чертовы магазины рядом со мной",general_info,bitext,ru,i need help to find fucking stores near me
"мне нужно найти магазины, где я могу это сделать",general_info,bitext,ru,i got to find stores where can i do ti
"Мне нужна информация о часах ваших покупок, как я могу ее получить?",general_info,bitext,ru,"I want information about your shopping hours, how could I get it?"
"мне бы хотелось поискать в чертовом магазине, как я мог это сделать",general_info,bitext,ru,id like to search flr a fucking store how could i do it
"хочу посмотреть часы работы твоего магазина, как мне это сделать?",general_info,bitext,ru,wanna see ur store openig hours how do i do it
"нужна помощь, чтобы узнать, в какие часы я могу обратиться в службу поддержки клиентов",general_info,ikshana,ru,need help to see what hours i can reach customer assistance
помогите поговорить со службой поддержки клиентов,general_info,ikshana,ru,help speaking to customer service
"мне нужно отправить письмо в чертову службу поддержки, где мне это сделать?",general_info,bitext,ru,i have to send an email to fucking customer service where do i do it
как мне отправить электронное письмо в службу поддержки клиентов?,general_info,bitext,ru,how cn I send an email to customer service?
как я могу связаться со службой поддержки клиентов,general_info,ikshana,ru,how can i contact customer support
"Мне нужно найти магазин поблизости, как мне это сделать?",general_info,bitext,ru,"I got to find a store nearby, how can I do it?"
"Хотелось бы узнать побольше о ближайших магазинах, не могли бы вы найти какую-нибудь информацию?",general_info,bitext,ru,"I'd like to know more about the  nearest stores, could you find some information?"
Ответь на письмо Кристи и скажи спасибо большое.,general_info,runlu,ru,
"Я хотел бы поговорить со службой поддержки клиентов, не могли бы вы мне помочь?",general_info,bitext,ru,"I wolud like to speak with client service, could you help me?"
можешь помочь мне узнать час работы твоего магазина,general_info,bitext,ru,can uhelp me to check ur shop opening hour
могу ли я поговорить со службой поддержки клиентов,general_info,ikshana,ru,can i speak to customer service
"мне нужна информация о часах твоего шоппинга, как мне ее найти",general_info,bitext,ru,i want information about ur fucking shopping hours how can i find it
"Я хотел бы найти магазины рядом со мной, как мне это сделать?",general_info,bitext,ru,"I'd like to search for stores near me, how do I do it?"
"Я хочу связаться со службой поддержки клиентов, как мне это сделать?",general_info,bitext,ru,"I want to contact customer service, how do I do it?"
Я хотел бы узнать о ваших часах работы. Где я могу получить дополнительную информацию?,general_info,bitext,ru,I'd like to know about ur opening hours where do i get more information
Я получил новые письма сегодня?,general_info,runlu,ru,
"Мне нужно связаться со службой поддержки, могу ли я получить помощь?",general_info,bitext,ru,"I got to contact cleint service, could I get some help?"
"Я пытаюсь узнать, в какие часы доступна служба поддержки клиентов.",general_info,ikshana,ru,I am trying to see what hours customer service available is
"как узнать, в какое время я могу позвонить в службу поддержки клиентов",general_info,ikshana,ru,how do i check at what time i can call  customer service
Я получал письма от Тима?,general_info,runlu,ru,
"мне нужна информация о чертовых магазинах поблизости, где я могу ее получить",general_info,bitext,ru,i want information about fcking stores nearby where could i get it
"Я хотел бы узнать больше о ближайших к черту магазинах, вы можете дать мне некоторую информацию?",general_info,bitext,ru,"I'd like to know more about the fucking closest stores, will you give me some information?"
"Мне нужна помощь, чтобы найти ближайший магазин",general_info,bitext,ru,I need help to find the neareswt store
Объясни мне о Роке!,general_info,runlu,ru,
"хочу отправить электронное письмо в службу поддержки клиентов, как мне это сделать?",general_info,bitext,ru,wanna send  an email to client service how do i do it
Каково определение этого объекта?,general_info,runlu,ru,
"Я хотел бы знать о чертовых магазинах поблизости, я дам мне некоторую информацию",general_info,bitext,ru,id like to know about fucking stores  nearby will ugive me some information
"Я хочу проверить ваши часы работы, помогите мне.",general_info,bitext,ru,"I want to check your opening hours, help me"
"Я хочу найти магазин, где я могу это сделать?",general_info,bitext,ru,"I want to search for a store, where can I do it ?"
"Я ищу информацию о твоих чертовых часах работы, ты мне поможешь?",general_info,bitext,ru,"I am looking for information about your fucking opening hours, will you help me?"
"Эхо, я получал письма от матери?",general_info,runlu,ru,
Что такое 50 кг в фунтах?,general_info,runlu,ru,
Можете ли вы помочь мне позвонить в службу поддержки?,general_info,bitext,ru,can you help me call customer support ?
"Я хочу отправить электронное письмо в службу поддержки клиентов, где мне это сделать?",general_info,bitext,ru,"I want to send an email to customer service, where do I do it?"
"Я хотел бы узнать о часах работы вашего чертового магазина, как мне получить дополнительную информацию?",general_info,bitext,ru,"I would like to know about your fucking store opening hours, how do I get more informaion?"
"Мне нужно проверить твои чертовы часы работы, как это сделать?",general_info,bitext,ru,"I got to check  your fucking opening hours, how to do it?"
"чертовы продукты в моей доставке неверны, помогите мне сообщить о них",return_exchange,bitext,ru,"fucking products in my delivery are incorrect, help me report them"
Я хочу обменять товар в магазине,return_exchange,bitext,ru,I want to exchane an item in store
"Я хотел бы сообщить о чертовски неправильных продуктах, как мне это сделать?",return_exchange,bitext,ru,id like to report fucking wrong products how do i do it
"Я хотел бы вернуть чертовы товары онлайн, могу ли я получить помощь?",return_exchange,bitext,ru,"I would like to return fuckinv items online, can I get some help?"
"некоторые продукты неправильные, можете ли вы помочь мне сообщить о них?",return_exchange,bitext,ru,some products are wrong can ya help me report them
"один из чертовых товаров, которые я получил, неправильный, помогите мне сообщить об этом",return_exchange,bitext,ru,one of the fucking items i received is wrong acn ya help me reporting it
"чертов товар, который я получил, неправильный",return_exchange,bitext,ru,the fucking item i received is wrong
"не могли бы вы помочь мне обменять некоторые чертовы товары, которые я купил?",return_exchange,bitext,ru,could you help me exchaning some fucking products I purchased?
"Мне нужно обменять чертов товар в магазине, как я могу это сделать?",return_exchange,bitext,ru,"I need to exchange a fucking product in store, how could I do it?"
"Мне нужно вернуть деньги, как мне это сделать?",return_exchange,bitext,ru,"I need to get a fucking refund, how do I do it?"
"Я ищу информацию о твоем чертовом процессе возвращения, где я могу ее получить?",return_exchange,bitext,ru,"I'm looking for information about your fucking return process, where can I get it?"
"Я хочу вернуть деньги, мне нужна помощь, чтобы их получить.",return_exchange,bitext,ru,"I want a fucking refund, I need assistance getting it"
"Товар, который я получил, был раздавлен. Не могли бы вы помочь мне сообщить об этом?",return_exchange,bitext,ru,"the item I reecived was crushed, could you help me report it?"
"помогите мне вернуть товар, который я купил онлайн в магазине",return_exchange,bitext,ru,help me to return a item I purchased online in store
"Мне нужно обменять купленный товар, как это сделать?",return_exchange,bitext,ru,"I have to exchange a fucking product I purchased, how to do it?"
"Я хочу обменять товар в магазине, вы мне поможете?",return_exchange,bitext,ru,"I'd like to exchange an item in store, will you help me?"
"один из заказанных мной товаров был чертовски поврежден во время отправки, мог бы сообщить об этом",return_exchange,bitext,ru,one of the products i ordered was fucking damaged in syipping could ureport it
"мне нужно обменять товар, который я купил онлайн, в магазине, где мне это сделать",return_exchange,bitext,ru,i have tp exchange an item i bought online in store where do i do it
"мне нужно вернуть онлайн-заказ, мне нужна помощь",return_exchange,bitext,ru,i have toreturn an order online i need help
как получить чертову компенсацию,return_exchange,bitext,ru,how to get a fucking reimbursement
"мне нужно вернуть чертов заказ онлайн, как я могу это сделать",return_exchange,bitext,ru,need to return afucking order online how can i do it
"доставленные продукты Soem чертовски раздавлены, можете сообщить об этом",return_exchange,bitext,ru,soem delivered products are fucking crushed can ureport them
"Мне нужно отправить чертов товар обратно, где я могу это сделать?",return_exchange,bitext,ru,"I have to send a fucking item back, where can I do it?"
"мне нужно обменять чертов товар, который я купил в магазине онлайн",return_exchange,bitext,ru,i got to exchange a fucking product i bought online in store
"Мне бы хотелось увидеть, что ваша политика возврата поможет мне",return_exchange,bitext,ru,id like to see ur return policy will uhelp me
"мне нужна помощь, чтобы отправить обратно чертов товар",return_exchange,bitext,ru,i want help to send  back a fucking product
"нужно отправить обратный заказ, не могли бы вы мне помочь?",return_exchange,bitext,ru,need to send an orderback could ya help me
"Я хочу обменять купленные мной чертовы товары, могу ли я получить помощь?",return_exchange,bitext,ru,"I want to exchange the fucking products I purchased, can I get some help?"
"могу ли я вернуть товар, купленный онлайн, в магазине",return_exchange,bitext,ru,could i return a product i purchased online in store
"чертов продукт, который я получил, неправильный, не могли бы вы помочь мне сообщить об этом?",return_exchange,bitext,ru,"the fucking product I got is incorrect, could you help me to report it?"
"Мне нужно обменять товар, купленный онлайн, в магазине. Могу ли я получить помощь?",return_exchange,bitext,ru,"I need to exchange an item I purchased online in store, could I get some help?"
"мне нужно вернуть чертовы товары из интернета, могу ли я это сделать",return_exchange,bitext,ru,i have to return fucking products online were can i do it
"один из заказанных мной товаров был чертовски поврежден при доставке, сообщите об этом",return_exchange,bitext,ru,"one of the items I ordered was fucking damaged in shipping, report it"
"Я требую возврата денег, мне нужна помощь.",return_exchange,bitext,ru,"I'm looking for an fucking refund, I need help"
"чертов предмет, который я получил, был сломан, как я мог об этом сообщить?",return_exchange,bitext,ru,"the fucking item I got was broken, how could I report it?"
"Мне нужно вернуть чертов товар онлайн, могу ли я это сделать?",return_exchange,bitext,ru,"I need to return a fucking item online, were could I do it?"
"Мне нужна помощь, чтобы вернуть товар онлайн",return_exchange,bitext,ru,I want help to rturn an item online
"Мне нужно обменять товар, который я купил онлайн, в магазине. Как это сделать?",return_exchange,bitext,ru,"I need to exchange a product I boyght online in store, how to do it?"
могу ли я отправить обратно этот чертов товар?,return_exchange,bitext,ru,could I send back a fucking item?
"мне нужна информация о чертовом товаре в магазине, где я могу его найти",return_exchange,bitext,ru,i need information about a fucking item in storewhere could i find it
Я хочу отправить обратно чертову вещь. Не могли бы вы мне помочь?,return_exchange,bitext,ru,"I want to send back a fucking item, couod you help me?"
"Мне нравится информация о товаре в магазине, где я могу его получить",return_exchange,bitext,ru,id like information about an item in store where could iget it
"Я бы хотел обменять товар в магазине, как это сделать",return_exchange,bitext,ru,id like to exchange a item in store how to do it
"Я хотел бы вернуть чертов товар, как мне это сделать?",return_exchange,bitext,ru,"I would like toreturn a fucking item, how do I do it?"
"хочу узнать больше о твоем чертовом процессе возврата, могу найти некоторую информацию",return_exchange,bitext,ru,wanna know more about ur fucking return process could ufind some information
"Товары, которые я заказал, неверны. Не могли бы вы помочь мне сообщить о них?",return_exchange,bitext,ru,the products i orddered are wrong could ya help me reporting them
как мне вернуть чертов товар онлайн,return_exchange,bitext,ru,how do i return a fucking product online
"Я хотел бы вернуть товар онлайн, могу ли я получить помощь?",return_exchange,bitext,ru,"I would like t return an item online, could I get some help?"
один из полученных мной предметов был раздавлен. Вы поможете мне сообщить об этом?,return_exchange,bitext,ru,"one of the items I got was crushed,will you help me reporting it?"
где мне обменять эту чертову вещь,return_exchange,bitext,ru,where do  i exchange a fucking item
"гребаный продукт, который я получил, был раздавлен. Не могли бы вы помочь мне сообщить об этом?",return_exchange,bitext,ru,"the fucking product I received was crushed, could you help me reporting it?"
где я могу обменять этот чертов товар?,return_exchange,bitext,ru,where can I exchange the fucking products ?
"Мне нужно обменять чертов товар, который я купил в магазине, ты мне поможешь?",return_exchange,bitext,ru,need to exchange a fucking product i bought online in store will ya help me
"Я бы хотел отправить чертов заказ обратно, как мне это сделать?",return_exchange,bitext,ru,id like to send a fucking order back how do i do it
"Я хочу вернуть купленный товар, что мне делать?",return_exchange,bitext,ru,"I want to send back a product I purchased, what should I do?"
"мне нужно потребовать вернуть деньги, как я мог это сделать",return_exchange,bitext,ru,i got torequest a fucking refund how could i do it
Заказанная мной посылка была раздавлена. Не могли бы вы помочь мне сообщить об этом?,return_exchange,bitext,ru,"the fucing package I ordered was crushed, could you help me to report it?"
"хочу увидеть твой чертов процесс возврата, мог бы мне помочь",return_exchange,bitext,ru,wanna see ur fucking return process could uhelp me
мне нужна помощь в обмене этого чертового товара,return_exchange,bitext,ru,i need help exchanging a fucking product
"Мне нужна информация о политике возврата, где я могу ее получить",return_exchange,bitext,ru,I'd like information about urreturn policy where could i get it
Не могли бы вы помочь мне вернуть товары онлайн?,return_exchange,bitext,ru,could you help me to return products online?
"мой заказ отменен, помогите мне сообщить об этом",return_exchange,bitext,ru,"my order is crushed, help me to report it"
"хочу вернуть чертовы заказы онлайн, где это сделать",return_exchange,bitext,ru,wanna return fucking orders online where to do it
"один из предметов в моей посылке поврежден, помогите мне сообщить об этом",return_exchange,bitext,ru,one of the items in my package is damaged will uhelp me report it
"хочу вернуть чертову вещь, которую я купил в магазине онлайн, могу ли я это сделать",return_exchange,bitext,ru,wanna return a fucking item i purchased online in store were could i do it
"помогите мне обменять товар, который я купил онлайн в магазине",return_exchange,bitext,ru,help me exchanging an item i purchased online in store
Я бы хотел вернуть чертовы товары онлайн,return_exchange,bitext,ru,I would like to return fucking products online
"мне нужна информация о твоем чертовом процессе возврата, могу я ее получить",return_exchange,bitext,ru,i want information about ur fucking return process hiw can i get it
"мне нужно запросить возмещение, где я могу это сделать",return_exchange,bitext,ru,i gpt to request a reimbursement where could i do it
"Я хотел бы запросить возврат средств, мне нужна помощь",return_exchange,bitext,ru,I'd like to request a refund i need help
не могли бы вы помочь мне сообщить о чертовски неправильном продукте?,return_exchange,bitext,ru,could you helpme to report a fucking wrong product?
"Мне нужно вернуть чертов заказ онлайн, помогите мне.",return_exchange,bitext,ru,"I have to return a fucking order online, help me"
"хочу обменять товары, как это сделать",return_exchange,bitext,ru,wanna exchange thed products how to do it
как я могу увидеть вашу политику поворота?,return_exchange,bitext,ru,how could I see your rdturn policy?
"не могли бы вы помочь мне обменять чертов товар, который я купил в магазине онлайн?",return_exchange,bitext,ru,could uhelp me exchange a fucking product i bought online in store
"Я хотел бы вернуть товар, как это сделать?",return_exchange,bitext,ru,I'd like to return a product how do ido it
"Мне нужно вернуть заказ онлайн, мне нужна помощь",return_exchange,bitext,ru,"I have to return an order online, I need help"
"один из предметов в моей посылке неправильный, как мне об этом сообщить?",return_exchange,bitext,ru,"one of the items in my package is wrong, hhow do I report it?"
"Я хочу отправить купленный товар обратно, что я могу сделать?",return_exchange,bitext,ru,"I want to send an item back I purchased, what can I do?"
ты поможешь мне отправить обратно этот чертов заказ?,return_exchange,bitext,ru,acn you help me sending back a fucking order?
"мне нужно обменять чертову вещь, которую я купил в магазине, мне нужна помощь",return_exchange,bitext,ru,i have to exchange a fucking item i bought online in store i need assistnace
"мне нужно отправить обратно чертов товар, где это сделать",return_exchange,bitext,ru,i have to send back a fucking product where to do it
"Я хочу вернуть товар, купленный онлайн, в магазин, как я могу это сделать?",return_exchange,bitext,ru,"I'd like to return an item I purchased online in store, how can I do it ?"
не могли бы вы помочь мне получить гребаный возврат денег?,return_exchange,bitext,ru,could you help me get an fucking refund?
Я хотел бы проверить ваши правила возврата. Не могли бы вы мне помочь?,return_exchange,bitext,ru,I'd like to check ur return policy could ya help me
"Я пытаюсь найти чертову компенсацию, помогите мне.",return_exchange,bitext,ru,I'm trying to find a fucking reimbursement help me
"нужно отправить этот чертов товар обратно, где я могу это сделать",return_exchange,bitext,ru,need to send a fucking item back where could i do it
"мне нужно вернуть чертов товар онлайн, как я могу это сделать",return_exchange,bitext,ru,i have to return a fucking product online how can i do it
"Я ищу гребаный возврат денег, помогите мне.",return_exchange,bitext,ru,I'm looking for a fucking refund helpme
"некоторые продукты в моей посылке указаны неверно, мне нужна помощь, чтобы сообщить о них",return_exchange,bitext,ru,"someproducts in my shipment are incorrect, I need assistance reporting them"
"Я ищу информацию о офигенном товаре в магазине, где я могу его найти?",return_exchange,bitext,ru,"I'm looking for information about a fucking product in store, where can I find it?"
одна из посылок в моей доставке чертовски сломана. Не могли бы вы помочь мне сообщить об этом?,return_exchange,bitext,ru,"one of the packages in my delivery is fucking broken, could you help me reporting it?"
как мне вернуть некоторые товары в магазин?,return_exchange,bitext,ru,how do I return some items in shop?
куда я могу отправить обратно этот чертов товар?,return_exchange,bitext,ru,where coulds I send back a fucking item?
"Мне нужно чертово возмещение, могу ли я его запросить?",return_exchange,bitext,ru,"I want a fucking reimbursement, could I request it?"
"Я бы хотел вернуть чертовы вещи из Интернета, как мне это сделать?",return_exchange,bitext,ru,I'd like to return fucking items online how do i do it
"моя чертова доставка неправильная, я хочу сообщить об этом",return_exchange,bitext,ru,my fuckkng delivery is wrong i wanna report it
"хочу обменять купленный товар, помогите мне",return_exchange,bitext,ru,wanna exchange an item  i bought help me
"Я хотел бы вернуть товар, купленный онлайн в магазине, вы мне поможете?",return_exchange,bitext,ru,I'd like to return na item i purchased online in store will ya help me
"Я хотел бы отправить товар обратно, где я могу это сделать",return_exchange,bitext,ru,id like to send back an item where could i do it
"Я хотел бы вернуть чертов товар, который я купил в магазине онлайн, помогите мне.",return_exchange,bitext,ru,"I would like to return a fucking product I bought online in store, help me"
"мне нужно вернуть чертов товар, который я купил в магазине онлайн, как я могу это сделать",return_exchange,bitext,ru,i got to return an fucking item i bought online in store how could i do it
"Я получил продукт не той модели, мне нужна помощь, чтобы сообщить об этом",return_exchange,bitext,ru,i got a product in the wrong model i need help reporting it
"Я хотел бы узнать о вашей чертовой политике возврата, где я могу получить дополнительную информацию",return_exchange,bitext,ru,id like to know about ur fucking return policy where could i get more information
"один из продуктов, которые я купил, был чертовски раздавлен, можно ли сообщить об этом?",return_exchange,bitext,ru,one of the products i bought was fucking crushed is it opssible to report it
"мне нужно посмотреть твои правила возврата, где мне это сделать",return_exchange,bitext,ru,i got to see ur return policy where do i do it
"Я указал неправильный товар, мне нужна помощь, чтобы сообщить об этом",return_exchange,bitext,ru,"am item is wrong, I need help to report it"
"Я хочу получить возмещение, вы мне поможете?",return_exchange,bitext,ru,"I want to get a reimbursement, will you help me?"
"Я хочу обменять чертов товар, где я могу это сделать?",return_exchange,bitext,ru,"I want to exchange the fucking products, where could I do it?"
"Я хочу отправить обратно купленный товар, могу ли я получить помощь?",return_exchange,bitext,ru,"I wan to send back a product I bought, can I get some help?"
"какой-то чертов предмет неправильный, помогите мне сообщить об этом",return_exchange,bitext,ru,"a fuckimg item is wrong, help me reporting it"
как мне вернуть некоторые чертовы вещи вне периода возврата?,return_exchange,bitext,ru,hw do i return some fucking items outside the return period
Мне нужна помощь в обмене чертовой вещи в магазине.,return_exchange,bitext,ru,I want asistance to exchange a fucking item in store
"мне нужно вернуть чертов товар, который я купил в магазине, где я могу это сделать",return_exchange,bitext,ru,i got to return an fucking item i bought online in store where can i do it
"мне нужно вернуть чертов товар, может мне поможет",return_exchange,bitext,ru,i got to return a fucking product could uhelp me
"мне нужно обменять гребаный заказ, который я купил, помогите мне",return_exchange,bitext,ru,i have to exchange an fucking order i bought help me
"некоторые чертовы продукты, которые я получил, были сломаны, помогите мне сообщить о них",return_exchange,bitext,ru,"some fucking products I received was broken, help me reporting them"
"мне нужно обменять чертову вещь, которую я купил в магазине, где мне это сделать",return_exchange,bitext,ru,i have to exchange a fucking item i bought online in store where do i do it
можешь ли ты помочь мне вернуть товар онлайн?,return_exchange,bitext,ru,can ya help me return an item onlind
"Я хотел бы обменять некоторые купленные вещи, где мне это сделать",return_exchange,bitext,ru,id like to exchange some items i purchased where do i do it
"Мне нужна помощь в обмене товара, который я купил онлайн в магазине.",return_exchange,bitext,ru,I want help exchanging an product I bought online in store
"Мне нужна помощь, чтобы отправить обратно чертов товар.",return_exchange,bitext,ru,I want assistance to sendback a fucking product
"Мне нужна информация о вашем процессе возврата, как я могу ее получить?",return_exchange,bitext,ru,"I want informationabout your return process, how could I get it?"
Мне нужна помощь для обмена купленных мной товаров,return_exchange,bitext,ru,I need assistance to exchange the producs I purchased
"продукт, который я заказал, неправильный, помогите мне сообщить об этом",return_exchange,bitext,ru,the product i ordered is incorrect can uhelp me to report it
"мне нужна информация о чертовом товаре в магазине, где я могу его получить",return_exchange,bitext,ru,i want information about a fucking item in store where could i get it
как обменять товар в магазине?,return_exchange,bitext,ru,how do I exchange na item in store?
"Я купил товар, но хочу отправить его обратно. Можете мне помочь?",return_exchange,bitext,ru,i bought a product ubt i wanna send back can uhelp me
"чертов товар в моей посылке неправильный, сообщите об этом",return_exchange,bitext,ru,an fucking product in my shipment is incorrect report it
"отправленный товар чертовски раздавлен, могу ли я сообщить об этом?",return_exchange,bitext,ru,a shipped item is fucking crushed can  i report it
"Я хотел бы запросить возврат средств, могу ли я получить некоторую помощь?",return_exchange,bitext,ru,"I would like to request a refund, could I get some help?"
"Я бы хотел вернуть чертов товар онлайн, где мне это сделать?",return_exchange,bitext,ru,I'd like to return a fucking item online where do i do it
"Я бы хотел отправить чертов заказ обратно, ты мне поможешь?",return_exchange,bitext,ru,"I'd like to send a fucking order back, will you help me?"
можно ли вернуть чертов товар?,return_exchange,bitext,ru,isit possible to return a fucking item?
"Я хочу возмещение, вы поможете мне его запросить?",return_exchange,bitext,ru,"I want a reimbursement, will you help me requesting it?"
"Я хотел бы получить чертову компенсацию, где я могу это сделать?",return_exchange,bitext,ru,I'd like to get a fucking reimbursement where can i do it
"т. е. если вы хотите сообщить о неправильном продукте, это может мне помочь.",return_exchange,bitext,ru,ie like to report a wrong product could uhelp me
"Я хочу, чтобы хелп вернул чертов товар",return_exchange,bitext,ru,I want hjelp to return a fucking item
"Я хочу чертово возмещение, ты поможешь мне его запросить?",return_exchange,bitext,ru,"I want a fucking reimbursmeent, will you help me to request it?"
"нужно обменять чертову вещь, как я могу это сделать",return_exchange,bitext,ru,need to exchange a fucking item how could i do it
"Я хочу потребовать чертовски возмещение, где я могу это сделать?",return_exchange,bitext,ru,"I want to request a fucking reimbursement, where could I do it?"
возможен ли обмен товара в магазине,return_exchange,bitext,ru,is it possible to exchange an item in store
"чертов товар, который я заказал, неправильный, мне нужна помощь, чтобы сообщить об этом",return_exchange,bitext,ru,the fucking item i ordered is incorrect i need help to report it
"Мне нужна компенсация, как я могу ее получить?",return_exchange,bitext,ru,"I need a reimbursement,how could I get it?"
я ищу возмещение,return_exchange,bitext,ru,im looking for an reimbursement
"Мне нужно вернуть товар, купленный онлайн, в магазин. Могу ли я получить помощь?",return_exchange,bitext,ru,"I have to return a product I purchased online in store, can I get some help?"
"Мне нужно вернуть чертову вещь онлайн, ты можешь мне помочь?",return_exchange,bitext,ru,need to rfeturn a fucking item online could ya help me
как обменять купленные мной чертовы товары?,return_exchange,bitext,ru,how to exchange the fucking products I purchased?
"какие чертовы вещи, которые я получил, неправильные, вы поможете мне сообщить о них?",return_exchange,bitext,ru,"the fucking items I got are wrong, will you help me report them ?"
некоторые предметы сломаны. Можете ли вы помочь мне сообщить о них?,return_exchange,bitext,ru,"some items are broken, can you help me reporting them ?"
Можете ли вы помочь мне проверить вашу политику возврата?,return_exchange,bitext,ru,caqn you help me to check your return policy?
"моя посылка была чертовски повреждена при доставке, можете ли вы сообщить об этом?",return_exchange,bitext,ru,"my package was fucking damaged in shipping, can you report it?"
как я могу найти информацию о товаре в магазине,return_exchange,bitext,ru,how can i find information about an item in store
"Я хочу обменять эти чертовы заказы, которые я купил, где мне это сделать?",return_exchange,bitext,ru,"I want to exchange thd fucking orders I bought, where do I do it?"
"гребаный продукт, который я получил, был раздавлен, мог бы сообщить об этом",return_exchange,bitext,ru,the fucking product i received was crushed could ureport it
"Я должен запросить возмещение, как я могу это сделать?",return_exchange,bitext,ru,"I got to rquest a reimbursement, how could I do it?"
"Мне нужно вернуть товар, купленный онлайн, в магазин. Можете ли вы мне помочь?",return_exchange,bitext,ru,"I need to return a product I purchased online in store, can you help me?"
"Я хотел бы вернуть в магазин чертов товар, купленный в Интернете, где я могу это сделать?",return_exchange,bitext,ru,"I'd like to return an fucking product I bought online in store, where can I do it?"
Я хотел бы запросить возмещение,return_exchange,bitext,ru,I'd like to request a reimbursement
"чертовы продукты, которые я заказал, неверны. Вы поможете мне сообщить о них?",return_exchange,bitext,ru,"the fucking products I ordered are incorrect, will you help me reporting them?"
"мне нужно вернуть товары онлайн, могу ли я получить помощь",return_exchange,bitext,ru,i got to return ites online can i get some help
"мне нужно вернуть заказ, только где мне это сделать",return_exchange,bitext,ru,i got to return an order onlie where do i do it
"Я ищу информацию о чертовом товаре в магазине, мне нужна помощь.",return_exchange,bitext,ru,"I am looking for information about a fucking product in store, I ned help"
"я купил товар, но он мне не нравится, можно ли отправить его обратно",return_exchange,bitext,ru,i purchased an product but i dont like it is it possible to send it back
"Я хотел бы вернуть чертовы товары из Интернета, мне нужна помощь",return_exchange,bitext,ru,I'd like to return fucking items online i need assistance
"Мне нужно отправить товар обратно, могу ли я получить помощь?",return_exchange,bitext,ru,"I need to send an item back, could I get some help ?"
"Мне нужно обменять купленные мной чертовы заказы, как это сделать?",return_exchange,bitext,ru,"I have to exchange the fucking orders I purchased, how to do it?"
"Я хочу вернуть чертову вещь, купленную в интернет-магазине, мне нужна помощь",return_exchange,bitext,ru,I'd like to return a fucking item i purchased online instore i need help
"Мне нужно вернуть деньги, помогите мне.",return_exchange,bitext,ru,"I have to get a refund, help me"
Я бы хотел вернуть чертов товар онлайн,return_exchange,bitext,ru,I'd like to return a fucking product online
как я могу вернуть некоторые чертовы товары вне срока возврата?,return_exchange,bitext,ru,how could I return some fucking products outside the return period?
"Я хочу отправить товар обратно, как мне это сделать?",return_exchange,bitext,ru,"I want to send a product back, how can I do it?"
"я должен сообщить о неправильном товаре, вы мне поможете?",return_exchange,bitext,ru,i have to report an incorrect item will ya help me
"Я хотел бы вернуть товар, который я купил в магазине онлайн",return_exchange,bitext,ru,I'd like to retun a product i purchased online in store
"моя посылка прибыла чертовски поврежденной, не могли бы вы помочь мне сообщить об этом?",return_exchange,bitext,ru,"my package arrived fucking damaged, could you help me reportingit?"
как я могу вернуть товар в магазин,return_exchange,bitext,ru,how  could i return an item in store
мне нужна помощь в обмене купленных мной товаров,return_exchange,bitext,ru,i need help to exchange the productsi purchased
"Я бы хотел вернуть этот чертов заказ, мне нужна помощь.",return_exchange,bitext,ru,"I'd like to swnd a fucking order back, I need help"
"Я хотел бы обменять некачественный товар в магазине, где я могу это сделать?",return_exchange,bitext,ru,"I would like to exchange a ficking product in store, where could I do it?"
"мне нужно обменять товар в магазине, как я могу это сделать",return_exchange,bitext,ru,i have to exchange a product ni store how could i do it
"Мне нужно вернуть чертов заказ, помогите мне.",return_exchange,bitext,ru,"I have to return an fucking order, help me"
"Я хотел бы вернуть товар, купленный онлайн, в магазин. Можете ли вы мне помочь?",return_exchange,bitext,ru,"I would like to return a product I bought online in store, can you help me?"
"можно ли вернуть некоторые товары, которые были по акции",return_exchange,bitext,ru,is it possible to return some products that were on sale
"Я хочу обменять в магазине чертов товар, купленный онлайн, как мне это сделать?",return_exchange,bitext,ru,"I want to exchange a fucking product I bought online in store, how could I do it?"
"Я хотел бы обменять товар в магазине, могу ли я получить помощь?",return_exchange,bitext,ru,"I would like to exchange an item in store, could I get some help?"
куда вернуть чертов товар онлайн,return_exchange,bitext,ru,where to return a fuckng item online
"Мне нужно увидеть твою чертову обратную почту, как я могу это сделать?",return_exchange,bitext,ru,"I got to see your fucking return poicy, how can I do it?"
"мне нужно запросить чертов возврат денег, мне нужна помощь",return_exchange,bitext,ru,i got to request a fucking refunf i need help
"некоторые предметы чертовски повреждены, как мне сообщить о них?",return_exchange,bitext,ru,"some items are fukcing damaged, how do I report them?"
как мне увидеть твою чертову политику возврата?,return_exchange,bitext,ru,how do I see your fucking return policy?
"я купил товар, но хочу вернуть его, мне нужна помощь",return_exchange,bitext,ru,i purchased a item but i wanna return i need assistance
"мне нужно запросить возмещение, можете ли вы мне помочь?",return_exchange,bitext,ru,i got to request an reimbursement can ya help me
"Я хочу вернуть товары онлайн, мне нужна помощь",return_exchange,bitext,ru,"I want to rturn items online, I need help"
"Я хочу вернуть заказы онлайн, где мне это сделать?",return_exchange,bitext,ru,"I'd like to return orders online, where do I do it?"
"если я хочу обменять то, что купил, это поможет мне",return_exchange,bitext,ru,nded to exchange what i purchased will uhelp me
"в моей доставке поврежденный товар, не могли бы вы помочь мне сообщить об этом?",return_exchange,bitext,ru,"my delivery has a damaged product, could you help me to report it?"
"Я бы хотел вернуть деньги, где мне это сделать?",return_exchange,bitext,ru,"I'd like to get a fucking refund, where do I do it?"
"Мне нужна чертова компенсация, помоги мне ее получить.",return_exchange,bitext,ru,"I need a fucking reimbursement, help mee to get it"
Я бы не хотел требовать возврата денег. Не могли бы вы мне помочь?,return_exchange,bitext,ru,"I would like ot request a fucking refund, could you help me?"
"Я бы хотел обменять чертов товар в магазине, где я могу это сделать?",return_exchange,bitext,ru,I'd like to exchange a fucking product in store where can i do it
"я купил товар, но он мне не нравится, могу ли я его вернуть?",return_exchange,bitext,ru,i purchased a producg but i dont like it can i return it
"Я хочу вернуть купленный товар, мне нужна помощь",return_exchange,bitext,ru,"I want to srnd back a product I purchased, I need assistance"
"мне нужно обменять товар, который я купил в магазине ni store, как мне это сделать",return_exchange,bitext,ru,i have to exchange an item i purchased online ni store how could i do it
"Товар, который я получил, неправильный, мне нужна помощь, чтобы сообщить об этом",return_exchange,bitext,ru,"the item I received is incorrect , I need help to report it"
"Мне нужно вернуть в магазин чертов товар, который я купил в Интернете. Могу ли я получить помощь?",return_exchange,bitext,ru,"I have to return a fucking product I purchased online in store, can I get some help?"
"некоторые чертовы вещи в моей посылке неправильные, не могли бы вы сообщить о них?",return_exchange,bitext,ru,"some fucking items in my package are wrong, could you report them?"
один из купленных мною предметов был чертовски раздавлен. Вы поможете мне сообщить об этом?,return_exchange,bitext,ru,"one of the items I purchased was fucking crushed , will you help me report it?"
"мне нужно обменять кое-какие вещи, которые я купил, мне нужна помощь",return_exchange,bitext,ru,i have to exchange some fucking items i purchased i need assistance
"Мне нужно потребовать возврат средств, где я могу это сделать?",return_exchange,bitext,ru,"I have to request a fucking refund, where can I do it?"
"Я хочу вернуть товар онлайн, где я могу это сделать?",return_exchange,bitext,ru,"I would like to return items online, where can I doit?"
"Я хочу обменять купленный мной чертов товар, где мне это сделать?",return_exchange,bitext,ru,"I want to exchange the fucking products I purchased, where do I do it?"
"Я хочу сообщить о сломанном товаре, как мне это сделать?",return_exchange,bitext,ru,"I would like to report a broken product, how do I do it?"
где я могу вернуть чертов заказ онлайн,return_exchange,bitext,ru,where can i return a fucking order online
"Я хочу узнать о вашей чертовой политике возврата, можете ли вы найти какую-нибудь информацию?",return_exchange,bitext,ru,"I want to know about your fucking return policy, could you find some information?"
"мне нужно проверить твою чертову политику возврата, как я могу это сделать",return_exchange,bitext,ru,i got to check ur fucking return  policy how can i do it
чертовы продукты в моей доставке неверны. Не могли бы вы помочь мне сообщить о них?,return_exchange,bitext,ru,"fucking products in my delivery are incorrect, could you help me report them ?"
нужно обменять товар в магазине как это сделать,return_exchange,bitext,ru,need to exchange a product in store how to do it
"Мне нужно вернуть товар онлайн, как я могу это сделать?",return_exchange,bitext,ru,"I got to return an item online, how can I do it?"
"я хочу вернуть деньги, помогите мне запросить это",return_exchange,bitext,ru,i want a refundd help me request it
"Мне нужно вернуть товар онлайн, где я могу это сделать?",return_exchange,bitext,ru,"I have to return products online , where could I do it?"
"Мне нужно обменять купленные вещи, где это сделать?",return_exchange,bitext,ru,"I got to exchange the fucking items I bought, where to doit?"
"Я хотел бы обменять некоторые товары, где это сделать?",return_exchange,bitext,ru,"I'd like to exchange some products, where to do it?"
"чертов продукт, который я получил, был поврежден, мне нужна помощь, чтобы сообщить об этом",return_exchange,bitext,ru,the fucking product  i got was damaged i need assistance reporting it
Я ищу информацию о твоем чертовом процессе возврата.,return_exchange,bitext,ru,I'm looking for information about your fucking return process
"Мне нужно обменять товар в магазине, вы мне поможете?",return_exchange,bitext,ru,"I need to exchange a product in store, acn you help me?"
"некоторые предметы сломаны, вы поможете мне сообщить о них?",return_exchange,bitext,ru,"some items are broken, will you help me to report them?"
"Я хотел бы вернуть чертову вещь, вы можете мне помочь?",return_exchange,bitext,ru,"I'd like to return a fucking item, can you help me?"
"мне нужно вернуть чертовы вещи онлайн, как это сделать",return_exchange,bitext,ru,i have to return fucking items online how to do it
"Мне нужно получить возмещение, мне нужна помощь",return_exchange,bitext,ru,"I hve to get a reimbursement, I need assistance"
"Мне нужно вернуть товар, купленный онлайн, в магазин, где мне это сделать?",return_exchange,bitext,ru,"I need to return an item I purchased online in store, where do I do it?"
"Я ищу информацию о чертовом товаре в магазине, помогите мне.",return_exchange,bitext,ru,I'm looking for information about a fucking itemn in store will uhelp me
"Я хотел бы обменять купленный товар, не могли бы вы мне помочь?",return_exchange,bitext,ru,"I would like to exchange a fuucking product I purchased, could you help me?"
"мне нужно вернуть товар онлайн, как это сделать",return_exchange,bitext,ru,i have to return an itemn online how to do it
могу ли я вернуть некоторые чертовы вещи в магазине,return_exchange,bitext,ru,can i return some fuckig items in shop
"Мне нужно вернуть деньги, как это сделать?",return_exchange,bitext,ru,"I got to get a refund, how to do it ?"
"один из купленных мной товаров был чертовски поврежден, могу ли я сообщить об этом?",return_exchange,bitext,ru,one of  the items i purchased was fucking damaged could i report it
"некоторые товары повреждены, сообщите об этом",return_exchange,bitext,ru,some products are damaged repolrt them
"мне не нравится то, что я купил, ты поможешь мне это проверить?",return_exchange,bitext,ru,i dont like what i bought will ya help  me check it
Можете ли вы помочь мне обменять купленные мной товары?,return_exchange,bitext,ru,can ya help me exchangee the products i bought
Можно ли вернуть товар в магазине?,return_exchange,bitext,ru,is it possible to return a product at the shop?
помогите мне вернуть чертов товар,return_exchange,bitext,ru,helpme send back a fucking item
можно ли вернуть некоторые чертовы вещи в магазин?,return_exchange,bitext,ru,would it be possible to return some fucming items in shop?
Можете ли вы помочь мне обменять товар в магазине?,return_exchange,bitext,ru,can you help me exchanging a product in store ?
"чертовы вещи, которые я получил, были чертовски повреждены, я хочу сообщить о них",return_exchange,bitext,ru,"the fucking items I got were fucking damaged,  I want to report them"
"Мне нужна информация о твоем чертовом процессе возвращения, как я могу ее получить?",return_exchange,bitext,ru,"I'd like information about your fucking return process, how could I get it?"
как я могу вернуть некоторые чертовы вещи в магазин?,return_exchange,bitext,ru,how can I return some fucking items at the shop?
"не мог бы ты помочь мне обменять некоторые чертовы вещи, которые я купил?",return_exchange,bitext,ru,could yua help me exchange some fucking items i purchased
"Я хотел бы вернуть товар, купленный в Интернете, в магазине, где я могу это сделать",return_exchange,bitext,ru,id like to return an item i purchased online in store where could i do it
Мне нужно обменять чертов товар в магазине.,return_exchange,bitext,ru,I got to exchange an fucking product in store
"могу ли я обменять эти чертовы заказы, которые купил?",return_exchange,bitext,ru,could I exchangethe fucking orders I bought?
"Я хочу обменять товар, купленный онлайн, в магазине, как мне это сделать?",return_exchange,bitext,ru,"I'd like to exchange an item I purchased online in store, how could I do it?"
Мне нужно отправить обратно чертов заказ,return_exchange,bitext,ru,I got to sendback a fucking order
"Я хочу отправить товар обратно, вы мне поможете?",return_exchange,bitext,ru,"I want to send an item back, will you help me?"
"мне нужно обменять предметы, где мне это сделать",return_exchange,bitext,ru,i have to ezchange the items where do i do it
"Я хотел бы обменять товар, купленный онлайн, в магазине, где я могу это сделать?",return_exchange,bitext,ru,"I would like to  exchange a product I purchased online in store, where can I do it?"
"мне нужно обменять купленные вещи, как я могу это сделать",return_exchange,bitext,ru,i got to exchange the items i bought how can i do it
"мне нужна помощь, чтобы запросить гребаный возврат средств",return_exchange,bitext,ru,i want help to request an fucking refund
"Я хочу вернуть заказы онлайн, где я могу это сделать?",return_exchange,bitext,ru,"I want to return orders online , where can I do it?"
"Мне нужно обменять в магазине чертову вещь, купленную в Интернете, как я могу это сделать?",return_exchange,bitext,ru,"I need to exchange a fucking item I bought online in store, how can I do it?"
мне нужно обменять товар,return_exchange,bitext,ru,I have to exchange a product
мне нужна информация о вашей политике возврата,return_exchange,bitext,ru,i want information about ur return policy
"Я хочу сообщить о чертовски неправильных товарах, мне нужна помощь",return_exchange,bitext,ru,"I'd like to report fucking wrong items, I need help"
Мне нужно обменять купленный товар,return_exchange,bitext,ru,I need to exchnage a product I bought
"Я хочу вернуть товар, купленный онлайн, в магазин, как мне это сделать?",return_exchange,bitext,ru,"I want to return an item I bought online in store, how could I do it?"
"мне не нравится то, что я купил, как я мог это увидеть",return_exchange,bitext,ru,i do not like what i obught how could i see it
"некоторые элементы у меня неправильные, я хочу сообщить о них",return_exchange,bitext,ru,"some items I got are wrong, I'd like to report them"
"Мне нужно сообщить о раздавленном продукте, могу ли я получить помощь?",return_exchange,bitext,ru,"I got to report a crushed product, could I get some help?"
можно ли добиться возврата денег?,return_exchange,bitext,ru,would it be possible to get a rerimbursement?
"Мне нужно обменять чертов товар, могу ли я получить помощь?",return_exchange,bitext,ru,"I have to exchange a fucking product, could I get some help?"
куда отправить чертов заказ обратно?,return_exchange,bitext,ru,where to send an fucking order back?
"Я хотел бы вернуть товар онлайн, как я могу это сделать?",return_exchange,bitext,ru,"I would like to rreturn a product online, how can I do it?"
"мне нужно отправить заказ обратно, я получу помощь",return_exchange,bitext,ru,i have to send an order back cn i get some help
необходимо запросить возмещение,return_exchange,bitext,ru,need to request a reimbursement
"Мне нужно вернуть чертову вещь, купленную в интернет-магазине, не могли бы вы мне помочь?",return_exchange,bitext,ru,"I got to return an fucking item I bought online in store, could you help me?"
У меня чертов предмет не того размера.,return_exchange,bitext,ru,I gota fucking item in the wrong size
"Мне нужна информация о товаре в магазине, где я могу ее получить?",return_exchange,bitext,ru,"I want information about an item in store, where could I get it?"
"Я хочу возмещение, я хотел бы получить его",return_exchange,bitext,ru,"I want a reimbursement , I would like to get it"
как вернуть товар в магазин,return_exchange,bitext,ru,how do i retur a product in store
"Мне нужно обменять товары, как я могу это сделать?",return_exchange,bitext,ru,"I have to exchange the pfoducts, how can I do it?"
не могли бы вы помочь мне отправить товар обратно?,return_exchange,bitext,ru,could you help me sending an item back?
"один из продуктов неправильный, можно ли об этом сообщить?",return_exchange,bitext,ru,"one of the products is incorrect, is it possible to report it?"
"как я могу вернуть товар, купленный онлайн, в магазине?",return_exchange,bitext,ru,how could I return an item I purchased online in store?
"помогите мне вернуть чертов товар, который я купил в магазине онлайн",return_exchange,bitext,ru,help me return a fucking product I purchased online in store
"Я хотел бы обменять товар в магазине, где я могу это сделать?",return_exchange,bitext,ru,"I'd like to exchange an item in store, were can I do it?"
"Я хочу обменять товар, где я могу это сделать?",return_exchange,bitext,ru,"I'd like to exchange the products, where can I do it?"
не могли бы вы помочь мне вернуть товар онлайн?,return_exchange,bitext,ru,could you help me return na item online?
"мне нужно вернуть товар онлайн, где я могу это сделать",return_exchange,bitext,ru,i got to return an item online where can i do it
"Этот чертов товар, который я получил, неправильный, можете ли вы помочь мне сообщить об этом?",return_exchange,bitext,ru,"hte fucking item I got is wrong, can you help me to report it?"
"Мне нужно обменять некоторые товары, могу ли я получить помощь?",return_exchange,bitext,ru,"I have to exchange some products, can I get some help?"
Я хочу знать о вашем процессе возврата,return_exchange,bitext,ru,I want to know about your return  process
"Я хотел бы вернуть товар, купленный в Интернете, в магазине, где это сделать",return_exchange,bitext,ru,id like to return a product i bought online in store where to do it
"Мне нужно вернуть в магазин чертов товар, который я купил в Интернете. Вы мне поможете?",return_exchange,bitext,ru,"I need to return a fucking product I bought online in store , will you help me?"
"Я должен сообщить о чертовски неправильных товарах, мне нужна помощь",return_exchange,bitext,ru,"I have to report fucking incorrect items, I need help"
"заказанная мной чертова посылка была раздавлена, как я могу об этом сообщить?",return_exchange,bitext,ru,"the fucking package I ordered was crushed, how can I report it?"
Я ищу возврат средств,return_exchange,bitext,ru,I am looking fora refund
"мне нужно потребовать возврат средств, как это сделать",return_exchange,bitext,ru,i have to requdst a refund how to do it
Я хочу увидеть стоимость рассылки,delivery,bitext,ru,I want to see the cost of mailing
"моя доставка была задержана, мне нужна помощь, чтобы сообщить о проблемах с доставкой",delivery,bitext,ru,"my delivery was delayed, I want help reporting delivery issues"
"нужно сообщить о проблемах с доставкой моего заказа, где это сделать",delivery,bitext,ru,need to report delivery issues wity my order where to do it
"Я ищу информацию о чертовой дате доставки моей покупки, мне нужна помощь.",delivery,bitext,ru,"I am looking for information about the fucking delivery date of my purchase, I need help"
"я не получил посылку, мне нужна помощь, чтобы сообщить о проблеме с доставкой",delivery,bitext,ru,i did not receive my shipment i want assistance reporting a delivery issue
помогите мне сообщить о проблеме с доставкой моей посылки,delivery,bitext,ru,help me repot a delivery issue with my package
"Я хотел бы увидеть срок доставки моей покупки, как это сделать?",delivery,bitext,ru,"I'd like to see the fucking delivery time of my purchase, how to do it ?"
"Я хочу проверить стоимость рассылки, могу ли я это сделать?",delivery,bitext,ru,"I want to check the costs of mailing, were could I do it?"
"хочу узнать больше о сроках доставки моей покупки, дашь мне некоторую информацию?",delivery,bitext,ru,wanna know more about the fucking delivery time of my purchase will ya give me some information
"Я хотел бы увидеть чертовы сроки доставки моего заказа, как это сделать?",delivery,bitext,ru,"I would like to see the fucking delivery time of my order, how to do it?"
"Мне хотелось бы узнать о чертовой дате доставки, как я могу получить дополнительную информацию?",delivery,bitext,ru,id like to know about the  fucking delivery date how could i get more information
"я не получил свой заказ, как я могу сообщить о проблемах с доставкой",delivery,bitext,ru,i did not receive my order how can i reprt delivery issues
"Я ищу информацию о дате доставки моей покупки, мне нужна помощь",delivery,bitext,ru,im looking for informtaion about the delivery date of my purchase i need assistance
"мне нужно проверить время доставки моей покупки, могу ли я получить помощь",delivery,bitext,ru,i have to check the deliver time of my purchase can i get some help
"мне нужно сообщить о чертовой проблеме с доставкой, где я могу это сделать",delivery,bitext,ru,i got to report a fucking delivery problem where could i do it
мне нужна помощь в определении даты доставки моей покупки,delivery,bitext,ru,i need help seeing the delivery date of my pucrhase
"моя посылка потерялась, можете ли вы помочь мне сообщить о проблеме с доставкой?",delivery,bitext,ru,"my package was lost, can you help me to report a delivery issue?"
"моя посылка потерялась, куда сообщить о проблемах с доставкой?",delivery,bitext,ru,"my package has been lost, where to report delivery issues?"
"Я хотел бы узнать о времени доставки, можете ли вы найти какую-нибудь информацию?",delivery,bitext,ru,id like to know about the delivery time can ya find some information
"хочу увидеть чертову стоимость пересылки, где я могу это сделать",delivery,bitext,ru,wanna see the fucking costs of mailing where can i do it
"Мне не хватает некоторых продуктов, которые я купил, мне нужна помощь, чтобы сообщить о них",delivery,bitext,ru,I'm missing some producta i bought i need help to report them
"Мне не хочется видеть время доставки моего заказа, как я могу это сделать?",delivery,bitext,ru,"I nerd to see the delivery time of my order, how could I do it?"
"Я хочу узнать стоимость доставки, где мне это сделать?",delivery,bitext,ru,"I want to see the costs of shioping, where do I do it?"
"моя доставка была задержана, я хотел бы сообщить о чертовых проблемах с доставкой",delivery,bitext,ru,my delivery was delayed I'd like to report fucking delivery issues
"моя посылка была отправлена ​​не на тот адрес, я должен сообщить о чертовых проблемах с доставкой",delivery,bitext,ru,"my delivery was sent to the wrong address, I have to report fucking delivery problems"
"Я получил не все купленные товары, куда сообщить о недостающих товарах?",delivery,bitext,ru,"I didn't receive all the products I purchased, where to report missing items?"
"Я не получил свой заказ, мне нужна помощь, чтобы сообщить о проблемах с доставкой.",delivery,bitext,ru,"I have not received my order, I want help to report fucking delivery problems"
"мне бы хотелось увидеть чертов срок доставки моего заказа, где это сделать",delivery,bitext,ru,id like to see the fucking delivery time of my order where to do it
"Я хотел бы проверить чертову стоимость пересылки, мне поможет",delivery,bitext,ru,id like to check the fucking costs of mailing will uhelp me
"хочу знать о чертовых расходах на пересылку, найдешь ли ты какую-нибудь информацию?",delivery,bitext,ru,wanna know about the fuckingcosts of mailing will ya find some information
"Мне нравится информация о чертовых расходах на рассылку, где бы она ни была, я ее получу",delivery,bitext,ru,id like information about the fucking costs of mailing where cold i get it
"Я хочу узнать стоимость доставки, как мне это сделать?",delivery,bitext,ru,"I want to see the shipping costs, how can I do it?"
"Мне нужно проверить дату доставки, мне нужна помощь",delivery,bitext,ru,"I got to check the delivery date, I need assistance"
"Мне нужно увидеть дату доставки, вы мне поможете?",delivery,bitext,ru,"I got to see th delivery date, will you help me?"
"один из товаров из моего заказа не доставлен, помогите мне сообщить об этом",delivery,bitext,ru,"one of the products from my order isn't delivered , help me report it"
хочу увидеть чертову стоимость доставки,delivery,bitext,ru,wanna see the fucking delivery costs
"Я хочу узнать о стоимости пересылки, как я могу найти дополнительную информацию?",delivery,bitext,ru,"I want to know about the mailing costs, how canI find more information?"
Я хотел бы сообщить о проблемах с доставкой моего заказа. Могу ли я получить помощь?,delivery,bitext,ru,"I'd like to report fucking delivery issues with my order, could I get some help?"
"мне нужно проверить чертову дату доставки моей покупки, могу ли я получить помощь?",delivery,bitext,ru,i got to check the fucking delivery date of my purchase could i get some help
"Мне нужна информация о стоимости доставки, как я могу ее получить?",delivery,bitext,ru,"I want information about the cost of shipping , how could I get it?"
"моя доставка не была вовремя, мне нужна помощь, чтобы сообщить о чертовой проблеме с доставкой",delivery,bitext,ru,my delivery was not on time i want help reporting a fucking delivery issue
"моя доставка опоздала, куда сообщить о проблемах с доставкой",delivery,bitext,ru,my delivery was late where to report delivery problems
Где я могу найти информацию о чертовой дате доставки?,delivery,bitext,ru,whdre can I find information about the fucking delivery date?
как я могу получить информацию о чертовой стоимости доставки?,delivery,bitext,ru,how can I get information about the fucking costs of shipping ?
"Я хочу узнать дату доставки, вы дадите мне некоторую информацию?",delivery,bitext,ru,"I want to know about the delivery date, will you give me some information ?"
хочу сообщить о чертовых проблемах с доставкой моего заказа,delivery,bitext,ru,wanna report  fucking delivery issues with my order
"хочу узнать стоимость рассылки, как мне это сделать?",delivery,bitext,ru,wanna see the costs of mailing how do i do it
"Мне нужно проверить время доставки моего заказа, помогите мне.",delivery,bitext,ru,"I need to check the delivery time of my order, help me"
"Мне нужно проверить стоимость доставки, где мне это сделать?",delivery,bitext,ru,"I have to check the delivery cotss, where do I do it?"
Я хотел бы сообщить о чертовой проблеме с доставкой. Могу ли я это сделать?,delivery,bitext,ru,"I'd like to report a fucking delivery issue, were could I do it?"
"где я могу увидеть, когда придет моя посылка?",delivery,ikshana,ru,where can I see when my package is going to arrive?
Мне нужна помощь в отправке адреса доставки,delivery,ikshana,ru,I want help submitting my delivery address
произошла ошибка при настройке адреса доставки,delivery,ikshana,ru,there is an error setting up my shipping address
"нужна помощь, чтобы узнать, когда прибудет моя посылка",delivery,ikshana,ru,need help to see when my parcel is going to arrive
"мне нужно посмотреть, как скоро я смогу ожидать доставки",delivery,ikshana,ru,i have got to see how soon can i expect my delivery
Ищу информацию о сроках доставки,delivery,ikshana,ru,I am looking for information about the delivery period
У меня возникла проблема с попыткой исправить мой адрес,delivery,ikshana,ru,I have an issue trying to correct my address
где посмотреть сколько времени занимает доставка?,delivery,ikshana,ru,where to see how long the delivery takes?
cn я могу разместить заказ из Дели?,delivery,ikshana,ru,cn I place an order from Delhi?
"Мне нужна поддержка, чтобы обновить адрес доставки",delivery,ikshana,ru,I need supports trying to update the shipping address
Могу ли я ввести свой дополнительный адрес доставки?,delivery,ikshana,ru,can I enter my secondary delivery address?
могу ли я разместить чертов заказ из Дели?,delivery,ikshana,ru,can I place a bloody order from Delhi?
проблемы с настройкой адреса доставки,delivery,ikshana,ru,problems setting up the delivery address
"Мне нужно посмотреть, сколько времени потребуется, чтобы прибыть посылка.",delivery,ikshana,ru,I have to see how long it takes for the shipment to arrive
возникла проблема с изменением адреса доставки,delivery,ikshana,ru,there is an issue changing the shipping address
"помогите мне проверить, какие способы доставки доступны",delivery,ikshana,ru,help me check what shipping methods are available
где я могу изменить адрес доставки?,delivery,ikshana,ru,where can I modify my delivery address?
поддерживает попытку редактирования адреса,delivery,ikshana,ru,supports trying to edit the address
"мне нужно посмотреть варианты доставки, как мне это сделать",delivery,ikshana,ru,i have to see the delivery options how do i do it
почему я не могу указать действительный дополнительный адрес доставки,delivery,ikshana,ru,why I can't set my secondary delivery address valid up
возникла проблема с отправкой дополнительного адреса доставки.,delivery,ikshana,ru,their is a problem submitting a secondary delivery address
где я могу получить информацию о способах доставки?,delivery,ikshana,ru,where could I get information about the delivery methods?
у меня проблемы с отправкой дополнительного адреса доставки,delivery,ikshana,ru,i have problems submitting a secondary shipping address
"хочу указать дополнительный адрес доставки, как это сделать?",delivery,ikshana,ru,wanna submit a secondary shipping address how can i d it
"Мне нужно посмотреть, какие способы доставки вы предлагаете, как это сделать?",delivery,ikshana,ru,"I have to see what shipping methods you offer, how to do it?"
"где я могу проверить, когда прибудет моя посылка",delivery,ikshana,ru,where do i check when my shipment is gonna arrive
Можете ли вы помочь мне указать новый адрес доставки?,delivery,ikshana,ru,can you help me submit a new delivery address?
Мне нужно указать дополнительный адрес доставки.,delivery,ikshana,ru,I have got to set my secondary shipping address up
ошибка при настройке моего дополнительного адреса доставки,delivery,ikshana,ru,error setting up my secondary shipping address
"я не знаю, как мне исправить адрес доставки",delivery,ikshana,ru,i do not know how i can correct my delivery address
"что мне нужно сделать, чтобы узнать, когда придет моя статья?",delivery,ikshana,ru,what do I have to do to see when will my article arrive?
где проверить какие способы доставки доступны?,delivery,ikshana,ru,where to check what methods for delivery are available?
где я могу настроить дополнительный адрес доставки,delivery,ikshana,ru,were can i set the secondary delivery address up
Я хочу обновить свой адрес,delivery,ikshana,ru,I want to update my address
"я звоню, чтобы узнать, когда придет моя статья",delivery,ikshana,ru,i call to check when will my article arrive
отправлю в Дели,delivery,ikshana,ru,do uship to Delhi
доставка в Индию,delivery,ikshana,ru,deliverids to India
где мне ввести свой дополнительный адрес доставки?,delivery,ikshana,ru,where do I enter my secondary delivery address?
Можете ли вы помочь мне настроить другой адрес доставки?,delivery,ikshana,ru,can you help me to set up a different delivery address?
проверьте доступные варианты доставки,delivery,ikshana,ru,check the available shipping options
Я не могу изменить адрес доставки,delivery,ikshana,ru,I can't modify my delivery address
"Могу ли я посмотреть, сколько времени займет доставка товара?",delivery,ikshana,ru,can i see how long it takes for the item to arrive
"как я могу увидеть, сколько времени занимает доставка?",delivery,ikshana,ru,how can I see how long the shipping takes?
как скоро я могу ожидать свою покупку,delivery,ikshana,ru,how soon can i expect my purchase
"где я могу посмотреть, как скоро мне ожидать посылку?",delivery,ikshana,ru,where could I see how soon can I expect my shipment?
как скоро я могу ожидать доставку?,delivery,ikshana,ru,how soon can I expect my delivery?
"хочу посмотреть, сколько времени обычно занимает доставка заказа",delivery,ikshana,ru,wanna see how long it usually takes for the order to arrive
"Хочу посмотреть, как скоро мне ожидать заказ, как это сделать?",delivery,ikshana,ru,"I want to see how soon can I expect the order, how to do it?"
у меня возникли проблемы с вводом дополнительного адреса доставки,delivery,ikshana,ru,i have a trouble entering a secondary shipping address
"Что это за поезд времени, приходящий из Сакраменто?",delivery,runlu,ru,
Название PDA: во сколько xxxx прибудет хххх,delivery,runlu,ru,
Когда поезд F сегодня поедет?,delivery,runlu,ru,
Скажи мне поезда из Калифорнии в Нью-Джерси после 11 вечера.,delivery,runlu,ru,
Как лучше всего добраться до франка?,delivery,runlu,ru,
Когда последний поезд с рабочего отпуска,delivery,runlu,ru,
Сколько времени на поезд...,delivery,runlu,ru,
У вас есть билеты на поезд?,delivery,runlu,ru,
Во сколько поезд отправляется в Айову?,delivery,runlu,ru,
Могу я получить направление к ближайшему бару?,delivery,runlu,ru,
Во сколько поезд отправляется из Праги в Брно?,delivery,runlu,ru,
Сколько стоит билет на поезд до Денвера отсюда?,delivery,runlu,ru,
Что за время путешествий отсюда до Далласа поездом?,delivery,runlu,ru,
"Я хотел бы знать маршрут, по которому поезд отправится в Майами.",delivery,runlu,ru,
"Показать поезда, отправляющиеся в Антверпен после 2 часов вечера субботы",delivery,runlu,ru,
Когда лучше всего отправиться в Канаду?,delivery,runlu,ru,
направления,delivery,runlu,ru,
Когда поезд отправляется в Айову?,delivery,runlu,ru,
Дай мне направление от Фарипира до Гурпура.,delivery,runlu,ru,
"Поезд в 5 вечера в среду до Роквилла, вы вовремя?",delivery,runlu,ru,
"Пожалуйста, дайте мне направление в парк рядом со мной.",delivery,runlu,ru,
Где вокзал?,delivery,runlu,ru,
Название PDA: Как долго до xxxx airives на станции xxxxxxx,delivery,runlu,ru,
Как долго пройдёт путь от Ньяка до коттеджа Долина,delivery,runlu,ru,
Сегодня днем в Далласе приедет поезд?,delivery,runlu,ru,
Во сколько поезд отправляется в Лагос?,delivery,runlu,ru,
Время работы поезда,delivery,runlu,ru,
Где купить билет на поезд,delivery,runlu,ru,
отправиться на станцию Ага,delivery,runlu,ru,
Время поезда на станции Гэри идёт к Форту Уэйну сегодня,delivery,runlu,ru,
Как далеко отсюда Уолмарт?,delivery,runlu,ru,
Как долго мы доберемся до центра.,delivery,runlu,ru,
Есть ли подъезжающий поезд из Лондона в Париж и во сколько?,delivery,runlu,ru,
Время проверки 10887 поезда со станции Луни во вторник,delivery,runlu,ru,
Покажите мне дорогу ближайшей железнодорожной станции.,delivery,runlu,ru,
Показать все поезда и время Ни,delivery,runlu,ru,
Время проверки поезда Калки с станции Джодпур в понедельник,delivery,runlu,ru,
Во сколько прибывает поезд?,delivery,runlu,ru,
Во сколько поезд покидает Филадельфию?,delivery,runlu,ru,
"маневры, связанные с дорожной скоростью",delivery,runlu,ru,
Есть поезд от Филадельфии до Нью-Йорка в полдень?,delivery,runlu,ru,
"Путь, пожалуйста.",delivery,runlu,ru,
"Есть ли поезда, отправляющиеся из Нью-Йорка в 8 вечера?",delivery,runlu,ru,
Сколько времени на поезд из Нью-Йорка в Покипси?,delivery,runlu,ru,
Сколько времени на поезд?,delivery,runlu,ru,
"Олли, ты должен найти другой путь к моему месту назначения.",delivery,runlu,ru,
"Покажи мне, как поехать в Бостон через Сиэтл.",delivery,runlu,ru,
Дай мне дорогу.,delivery,runlu,ru,
"Когда следующий поезд, путешествующий по городу, уезжает отсюда?",delivery,runlu,ru,
Время поезда до места с длинным расстоянием,delivery,runlu,ru,
"Я звоню, чтобы узнать, когда придет мой товар",delivery,ikshana,ru,I call to check when will my product arrive
"новый адрес доставки недействителен, как мне это сделать?",delivery,ikshana,ru,"the new delivery address is not valid, how do I do it?"
Я хочу знать дату доставки моего заказа,delivery,bitext,ru,I want to know aboutr the delivery date of my order
мне нужно ввести другой адрес доставки,delivery,ikshana,ru,i have to enter a different delivery address
Я хотел бы сообщить о проблемах с доставкой моего груза. Не могли бы вы мне помочь?,delivery,bitext,ru,"I'd like to report delivery prbolems with my shipment, could you help me?"
"Мне нужно проверить стоимость пересылки, нужно ли мне это делать?",delivery,bitext,ru,"I got to check the mailing costs, were do I do it?"
"Я хочу проверить чертов срок доставки, как мне это сделать?",delivery,bitext,ru,"I want to check the fucking delivery time, how do I do it?"
"мне нужно увидеть стоимость пересылки, как мне это сделать",delivery,bitext,ru,i have to see the mailing costs how do i do it
"моя посылка потерялась, я хочу сообщить о чертовой проблеме с доставкой",delivery,bitext,ru,"my shipment has been lost, I want to report a fucking delivery problem"
"можно ли узнать, когда придет моя посылка?",delivery,ikshana,ru,is it possible to see when will my package arrive?
"Я хочу узнать, когда прибудет мой товар, мне нужна помощь",delivery,ikshana,ru,"I want to see when will my product arrive, I need help"
Я получил не все заказанные товары. Помогите мне сообщить об отсутствующем товаре.,delivery,bitext,ru,"I didn't receive all the products I ordere, help me report a missing product"
"нужна помощь, чтобы узнать, когда прибудет мой заказ",delivery,ikshana,ru,need help seeing when my order is gonna arrive
"мне нужно увидеть время доставки, как я могу это сделать",delivery,bitext,ru,i have to see the delivery time how could i do it
"помогите проверить, когда придет моя покупка",delivery,ikshana,ru,help checking when my purchase is going to arrive
не могли бы вы помочь мне увидеть чертову дату доставки?,delivery,bitext,ru,could you help me to see the fucking delivery date?
"мне нужно посмотреть, сколько времени потребуется, чтобы доставить мою посылку",delivery,ikshana,ru,i have to see how long it takes for my delivery to arrive
"моя доставка была задержана, это поможет мне сообщить о проблемах с доставкой.",delivery,bitext,ru,my delivery was delayed could uhelp me to report delivery problems
"Можешь показать мне, как отправиться в Музей полета в Сиэтле.",delivery,runlu,ru,
"Мне нужно узнать, как скоро я смогу ожидать статью",delivery,ikshana,ru,I have to ese how soon can I expect the article
Я хочу узнать больше о сроках доставки,delivery,ikshana,ru,I want to know more about shipping periods
Я хочу получить информацию о стоимости пересылки,delivery,bitext,ru,I want informatiom about the mailing costs
"Я хотел бы узнать о дате доставки моей покупки, это даст мне некоторую информацию.",delivery,bitext,ru,I'd like to knmow about the delivery date of my purchase will ugive me some information
Мне нужна помощь в исправлении моего адреса,delivery,ikshana,ru,I need help correcting my address
"Я не знаю, как настроить дополнительный адрес доставки.",delivery,ikshana,ru,I don't know how to set my secondary shipping address up
где я могу проверить чертову стоимость доставки?,delivery,bitext,ru,where do I check the fucking shipping cost?
доставка в Дели,delivery,ikshana,ru,shipmetns to Delhi
Я хотел бы сообщить о проблемах с доставкой моего груза. Вы мне поможете?,delivery,bitext,ru,"I would like to report deoivery problems with my shipment, will you help me?"
"Я ищу информацию о сроках доставки моего заказа, как я могу ее получить?",delivery,bitext,ru,"I'm lookingf for information about the delivery time of my order, how could I get it?"
"Я хочу проверить, какие варианты доставки есть",delivery,ikshana,ru,I want to check what shipping options are there
где посмотреть чертову стоимость доставки,delivery,bitext,ru,where to see the fucking shipping costs
"Я звоню, чтобы узнать, как скоро я могу ожидать товар",delivery,ikshana,ru,I call to check how soon can I expect the item
где я могу найти информацию о чертовой стоимости доставки,delivery,bitext,ru,where could i find information about the fucking shipping cost
"я не получил все, что купил, помогите мне сообщить о пропаже товара",delivery,bitext,ru,i did not receive everything i purchaased can uhelp me to report a missing item
"моя доставка не завершена, мне нужна помощь, чтобы сообщить об отсутствующем товаре",delivery,bitext,ru,"my delivery isn't complete, I need assistance reporting a missing product"
Мне нужно сообщить о проблемах с доставкой моего груза. Где я могу это сделать?,delivery,bitext,ru,"I got to report delivery issues with my shipment, where could I do it?"
"мой заказ не завершен, я хотел бы сообщить о неполной доставке",delivery,bitext,ru,my order is not complete I'd like to report a fucking incomplete delivery
можно ли сделать заказ из Индии?,delivery,ikshana,ru,is it possible to place an order from India?
"Мне нужна информация о чертовой стоимости пересылки, где я могу ее получить?",delivery,bitext,ru,"I'd like information about the fucking cost of mailing, where could I get it?"
"Я по ошибке указал свой старый адрес, как я могу его обновить?",delivery,ikshana,ru,"I have put my old address by mistake, how can I update it?"
"Я не получил свою посылку, мне нужна помощь в сообщении о проблемах с доставкой.",delivery,bitext,ru,"I have not received my package, I want help reporting delivery problems"
у меня проблемы с редактированием адреса доставки,delivery,ikshana,ru,i have troubles editing my delivery address
"я не знаю, как указать дополнительный адрес доставки",delivery,ikshana,ru,ik dont know how to submit the secondary shipping address
"мне нужно увидеть дату покупки, как я могу это сделать",delivery,bitext,ru,i got to see the delibery date of my purchase how could i do it
"нужно проверить чертову стоимость доставки, где это сделать",delivery,bitext,ru,need to check the fucking mailing cost where to do it
Могу ли я разместить заказ из Индии?,delivery,ikshana,ru,can i place an order from India
"помощь в проверке, когда придет моя статья",delivery,ikshana,ru,assistance checking when my article is going to arrive
"Можете ли вы показать мне, когда прибудет мой товар?",delivery,ikshana,ru,can you show me when will my product arrive?
"хочу проверить время доставки моей покупки, мне нужна помощь",delivery,bitext,ru,wanna check the delivery time of my purchase i need asistance
"Мне нужна информация о стоимости доставки, как ее найти?",delivery,bitext,ru,I'd like informatiion about the costs of delivery how can i find it
"помощь в проверке, ох скоро могу ли я ожидать товар",delivery,ikshana,ru,assistance checking ohw soon can I expect the item
проблема с вводом моего нового адреса доставки,delivery,ikshana,ru,trouble entering my new shipping address
"Мне нужна информация о времени доставки, как я могу ее найти?",delivery,bitext,ru,"I'd like information about the delivery time, how could I find it?"
Я не получил все купленные товары. Куда мне сообщить о неполном заказе?,delivery,bitext,ru,"I didn't rexeive all the products I bought, where do I report an incomplete order?"
У меня возникают ошибки при попытке изменить адрес доставки.,delivery,ikshana,ru,I have errors trying to modify my shipping address
проблема с вводом вторичного адреса доставки,delivery,ikshana,ru,problem entering the seocndary shipping address
"хочу узнать больше о времени доставки, найдите некоторую информацию",delivery,bitext,ru,wanna know more about the delivery time find some information
"Мне нужно проверить, какие способы доставки у меня есть.",delivery,ikshana,ru,I need to check what shipment methods I have
"моя поставка неполная, можете ли вы помочь мне сообщить о неполной поставке?",delivery,bitext,ru,my delivery is incomplete can ya help me report an inomplete shipment
"Мне нужно узнать чертову стоимость пересылки, можешь мне помочь?",delivery,bitext,ru,"I need to see the fucking costs of mailing,can you help me?"
мой заказ потерян. Можете ли вы помочь мне сообщить о проблеме с доставкой?,delivery,bitext,ru,"my order has been lost, can you help me reporting a fucking delivery issue?"
Мне нужно указать новый адрес доставки,delivery,ikshana,ru,I have got to submit the new delivery address
"Мне нужна помощь, чтобы проверить, как скоро я смогу ожидать свою покупку",delivery,ikshana,ru,I want assistance to check how soon can Iexpect my purchase
"мой адрес изменился, мне нужна помощь в его изменении",delivery,ikshana,ru,"my address has changed, I need help modifying it"
"Можете ли вы помочь мне проверить, как скоро я могу ожидать посылку?",delivery,ikshana,ru,can you help me to check how soon can I expect the parcel?
У меня возникла проблема с настройкой нового адреса доставки.,delivery,ikshana,ru,I have an issue setting a new delivery address up
"мне нужна помощь, чтобы настроить адрес доставки",delivery,ikshana,ru,i need help to set up a delivery address
"моя доставка не прибыла вовремя, как я могу сообщить о проблеме с доставкой?",delivery,bitext,ru,"my delivery didn't arrive on time, how can I report a fucking dxelivery issue?"
"Мне нужно посмотреть, когда придет моя статья",delivery,ikshana,ru,I have to see when will my article arrive
"моя посылка неполная, мне нужна помощь, чтобы сообщить о неполной поставке",delivery,bitext,ru,"my shipment is incomplete, I need assistance reporting a fucking incomplete shipment"
возникли проблемы с редактированием моего адреса,delivery,ikshana,ru,there are troubles editing my address
"хочу сообщить о проблеме с доставкой моего заказа, мне нужна помощь",delivery,bitext,ru,wanna report a delivery issue with my order i need help
"Мне нужна помощь, чтобы изменить адрес доставки",delivery,ikshana,ru,I need assistance trying to edit my shipping address
Я хотел бы проверить дату доставки моей покупки. Могу ли я получить помощь?,delivery,bitext,ru,"I'd like to check the delivery date of my purchase, could I get some help?"
"Я хотел бы проверить время доставки, мне нужна помощь",delivery,bitext,ru,id like to check the delivery time i need assistace
я по ошибке ввел неправильный адрес,delivery,ikshana,ru,i have entered a wrong address by mistake
где посмотреть стоимость доставки?,delivery,bitext,ru,where to see th costs of shipping?
"Хотелось бы узнать о стоимости рассылки, где можно получить дополнительную информацию?",delivery,bitext,ru,"I would like to know about the cost of mailing, where could I get more informatioon?"
"нужна помощь, просмотрите варианты доставки",delivery,ikshana,ru,want assistance seeing the delivery options
"Я ищу информацию о дате доставки моей покупки, где я могу ее получить?",delivery,bitext,ru,"I am looking for information about the delivery date of my purchase, where can I get it?"
"где я могу увидеть, когда мой товар прибудет?",delivery,ikshana,ru,where do I see when my item is going to arrive?
"мне нужна помощь, чтобы обновить мой адрес",delivery,ikshana,ru,i need help to update my address
"Я хотел бы увидеть чертово время доставки, вы можете мне помочь?",delivery,bitext,ru,"I would like to see the fucking deivery time, can you help me?"
У меня проблемы с редактированием адреса,delivery,ikshana,ru,I have a trouble editing the address
установить новый адрес доставки,delivery,ikshana,ru,set new shipping address up
"Мне нужно указать адрес доставки, как мне это сделать?",delivery,ikshana,ru,"I have got to set my shipping address up, how can I do it?"
"где проверить, когда придет мой товар?",delivery,ikshana,ru,where to check when my item is going to arrive?
"моя посылка потерялась, мне нужна помощь, чтобы сообщить о проблеме с доставкой",delivery,bitext,ru,my package was lost i need help to report a delivery issue
"можно ли проверить, какие у меня способы доставки?",delivery,ikshana,ru,is it possible to check what shipping methods I have?
У меня возникла проблема с редактированием адреса доставки.,delivery,ikshana,ru,I have a truble editing my shipping address
"мне нужно сообщить о чертовой неполной доставке, помогите мне",delivery,bitext,ru,i have to report a fucking incomlete delivery help me
"Я хотел бы проверить время доставки моего заказа, помогите мне",delivery,bitext,ru,I'd like to check the delivery time of my order help me
проблемы с вводом нового адреса доставки,delivery,ikshana,ru,issues entering the new shipping address
произошла ошибка при отправке адреса доставки,delivery,ikshana,ru,there is an error submitting the shipping address
"мне нужна помощь, чтобы проверить, какие у меня есть способы доставки",delivery,ikshana,ru,i need assistance checking what methods for delivery i have
хочу указать адрес доставки,delivery,ikshana,ru,wanna set the shipping address up
"Я не знаю, что делать, чтобы указать новый адрес доставки.",delivery,ikshana,ru,I do not know what to do to submit my new shipping address
"моя доставка не прибыла вовремя, можете ли вы помочь мне сообщить о чертовых проблемах с доставкой?",delivery,bitext,ru,my delivery did not arrive on time can ya help me reporting fucking delivery issues
"можешь мне помочь узнать, когда прибудет мой товар?",delivery,ikshana,ru,can ya hepl me see when will my item arrive
"хочу увидеть дату доставки моего заказа, пожалуйста, помогите мне",delivery,bitext,ru,wanna see the delivery date of my order czn ya help me
можешь рассказать мне больше о чертовой дате доставки,delivery,bitext,ru,can utell me more baout the fucking delivery date
"Я звоню, чтобы узнать, как скоро мне ожидать посылку.",delivery,ikshana,ru,I am calling to see how soon can I expect the shipment
"моя посылка была отправлена ​​не на тот адрес, мне нужна помощь, чтобы сообщить о проблемах с доставкой",delivery,bitext,ru,"my delivery was sent to the wrong address, I need help reporting fucking delivery issues"
ты едливер в Индию?,delivery,ikshana,ru,do you edliver to India?
"мне нужно проверить чертову стоимость доставки, помогите мне.",delivery,bitext,ru,i have to check the fucking cost of shipping could uhelp me
"Я хотел бы проверить чертову стоимость пересылки, где я могу это сделать?",delivery,bitext,ru,"I would like to check the fucking mailing cost, where could I do it?"
где проверить сколько времени занимает доставка?,delivery,ikshana,ru,where to check how long the shipping takes?
"моя посылка неполная, можете ли вы помочь мне сообщить о неполной доставке?",delivery,bitext,ru,"my package is not complete, can you help  me report an incomplete shipment?"
"где я могу посмотреть, какие способы доставки доступны?",delivery,ikshana,ru,where can I see what methods for delivery are available?
"Мне нужно проверить, какие способы доставки доступны.",delivery,ikshana,ru,I need to check what shipment methods are available
"Я хотел бы проверить чертову стоимость доставки, где я могу это сделать",delivery,bitext,ru,id like to check the fucking cost of delivery where can i do it
можно ли сделать заказ из Дели?,delivery,ikshana,ru,is it possible to place an order from Delhi?
"Я хочу посмотреть, сколько времени потребуется, чтобы прибыть росистая доставка.",delivery,ikshana,ru,I want to see how long it takes for the dewlivery to arrive
"Я бы хотел узнать о сроках доставки моего заказа, могу дать мне некоторую информацию.",delivery,bitext,ru,idlike to know about the fucking delivery time of my order can ugive me some information
"Я хотел бы узнать о сроках доставки моей покупки, где я могу получить дополнительную информацию?",delivery,bitext,ru,"I would like to know about the fuckinmg delivery time of my purchase, where could I get more information?"
"хочу узнать больше о сроках доставки моей покупки, могу найти некоторую информацию",delivery,bitext,ru,wanna know more about the delivery time of my purchase can ufind some information
"Я не знаю, как мне указать адрес доставки.",delivery,ikshana,ru,I don't know how I can submit the delivery address
"Я хотел бы проверить чертово время доставки, помогите мне.",delivery,bitext,ru,I'd like to check the fuckling delivery time help me
"Я получил не все купленные товары, сообщите о неполной комплектации",delivery,bitext,ru,"I didn't receive all the products I purchased, report an incomplete package"
Мне нужно увидеть чертову дату доставки моей покупки. Могу ли я это сделать?,delivery,bitext,ru,"I got to see the fucking delivery date of my purchase, were can I do it?"
Я пытаюсь найти информацию об изменении адреса,delivery,ikshana,ru,I am trying to find information about modifying the address
"Мне нужно увидеть чертову стоимость доставки, где мне это сделать?",delivery,bitext,ru,"I need to see the fucking cost of shipping, where do I do it?"
Я хочу указать адрес доставки,delivery,ikshana,ru,I want to submit the shipping address
поставки в Дели,delivery,ikshana,ru,deliveries to Delhi
"Мне нужно указать адрес доставки, помогите мне.",delivery,ikshana,ru,"I have got to submit a shipping address, help me"
"моя посылка не укомплектована, как я могу сообщить об отсутствующем товаре?",delivery,bitext,ru,"my shipment is not complete, how could I report a missing product?"
у меня возникли проблемы с отправкой другого адреса доставки,delivery,ikshana,ru,i have a trouble submitting a different shipping address
вы отправляете в Индию?,delivery,ikshana,ru,do you ship to India?
"моя доставка не завершена, мне нужна помощь, чтобы сообщить о чертовой неполноте заказа",delivery,bitext,ru,"my delivery is not complete, I want  assistance to report a fucking incomplete order"
"помогите проверить, как скоро я получу свой продукт",delivery,ikshana,ru,assistancxe checking how soon can I expect my product
У меня возникла проблема с обновлением адреса доставки.,delivery,ikshana,ru,I have a problem updating my delivery address
"мне нужна помощь, чтобы узнать, как скоро я смогу получить свой продукт",delivery,ikshana,ru,i want assisyance to see how soon can i expect my product
Я бы хотел сообщить о проблемах с доставкой моего груза. Где мне это сделать?,delivery,bitext,ru,I'd ilke to report delivery issues with my shipment where do i do it
Я получил не все заказанные товары. Можете ли вы помочь мне сообщить о неполном заказе?,delivery,bitext,ru,"I did not receive all the products I ordered, can you help me report an incomplete order?"
Где я могу получить информацию о стоимости доставки?,delivery,bitext,ru,were can I get information about the shipping cost?
"Мне нужно увидеть чертову дату доставки моей покупки, мне нужна помощь.",delivery,bitext,ru,"I got to see the fucking delivery date of my purchase, I need assistance"
"Я хотел бы увидеть чертову дату доставки, помогите мне.",delivery,bitext,ru,"I would like to see the fucking delivery date, help me"
"мне нужна помощь, чтобы узнать, когда прибудет моя посылка",delivery,ikshana,ru,i want assistance seeing when my shipment is gonna arrive
"помогите проверить, какие у меня чертовы способы доставки",delivery,ikshana,ru,assistance checking what damn shipping methods I have
можно ли заказать из Дели?,delivery,ikshana,ru,is it possible to order from Delhi ?
расскажи мне больше о редактировании моего адреса,delivery,ikshana,ru,tell me more abou editing my address
"как я могу увидеть, какие чертовы варианты доставки доступны?",delivery,ikshana,ru,how can I see what fucking shipment options are available?
"мой заказ был утерян, как мне сообщить о проблемах с доставкой?",delivery,bitext,ru,"my order has been lost, how do I report fucking delivery problems ?"
хочу отправить обзор продукта,other,bitext,ru,wanna sen a product review
"Я хотел бы поговорить с агентством, могу ли я получить помощь?",other,bitext,ru,"I'd like to talk to an ageny, could I get some help?"
"Я хочу предложить чертовы предложения по улучшению продукта, где я могу это сделать?",other,bitext,ru,"I want to propose fucking product improvement suggestions, where can I do it?"
"нужно отправить предложение по улучшению продукта, как я могу это сделать",other,bitext,ru,need to submit a product improvement suggestion how can i do it
"Я хотел бы отправить чертов комментарий о твоей компании, ох, я это сделаю",other,bitext,ru,id like to send a fucking comment about ur company ohw do i do it
"мне нужно отправить отзыв о продукте, помогите мне",other,bitext,ru,i have to submit product feedback help me
"У меня чертов отзыв, не могли бы вы помочь мне его отправить?",other,bitext,ru,"I have fucking feedback, could you help me sending it?"
"мне нужно отправить комментарии к продукту, не могли бы мне помочь",other,bitext,ru,i got to send product comments could uhelp me
"Мне нужно отправить отзыв о продукте, мне нужна помощь",other,bitext,ru,"I got to send a product review , I need help"
"хочу отправить жалобу, мне нужна помощь",other,bitext,ru,wanna send a complaint i need assistance
"Мне нужно отправить чертову жалобу на ваш бренд, где это сделать?",other,bitext,ru,"I got to send a fucking complaint about your brand, where to do it?"
"Я хотел бы оставить чертовы комментарии о продуктах, которые могут мне помочь.",other,bitext,ru,I'd like to submit fucknig comments about products could uhelp me
"Я вас не понимаю, мне нужна помощь, чтобы поговорить с оператором",other,bitext,ru,"I do not understand you, I need help to talk to a operator"
"Я хотел бы предложить чертову идею по улучшению продукта, как я могу это сделать?",other,bitext,ru,"I would like to propose a fucking product improvement idea, how can I do it?"
"мне нужно отправить чертов отзыв о твоем бренде, где я могу это сделать",other,bitext,ru,need to send fucking feedback about ur brand where can i do it
"Я хочу подать жалобу на продукцию, как мне это сделать?",other,bitext,ru,"I'd like to submit complaints about products , how do I do it?"
"Мне нужно поговорить с человеком, как мне это сделать?",other,bitext,ru,"I need to speak with a person, how ca I do it?"
"Мне нужна помощь, чтобы представить идею",other,bitext,ru,I need help to submit an ideaz
"Мне нужно поговорить с чертовым человеком-агентом, где я могу это сделать?",other,bitext,ru,"I have to talk to a fucking human agent , where could I do it?"
"у меня чертовски жалоба на твой бренд, могу ли я ее отправить?",other,bitext,ru,i have a fucking complaint about ur brand could i send it
Мне нужно отправить чертов комментарий о вашей компании.,other,bitext,ru,I have to send an fucking comment about your company
"Я хотел бы послать чертовы идеи по улучшению продукта, могу ли я получить помощь?",other,bitext,ru,I'd like to send fucking ideas for making a product better can i get some help
"Я хотел бы отправить идею продукта, вы мне поможете?",other,bitext,ru,id like to send a product ide will ya help me
"Мне нужно оставить чертов комментарий о вашей компании, как я могу это сделать?",other,bitext,ru,"I got to submit a fucking comment about your company, how can I do it?"
"Я хотел бы подать чертову жалобу на твой бренд, помоги мне.",other,bitext,ru,id like to submit a fucking complaint about ur brand will uhelp me
"Мне нужно представить идеи, вы мне поможете?",other,bitext,ru,"I ahve to submit ideas, will you help me?"
"Я хотел бы подать гребаную жалобу, где я могу это сделать?",other,bitext,ru,"I'd like to submit a fucking complaint, where can I do it?"
"Мне нужно отправить комментарий к товару, где это сделать?",other,bitext,ru,"I got to sumbit product comments, where to do it?"
"хочу оставить комментарии о продуктах, где это сделать",other,bitext,ru,wanna submit comments about products where to do it
"Я хотел бы поговорить с кем-нибудь, как мне это сделать?",other,bitext,ru,"I'd like to speakwith someone, how can I do it?"
"Мне нужно отправить предложения по продуктам, где я могу это сделать?",other,bitext,ru,"I have to send product suggestions, where could I  do it?"
"Я хотел бы оставить комментарий о вашем бренде, помогите мне.",other,bitext,ru,I'd like to send a comment about ur brand help me
"Я хотел бы оставить чертов комментарий о продукте, где я могу это сделать",other,bitext,ru,I'd like to leave a fucking coment about a product where can i do it
"я не понимаю, как мне поговорить с агентом-человеком",other,bitext,ru,i dont understand uhow do i talk to a human agent
"я не понимаю, мне нужно поговорить с человеком",other,bitext,ru,i do not understand ui have to speak with a person
могу ли я предложить чертовски продукт?,other,bitext,ru,could I propose a fucking product  suggestion?
"хочу отправить отзыв о вашем бренде, как я могу это сделать",other,bitext,ru,wanna send feedback  about ur brand how can i do it
"Я тебя не понимаю, помоги мне поговорить с чертовым человеком.",other,bitext,ru,"I don't undersand you, help me talk to a fucking human"
"Мне нужно поговорить с человеком, ты можешь мне помочь?",other,bitext,ru,"I ned to talk to a human, could you help me?"
"Я хочу поговорить с человеком, вы мне поможете?",other,bitext,ru,"I want to speak with a person, will you help me?"
"У меня есть отзыв, вы поможете мне его отправить?",other,bitext,ru,"I have feedback, will you help me sending it?"
Не могли бы вы помочь мне отправить чертовы жалобы на продукты?,other,bitext,ru,could ya help me submitting fucking complaints about products
"Я тебя не понимаю, можешь помочь мне поговорить с кем-то, черт возьми?",other,bitext,ru,"I don't understand you, can you help me talking to fucking someone?"
"Я хотел бы поговорить с чертовым оператором, могу ли я получить помощь?",other,bitext,ru,"I would like to talk to a fucking operator, can I get some help ?"
как я могу оставить комментарий о товаре?,other,bitext,ru,how can I leave a comment about a product ?
"я не понимаю, мне нужна помощь, чтобы поговорить с оператором",other,bitext,ru,i dont understand ui want help to speak with an operator
"Хочу отправить идеи, куда это сделать?",other,bitext,ru,"I would like to send ideas, where to do it?"
"Я хочу оставить отзыв о продукте, где я могу это сделать?",other,bitext,ru,"I want to submit a fucking product review, where can I do it?"
"Я хотел бы оставить отзыв о продукте, мне нужна помощь",other,bitext,ru,"I'd like to submit a product review, I need assistance"
"Мне нужно отправить чертов отзыв о продукте, как я мог это сделать?",other,bitext,ru,"I got to send fucking feedback for a product, how could I do it?"
"Мне нужно отправить чертовы предложения по продукту, как я мог это сделать?",other,bitext,ru,"I got to submit fucking suggestions for a product, how could I do it?"
"мне нужно отправить отзыв, чтобы сделать это",other,bitext,ru,i have to submit a review hoe to do it
"нужно поговорить с кем-нибудь, где это сделать",other,bitext,ru,need to talk to someone where to do it
где cvan я могу оставить отзыв,other,bitext,ru,where cvan i submit a review
"хочу отправить чертов отзыв, где мне это сделать?",other,bitext,ru,wanna send fucking feedback where do i do it
"мне нужна помощь, чтобы представить чертову идею продукта",other,bitext,ru,i need assistance tp submit a fucking product idea
куда я могу подать жалобу на товар?,other,bitext,ru,where do I submit complaints about a product?
"Я хотел представить чертовы идеи, где мне это сделать?",other,bitext,ru,"I newed to submit fucking ideas, where do I do it?"
мне нужна помощь в отправке отзыва о продукте,other,bitext,ru,i want assistance to submit product feedback
"я бы хотел поговорить с кем-нибудь, где я мог бы это сделать",other,bitext,ru,id like to speak with somebody where could i do it
"Мне нужно поговорить с чертовым кем-нибудь, помоги мне.",other,bitext,ru,"I need to speak with fucking someone, help me"
"Я хотел бы отправить идею продукта, как я могу это сделать?",other,bitext,ru,"I'd like to send an product idea, how could I do it?"
"я не понимаю, ты не мог бы помочь мне поговорить с чертовым человеком",other,bitext,ru,i dont understand ucould uhelp me to speak with a fucking human
у меня жалоба на продукцию,other,bitext,ru,i have a complaint about a producy
"Я бы хотел поговорить с кем-нибудь, черт возьми, мне нужна помощь",other,bitext,ru,id like to speak with fucking someone i need help
"Я хотел бы отправить чертов отзыв, где мне это сделать?",other,bitext,ru,"I'd like to send fucking feedback, where do I do it?"
"хочу подать жалобу на свой бренд, где это сделать",other,bitext,ru,wanna submit a complaint about ur brand where to do it
"у меня есть комментарий о продукте, как я могу его отправить",other,bitext,ru,i havea comment about a product how could i send it
нужно поговорить с чертовым оператором,other,bitext,ru,need to speak with a fucking operator
"Мне нужна помощь, чтобы отправить предложения по продуктам",other,bitext,ru,I need assistance to send product suggestions
"я не понимаю, мне нужна помощь, чтобы поговорить с кем-то трахающимся",other,bitext,ru,i dont understand ui want assistance to talk to fucking someone
"Я бы хотел поговорить с чертовым человеком, который мог бы мне помочь.",other,bitext,ru,I'd like to talk to a fucking human could uhelp me
"У меня есть чертов комментарий о вашем бренде, как я могу его отправить?",other,bitext,ru,"I have a fucking comment about your brand,how can I submit it?"
Я бы хотел поговорить с чертовым кем-нибудь,other,bitext,ru,I'd like to talk to fucking somebody
как мне подать чертову потребительскую претензию?,other,ikshana,ru,how do I lodge a damn consumer reclamation?
как подать жалобу клиента,other,ikshana,ru,how tolodge a customer complaint
"Я не доволен вашей работой, как мне предъявить претензию?",other,ikshana,ru,I'm not happy with ur work how do i make a claim
подать иск потребителя против вашей компании,other,ikshana,ru,file consumer reclamation against ur company
как я могу поговорить с агентом-человеком?,other,ikshana,ru,how can I talk with a human agent?
"что мне нужно сделать, чтобы связаться с человеком?",other,ikshana,ru,what do I have to do to contact a person?
"Я звоню, чтобы подать жалобу клиента на вашу организацию",other,ikshana,ru,i call to lodge a customer complaint against ur organization
помогите поговорить с помощником,other,ikshana,ru,help to speak with aj assistant
нужна помощь в подаче потребительского иска против вашей организации,other,ikshana,ru,need help lodging a consumer claim against your organization
"я не знаю, что мне нужно сделать, чтобы поговорить с живым агентом",other,ikshana,ru,i  dont know what i need to do to speak with a live agent
я должен подать иск против твоего бизнеса,other,ikshana,ru,i have to make a claim against ur business
"Я не знаю, что мне нужно сделать, чтобы связаться с помощником",other,ikshana,ru,I do not know what I have to do to contact an assistant
Мне нужно поговорить с агентом-человеком,other,ikshana,ru,I need to speak with a human agent
нужна помощь в подаче потребительского иска против вашего бизнеса,other,ikshana,ru,need asistance filing a consumer claim against your business
Я хочу связаться с агентом,other,ikshana,ru,I want to contact an agent
Мне нужна помощь в составлении рекламации клиента,other,ikshana,ru,I want assistance to make a customer reclamation
"Мне нужна помощь, чтобы подать иск",other,ikshana,ru,I need help to make a claim
"Я хочу подать рекламацию клиента, могу ли я получить помощь?",other,ikshana,ru,"I want to file a customer reclamation, can I get some help?"
"нужна помощь, чтобы поговорить с живым агентом",other,ikshana,ru,want assistance to speak to a live agent
"Я не знаю, как говорить с агентом человека",other,ikshana,ru,I don't know how to speak with a humnan agent
можешь ли ты направить мне живого агента,other,ikshana,ru,can ya direct to me a live agent
подача жалобы клиента на вашу компанию,other,ikshana,ru,filing customer complaint against ur company
Можете ли вы помочь мне подать жалобу потребителя?,other,ikshana,ru,can ya help me lodging an consumer complaint
как мне поговорить с кем-то?,other,ikshana,ru,how do I talk with somebody?
нужна помощь в подаче иска против вашей организации,other,ikshana,ru,want help to make an claim against ur organization
Я хочу подать иск против вашего бизнеса,other,ikshana,ru,I want to oldge a claim against your business
можно ли подать жалобу,other,ikshana,ru,is it possible to lodge a complaint
помогите мне подать иск против вашей компании,other,ikshana,ru,help me file a claim agazinst ur company
"я не знаю, что делать, чтобы возбудить иск потребителя",other,ikshana,ru,i dont know what to do to fgile a consumer claim
Я должен подать иск,other,ikshana,ru,I have to make a claim
Я хочу предъявить претензию клиенту,other,ikshana,ru,I want to make a customer claim
"мне нужна помощь, чтобы поговорить с живым агентом",other,ikshana,ru,i need assistance to speak with a live agent
"Я не знаю, что мне нужно сделать, чтобы подать жалобу клиента.",other,ikshana,ru,I do not know what I need to do to file a customer complaint
можно ли подать чертову претензию от клиента?,other,ikshana,ru,would it be possible to file a damn customer reclamation?
"очень полезно, могу я с кем-нибудь поболтать",other,ikshana,ru,uarent helpful can i chat with somebody
"Мне нужна помощь, чтобы поговорить с кем-нибудь",other,ikshana,ru,I need help to speak to someond
куда я могу подать жалобу клиента на вашу компанию,other,ikshana,ru,where can i file a customer complaint agaist ur company
"Я тебя не понимаю, можешь помочь мне поговорить с агентом?",other,ikshana,ru,"I don't understand you, can you help me talk with an agent?"
"Я не знаю, как мне подать иск против вашей компании.",other,ikshana,ru,I do not know how I can file a claim against your business
"я не знаю, что делать, чтобы поговорить с агентом",other,ikshana,ru,i dont know what to do to chat with an agent
Я пытаюсь подать иск,other,ikshana,ru,I try to file a  claim
"Я не знаю, что мне нужно сделать, чтобы пообщаться с оператором",other,ikshana,ru,I don't know what I need to do to chat with an operator
помогите мне подать жалобу на вашу компанию,other,ikshana,ru,help me make a complaint against ur business
куда я могу подать потребительский иск против вашей компании?,other,ikshana,ru,where could I file a consumer claim against your company?
Я пытаюсь поговорить с агентом,other,ikshana,ru,I am trying to speak to an agent
Мне нужна помощь в подаче иска против вашей компании.,other,ikshana,ru,I need help lodging an reclamation against your company
"Я не знаю, что делать, чтобы поговорить с кем-то",other,ikshana,ru,I don't know what to doto speak to someone
помогите подать жалобу потребителя на вашу компанию,other,ikshana,ru,help filing a consumer complaint against ur business
"мое впечатление от вас было ужасным, подайте жалобу",other,ikshana,ru,"my experience with you was awful, file a reclamation"
Мне нужна помощь в подаче жалобы клиента,other,ikshana,ru,I want help filing a customer complaint
"Я хочу поговорить с человеком, как мне это сделать?",other,ikshana,ru,"I would like to talk with a person, how do I do it?"
помогите мне связаться с кем-нибудь,other,ikshana,ru,help me to contact someone
"Я звоню, чтобы подать жалобу клиента на вашу компанию.",other,ikshana,ru,I call to lodge a customer complaint against your company
"Я крайне недоволен тем, что ваши услуги помогают подать иск.",other,ikshana,ru,I'm extremely unhapp with ur services help to make a claim
Можете ли вы помочь мне подать претензию клиента?,other,ikshana,ru,can you help me file a customer claim?
помогите мне подать иск клиента против вашей компании,other,ikshana,ru,help me to file a customer claim against your business
Можете ли вы помочь мне подать иск против вашей компании?,other,ikshana,ru,can you help me make a claim against your company?
"Я звоню, чтобы подать претензию",other,ikshana,ru,I call to  file a claim
"мне нужна помощь, разговариваю с кем-то",other,ikshana,ru,i want assistance talking with somebody
помощь в предъявлении претензии клиенту против вашей организации,other,ikshana,ru,assistance to make a customer claim agaisnt ur organization
можешь помочь мне поговорить с ассистентом?,other,ikshana,ru,can you help me speaking to an assistant?
"я не знаю, что мне нужно сделать, чтобы поговорить с ассистентом",other,ikshana,ru,i dont know what i have to do to talk to an assistant
Можете ли вы помочь мне составить претензию клиента?,other,ikshana,ru,can you help me make a customer claim?
как предъявить чертову претензию клиенту к вашему бизнесу?,other,ikshana,ru,how to make a damn customer claim against your business?
я пытаюсь поговорить с кем-нибудь,other,ikshana,ru,i try to speak with someone
могу ли я связаться с помощником?,other,ikshana,ru,can I contact an assistant?
поговорить с агентом,other,ikshana,ru,talk to agent
пообщаться с помощником,other,ikshana,ru,chat with assistant
Могу ли я подать рекламацию клиента?,other,ikshana,ru,can I make a customer reclamation?
Я не могу поговорить с ассистентом,other,ikshana,ru,I cannot speak with an assistant
"Я недоволен вашей работой, пишите претензию.",other,ikshana,ru,"I am unhappy with your work, lodge a claim"
"что мне нужно сделать, чтобы пообщаться с агентом?",other,ikshana,ru,what do I have to do to chat with an agent?
как я могу поговорить с оператором,other,ikshana,ru,how can i talk with an opertaor
"мне нужна помощь, чтобы поговорить с кем-то",other,ikshana,ru,i need assistance to talk with someone
"я не знаю, как подать жалобу клиента",other,ikshana,ru,i do not know how to file a customer complaint
помощь в составлении иска,other,ikshana,ru,assistance to file a claim
как мне подать претензию?,other,ikshana,ru,how can I file a reclamation?
"мне нужно поговорить с чертовым кое-кем, ты можешь мне помочь?",other,bitext,ru,i have to talk to fucking someone could ya help me
"у меня есть чертов комментарий о твоем бренде, мне нужна помощь, чтобы отправить его",other,bitext,ru,i have a fucking comment about ur brand i need help submitting it
"Я хотел бы отправить долбанную идею, как сделать продукт лучше, где я могу это сделать?",other,bitext,ru,"I would like to send a fucking idea for making a product better, where could I do it?"
"мне нужно отправить чертовы предложения, мне нужна помощь",other,bitext,ru,i got to submit fucking suggestions i need assistance
"Мне нужно поговорить с чертовым человеком, где мне это сделать?",other,bitext,ru,"I have to speak with a fucking person, where do I od it?"
куда мне подать иск против вашего бизнеса,other,ikshana,ru,where do i lodge a reclamation against ur business
"мне нужна помощь, чтобы отправить чертов отзыв",other,bitext,ru,i need help to send fucking feedback
мне нужно поговорить с человеком,other,ikshana,ru,I have to speak with a person
"Я хотел бы отправить жалобы на продукт, не могли бы мне помочь",other,bitext,ru,id like to send complaints about a product could uhelp me
"мне нужна помощь, чтобы отправить комментарий о вашем бренде",other,bitext,ru,i need assistance to send a comment about ur brand
"мне нужно оставить комментарии о продуктах, это поможет мне",other,bitext,ru,i have to submit comments about products will uhelp me
нужно подать чертову жалобу от клиента,other,ikshana,ru,need to lodge a fucking customer complaint
"Я хотел бы оставить комментарий, могу ли я получить помощь?",other,bitext,ru,"I would like to send a comment, could I get some help?"
"я не знаю, что мне нужно сделать, чтобы пообщаться с кем-нибудь",other,ikshana,ru,i do not know what i have to do to chat with somebody
"Я не знаю, как подать жалобу от потребителя.",other,ikshana,ru,I don't know how to file a consumer complaint
куда я могу подать жалобу на ваш бренд?,other,bitext,ru,where can I submit a complaint about yor brand?
"Я вас не понимаю, мне нужна помощь, чтобы поговорить с агентом-человеком.",other,bitext,ru,"I do not understand you, I need assistance to talk to a human agent"
"мне нужно подать чертову жалобу на твою компанию, как это сделать",other,bitext,ru,i hae to submit a fucking complaint about ur company how to do it
"что мне нужно сделать, чтобы пообщаться с ассистентом?",other,ikshana,ru,what do  I need to do to chat with an assistant?
"мне нужно отправить чертов отзыв, мне нужна помощь",other,bitext,ru,i have to send a fucking review i need help
"У меня есть чертов комментарий о твоем бренде, я бы хотел его отправить.",other,bitext,ru,"I have a fucking comment about your brand, I'd like to send it"
как подать претензию клиента против вашей организации,other,ikshana,ru,how to file a customer reclamation against ur organization
"Мне нужно подать жалобу на товар, могу ли я получить помощь?",other,bitext,ru,"I got to submit a fucking complaint about a product, can I get some help?"
"я не понимаю тебя, как я могу говорить с этим чертовым человеком",other,bitext,ru,i do not understand ya how can i speak with a fukcing human
"Я тебя не понимаю, мне нужна помощь, чтобы поговорить с кем-нибудь, блядь,",other,bitext,ru,"I do not understand you, I need assistance to speak with fucking someone"
"У меня есть предложение, как сделать ваш продукт лучше. Можете ли вы помочь мне отправить его?",other,bitext,ru,i have a suggestion to make ur product better can ya help me sending it
Мне нужно отправить чертов отзыв о твоем бренде. Можете мне помочь?,other,bitext,ru,need to send fucking feedback about ur brand can uhelp me
"я не знаю, что мне нужно сделать, чтобы поговорить с кем-то",other,ikshana,ru,i do not know what i need to do to talk with somebody
Куда мне снова подать жалобу клиента на вашу компанию?,other,ikshana,ru,where do I file a customer complaint againwt your company?
Мне нужно связаться с человеком,other,ikshana,ru,I have got to contact a person
"Мне нужно отправить отзыв о продукте, где я могу это сделать?",other,bitext,ru,"I got to submit fucking product feefback, where can I do it?"
Могу ли я подать рекламацию клиента против вашей компании,other,ikshana,ru,can i make a customer reclamation against ur company
я не могу говорить с агентом,other,ikshana,ru,i cannot speak with an  agent
Мне нужно подать жалобу на ваш бренд. Вы мне поможете?,other,bitext,ru,"I got to submit a complaint about your brand, will you ehlp me?"
"У меня есть жалоба, помогите мне ее подать",other,bitext,ru,"I have a complaint, helpme to submit it"
"Я хотел бы поговорить с чертовым агентом-человеком, помогите мне.",other,bitext,ru,"I would like to speak with a fucking human agent, help me"
"Мне нужно отправить чертов отзыв, могу ли я получить помощь?",other,bitext,ru,"I need to send fucking feedback , can I get some help?"
подача потребительского иска против вашего бизнеса,other,ikshana,ru,filing consumer reclamation against your business
подача иска против вашего бизнеса,other,ikshana,ru,lodging claim against ur business
Я пытаюсь поговорить с ассистентом,other,ikshana,ru,I'm trying to speak with an assistant
"Я не знаю, как говорить с агентом-человеком",other,ikshana,ru,I don't know how to speak to a human agent
хочу подать жалобу потребителя на вашу организацию,other,ikshana,ru,wanna file a consumer complaint aganst ur organization
"Я не знаю, что мне нужно сделать, чтобы предъявить потребительскую претензию.",other,ikshana,ru,I don't know what I need to do to make a consumer claim
"у меня есть отзыв о продукте, помогите, мистер, отправьте его",other,bitext,ru,i have product feedback will uhelp mr submit it
"я не понимаю, тебе нужна помощь, чтобы поговорить с чертовым человеком",other,bitext,ru,i dont understand ui need help pseaking with a fucking person
"Я хотел бы поговорить с оператором, как это сделать?",other,bitext,ru,"I would like to speak with an operator, how to do it?"
"Я хотел бы оставить комментарий о продукте, могу ли я получить помощь?",other,bitext,ru,"I'd like to sumbit comments about a product, could I get some help?"
"мне нужна помощь, чтобы поговорить с агентом-человеком",other,ikshana,ru,i want assistance to talk with a human agent
"У меня есть комментарий о вашей компании, помогите мне его отправить.",other,bitext,ru,"I have a comment about your company, ehlp me sending it"
Я пытаюсь подать жалобу от клиента,other,ikshana,ru,I am trying to make a customer complaint
"Я тебя не понимаю, помоги мне поговорить с кем-нибудь",other,bitext,ru,"I do not understand you, help me to speak with someone"
"у меня есть предложение по улучшению вашего продукта, можете ли вы его прислать?",other,bitext,ru,i have a suggestion to improve ur product can ya send it
Я хочу подать жалобу на вашу компанию,other,bitext,ru,I want to submit a complaint about your company
"мне нужна помощь, чтобы поговорить с чертовым оператором",other,bitext,ru,i want assistance to speak with a fuckinh operator
мне нужна помощь с отправкой чертовых жалоб на продукт,other,bitext,ru,i need assistance submitting fucking complaints about a product
"мне нужно предложить чертову идею, как сделать продукт лучше, не мог бы ты мне помочь",other,bitext,ru,iu got to submit a fucking idea for making a product better could uhelp me
можно ли отправить отзыв о продукте?,other,bitext,ru,is it possible to send product feedback?
Мне нужна помощь в отправке идей для продукта,other,bitext,ru,I want help submitting ideas for a product
можно ли оставить чертов отзыв,other,bitext,ru,would it be possible to submit a fucking review
"нужна помощь, разговариваю с оператором",other,ikshana,ru,want assistance talking to an operator
"нужно поговорить с агентом, где я могу это сделать",other,bitext,ru,need to speak with an agent where could i do it
Мне нужно отправить чертовы жалобы на продукт.,other,bitext,ru,I need to send fucking complaints about a product
хочу помочь поговорить с человеком,other,ikshana,ru,want help to speak with an person
"у меня есть отзыв о вашей компании, не могли бы вы помочь мне отправить его?",other,bitext,ru,i have feedback about ur company could ya help me send it
Мне нужна помощь в разговоре с агентом-человеком,other,ikshana,ru,I want help talking with a human agent
"у меня есть чертов отзыв о вашей компании, помогите мне отправить его",other,bitext,ru,i have fuccking feedback about ur company help me to submit it
"Я хочу оставить отзыв о вашей компании, могу ли я получить некоторую помощь?",other,bitext,ru,"I want to submit fucking feedback about your company, could I get some help?"
"нужно отправить идеи для продукта, где мне это сделать",other,bitext,ru,need to send ideas for a product where do i do it
Нужна помощь в подаче иска клиента против вашей организации,other,ikshana,ru,need help to file an customer claim against ur organization
"Я хочу представить идею продукта, мне нужна помощь",other,bitext,ru,"I want to submit a product idea, I need help"
"Мне нужно подать чертову жалобу на вашу компанию, помогите мне.",other,bitext,ru,"I need to submit  a fucking complaint about your company, help me"
"Мне нужно отправить чертово предложение по продукту, как это сделать?",other,bitext,ru,"I haveto send a fucking product suggestion, how to do it?"
"Мне нужно оставить отзыв, где это сделать?",other,bitext,ru,"I need to submit a fucking review , where to do it?"
"нужно представить чертовы идеи по улучшению продукта, помогите мне",other,bitext,ru,need to submit fucking ideas for improving a product hepl me
"Я хочу подать чертову жалобу, как я могу это сделать?",other,bitext,ru,"I want to submit a fucking complaint, how could I do it?"
"хочу оставить чертов отзыв, ты мне поможешь?",other,bitext,ru,wanna submit a fucking review will ya help me
"опыт с тобой был плохим, помогите мне подать жалобу",other,ikshana,ru,the eperience with ya was bad help me to lodge a reclamation
Я хотел бы отправить предложения по улучшению продукта. Можете ли вы мне помочь?,other,bitext,ru,"I'd like to submit product improvement suggestions , can you help me?"
"хочу предложить идею по улучшению продукта, как я могу это сделать",other,bitext,ru,wanna submit an idea for making aproduct better how could i do it
"мне нужна помощь, чтобы отправить предложение",other,bitext,ru,i need help submitting a suggestion
"Мне нужно поговорить с чертовым агентом, могу ли я получить помощь?",other,bitext,ru,"I ned to talk to a fucking agent, can I get some help?"
"Я хотел бы предложить идеи по улучшению продукта, где мне это сделать?",other,bitext,ru,"I would like to propose product improvement ideas, where do I do it?"
Маки жалоба,other,ikshana,ru,makie complaint
"Я хочу отправить идею продукта, не могли бы вы мне помочь?",other,bitext,ru,"I want to send aproduct idea, could you help me?"
"у меня чертов комментарий к товару, помоги мне его отправить",other,bitext,ru,i have a fucking product coment will uhelp me sending it
"Я хотел бы отправить отзывы о продуктах, где я могу это сделать",other,bitext,ru,I'd like to submit clmments about products where can i do it
Я хотел бы оставить комментарий о вашем бренде,other,bitext,ru,I wolud like to submit a comment about your brand
"Я хотел бы отправить отзыв, где я могу это сделать",other,bitext,ru,id like to send feedback where can i do it
"Я хочу отправить идею продукта, как это сделать?",other,bitext,ru,"I want to send an idea for a product, how to do it ?"
"Мне нужно отправить чертов отзыв о продукте, могу ли я получить помощь?",other,bitext,ru,i hzve to send fucking product feedback can i get some help
Я хотел бы предложить идею по улучшению продукта,other,bitext,ru,I'd like to  submit a product improvement idea
нужна помощь в связи с оператором,other,ikshana,ru,need assistance contacting an operator
где я могу отправить чертово предложение по продукту?,other,bitext,ru,where can I submit a fucking product suggestion?
"мне нужно оставить чертов комментарий, где это сделать",other,bitext,ru,i have to submit a fuckingcomment where to do it
"хочу поговорить с человеком, могу ли я получить помощь",other,bitext,ru,wanna speak with a human could i get some help
Можете ли вы помочь мне подать иск клиента против вашей компании?,other,ikshana,ru,can you help me make a customer claim against your company?
"Мне нужно отправить чертовы предложения по продукту, вы мне поможете?",other,bitext,ru,"I have to send fucking suggestions for a product, will you help me?"
можешь помочь мне поговорить с кем-нибудь?,other,bitext,ru,can you help me talking to someone?
"Я не знаю, как мне подать иск",other,ikshana,ru,I don't know how I could file a claim
Я пытаюсь подать жалобу,other,ikshana,ru,I try to make a complaint
"Я не доволен вашей работой, подам жалобу на потребителя.",other,ikshana,ru,"I ain't happy with your work, file a consumer claim"
помогите мне подать потребительский иск,other,ikshana,ru,help me to lodge a consumer claim
Я пытаюсь поговорить с кем-то,other,ikshana,ru,I am trying to chat with someone
"мне нужно оставлять чертовы комментарии о продукте, как я могу это сделать",other,bitext,ru,i have to submit fucking comments about a product how could i do it
нужна помощь в подаче иска потребителя,other,ikshana,ru,want help filiong a consumer claim
куда отправлять чертовы предложения по улучшению продукта,other,bitext,ru,whereto send fucking product improvement suggestions
"Я хотел бы поговорить с чертовым агентом-человеком, могу ли я получить помощь?",other,bitext,ru,"I'd like to speak with a fucking human agent, could I get some help?"
"Я хочу оставить комментарий о вашем бренде, мне нужна помощь",other,bitext,ru,"I want to send  a comment about your brand, I need help"
"Я хотел бы оставить чертовски предложение, могу ли я получить помощь?",other,bitext,ru,"I'd like to submit a fucking suyggestion, can I get some help?"
как я могу оставить чертов отзыв о продукте,other,bitext,ru,how can i submit fucking feedback for a product
"Мне нужно отправить идею, могу ли я получить помощь?",other,bitext,ru,"I need to send an idea, can I get some help?"
"Мне нужно отправить комментарий о вашем бренде, можете ли вы мне помочь?",other,bitext,ru,"I need to send a comment about your brand, can you help me?"
"Мне нужно отправить отзыв о вашей компании, где это сделать?",other,bitext,ru,"I have to send feedback about your company, where to do it?"
можете помочь мне отправить отзыв о продукте,other,bitext,ru,can uhelp me sending productfeedback
"у меня есть офигенный отзыв о продукте, мог бы его использовать",other,bitext,ru,i have fucking product feedback could usend it
можешь помочь мне связаться с кем-нибудь,other,ikshana,ru,can ya help me contactsomebody
мне нужна помощь в составлении потребительской претензии,other,ikshana,ru,i need help making a consumer reclamation
"нужно отправить чертовски предложение по улучшению продукта, помогите мне",other,bitext,ru,need to submit a fucking suggestion for making a product better helop me
"хочу оставить отзыв о вашем бренде, могу ли я получить помощь",other,bitext,ru,wanna submit a commemt about ur brand could i get some help
"я не понимаю, как общаться с кем-то",other,bitext,ru,i do not understand uhow to seak with somebody
"Мне нужно оставить отзыв о продукте, где это сделать?",other,bitext,ru,"I got to submit fucking feedback for a product, where ot do it?"
где я могу оставить отзыв о вашем бренде?,other,bitext,ru,where do I submit feedback about your brand?
Мне нужна помощь в общении с кем-то,other,ikshana,ru,I want assistance chatting with someone
"Я хотел бы отправить предложение по улучшению продукта, где это сделать",other,bitext,ru,id like to submit a product improvement suggestion where to do it
"Мне нужно с кем-нибудь поговорить, как мне это сделать?",other,bitext,ru,"I need to talk to somebody , how do I do it?"
помоги мне пообщаться с кем-нибудь,other,ikshana,ru,help me chat with someone
Мне нужно отправить отзыв,other,bitext,ru,I need ot submit feedback
Я пытаюсь подать жалобу клиента,other,ikshana,ru,I am trying to lodge a customer complaint
Можете ли вы помочь мне подать гребаную рекламацию от клиента?,other,ikshana,ru,can you help me to file a fucking customer reclamation?
"Я хотел бы отправить комментарий о вашем бренде, где это сделать",other,bitext,ru,I'd like to send a comment about ur brand where to do it
"мне нужно поговорить с чертовым человеком, где я могу это сделать",other,bitext,ru,i have to talk to fucking someone where could i do it
"Мне нужно отправить чертов отзыв о вашем бренде, вы можете мне помочь?",other,bitext,ru,"I need to send fucking feedback about your brand, can you help me?"
как отправить отзыв о вашем филиале?,other,bitext,ru,how to submit feedback about your branx?
помогите мне оставить отзыв о продукте,other,bitext,ru,help me to submit feedback for a product
можешь помочь мне поговорить с чертовым человеком?,other,bitext,ru,can you help me to speak with a fucking person?
"Мне нужно подать жалобу, могу ли я получить помощь?",other,ikshana,ru,"I have got to lodge a complaint, can I get some help?"
"waqnna, отправь чертов отзыв, можешь мне помочь?",other,bitext,ru,waqnna submit a fucking review could ya help me
мне нужно поговорить с кем-нибудь,other,bitext,ru,i gotto speak with somebody
"Мне нужно отправить отзыв, помогите мне",other,bitext,ru,"I need to submit feedback, help me"
"Я хотел бы поговорить с агентом, могу ли я получить помощь?",other,bitext,ru,"I would like to speak with an agent, can I get some help?"
нужно поговорить с чертовым человеком,other,bitext,ru,need to talk to a fucking person
"Я бы хотел поговорить с кем-нибудь, мне нужна помощь",other,bitext,ru,I'd like tyo speak with someone i need help
"мне нужно поговорить с агентом, мог бы мне помочь",other,ikshana,ru,i have got to talk with an agent  could uhelp me
"Мне нужно оставить отзыв о вашей компании, как я могу это сделать?",other,bitext,ru,"I have to submit fucking feedback about your compamy, how could I do it?"
"я сделал чертов заказ, но мне не пришел счет, могу ли я его скачать?",payment_refund,bitext,ru,i made a fuckingorder and i got no invoice could i download it
как я могу получить информацию о чертовом статусе моего возмещения,payment_refund,bitext,ru,how could i get infoirmation about the fucking status of my reimbursement
"Мне нужно увидеть ваши варианты оплаты, как это сделать?",payment_refund,bitext,ru,"I need to see your payment options, how to do it?"
"моя карта не работает, мне нужно сообщить о чертовой проблеме с оплатой",payment_refund,bitext,ru,"my card did not work, I got to notify of a fucking payment problem"
"я ищу информацию о чертовом статусе моего возмещения, как я могу его получить",payment_refund,bitext,ru,im looking for information about the fuckig status of my reimbursement how could i get it
Я не получил подтверждение платежа. Помогите мне сообщить о чертовой проблеме с оплатой.,payment_refund,bitext,ru,i didnt get a payment confirmation help me notifying of a fuckingpayment issue
"я сделал чертов заказ и не получил счет, мне нужна помощь, чтобы его скачать",payment_refund,bitext,ru,i made a fucking order and i did not get a bill i need assistance to download it
Я хотел бы получить счет,payment_refund,bitext,ru,I'd like to get a bill
Я хочу произвести оплату,payment_refund,bitext,ru,I want to make a payment
"хочу сделать чертов платеж, как это сделать",payment_refund,bitext,ru,wanna make a fucking payment how to do itr
"Мне нужно увидеть чертов статус моего возмещения, могу ли я получить некоторую помощь?",payment_refund,bitext,ru,need to see the fucking status of my refund could io get some help
"мне нужно заплатить картой, где это сделать",payment_refund,bitext,ru,i goot to pay with a card where to do it
"Я хотел бы узнать больше о ваших способах оплаты, можете ли вы дать мне некоторую информацию?",payment_refund,bitext,ru,"I would like to know more about your payment options , can you give me some information?"
"Я бы хотел заплатить чертовой картой, ты можешь мне помочь?",payment_refund,bitext,ru,id like to pay by fucking card could ya help me
"Я хочу знать о статусе моего возмещения, как я могу найти дополнительную информацию?",payment_refund,bitext,ru,"I want to know about the fucking status of my reimbursement, how can I find more information?"
"Я совершил покупку, но не получил счет, как мне его запросить?",payment_refund,bitext,ru,"I made a purchase and I didn't receive an invoice, how do I request it?"
"Мне нужно было произвести оплату, как я могу это сделать?",payment_refund,bitext,ru,"I needd to make a payment, how can I do it?"
"Мне нужно проверить вашу политику возмещения, где это сделать?",payment_refund,bitext,ru,"I got to check your reimbursement poicy, where to do it?"
"Я совершил покупку и не получил счет-фактуру, не могли бы вы его получить?",payment_refund,bitext,ru,i made a purchase and i received no invoice could ya get it
"Я хотел бы узнать о вашей чертовой политике возврата денег, дайте мне немного информации.",payment_refund,bitext,ru,"I'd like to know about your fucking money back policy, giveme some information"
"Мне нужно произвести оплату, вы можете мне помочь?",payment_refund,bitext,ru,"I got to make payments , can you help me?"
"Я хочу отследить свой чертов возврат средств, как мне это сделать?",payment_refund,bitext,ru,"I want to track my fucking refund, how do I do it?"
"Я заказал чертову вещь, но не получил счет, помогите мне ее скачать.",payment_refund,bitext,ru,"I ordered a fucking item and I didn't receive a bill, help me downloading it"
"Я бы хотел сделать гребаные переводы, можешь мне помочь.",payment_refund,bitext,ru,I'd like to make fucking transfers can uhelp me
"Мне нужна информация о статусе моего возмещения, как я могу ее получить?",payment_refund,bitext,ru,"I need information aboutt the fucking status of my refund, how could I get it?"
"Я хотел бы сделать переводы, помогите мне",payment_refund,bitext,ru,"I would like to makew transfers, help me"
"мне нужна помощь, чтобы проверить статус моего возмещения",payment_refund,bitext,ru,i need help to check the fucking status of my refund
"Мне нужна помощь, чтобы сделать чертов перевод",payment_refund,bitext,ru,I need help to make a fucking transfer
"я сделал чертов заказ, но мне не пришел счет, помогите мне его получить",payment_refund,bitext,ru,i made a fucking order and i did not get a invoice help me get it
У меня возникла проблема с оплатой дебетовой картой. Можете ли вы сообщить об этом?,payment_refund,bitext,ru,"I'd a problem paying with debit card, can you report it?"
"Я хотел бы проверить статус моего возврата, как я могу это сделать?",payment_refund,bitext,ru,"I'd like to check the status fo my refund, how could I do it?"
У меня возникла проблема с переводом с помощью кредитной карты. Не могли бы вы помочь мне сообщить об этом?,payment_refund,bitext,ru,"I'd a problem making a transfer with credit card, could you help me notify of it?"
"Я хотел бы узнать о вашей гарантии возврата денег, дайте мне некоторую информацию",payment_refund,bitext,ru,id like to know about ur money back guarantee give me some information
"Я хотел бы узнать о вашей политике возврата денег, можете ли вы найти некоторую информацию?",payment_refund,bitext,ru,"I would like to know mord about your money back policy, can you find some information?"
"мне нужна информация о твоих чертовых способах оплаты, где я могу ее получить",payment_refund,bitext,ru,i want information about ur fucking payment methods where could i get it
"Я совершил покупку и не получил счет, могу его получить",payment_refund,bitext,ru,i mzde a purchase and i did not receive a bill can uget it
"Я не могу совершать переводы, сообщаю о проблемах с оплатой",payment_refund,bitext,ru,"I cannot make transfers, report payment prfoblems"
"мне бы хотелось увидеть чертов статус моего возмещения, где это сделать",payment_refund,bitext,ru,id like to see the fucking status of my reimbursement where to do it
"моя дебетовая карта была отклонена, мне нужна помощь, чтобы сообщить о проблеме с оплатой",payment_refund,bitext,ru,"my debit card was declined, I need help reporting a payment problem"
"я ищу информацию о статусе моего возмещения, где я могу его получить",payment_refund,bitext,ru,im looking for information about the fucking status of my reimbursement where can i get it
Я хотел бы узнать о твоих чертовых способах оплаты. Могу найти некоторую информацию.,payment_refund,bitext,ru,I'd like to know about ur fucking payment metods can ufind some information
"Мне нужна информация о вашей политике возврата средств, где я могу ее получить",payment_refund,bitext,ru,I'd  like information about ur refund policy where could i get it
"Я ищу счет, где я могу его найти?",payment_refund,bitext,ru,"I'm looking for a bill, where can I find it?"
"Мне нужно сделать чертов платеж, где я могу это сделать?",payment_refund,bitext,ru,"I need to make a fucking payment, where can I do it?"
"Я заказал товар, но не получил счет. Можете ли вы мне помочь его получить?",payment_refund,bitext,ru,"I ordrred an item and I didn't receive a bill, can you help me to get it?"
Я хотел бы увидеть статус моего возврата. Вы мне поможете?,payment_refund,bitext,ru,"I would like to see the status of my refund, will ytou help me?"
Мне нужна помощь с переводами,payment_refund,bitext,ru,I  need help making transfers
"Мне нужна помощь, чтобы сообщить о чертовых проблемах с оплатой",payment_refund,bitext,ru,i want help to report fucking payment rpoblems
могу ли я увидеть чертов статус моего возврата?,payment_refund,bitext,ru,can i see the fucking status of my refund
"Я не могу сделать перевод, как мне сообщить о проблеме с оплатой?",payment_refund,bitext,ru,"I can't make a transfer, how can I notify of a paymet problem?"
"помогите мне понять, при каких обстоятельствах я могу запросить возврат средств",payment_refund,ikshana,ru,help me see under which circumstances can I ask for a refund
как мне сообщить о проблемах с оплатой?,payment_refund,ikshana,ru,how do I notify of payment problems?
"мне нужно проверить, в каких случаях я могу запросить возврат средств",payment_refund,ikshana,ru,i have to check in what cases can i ask for refunds
хочу помочь получить возврат моих денег,payment_refund,ikshana,ru,want help obtaining refunds of my money
"хочу помочь проверить, есть ли какие-либо новости о моем возврате средств",payment_refund,ikshana,ru,want help to check if there are any news on my refund
вижу счет №85632,payment_refund,ikshana,ru,seeing invoice #85632
"что мне нужно сделать, чтобы загрузить счет № 85632?",payment_refund,ikshana,ru,what do I have to do to download bill #85632?
помогите мне проверить статус возврата,payment_refund,ikshana,ru,help me to check the status of the restitution
"хочу проверить, какие способы оплаты uaccept",payment_refund,ikshana,ru,wanna check what payment methods uaccept
помогите уведомить о гребаной ошибке с онлайн-платежами,payment_refund,ikshana,ru,help notifying of a fucking error with online payments
"я не знаю, как мне перечислить разрешенные вами способы оплаты",payment_refund,ikshana,ru,i dont know how i can list ur allowed payment modalities
Я хочу помощи с требованием компенсации,payment_refund,ikshana,ru,I want assistance demanding a compensation
Мне нужна помощь в поиске счетов от Джона.,payment_refund,ikshana,ru,I want assistance locating my invoices from John
"Я не знаю, что делать, чтобы потребовать возврат денег.",payment_refund,ikshana,ru,I donot know what to do to demand a refund
"покажите мне, в каких ситуациях я могу запросить возврат средств",payment_refund,ikshana,ru,show me in what situations can I request refunds
"я не знаю, что мне нужно сделать, чтобы сообщить о проблемах с платежами",payment_refund,ikshana,ru,i dont know what i have to do to report issues with payments
не могли бы вы помочь мне сообщить о проблемах с оплатой?,payment_refund,ikshana,ru,could you help me inform of troubles with payment?
Я ожидаю скидку 10 долларов,payment_refund,ikshana,ru,I expect a rebate of 10 dollars
"мне нужно получить чертов счет от Джона, мне нужна помощь",payment_refund,ikshana,ru,i have to get my damn invoice from John i need help
мне нужна помощь в проверке способов оплаты,payment_refund,ikshana,ru,i need assistance checking the payment modalities
Я жду возмещения в размере 10 долларов.,payment_refund,ikshana,ru,I'm waiting for a reimbursement of 10 dollars
"Я не знаю, как мне скачать счет №00108.",payment_refund,ikshana,ru,I don't know how I could download my invoice #00108
Нужна помощь в проверке разрешенных способов оплаты,payment_refund,ikshana,ru,need assistance checking ur allowed payment options
"Я не знаю, как скачать счет №37777.",payment_refund,ikshana,ru,I don't knwo how I can download bill #37777
мне нужна помощь в решении чертовой проблемы с оплатой,payment_refund,ikshana,ru,i want help to oslve a bloody issue with payment
получать счета от Джона,payment_refund,ikshana,ru,getbills from John
пришлите мне счет №00108,payment_refund,ikshana,ru,send me invoice #00108
ищу счет от Джона,payment_refund,ikshana,ru,looking for invoice from John
я не вижу твоей политики возврата денег,payment_refund,ikshana,ru,i cant see ur money back policy
можно ли получить возмещение моих денег,payment_refund,ikshana,ru,is it possible to obtain reimbursements of my money
нужна помощь в получении вызова #12588,payment_refund,ikshana,ru,need assistance getting the invokce #12588
Можете ли вы помочь мне проверить разрешенные способы оплаты?,payment_refund,ikshana,ru,can you help me check the allowed payment methods?
"Я потерял чертов счет от Джона, пришли мне его.",payment_refund,ikshana,ru,"I lost the damn bill from John, send it to me"
я ожидаю возмещения 10 долларов,payment_refund,ikshana,ru,i expect a restitution of  $10
"что мне нужно сделать, чтобы получить компенсацию своих денег",payment_refund,ikshana,ru,what do i have to do to receive a compensation of my money
"Мне нужна помощь, чтобы быстро просмотреть счет № 37777.",payment_refund,ikshana,ru,I need assistance to give a quick look at the bill #37777
я заплатил 10 долларов за товар и хочу вернуть свои деньги,payment_refund,ikshana,ru,i have paid  $10 for an item i wanna get my money back
мне нужна помощь в информировании об ошибках с платежами,payment_refund,ikshana,ru,i want help to inform of errors with payments
"Я не знаю, что мне нужно сделать, чтобы получить счет #85632",payment_refund,ikshana,ru,I don't know what I have to do to get the bill #85632
нужно поискать счет от Джона,payment_refund,ikshana,ru,need to look for the invoice from John
см. законопроект № 12588,payment_refund,ikshana,ru,see bill #12588
"Мне нужна помощь, чтобы загрузить мой счет № 37777.",payment_refund,ikshana,ru,I need assistance to dfownload my invoice #37777
Жду блин возврата 10$,payment_refund,ikshana,ru,I'm waiting for a damn refund of  $10
"Мне нужно просмотреть счета от Джона, помогите мне.",payment_refund,ikshana,ru,"I have got to see the bills from John, help me"
мне нужно получить мой счет № 12588,payment_refund,ikshana,ru,need to get my bill #12588
куда я могу сообщить о проблемах с онлайн-платежами,payment_refund,ikshana,ru,where could i inform of problems with online payments
как мне получить возврат денег?,payment_refund,ikshana,ru,how do I obtain a rebate of money?
"как я могу проверить, какие способы оплаты разрешены?",payment_refund,ikshana,ru,how can I check what payment methods are allowed?
"Я пытаюсь узнать, есть ли что-нибудь новое в моем возмещении.",payment_refund,ikshana,ru,I try to know if there is anything new on my refund
Жду скидку 10 долларов,payment_refund,ikshana,ru,I am waiting for a rebate fo 10 dollars
Валютные курсы,payment_refund,runlu,ru,
"Каков обменный курс между 500 долларов, что я фрак?",payment_refund,runlu,ru,
Сколько австралийцев можно купить за один фунт стерлингов?,payment_refund,runlu,ru,
Сколько стоит $X...,payment_refund,runlu,ru,
Сколько у США [валюта_источник: доллары] в 100 евро?,payment_refund,runlu,ru,
Каков обменный курс на английский фунт и наши доллары?,payment_refund,runlu,ru,
Сколько песо за американский доллар?,payment_refund,runlu,ru,
Сколько стоит канадский доллар в США?,payment_refund,runlu,ru,
Сколько песо я могу получить за доллар прямо сейчас?,payment_refund,runlu,ru,
:: проверка валют,payment_refund,runlu,ru,
[Валюта: доллары США] к евро,payment_refund,runlu,ru,
"Если у меня есть 5 долларов, сколько это стоит в AUD?",payment_refund,runlu,ru,
Вы можете сказать мне обменный курс канадской валюты,payment_refund,runlu,ru,
Обмен валюты,payment_refund,runlu,ru,
"Сколько евро я получу за 100,00 [валюта: доллары]",payment_refund,runlu,ru,
Какая цена?,payment_refund,runlu,ru,
Сколько стоит фунт в долл. США?,payment_refund,runlu,ru,
что такое обменный курс доллара,payment_refund,runlu,ru,
Как я преобразую [валюта_источник: доллары] в песо,payment_refund,runlu,ru,
Дайте мне обменный курс между долларом США и канадским долларом.,payment_refund,runlu,ru,
Обменный курс от КАД к доллару США,payment_refund,runlu,ru,
Сколько стоит доллар США против рупии?,payment_refund,runlu,ru,
Это песо стоимостью больше доллара.,payment_refund,runlu,ru,
Текущие ставки на предпоследние периоды,payment_refund,runlu,ru,
Является ли в США 5 [валюта: доллары] Китая [валюта_источник: доллары] стоимостью 5 долларов?,payment_refund,runlu,ru,
Сколько [валюта_источник: доллары] в фунте?,payment_refund,runlu,ru,
Сколько евро 1 доллар?,payment_refund,runlu,ru,
Сколько я получу за 100 мексиканских песо?,payment_refund,runlu,ru,
Что такое [число] евро в долл. США?,payment_refund,runlu,ru,
Какова ставка изменения между долларом США и JPY,payment_refund,runlu,ru,
- какова применимая плата за пересчет валют.,payment_refund,runlu,ru,
:: найти обменный курс для нас к фунту,payment_refund,runlu,ru,
Какова ставка между песо и иеной?,payment_refund,runlu,ru,
Каков обменный курс между динаром и фунтом,payment_refund,runlu,ru,
"Пожалуйста, дайте мне подробности: 1 долл. США = Rs",payment_refund,runlu,ru,
"Обменный курс, который я получу с иностранной валютой",payment_refund,runlu,ru,
"Если бы у меня было 500 долларов, сколько бы это было иен?",payment_refund,runlu,ru,
долл. США/евро,payment_refund,runlu,ru,
Сколько иен за каждый доллар,payment_refund,runlu,ru,
Какова стоимость фунта в Рупи?,payment_refund,runlu,ru,
Сколько евро стоит по сравнению с долларом?,payment_refund,runlu,ru,
Каков обменный курс рупии за доллар?,payment_refund,runlu,ru,
Сколько стоит 1 евро в рупиях.,payment_refund,runlu,ru,
Каков обменный курс между США и Мексикой?,payment_refund,runlu,ru,
Сколько йен за доллары сегодня?,payment_refund,runlu,ru,
Сколько канадских долларов в долларах США?,payment_refund,runlu,ru,
долл. США - фунт стерлингов,payment_refund,runlu,ru,
Каков обменный курс между 100 долл. США и песо?,payment_refund,runlu,ru,
"Сири, какой американский доллар в японском Йене?",payment_refund,runlu,ru,
"Я сделал чертов заказ и не получил счет, мне нужна помощь с его получением",payment_refund,bitext,ru,"I made a fucking order and I did not receive a bill, I need help getting it"
Я хотел бы увидеть чертов статус моего возмещения. Не могли бы вы мне помочь?,payment_refund,bitext,ru,I'd like to see the fucking status of my reimbursement could ya help  me
как мне сделать перевод?,payment_refund,bitext,ru,how do I make a transfer?
"Мне нужна информация о вашей гарантии возврата денег, как я могу ее получить?",payment_refund,bitext,ru,I'm looking for information about ur money back  guarantee how could i get it
"Я хочу сделать гребаные переводы, могу ли я получить помощь?",payment_refund,bitext,ru,"I want to make fucking transfers, can I get some help?"
"Мне нужна помощь, чтобы найти мои счета от Джона.",payment_refund,ikshana,ru,I need help to locate my bills from John
Мне нужна информация о чертовом статусе моего возмещения,payment_refund,bitext,ru,id like information about the fucking status of my reimbusrement
Я должен сообщить о проблемах с оплатой,payment_refund,ikshana,ru,I have to report problems with payment
"Я хотел бы проверить твои чертовы варианты оплаты, где я могу это сделать",payment_refund,bitext,ru,id like to check ur fucking payment options where could i do it
"я не знаю, как мне сообщить о чертовых проблемах с платежами",payment_refund,ikshana,ru,i dont know how i can report damn issues with payments
Я жду возмещения в размере 10 долларов США.,payment_refund,ikshana,ru,I'm waiting for a reimbjrsement of  $10
"Я хотел бы проверить чертов статус моего возврата, где мне это сделать",payment_refund,bitext,ru,id like to checkthe fucking status of my refund where do i do it
"Я хотел бы отследить свой гребаный возврат, надеюсь, смогу ли я это сделать?",payment_refund,bitext,ru,"I'd like to track my fucking refund, hopw could I do it?"
"Я не знаю, что делать. Не сообщайте о проблемах с онлайн-платежами.",payment_refund,ikshana,ru,I don't know what to do t report issues with online payment
"Я хочу узнать о вашей чертовой политике возмещения расходов, где я могу найти дополнительную информацию?",payment_refund,bitext,ru,"I want to know about your fucking reimbursement policy, where can I find more information?"
как исправить проблемы с онлайн оплатой,payment_refund,ikshana,ru,how to repoft troubles with online payment
Могу ли я увидеть вашу политику возмещения?,payment_refund,ikshana,ru,could I see your reimbursement policy?
"где я могу проверить, какие способы оплаты вы принимаете?",payment_refund,ikshana,ru,where do I check what payment options you accept?
У меня возникла проблема с оплатой кредитной картой,payment_refund,bitext,ru,I had a problem paying with creditcard
Можете ли вы помочь мне увидеть принятые вами способы оплаты?,payment_refund,ikshana,ru,can you help me to see your accepted payment modalities?
"где проверить, какие способы оплаты разрешены?",payment_refund,ikshana,ru,where to check what payment methods are allowed?
"Я хотел бы увидеть ваши варианты оплаты, где мне это сделать",payment_refund,bitext,ru,id like to see ur payment optionhs where do i do it
подать счет №37777,payment_refund,ikshana,ru,ser the bill #37777
Мне нужна помощь в загрузке счетов от Джона.,payment_refund,ikshana,ru,I want assistance to download the bills from John
"Мне нужна помощь, чтобы сообщить об ошибке при онлайн-платеже",payment_refund,ikshana,ru,I need hepl to report an error with online payment
"Можете ли вы помочь мне проверить, в каких случаях я могу запросить возврат средств?",payment_refund,ikshana,ru,can you help me check in which cases can I ask for refunds?
"Я заплатил 10$ за заказ, хочу компенсацию",payment_refund,ikshana,ru,"I have paid  $10 for an order, I want a compensation"
мне нужна помощь с долбанными платежами,payment_refund,bitext,ru,i need help making fucking payments
"Я хотел бы проверить твои чертовы способы оплаты, мне нужна помощь",payment_refund,bitext,ru,id like to check ur fucking payment methods i need help
Мне нужна информация о вашей политике возврата средств. Можете ли вы мне помочь?,payment_refund,bitext,ru,"I am looking for information about your refund policy, can you help me?"
"нужна помощь, чтобы получить компенсацию денег",payment_refund,ikshana,ru,need help to get a copmpensation of money
"я не знаю, как я могу получить денежную компенсацию",payment_refund,ikshana,ru,i do not know how i can get a compensation of money
Я ожидаю возмещения в размере 10 долларов США.,payment_refund,ikshana,ru,I expect a restitution of  $10
"Я не знаю, что мне нужно сделать, чтобы уведомить о проблеме с оплатой",payment_refund,ikshana,ru,I don't know what I need to do to notify of a payment issue
"Мне пришлось расплатиться чертовой дебетовой картой, где я мог это сделать?",payment_refund,bitext,ru,"I got to pay with a fucking debit card, where could I do it?"
"Я хочу проверить вашу политику возврата, помогите мне.",payment_refund,ikshana,ru,"I want to check your regund policy, help me"
Жду рибейт 10 долларов,payment_refund,ikshana,ru,I am waiting for a rebate of 10 dollars
"Я хочу узнать больше о вашей чертовой гарантии возврата денег, можете ли вы найти какую-нибудь информацию?",payment_refund,bitext,ru,"Iwant to know more about your fucking money back guarantee, can you find some information?"
"Я бы хотел расплатиться чертовой картой, как мне это сделать?",payment_refund,bitext,ru,"I'd like to pay with a fucking card, how dso I do it?"
"Не могу сделать перевод, нужно сообщить о проблемах с оплатой",payment_refund,ikshana,ru,"I can't make a transfer, I need to inform of payment issues"
Я ищу информацию о статусе моего возмещения. Не могли бы вы мне помочь?,payment_refund,bitext,ru,"I am looking for informatoin about the fucking status of my reimbursement, could you help me?"
"Я не знаю, что мне нужно сделать, чтобы получить счет №12588.",payment_refund,ikshana,ru,I don't know what I need to do to get the invoice #12588
"Я заказал чертову вещь и не получил счет, можешь ли ты мне помочь с ее получением?",payment_refund,bitext,ru,i ordered a fucking item and i didnt receive an invoice can ya help me getting it
"Я хочу узнать, есть ли какие-нибудь новости о моей скидке.",payment_refund,ikshana,ru,I want to see if there are any news on my rebate
помогите скачать счет №37777,payment_refund,ikshana,ru,help downloading invoice #37777
я не вижу статус компенсации,payment_refund,ikshana,ru,i cant see the compensation status
мне нужна помощь в поиске счета,payment_refund,bitext,ru,i need help finding a bill
"Я хотел бы оплатить картой, вы можете мне помочь?",payment_refund,bitext,ru,"I would like to pay by card, can you help me?"
"Я не знаю, что мне нужно сделать, чтобы потребовать компенсацию.",payment_refund,ikshana,ru,I don't know what I have to do to demand a compensation
"Я хочу проверить вашу политику возмещения, помогите мне.",payment_refund,ikshana,ru,"I want to check your reimbursement policy, help me"
"я не знаю, что мне нужно сделать, чтобы найти счет-фактуру № 85632.",payment_refund,ikshana,ru,i dont know what i need to do to locate invoice #85632
"Я хотел бы увидеть статус моего возврата, как это сделать?",payment_refund,bitext,ru,"I'd like to see the fucking status of my refund, how to do it?"
помощь в загрузке моих счетов от Джона,payment_refund,ikshana,ru,assistance downloading my invoices from John
"Я хотел бы заплатить чертовой картой, мне нужна помощь",payment_refund,bitext,ru,"I would like to pay with a fucking card, I need help"
"помощь, чтобы узнать, в каких ситуациях я могу запросить возврат средств",payment_refund,ikshana,ru,assistance to see in which situations can i request refunds
Мне нужна помощь в проверке разрешенных способов оплаты,payment_refund,ikshana,ru,I want assistance checking the allowed payment methods
Можете ли вы помочь мне увидеть принятые варианты оплаты?,payment_refund,ikshana,ru,can you help me see the accepted payment options?
возместить 10 долларов,payment_refund,ikshana,ru,reimburse 10 dollars
"Я бы хотел сделать чертов платеж, где мне это сделать?",payment_refund,bitext,ru,id like to make a fucking payment where do i do it
"Я хочу оплатить дебетовой картой, где я могу это сделать?",payment_refund,bitext,ru,"I'd like to pay with a debit card, where can I do it?"
"я не могу сделать перевод, как сообщить о чертовых проблемах с оплатой",payment_refund,bitext,ru,i cannot make a transfer how to notify of fcking payment issues
Мне нужна помощь в сообщении о проблеме с оплатой,payment_refund,ikshana,ru,I want help reporting a payment issue
"Мне нужна помощь, чтобы узнать, какие варианты оплаты вы принимаете",payment_refund,ikshana,ru,I need help to see what payment options you accept
"я бы хотел сделать чертов перевод, где я мог бы сделать это",payment_refund,bitext,ru,id like to make a fucking transfer where could i do iot
нужна помощь с просьбой вернуть деньги,payment_refund,ikshana,ru,want assistance asking for refunds of money
Я жду компенсацию в размере 10$,payment_refund,ikshana,ru,I am waiting for a compensation of  $10
"хочу узнать больше о статусе моего возмещения, могу найти некоторую информацию",payment_refund,bitext,ru,wanna know more about the status of my reimbursement could ufind some niformation
Можете ли вы помочь мне потребовать возмещения денег?,payment_refund,ikshana,ru,can you help me to request a reimbursement of money?
"Я хочу проверить вашу политику возмещения, вы мне поможете?",payment_refund,bitext,ru,"I want to check your reimbursement policy, will you help me?"
"мне нужно запросить чертов счет, могу ли я получить помощь",payment_refund,bitext,ru,i have to requesr a fucking invoice can i get some help
"Мне нужно оплатить дебетовой картой, как я могу это сделать?",payment_refund,bitext,ru,"I have to pay by debit card, how canI do it?"
мне нужно получить возмещение моих денег,payment_refund,ikshana,ru,need to receive a reimbursement of my money
"хочу узнать о твоих чертовых способах оплаты, как мне найти дополнительную информацию",payment_refund,bitext,ru,wanna know about ur fucking payment mehods how can i find more information
"Мне нужно совершить чертовы платежи, где это сделать?",payment_refund,bitext,ru,"I got to make fucking payments, where to do it?"
"я заказал чертову вещь и не получил счет, помогите мне ее скачать",payment_refund,bitext,ru,i ordered a fucking item and i did not receive a bill help me downloading it
"Я хочу оплатить картой, как мне это сделать?",payment_refund,bitext,ru,I'd like to pay by card how do i do it
Я хочу сообщить об ошибках с оплатой,payment_refund,ikshana,ru,I want to report errors with payment
"У меня проблема с оплатой дебетовой картой, могу ли я сообщить об этом?",payment_refund,bitext,ru,id a problem making a paymment with debit card can i notify of it
помощь в получении возмещения,payment_refund,ikshana,ru,assistance t obtain a refund
"Мне нужно выехать, помогите мне",payment_refund,bitext,ru,"I need to check out, help  me"
"Я хотел бы выехать, как я могу это сделать?",payment_refund,bitext,ru,"I'd like to chyeck out, how could I do it?"
"Мне нужна помощь, чтобы получить счет от Джона",payment_refund,ikshana,ru,I need help to get my bill from John
"Я потерял счета от Джона, пришлите их мне по почте.",payment_refund,ikshana,ru,"I lost the bills from John, mail them to me"
"Мне нужна помощь, чтобы узнать, есть ли какие-либо новости о моем возмещении",payment_refund,ikshana,ru,I want help seeing if there are any news on my reimbursement
где я могу скачать счет №85632,payment_refund,ikshana,ru,where can i download the invoice #85632
"Можете ли вы помочь мне узнать, какие варианты оплаты вы принимаете?",payment_refund,ikshana,ru,can ya help me to see what payment options ya accept
"хочу заплатить, можешь мне помочь",payment_refund,bitext,ru,wanna pay can  uhelp me
"я совершил чертову покупку, но мне не пришел счет, как мне ее скачать",payment_refund,bitext,ru,i made a fucking purchase and i didnt get an invoice how do i download it
"хочу узнать о вашей политике возмещения расходов, как мне получить дополнительную информацию",payment_refund,bitext,ru,wanna know about ur reimbursement policy how do i get more infoirmation
"что мне нужно сделать, чтобы сообщить об ошибках оплаты?",payment_refund,ikshana,ru,what do I have to do to inform of payment errors?
Я хотел бы оплатить дебетовой картой,payment_refund,bitext,ru,I would like to pay byt debit card
"Я хочу знать о статусе моего возврата, дайте мне некоторую информацию",payment_refund,bitext,ru,"I want to know about the status of my refund, give me some information"
получение счетов за восемь месяцев назад,payment_refund,ikshana,ru,getting invoices from eight months ago
"я купил чертов товар и не получил счет, помогите мне его получить",payment_refund,bitext,ru,i purchased a fucking product and i did not get an invoice help me getting it
"Я хотел бы совершить гребаные платежи, могу ли я получить помощь?",payment_refund,bitext,ru,"I would like to make fucking payments, can I get some help?"
"я не знаю, как проверить счет #00108",payment_refund,ikshana,ru,i do not know how to check bill #00108
"я совершил покупку, но не получил счет, как мне его скачать",payment_refund,bitext,ru,i made a purchase and i did not receive an invoice how do i download it
"нужна помощь, чтобы запросить возврат моих денег",payment_refund,ikshana,ru,need help to request rebates of my money
помогите получить мой счет №37777,payment_refund,ikshana,ru,help getting my invoice #37777
"помогите мне понять, в каких случаях я могу потребовать вернуть свои деньги",payment_refund,ikshana,ru,help me seeing in which cases can I ask for my money back
"Я совершил покупку, но не получил счет. Помогите мне скачать ее.",payment_refund,bitext,ru,i made a purchase and i did not get an invoice could uhelp me to download it
"Мне нужен счет, я хочу его найти.",payment_refund,bitext,ru,"I want an invoice, I want to find it"
мог бы рассказать мне больше о вашей политике возврата денег,payment_refund,bitext,ru,could utell me more about ur money back polic
"Я не получил подтверждение платежа. Мне нужна помощь, чтобы сообщить о проблеме с оплатой.",payment_refund,bitext,ru,"I did not get a payment validation, I need help reporting a payment issue"
Можете ли вы помочь мне составить список разрешенных способов оплаты?,payment_refund,ikshana,ru,can you help me listing your allowed payment modalities?
"Я ищу информацию о чертовом статусе моего отказа, мне нужна помощь.",payment_refund,bitext,ru,"I am looking for information about the fucking status of my refumd, I need assistance"
"Мне нужно проверить, в каких случаях я могу запросить возмещение",payment_refund,ikshana,ru,I need to check in what cases can I request reimbursements
"Wqanna совершать платежи, как мне это сделать?",payment_refund,bitext,ru,wqanna make payments how do i do it
проверка счетов от Джона,payment_refund,ikshana,ru,checking invoices from John
как проверить принятые способы оплаты?,payment_refund,ikshana,ru,how to check your accepted payment modalities?
"я не знаю, что делать, чтобы попросить вернуть деньги",payment_refund,ikshana,ru,i do not know what to do to ask for rebates of money
как я могу получить возмещение,payment_refund,ikshana,ru,howcan i receive a reimbursement
Мне нужна помощь в загрузке моего счета № 85632.,payment_refund,ikshana,ru,I want assistance to download my bill #85632
"Я хочу решить проблемы с оплатой, могу ли я получить помощь?",payment_refund,bitext,ru,"I want to solve payment problems, can I get some help?"
Я хотел бы узнать о вашей чертовой политике возврата денег. Можете ли вы найти какую-нибудь информацию?,payment_refund,bitext,ru,I'd like to know about ur fucking refund policy can ya find some information
"хочу узнать о твоем чертовом процессе возврата денег, дай мне немного информации",payment_refund,bitext,ru,wanna know about ur fucking refund process give me some information
как сообщить об ошибках с оплатой,payment_refund,ikshana,ru,how do i notify of errors with payment
Мне нужно проверить процесс возврата средств. Как мне это сделать?,payment_refund,bitext,ru,"I have to check your refund process, how can I do it?"
"что мне нужно сделать, чтобы увидеть текущий статус компенсации?",payment_refund,ikshana,ru,what do I need to do to see the compensation current status?
"помогите понять, в каких ситуациях я могу потребовать возмещение",payment_refund,ikshana,ru,help to ssee in what situations can i ask for reimbursements
"мне нужна помощь, чтобы проверить счет № 12588",payment_refund,ikshana,ru,i need help to check bill #12588
Можете ли вы помочь мне решить проблему с оплатой?,payment_refund,ikshana,ru,can you help me to solve an issue with payment?
"хочу сделать гребаные переводы, мне нужна помощь",payment_refund,bitext,ru,wanna make fucking transfers i need help
Мне нужно проверить процесс возврата средств. Могу ли я получить помощь?,payment_refund,bitext,ru,"I got to checck your refund process, could I get some help?"
"Помогите узнать, в каких случаях я могу потребовать вернуть свои деньги",payment_refund,ikshana,ru,help to see in which cases can i ask for my money back
"Я заплатил 10 долларов за этот товар, пытаюсь получить скидку",payment_refund,ikshana,ru,"I paid  $10 for this item, I try to receive a rebate"
"я сделал чертов заказ и не получил счет, могу ли я его скачать",payment_refund,bitext,ru,i made a fucking order and i didnt receive an invoice can i downloiad it
Можете ли вы помочь мне получить возврат денег?,payment_refund,ikshana,ru,can you help me receive a rebate of money?
Я хочу увидеть вашу гарантию возврата денег. Как я могу это сделать?,payment_refund,ikshana,ru,"I want to see your money back guarantee, how could I do it?"
"Мне нужно уведомить о долбаных проблемах с оплатой, где это сделать?",payment_refund,bitext,ru,"I have to notify of fucking payment problems, where to do it?"
"Я не могу заплатить, где я могу заметить чертову проблему с оплатой?",payment_refund,bitext,ru,"I can't pay, where can I notiy of a fucking payment problem?"
"хочу получить счет от Джона, помоги мне",payment_refund,ikshana,ru,wanna get the invoice from John help me
"Мне нужно проверить ваши чертовы способы оплаты, мне нужна помощь.",payment_refund,bitext,ru,"I have to check your fucking payment options, I need assistance"
помогите мне сделать переводы,payment_refund,bitext,ru,helpme making transfers
Я хочу ознакомиться с вашей политикой возврата средств. Вы мне поможете?,payment_refund,bitext,ru,"I want to see your refund policy, will you help me?"
"я не могу произвести платеж, не могли бы вы помочь мне сообщить о чертовых проблемах с оплатой?",payment_refund,bitext,ru,i cantmake a payment could ya help me to report fucking payment problems
"Мне нужно посмотреть, в каких ситуациях я могу попросить возмещение",payment_refund,ikshana,ru,I need to see in what situations can I ask to be reimbursed
"Я хотел бы увидеть статус моего возврата, где мне это сделать",payment_refund,bitext,ru,id like to see the status of my refund where do i do it
"хочу увидеть твою чертову политику возмещения расходов, мне нужна помощь",payment_refund,bitext,ru,wanna see ur fucking reimbursement  policy i need assistance
"Я ищу информацию о ваших чертовых способах оплаты, где я могу ее получить?",payment_refund,bitext,ru,"I'm loiking for information about your fucking payment options, where can I get it?"
"мне нужно посмотреть, в каких случаях я могу потребовать вернуть свои деньги",payment_refund,ikshana,ru,i have got to see in which cases can i request my money back
помогите мне сообщить об ошибках при онлайн-платеже,payment_refund,ikshana,ru,help me informof errors with online payment
Я пытаюсь проверить твою чертову гарантию возврата денег.,payment_refund,ikshana,ru,I try to check your damn money back guarantee
"Я не знаю, что мне нужно сделать, чтобы увидеть счет №37777.",payment_refund,ikshana,ru,I do not know what I nee to do to see the invoice #37777
Мне нужна помощь в загрузке счета № 12588.,payment_refund,ikshana,ru,I want asistance downloading invoice #12588
мне нужно скачать счета от Джона,payment_refund,ikshana,ru,i have to download the invoices from John
Я жду оплаты картой,payment_refund,bitext,ru,I wajt to pay with a card
мне нужно отследить возврат средств,payment_refund,ikshana,ru,i have got to track my refund
"Мне нужна информация о чертовых весенних распродажах, как мне ее найти?",promo_loyalty,bitext,ru,"I need information about the fucking spring sales, how can I find it?"
"Я хочу узнать больше о чертовых зимних распродажах, найти информацию",promo_loyalty,bitext,ru,"I want to know more about the fucking winter sales, find some information"
"мне нужна информация о чертовых распродажах, где я могу ее получить",promo_loyalty,bitext,ru,i  need information about the fucking sales where could i get it
"Ищу информацию о следующих распродажах, мне нужна помощь",promo_loyalty,bitext,ru,"I am looking for information about the next sales, I need help"
как я могу получить информацию о следующих гребаных распродажах?,promo_loyalty,bitext,ru,how could i get information about the fuking next sales
"Мне нужна информация о чертовых распродажах, где я могу ее найти?",promo_loyalty,bitext,ru,"I'd like information about the fucking clearance sales, where could I find it?"
"Я ищу информацию о распродажах, где я могу ее получить?",promo_loyalty,bitext,ru,"I am looking for information about the clearance sales, where can I get it?"
"Я хотел бы узнать больше о следующих распродажах, вы дадите мне какую-нибудь информацию?",promo_loyalty,bitext,ru,"I would like to know more about the fucking next sales, will you give me some information?"
"Я хотел бы узнать больше о зимних распродажах, можете ли вы найти какую-нибудь информацию?",promo_loyalty,bitext,ru,"I would like to know more about the winter sales, can you find some information?"
Я ищу информацию о чертовой распродаже. Могу ли я получить помощь?,promo_loyalty,bitext,ru,I'm looking for information about the fucking sale could i get some help
"Ищу информацию о чертовых распродажах, мне нужна помощь",promo_loyalty,bitext,ru,"I'm looking for information about the fucking sales, I need assistance"
"Я хочу узнать больше о зимних распродажах, найти некоторую информацию",promo_loyalty,bitext,ru,"I want to know more about the winter sales, find some information"
"Я хотел бы узнать больше о следующих гребаных распродажах, найти некоторую информацию.",promo_loyalty,bitext,ru,"I'd like to know more about the fucking next sales, find some information"
даст мне информацию о следующих продажах,promo_loyalty,bitext,ru,will  ugive me information about the next sales
"Я хотел бы узнать больше о весенних распродажах, можете ли вы найти какую-нибудь информацию?",promo_loyalty,bitext,ru,"I would like to know more about the spring sales, could you find some information?"
где я могу найти информацию о распродажах?,promo_loyalty,bitext,ru,where can I find information about the sales ?
"мне нужна информация о следующих распродажах, как я могу ее получить",promo_loyalty,bitext,ru,i want information about the next sales how can i get it
"Мне бы хотелось получить информацию о следующих распродажах, как мне ее найти?",promo_loyalty,bitext,ru,"I would like information about the fucking next sales, how could I finmd it?"
можешь рассказать мне больше о чертовых распродажах?,promo_loyalty,bitext,ru,can ya tell me more about the fucking sales
Я хотел бы узнать больше о продажах найти некоторую информацию,promo_loyalty,bitext,ru,I'd like to know more about the sales find some information
"Хотелось бы узнать подробнее о следующих распродажах, найдете ли вы какую-нибудь информацию?",promo_loyalty,bitext,ru,"I would like to know more about the next sales, will you find some information?"
"Мне нужна информация о чертовых весенних распродажах, где я могу ее получить?",promo_loyalty,bitext,ru,"I need information aboout the fucking spring sales, where could I get it?"
"Я хотел бы узнать больше о чертовых продажах psring, дай мне немного информации",promo_loyalty,bitext,ru,id like to know more about the fucking psring sales will ya give me some information
"Я ищу информацию о зимних распродажах, могу ли я получить помощь?",promo_loyalty,bitext,ru,"I am looking for information about the winter sales , can I get some help?"
"Мне нужна информация о чертовых зимних распродажах, как я могу ее получить?",promo_loyalty,bitext,ru,"I'd like information about the fucking winter sales, how could I get it?"
"Ищу информацию о чертовых распродажах, как мне ее найти?",promo_loyalty,bitext,ru,"I am looking for information about the fucking sales, how could I find it?"
когда начнутся следующие продажи,promo_loyalty,bitext,ru,when do the next sales start
"я ищу информацию о чертовых распродажах, как мне ее найти",promo_loyalty,bitext,ru,im looking for informaion about the fucking clearance sales how can i find it
Я пытаюсь найти информацию о чертовых распродажах.,promo_loyalty,bitext,ru,I am trying to find information about the fucking sales
"мне нужна информация о чертовых весенних распродажах, как мне ее найти",promo_loyalty,bitext,ru,i want informatoin about the fucking spring sales how could i find it
"Я хотел бы узнать больше о следующих распродажах, найти некоторую информацию.",promo_loyalty,bitext,ru,"I would like to know more about the fuckng next sales, find some information"
мне нужна информация о следующих чертовых распродажах,promo_loyalty,bitext,ru,i want information about the fucking next sales
мне нужна информация о чертовых распродажах,promo_loyalty,bitext,ru,i need information about the fucking sales
"Мне нужна информация о зимних распродажах, как я могу ее получить?",promo_loyalty,bitext,ru,"I ned information about the winter sales, how can I get it?"
Я хочу информацию о продажах,promo_loyalty,bitext,ru,I want information aboutthe sales
Можете ли вы дать мне информацию о зимних распродажах?,promo_loyalty,bitext,ru,can you givd me information about the winter sales?
"мне нужна информация о продажах, где я могу ее найти",promo_loyalty,bitext,ru,i need information about the sales where can i find it
как мне найти информацию о очередных распродажах?,promo_loyalty,bitext,ru,how could I find information about the fucking next sales?
"Я хотел бы узнать больше о чертовых продажах, можете ли вы дать мне некоторую информацию?",promo_loyalty,bitext,ru,"I'd like to know more about the fucknig sales, can you give me some information?"
"Мне нужна информация о чертовой распродаже, где ее найти?",promo_loyalty,bitext,ru,"Iwould like information about the fucking clearance sales, where could I find it?"
"Я ищу информацию о ближайших распродажах, не могли бы вы мне помочь?",promo_loyalty,bitext,ru,"I am looking for information about the fucking next sales, could you help me?"
"Мне нужна информация о распродажах, как ее найти?",promo_loyalty,bitext,ru,I'd like information about the clerance sales how can i find it
"Ищу информацию о очередных охренительных распродажах, помогите мне",promo_loyalty,bitext,ru,"I am  looking for information about the fucking next sales, help me"
"Я хотел бы получить информацию о чертовых зимних распродажах, где я могу ее получить?",promo_loyalty,bitext,ru,"I would like information about the fucking winter sales, where can I get it?"
"Мне нужна информация о распродажах, где я могу ее получить?",promo_loyalty,bitext,ru,"I want information about the clearance sales, were could I get it?"
"мне нужна информация о распродажах, как я могу ее получить",promo_loyalty,bitext,ru,i need information about the clearance sales how could i get  it
где я мог получить информацию о чертовых распродажах?,promo_loyalty,bitext,ru,were could I get information about the fucking sales?
"хочу узнать больше о чертовых весенних распродажах, можешь найти какую-нибудь информацию?",promo_loyalty,bitext,ru,wanna know more about the fucking spring sales could ya find some information
как я могу найти информацию о распродажах?,promo_loyalty,bitext,ru,how can I fnd information about the clearance sales?
Хочу узнать больше о весенних распродажах,promo_loyalty,bitext,ru,I want to know more about the spring sales
"Я ищу информацию о чертовых распродажах, может мне поможет",promo_loyalty,bitext,ru,I'm loking for information about the fucking clearance sales can uhelp me
"Ищу информацию о чертовых весенних распродажах, как мне ее получить?",promo_loyalty,bitext,ru,"I'm looking for information about the fucking spring sales, how can I get it?"
"Я хотел бы узнать больше о распродажах, не могли бы вы найти какую-нибудь информацию?",promo_loyalty,bitext,ru,"I'd like to know more about the clearance sales , could you find some information?"
"я ищу информацию о чертовых распродажах, мне нужна помощь",promo_loyalty,bitext,ru,im looking for information about the fukcing sales i need assistance
"мне нужна информация о зимних распродажах, где я могу ее получить",promo_loyalty,bitext,ru,i need information about the wintre sales where could i get it
дайте мне информацию о весенних распродажах,promo_loyalty,bitext,ru,give me information about the spring sales
"Я хотел бы узнать больше о чертовой распродаже, можете ли вы дать мне некоторую информацию?",promo_loyalty,bitext,ru,"I would like to know more about the fucking clearance sales, can you give me some information?"
"Ищу информацию о чертовых зимних распродажах, помогите.",promo_loyalty,bitext,ru,"I am looking for information about the fucking winter sales, help me"
"мне нужна информация о зимних распродажах, как я могу ее получить",promo_loyalty,bitext,ru,i need information about the winter sales how can i get it
"Я ищу информацию о чертовых зимних распродажах, где я могу ее найти?",promo_loyalty,bitext,ru,"I'm looking for information about the fucking winter sales, where could Ifind it?"
"Я ищу информацию о выставке, могу ли я ее получить?",promo_loyalty,bitext,ru,I'm looking for information about the saleshow can i get it
"Я ищу информацию о весенних распродажах, не могли бы вы мне помочь?",promo_loyalty,bitext,ru,"I'm looking for information about the spring sales, could you help me?"
"Я хотел бы узнать больше о чертовых распродажах, не могли бы вы найти какую-нибудь информацию?",promo_loyalty,bitext,ru,id like to know more about the fuckingsales could ya find some information
"Я ищу информацию о следующих распродажах, как мне ее найти?",promo_loyalty,bitext,ru,"I'm looking for information about the next sales, how can I find it?"
"хочу узнать больше о следующих распродажах, могу найти некоторую информацию",promo_loyalty,bitext,ru,wanna know more about the fucking next salescan ufind some information
Я хотел бы узнать больше о чертовых весенних распродажах. Можете ли вы дать мне некоторую информацию?,promo_loyalty,bitext,ru,I'd like to know more about the fucking spring sales can ya give me some information
"Я ищу информацию о следующих чертовых распродажах, где ее найти?",promo_loyalty,bitext,ru,I'm loking for information about the fucking next sales where could i find it
"Я ищу информацию о продажах, где я могу ее получить?",promo_loyalty,bitext,ru,I'm looking for information about the sales wherecan i get it
"Мне нужна информация о следующих чертовых распродажах, как мне ее найти?",promo_loyalty,bitext,ru,"I'd like information about the fucking next sales, how could I find it?"
"Я ищу информацию о чертовых зимних распродажах, как мне ее получить?",promo_loyalty,bitext,ru,"I am looking for informatin about the fucking winter sales, how can I get it?"
"Я ищу информацию о чертовых весенних распродажах, как мне ее найти?",promo_loyalty,bitext,ru,"I'm looking for infomration about the fucking spring sales, how could I find it?"
"Ищу информацию о чертовых зимних распродажах, где ее взять?",promo_loyalty,bitext,ru,"I am looking for informatio about the fucking winter sales, where can I get it?"
"Я ищу информацию о распродажах, мне нужна помощь",promo_loyalty,bitext,ru,I'm looking for information about hte clearance sales i need help
как мне найти информацию о чертовых зимних распродажах,promo_loyalty,bitext,ru,how can i find information about the fuccking winter sales
"Мне нужна информация о продажах, где я могу ее получить?",promo_loyalty,bitext,ru,"I need information about the  sales, where could I get it?"
"Я хочу узнать больше о следующих продажах, дайте мне некоторую информацию",promo_loyalty,bitext,ru,"I want to know moer about the next sales, give me some information"
"Мне нужна информация о чертовых зимних распродажах, как мне ее найти?",promo_loyalty,bitext,ru,"I want information about the fucking winter sales, how can I find it?"
"Я ищу информацию о чертовых распродажах, мне нужна помощь.",promo_loyalty,bitext,ru,"I'm looking for information about the fucking clearance sales, I need help"
"Я хочу узнать больше о следующих распродажах, дайте мне немного информации.",promo_loyalty,bitext,ru,"I want to know more about the fucking next sales, give me someinformation"
"Я хочу узнать больше о распродажах, можете ли вы дать мне некоторую информацию?",promo_loyalty,bitext,ru,"I want to know more about the clearance sales, can you give me some information?"
"Я ищу информацию о распродажах, как мне ее найти?",promo_loyalty,bitext,ru,"I'm looking for information about the clearance sales, how could I find it?"
"Я хочу узнать больше о чертовых распродажах, можешь ли ты найти какую-нибудь информацию?",promo_loyalty,bitext,ru,"I want to know more abot the fucking sales, can you find some information?"
"Мне нравится информация о зимних распродажах, как я могу ее получить?",promo_loyalty,bitext,ru,id like information about the winter sales how could i get it
Я не хочу знать больше о продажах,promo_loyalty,bitext,ru,I wannt to know more about the sales
как я могу получить информацию о следующих продажах,promo_loyalty,bitext,ru,how can i get information about thw next sales
"Мне нужна информация о весенних распродажах, где я могу ее получить?",promo_loyalty,bitext,ru,I'd like information about the sprring sales where could i get it
Я ищу информацию о чертовых распродажах,promo_loyalty,bitext,ru,im looking ofr information about the fucking clearance sales
"Я хотел бы узнать больше о распродажах, дайте мне некоторую информацию",promo_loyalty,bitext,ru,I'd like to know more about the clearance sales give me some information
"Мне нужна информация о весенних распродажах, где ее можно найти?",promo_loyalty,bitext,ru,I'd like information about the spring sales where can i find it
"Мне нужна информация о распродажах Wionter, как ее найти?",promo_loyalty,bitext,ru,I'd like information about the wionter sales how can i find it
"Мне нужна информация о следующих распродажах, где я могу ее получить?",promo_loyalty,bitext,ru,"I want information about the next sales, where could I get it?"
"Мне нужна информация о чертовых распродажах, где я могу ее получить?",promo_loyalty,bitext,ru,"I'd like information about the fucking sales, where can I get it?"
"Я ищу информацию о весенних распродажах, как я могу ее получить?",promo_loyalty,bitext,ru,"I am looking for information about the spring sales, how can I get it ?"
"Я ищу информацию о чертовых зимних распродажах, могу ли я получить какую-нибудь помощь?",promo_loyalty,bitext,ru,"I'm looking for information about the fucking winter sales, could I get somr help?"
"Мне нужна информация о чертовых распродажах, как я могу ее получить?",promo_loyalty,bitext,ru,I'd like informatoin about the fucking sales how can i get it
"Я хотел бы узнать больше о весенних распродажах, вы найдете какую-нибудь информацию?",promo_loyalty,bitext,ru,"I'd like to know more about the spring sales, will you find some information?"
как я могу найти информацию о очередных распродажах,promo_loyalty,bitext,ru,how cani find information about the fucking next sales
"Я хотел бы узнать больше о чертовых зимних распродажах, мог бы дать мне некоторую информацию",promo_loyalty,bitext,ru,id like to know more about the fucking winter sales could ugive me some information
Я ищу информацию о весенних распродажах. Можете ли вы мне помочь?,promo_loyalty,bitext,ru,I'm looking for information about the spring sales can ya help me
"Мне нужна информация о следующих распродажах, как я могу ее получить?",promo_loyalty,bitext,ru,"I would like information about the next sales, how  could I get it?"
не могли бы вы дать мне информацию о следующих продажах?,promo_loyalty,bitext,ru,could you give me information about the next sales?
"Хочешь узнать больше о следующих чертовых распродажах, можешь ли ты дать мне некоторую информацию?",promo_loyalty,bitext,ru,wnna know more about the fucking next sales can ya give me some information
"Я хотел бы узнать больше о распродажах, можете ли вы дать мне некоторую информацию?",promo_loyalty,bitext,ru,"I'd like to know more about the clearanced sales, can you give me some information?"
"Я ищу информацию о чертовых распродажах, как мне ее найти?",promo_loyalty,bitext,ru,I'm looking for information about the fucking clearance sales how can i find it
"Ищу информацию о чертовых весенних распродажах, где ее взять?",promo_loyalty,bitext,ru,"I'm looking for information about the fucking spring sales, where could I get it?"
"Я ищу информацию о чертовых весенних распродажах, могу ли я получить помощь?",promo_loyalty,bitext,ru,im looking for information about the fucking spring sales canj i get some help
когда будут распродажи,promo_loyalty,bitext,ru,when will be the cleaarnce sales
"мне нужна информация о следующих распродажах, как ее найти",promo_loyalty,bitext,ru,i need information about the next sales how can i find it
"Мне бы хотелось узнать больше о следующих распродажах, найти некоторую информацию",promo_loyalty,bitext,ru,id likie to know more about the next sales find some information
"Мне нужна информация о распродажах, где я могу ее найти?",promo_loyalty,bitext,ru,"I'd lke information about the clearance sales, where could I find it?"
"я ищу информацию о следующих распродажах, как я могу ее получить",promo_loyalty,bitext,ru,im loking for information about the next sales how could i get it
"Я ищу информацию о зимних распродажах, где я могу ее получить?",promo_loyalty,bitext,ru,"I'm looking for information about the winter sales, were can I get it?"
"Я хочу узнать больше о весенних распродажах, можете ли вы дать мне некоторую информацию?",promo_loyalty,bitext,ru,"I want to know more about the spring sales, can you give me some information?"
"мне нужна информация о чертовых распродажах, где я могу ее найти",promo_loyalty,bitext,ru,i need infomration about the fucking sales where can i find it
"Я ищу информацию о весенних распродажах, мне нужна помощь",promo_loyalty,bitext,ru,im looking for information about trhe spring sales i need help
"Мне нужна информация об этих чертовых зимних распродажах, где ее можно найти?",promo_loyalty,bitext,ru,I'd like information about th fucking winter sales where could i find it
Я ищу информацию о распродажах,promo_loyalty,bitext,ru,I am looking for information baout the clearance sales
"Я ищу информацию о зимних распродажах, может мне поможет",promo_loyalty,bitext,ru,I'm lookig for information about the winter sales can uhelp me
"Я ищу информацию о чертовых зимних распродажах, могу ли я получить помощь?",promo_loyalty,bitext,ru,"I am looking for information about the fucking  winter sales, could I get some help?"
"ищу информацию о распродаже, где ее можно получить",promo_loyalty,bitext,ru,im looknig for information about the clearance sales where could i get it
Я ищу информацию о чертовых распродажах. Не могли бы вы мне помочь?,promo_loyalty,bitext,ru,I'm looking for information about the fucking sales could ya help me
"Я хотел бы узнать больше о зимних распродажах, найду некоторую информацию",promo_loyalty,bitext,ru,id like  to know more about the winter sales will ufind some information
Я хотел бы узнать больше о чертовых зимних распродажах. Не могли бы вы дать мне некоторую информацию?,promo_loyalty,bitext,ru,id like to knowmore about the fucking winter sales will ya give me some information
"Я хочу узнать больше о следующих распродажах, можешь ли ты найти какую-нибудь информацию?",promo_loyalty,bitext,ru,"I want to know more about the fucking next sales, can you find some information?"
"Я ищу информацию о чертовых весенних распродажах, как мне ее получить?",promo_loyalty,bitext,ru,I'm looking for information about the fucking spring sales how could i get it
"Мне бы хотелось получить информацию о чертовых весенних распродажах, как мне ее найти?",promo_loyalty,bitext,ru,"I would like inforfmation about the fucking spring sales, how could I find it?"
"Я хотел бы узнать больше о чертовых зимних распродажах, ты найдешь какую-нибудь информацию",promo_loyalty,bitext,ru,id like to know more about the fucking winter sales will yha find some information
"Я бы соврал, чтобы узнать больше о зимних распродажах, найти некоторую информацию",promo_loyalty,bitext,ru,id lie to know more about the winter sales find some information
"Я ищу информацию о продажах, как я могу ее получить?",promo_loyalty,bitext,ru,"I'm looking for informnation about the sales, how can I get it?"
"Я ищу информацию о следующих распродажах, где я могу ее найти?",promo_loyalty,bitext,ru,"I am looking for information about the next sales, hwere can I find it?"
"Мне нужна информация о чертовых весенних распродажах, как я могу ее найти?",promo_loyalty,bitext,ru,"I need information about the fucking spring sales, how could I ifnd it?"
"Я хотел бы узнать больше о распродажах, вы найдете какую-нибудь информацию?",promo_loyalty,bitext,ru,"I would  like to know more about the clearance sales, will you find some information?"
Я ищу информацию о чертовых весенних распродажах. Можете мне помочь?,promo_loyalty,bitext,ru,im looking for information about the fucking spring sales can uhelp me
"Я хотел бы узнать больше о продажах iwnter, дам мне некоторую информацию.",promo_loyalty,bitext,ru,I'd like to know more about the iwnter sales will ugive me some information
"хочу узнать больше о чертовых распродажах, можешь ли ты найти какую-нибудь информацию?",promo_loyalty,bitext,ru,wanna know more about the fucvking clearance sales could ya find some information
Я ищу информацию о продажах,promo_loyalty,bitext,ru,I am looking for information about thesales
Я хотел бы узнать больше о следующих распродажах. Можете ли вы дать мне некоторую информацию?,promo_loyalty,bitext,ru,id like to know more about the fucking next sales can ya give me some information
где я могу получить информацию о чертовой распродаже?,promo_loyalty,bitext,ru,where can I get information about the fucking clearance sales?
"Я ищу информацию о распродажах, помогите мне.",promo_loyalty,bitext,ru,I'm looking for information about the clearance sales help me
"Я ищу информацию о чертовых распродажах, как мне ее получить?",promo_loyalty,bitext,ru,"I am looking for information about the fuking clearance sales, how could I get it?"
"Я ищу информацию о чертовых зимних распродажах, как мне ее найти?",promo_loyalty,bitext,ru,"I'm oloking for information about the fucking winter sales, how could I find it?"
"Я хотел бы узнать больше о чертовых зимних распродажах, можете ли вы дать мне некоторую информацию?",promo_loyalty,bitext,ru,"I'd like to know more about the fucking winter sales, can you give me some information ?"
"Я ищу информацию о весенних распродажах, где я могу ее получить",promo_loyalty,bitext,ru,I'm looking for information aboutthe spring sales where can i get it
"Я хотел бы получить информацию о зимних распродажах, где я могу ее получить?",promo_loyalty,bitext,ru,"I would like information about the winter sales, where acn I get it?"
"Мне нужна информация о чертовой распродаже, где я могу ее получить?",promo_loyalty,bitext,ru,"I'd like information about the fucking clearance sales, where can I get it?"
"Я бы солгал, чтобы узнать больше о чертовых продажах, дай мне какую-нибудь информацию?",promo_loyalty,bitext,ru,I'd lie to know more about the fucking sales will ya give me some information
"Мне нужна информация о весенних распродажах, где я могу ее найти?",promo_loyalty,bitext,ru,"I would like information about the spring sales, where can I find it?"
Я ищу информацию о весенних распродажах.,promo_loyalty,bitext,ru,I'm looking for infirmation about the spring sales
как я могу найти информацию о весенних распродажах,promo_loyalty,bitext,ru,how could i find information about the spring sales
"Я ищу информацию о весенних распродажах, как мне ее найти?",promo_loyalty,bitext,ru,I'm looking for information about the spring sales how could i find it
"мне нужна информация о чертовых распродажах, как я могу ее получить",promo_loyalty,bitext,ru,i need information about the fucking clearance sales how can i get it
хочу узнать больше о продажах,promo_loyalty,bitext,ru,wanna know more aboutthe sales
"Я хотел бы узнать больше о чертовой распродаже, можете ли вы найти какую-нибудь информацию?",promo_loyalty,bitext,ru,"I'd like to know more about the fucking clearance sales, can you find some information?"
"Я хотел бы узнать больше о чертовых распродажах, дайте мне немного информации.",promo_loyalty,bitext,ru,"I'd like to know more about the fucking clearance sales , give me some information"
"Я ищу информацию о следующих распродажах, может мне помочь.",promo_loyalty,bitext,ru,I'm looking for information about the fucking next sales could uhelp me
"Мне нравится информация о распродажах, как я могу ее найти",promo_loyalty,bitext,ru,id like information about hte clearance sales how could i find it
"Мне нравится информация о следующих чертовых распродажах, где я могу ее получить",promo_loyalty,bitext,ru,id like information about the fucking next sales where can i get it
"Я хотел бы узнать больше о распродажах, дайте мне некоторую информацию.",promo_loyalty,bitext,ru,"I would like to know more about the clearance sales, give me some information"
хочу узнать больше о чертовых весенних распродажах,promo_loyalty,bitext,ru,wanna know more baout the fucking spring sales
я ищу информацию о зимних распродажах,promo_loyalty,bitext,ru,im looking for information about the winter sales
"Ищу информацию о очередных долбаных распродажах, как мне ее получить?",promo_loyalty,bitext,ru,"I'm looking for information about the fucking next sales, how could I get it?"
"Я хочу узнать больше о следующих гребаных распродажах, найти некоторую информацию.",promo_loyalty,bitext,ru,"I want to know more about the fucking next sales, find some information"
Я ищу информацию о чертовых распродажах. Можете ли вы мне помочь?,promo_loyalty,bitext,ru,im looking for information about the fuckig clearance sales can ya help me
"Я хотел бы узнать о следующих распродажах, можете ли вы найти какую-нибудь информацию?",promo_loyalty,bitext,ru,id like to know mre about the next sales can ya find some information
"Я хочу узнать больше о продажах nrxt, вы найдете какую-нибудь информацию?",promo_loyalty,bitext,ru,"I want to know more about the nrxt sales, will you find some information?"
"Ищу информацию о чертовых зимних распродажах, где ее взять",promo_loyalty,bitext,ru,I'm looking for information about the fucking winter sales where could i get it
"Я хотел бы узнать больше о следующих распродажах, вы дадите мне некоторую информацию?",promo_loyalty,bitext,ru,"I would like to know more about the next sales, will you give me some information?"
"Я хотел бы узнать больше о чертовой распродаже, найти некоторую информацию",promo_loyalty,bitext,ru,"I would  like to know more about the fucking clearance sales, find some information"
как я мог получить информацию о чертовых распродажах,promo_loyalty,bitext,ru,how could i get information about the fucking sales
"мне нужна информация о продажах, как я могу ее получить",promo_loyalty,bitext,ru,i need information about the sales how can iget it
"Ищу информацию о чертовых весенних распродажах, где ее взять",promo_loyalty,bitext,ru,I'm looking for information about the fucking spring sales where can i get it
"Мне хотелось бы узнать больше о следующих распродажах, найти некоторую информацию",promo_loyalty,bitext,ru,id like to know moreabout the fucking next sales find some information
я пытаюсь найти информацию о чертовых распродажах,promo_loyalty,bitext,ru,im trying to find information about the fucking sales
"мне нужна информация о следующих распродажах, могу ли я ее получить",promo_loyalty,bitext,ru,i need information about the next sales were can i get it
Я хочу знать больше о следующих распродажах,promo_loyalty,bitext,ru,I want to know more about the next sales
"Знаю ли я больше о чертовых зимних распродажах, можешь ли ты найти какую-нибудь информацию?",promo_loyalty,bitext,ru,wznna know more about the fucking winter sales could ya find some information
Можете ли вы дать мне информацию о весенних распродажах?,promo_loyalty,bitext,ru,can you give me niformation about the spring sales?
мне нужна информация об этих чертовых распродажах,promo_loyalty,bitext,ru,i need information about thge fucking clearance sales
"Мне бы хотелось узнать больше о весенних распродажах, не могли бы вы дать мне некоторую информацию?",promo_loyalty,bitext,ru,"I'd lke to know more about the spring sales, could you give me some information?"
Я хотел бы получить информацию о продажах NetX,promo_loyalty,bitext,ru,I'd like information about the netx sales
"Я хочу узнать больше о следующих распродажах, можешь ли ты дать мне какую-нибудь информацию?",promo_loyalty,bitext,ru,"I want to know more about the fucking next sales, can you give me some information?"
Мне нужна информация о продажах,promo_loyalty,bitext,ru,I need information aboiut the sales
"хочу узнать больше о распродажах, могу дать мне некоторую информацию",promo_loyalty,bitext,ru,wanna know more about the clearance sales could ugivr me some information
как я могу найти информацию о следующих распродажах,promo_loyalty,bitext,ru,how can i find information about the next sales
"Мне нужна информация о зимних распродажах, как ее найти?",promo_loyalty,bitext,ru,"I want information about the winter sales, how can I find it?"
могу дать мне информацию о весенних распродажах,promo_loyalty,bitext,ru,can ugive me information about the spring sales
"Я хотел бы узнать больше о чертовых зимних распродажах, найдёте ли вы информацию?",promo_loyalty,bitext,ru,"I would like to know more about the fucking winter sales, will you find some information?"
Я ищу информацию о продажах. Не могли бы вы мне помочь?,promo_loyalty,bitext,ru,im looking for information about the sales could ya help me
"Я ищу информацию о чертовой распродаже, где ее найти?",promo_loyalty,bitext,ru,"I'm looking for information about the fucking clearance sales, where could I find it?"
"Я ищу информацию о следующих чертовых распродажах, где я могу ее получить",promo_loyalty,bitext,ru,im looing for information about the fucking next sales where can i get it
"Я хотел бы узнать больше о чертовых распродажах, можете ли вы дать мне некоторую информацию?",promo_loyalty,bitext,ru,"I'd like to know more about the fucking sales, can you give me some information?"
Я ищу информацию о чертовых весенних распродажах. Не могли бы вы мне помочь?,promo_loyalty,bitext,ru,im looking for information about  the fucking spring sales could ya help me
"Я ищу информацию о продажах, могу ли я получить помощь?",promo_loyalty,bitext,ru,"I am lookin for information about the sales, could I get some help?"
мог бы дать мне информацию о чертовых распродажах,promo_loyalty,bitext,ru,could ugive  me information about the fucking sales
"Я ищу информацию о следующих чертовых распродажах, ты мне поможешь?",promo_loyalty,bitext,ru,im looking for information about the fucking next sales will ya help me
"Мне нравится информация о весенних распродажах, как ее найти?",promo_loyalty,bitext,ru,id like information about thespring sales how can i find it
можешь дать мне информацию о чертовых весенних распродажах?,promo_loyalty,bitext,ru,could you give me information about the fucking sping sales?
"Я ищу информацию о чертовых весенних распродажах, где я могу ее получить?",promo_loyalty,bitext,ru,I'm loking for information about the fucking spring sales where could i get it
"Я хочу узнать больше о весенних распродажах, можете ли вы найти какую-нибудь информацию?",promo_loyalty,bitext,ru,"I want to know more about the spring sales, could you find some information?"
"Мне бы хотелось получить информацию о чертовых зимних распродажах, как мне ее получить?",promo_loyalty,bitext,ru,"I would like information about the fucking winter sales, how can I get it?"
"Я ищу информацию о будущих распродажах, где я могу ее найти?",promo_loyalty,bitext,ru,"I'm looking for information about the fucing next sales, where could I find it?"
сколько продлятся летние распродажи?,promo_loyalty,bitext,ru,how lojg do the summer sales last for?
"Я ищу информацию о следующих распродажах, могу ли я получить помощь?",promo_loyalty,bitext,ru,"I am looking for information about the fucking next sales, could I get some help ?"
Мне нужна информация о чертовых зимних аслях.,promo_loyalty,bitext,ru,I'd like information about the fucking winter asles
Вы дадите мне информацию о следующих продажах?,promo_loyalty,bitext,ru,will you give me infornation about the next sales?
расскажи мне побольше о чертовых весенних сэлсах,promo_loyalty,bitext,ru,tell me more about the fucking spring saels
"Я ищу информацию о следующих распродажах, помогите мне.",promo_loyalty,bitext,ru,I'm looking for informationn about the next sales help me
"Мне нравится информация о продажах, как я могу ее получить?",promo_loyalty,bitext,ru,id like information about the sales how can i get it
"я ищу информацию о чертовых распродажах, помогите мне",promo_loyalty,bitext,ru,im looking for information about the fucking clearance sales help me
"Я ищу информацию о весенних распродажах, где я могу ее получить?",promo_loyalty,bitext,ru,"I am looking for information about the spring sales , where can I get it?"
не могли бы вы дать мне информацию о распродажах?,promo_loyalty,bitext,ru,could you give me information about the clearance sales?
где я могу найти информацию о следующих чертовых распродажах?,promo_loyalty,bitext,ru,where could I find information abou the fucking next sales?
"Мне бы хотелось получить информацию о следующих распродажах, могу ли я ее найти?",promo_loyalty,bitext,ru,I'd like information about the fucking next sales were could i find it
"Я ищу информацию о зимних распродажах, как я могу ее получить?",promo_loyalty,bitext,ru,"I'm looking for information about the winter sales , how could I get it?"
Я ищу информацию о следующих распродажах. Могу ли я получить помощь?,promo_loyalty,bitext,ru,im looking for information about the next salesx can i get some help
Я хочу узнать больше о распродаже Salex,promo_loyalty,bitext,ru,I want to know more about the clearance salex
не могли бы вы дать мне информацию о продажах,promo_loyalty,bitext,ru,would ya give me information about the sales
когда заканчиваются январские сазлы?,promo_loyalty,bitext,ru,when do the January sazles end?
"Я хотел бы узнать больше о следующих распродажах, могу дать мне некоторую информацию",promo_loyalty,bitext,ru,id like to know more about thd next sales can ugive me some information
Я ищу информацию о чертовых распродажах.,promo_loyalty,bitext,ru,I'm looking for information about the fucking clearance sales
"Мне нужна информация о ближайших распродажах, где я могу ее получить?",promo_loyalty,bitext,ru,"I need information about the fucking next sales, where could I get it?"
дайте мне информацию о чертовых распродажах,promo_loyalty,bitext,ru,give me information about the fucking clearance sales
Я хотел бы узнать больше о чертовых распродажах.,promo_loyalty,bitext,ru,I'd like to know more about the fucking clearance sales
"Я хотел бы узнать больше о весенних распродажах, найду некоторую информацию.",promo_loyalty,bitext,ru,I'd like to know more about the spring sales will ufind some information
"Я ищу информацию о весенних распродажах, мистер",promo_loyalty,bitext,ru,im looking for information about the spring sales help mr
информация о следующих распродажах,promo_loyalty,bitext,ru,informationm about the next sales
"Я хотел бы узнать больше о следующих распродажах, ты дашь мне некоторую информацию?",promo_loyalty,bitext,ru,id like to know more about the fukcing next sales will ya give me some information
"хочу узнать больше о следующих чертовых распродажах, давай найдём какую-нибудь информацию",promo_loyalty,bitext,ru,wanna know more about the fucking next sales cluld ya find some information
я ищу информацию о чертовых весенних распродажах,promo_loyalty,bitext,ru,im looking for information about the fucking spring sales
Вы дадите мне информацию о продажах?,promo_loyalty,bitext,ru,will you give me information about the sales?
"Я ищу информацию о чертовых весенних распродажах, мне нужна помощь.",promo_loyalty,bitext,ru,I'm looking for information about the fucking spring sales i need help
найти информацию о распродажах,promo_loyalty,bitext,ru,find information about the clearance sales
Не могли бы вы дать мне информацию о зимних распродажах?,promo_loyalty,bitext,ru,would you give me information about the winter sales?
"хочу узнать больше о чертовых распродажах, не могли бы вы дать мне некоторую информацию?",promo_loyalty,bitext,ru,wanna know more about the fucking clearance sales could ya give me some information
где я мог бы получить информацию о чертовых распродажах?,promo_loyalty,bitext,ru,were could i get information about the fucking clearance sales
"Я ищу информацию о весенних распродажах, где я могу ее найти?",promo_loyalty,bitext,ru,"I am looking for information about the spring sales, where couls I find it?"
"мне нужна информация о чертовых зимних распродажах, где я могу ее получить",promo_loyalty,bitext,ru,i want information about the fucking winter sales whree could i get it
можешь ли ты дать мне информацию о продажах,promo_loyalty,bitext,ru,can ya give me information about the sales
Мне бы хотелось узнать больше о чертовых продажах,promo_loyalty,bitext,ru,id like to know more about the fucjing sales
когда следующие распродажи,promo_loyalty,bitext,ru,when are the next sales
"Мне нужна информация о чертовых распродажах, как мне ее найти?",promo_loyalty,bitext,ru,"I want information about the fucking clearance sales, how could I find it?"
"Мне нужна информация о чертовых весенних распродажах, где ее можно найти?",promo_loyalty,bitext,ru,I'd like information about the fucking spring sales where could i find it
"Мне нравится информация о чертовых зимних распродажах, где я могу ее найти",promo_loyalty,bitext,ru,id like informatiom about the fucking winter sales where could i find it
Я хочу узнать больше о весенних распродажах. Можете ли вы дать мне некоторую информацию?,promo_loyalty,bitext,ru,"I want to know more about the spring sales, wipl you give me some information?"
"Ищу информацию о чертовых весенних распродажах, помогите.",promo_loyalty,bitext,ru,"I'm looking for information about the fucking spring sales, help me"
"Ищу информацию о очередных распродажах, мне нужна помощь",promo_loyalty,bitext,ru,"I am looking for information about the fucking next sales, I need hlp"
"хочу узнать больше о чертовых зимних распродажах, найду кое-какую информацию",promo_loyalty,bitext,ru,wanna know more about the fucking winter sales will ufind some information
"хочу узнать больше о весенних распродажах, могу найти некоторую информацию",promo_loyalty,bitext,ru,wanna know more about the spring sales  could ufind some information
"Мне нужна информация о следующих распродажах, как я могу ее найти?",promo_loyalty,bitext,ru,"I need information about the next sales, how could I find it?"
"Я ищу информацию о чертовых распродажах, где я могу ее найти?",promo_loyalty,bitext,ru,I'm looking for informtaion about the fucking clearance sales where could i find it
"Мне нужна информация о зимних распродажах, где ее можно найти?",promo_loyalty,bitext,ru,I'd like information about the winter sales where could i find it
"Я ищу информацию о зимних распродажах, помогите мне.",promo_loyalty,bitext,ru,I'm looking for information about the winter sales help me
информация о продажах,promo_loyalty,bitext,ru,information about the sales
"Мне нужна информация о распродажах, как я могу ее получить?",promo_loyalty,bitext,ru,"I'd like information about the clearance sales, how could I get it?"
"Мне нужна информация о продажах, как я могу ее найти?",promo_loyalty,bitext,ru,"I need information about tne sales, how can I find it?"
"Мне нужна информация о чертовых зимних распродажах, где ее найти?",promo_loyalty,bitext,ru,"I would like information about the fucking winter sales, where can I find iit?"
"Мне нужна информация о зимних распродажах, где я могу ее получить?",promo_loyalty,bitext,ru,I'd like information about the winter sales where can i get it
"Мне нужна информация о ближайших распродажах, как мне ее найти?",promo_loyalty,bitext,ru,"I want information about the fucking next sales , how could I find it?"
"Мне нужна информация о чертовых распродажах, как ее найти?",promo_loyalty,bitext,ru,"I need information about the fucking sales, how can I find iut?"
"Я хочу узнать больше о чертовой распродаже, не могли бы вы дать мне некоторую информацию?",promo_loyalty,bitext,ru,"I want to know more about the fucking clearance sales, could you give me some information?"
пытаюсь найти информацию о чертовых весенних распродажах,promo_loyalty,bitext,ru,im triyng to find information about the fucking spring sales
"Я хочу узнать больше о чертовых распродажах, вы найдете какую-нибудь информацию?",promo_loyalty,bitext,ru,"I want to know more about the fucking sales, will you find some information?"
найти информацию о чертовых весенних распродажах,promo_loyalty,bitext,ru,find information about the fucking spring sales
"Я ищу информацию о зимних распродажах, можете мне помочь?",promo_loyalty,bitext,ru,"I'm looking for information about the winter sales, can you help me?"
"Мне нравится информация о чертовых зимних распродажах, где я могу ее получить",promo_loyalty,bitext,ru,id like information about the fucking winter sales where can i get it
"Я ищу информацию о чертовых распродажах, ты мне поможешь?",promo_loyalty,bitext,ru,im looking for information about the fucking clearance sales will ya help me
"сайт не работает на моем телефоне, я хочу сообщить о чертовой проблеме",technical_issue,bitext,ru,the website doesnt work on my phone I'd like to report a fucking problem
могу ли я использовать твое чертово мобильное приложение?,technical_issue,bitext,ru,can i use ur fucking moible app
"сайт не работает на моем планшете, я хочу сообщить о проблеме",technical_issue,bitext,ru,the website doesnmt work on my tablet I'd like to report the problem
Я бы хотел воспользоваться твоим чертовым мобильным приложением.,technical_issue,bitext,ru,I would like to use your fucking mobile app
у меня возникла техническая проблема с приложением на моем мобильном телефоне. Помогите мне сообщить об этом.,technical_issue,bitext,ru,i have an technical issue with the app on my mobile phone will uhelp me reporting it
как скачать твое чертово приложение?,technical_issue,bitext,ru,how to download your fucking app ?
"сайт не работает на моем мобильном телефоне, могу ли я сообщить об ошибке?",technical_issue,bitext,ru,the website doesnt work on my cell phone can i report a fucking error
"Я хотел бы использовать ваше приложение, как я могу это сделать?",technical_issue,bitext,ru,"I'd like to use your app , how could I do it?"
"Я бы хотел использовать твое чертово приложение, как мне это сделать?",technical_issue,bitext,ru,id like to use ur fuckng app how do i do it
"Я хочу использовать ваше приложение, как мне это сделать?",technical_issue,bitext,ru,"I want to use your app, how caqn I do it?"
"мобильное приложение не работает на моем устройстве, мне нужна помощь, чтобы сообщить об ошибке",technical_issue,bitext,ru,the mobile app doesnt work on my device i need help to report the error
"приложение не работает на моем планшете, могу ли я сообщить об этой чертовой проблеме",technical_issue,bitext,ru,the app doesnt work on my tablet could i report the fucking issue
как мне скачать ебаное приложение,technical_issue,bitext,ru,how could i download urfucking app
"сайт не работает на моем Mac, можете ли вы помочь мне сообщить об этой чертовой проблеме?",technical_issue,bitext,ru,"the website does not work on my Mac, can you help me report the fucking issue?"
"хочу воспользоваться твоим чертовым мобильным приложением, могу ли я получить помощь?",technical_issue,bitext,ru,wanna use ur fucking mobile app could i get some help
"Я хотел бы использовать ваше мобильное приложение, могу ли я получить помощь?",technical_issue,bitext,ru,I'd like to use ur mobile app could i get some help
"приложение не работает на моем компьютере, помогите мне, сообщите об ошибке",technical_issue,bitext,ru,the app doesnt work on my pc can uhelp mereport a fucking error
как я могу использовать ваше приложение?,technical_issue,bitext,ru,how can I use your app?
"я не могу заставить веб-сайт работать на моем Mac, мне нужна помощь, чтобы сообщить о проблеме",technical_issue,bitext,ru,i acnnot get the website to work on my mac i need help to report a problem
"сайт не работает на моем устройстве, мне нужно сообщить о проблеме",technical_issue,bitext,ru,"the website doesn't work on my device , I need to report a fucking issue"
"приложение не работает на моем компьютере, помогите мне сообщить о проблеме",technical_issue,bitext,ru,the app dosnt work on my pc help me report the problem
как я могу купить через urwebsite,technical_issue,bitext,ru,how can i buy through urwebsite
"Приложение не работает на моем устройстве, мне нужно сообщить об ошибке",technical_issue,bitext,ru,hte app doesnt work on my device i need to report a fucking error
Я хотел бы использовать ваше приложение,technical_issue,bitext,ru,I'd  like to use ur app
"сайт не работает на моем мобильном телефоне, мне нужна помощь, чтобы исправить ошибку",technical_issue,bitext,ru,the website does not work on my cell phone i need assistance reoorting the error
"Я хочу воспользоваться твоим чертовым приложением, как это сделать?",technical_issue,bitext,ru,"I want to use your fucking app, how to do it?"
"сайт не работает на моем планшете, помогите, сообщите об ошибке",technical_issue,bitext,ru,"the website doesn't work on my tablet, help mereport a fucking error"
"я не могу заставить сайт работать, нет моего мобильного телефона, не могли бы вы помочь мне сообщить о проблеме?",technical_issue,bitext,ru,i cant get the website to work no my cell phone could ya help me reporting a problem
как пользоваться вашим мобильным приложением?,technical_issue,bitext,ru,how to use  your mobile app?
"Я хочу использовать ваше приложение, как это сделать?",technical_issue,bitext,ru,"I'd like to use your app, how to do it?"
"сайт не работает на моем устройстве, помогите мне сообщить об этой чертовой проблеме",technical_issue,bitext,ru,the website does not work onmy device could uhelp me reporting the fucking problem
"Я хотел бы использовать ваше приложение, мне нужна помощь",technical_issue,bitext,ru,id like to use ur app i need asssistance
"Я бы хотел использовать твое чертово мобильное приложение, оно бы мне помогло.",technical_issue,bitext,ru,I'd ilke to use ur fucking mobile app could uhelp me
"мобильное приложение не работает на моем мобильном телефоне, я хочу сообщить о чертовой проблеме",technical_issue,bitext,ru,the mobile appdoesnt work on my mobile phone i wanna report a fucking problem
"Мне нужно воспользоваться твоим чертовым мобильным приложением, как мне это сделать?",technical_issue,bitext,ru,"I need to use your fucking mobile app, how do I do it?"
можно ли использовать твое чертово мобильное приложение?,technical_issue,bitext,ru,would it be possible to use ur fucking mobile app
"у меня чертовски техническая проблема с приложением на моем устройстве, мне нужна помощь, чтобы сообщить об этом",technical_issue,bitext,ru,i have a fucking technical problem with the app on my device i need help reportingv it
"приложение не работает на моем компьютере, мне нужна помощь, чтобы сообщить о проблеме",technical_issue,bitext,ru,the app does not work on my computer i need help to report a problem
"Я бы хотел воспользоваться твоим чертовым мобильным приложением, могу ли я получить помощь?",technical_issue,bitext,ru,"I'd like to useyour fucking mobile app, could I get some help?"
"приложение не работает на моем мобильном телефоне, помогите мне сообщить об ошибке",technical_issue,bitext,ru,the app doesnt work on my cell phone can uhelpme to report a fucking error
У меня техническая проблема с приложением. Помогите мне не сообщить об этом.,technical_issue,bitext,ru,"I have a technical problem with the app, help me ot report it"
"сайт не работает на моем мобильном телефоне, помогите мне сообщить о проблеме",technical_issue,bitext,ru,the website does not work on my mobile phone help me report the ufcking issue
"Мне нужно воспользоваться твоим чертовым приложением, помоги мне.",technical_issue,bitext,ru,"I need to use your fucking app , help me"
как пользоваться приложением ру,technical_issue,bitext,ru,how to use ru app
"мобильное приложение не работает на моем компьютере, помогите мне сообщить о проблеме",technical_issue,bitext,ru,the mobile app does not work on my pc help me report an issue
можно ли купить через ваш сайт,technical_issue,bitext,ru,would it be possible to buy through ur website
"Я не могу заставить приложение работать на моем мобильном телефоне, мне нужно сообщить о проблеме",technical_issue,bitext,ru,"I can't get thee app to work on my mobile phone, I need to report an issue"
"веб-сайт не работает на моем Mac, мне нужна помощь, чтобы сообщить о проблеме",technical_issue,bitext,ru,the website dos not work on my mac i need help to report the problem
"приложение не работает на моем мобильном телефоне, не могли бы вы помочь мне сообщить о проблеме?",technical_issue,bitext,ru,the app doesnt work on my mobile phone could ya help me to report the problem
"я получаю сообщение об ошибке в приложении на своем планшете, помогите мне сообщить об этом",technical_issue,bitext,ru,i get  an error in the app on my tablet help me to report it
"мобильное приложение не работает на моем устройстве, я хочу сообщить об ошибке",technical_issue,bitext,ru,"the mobile app doesn't work on my device , I'd like to report a fucking error"
"Я хотел бы сообщить о чертовой технической проблеме, могу ли я получить помощь?",technical_issue,bitext,ru,"I'd like to report a fucking technical problem, can I get some help?"
"Я хотел бы использовать ваше мобильное приложение, вы можете мне помочь?",technical_issue,bitext,ru,"I'd like to use your mobile app, can you help me?"
"Я хочу воспользоваться твоим чертовым мобильным приложением, помоги мне.",technical_issue,bitext,ru,"I want to use your fucking mobile app, help me"
"мобильное приложение не работает на моем Mac, мне нужна помощь, чтобы сообщить об этой чертовой ошибке",technical_issue,bitext,ru,"the mobile app doesn't work on my Mac, I need assistance reporting the fucking eror"
"Я бы хотел воспользоваться твоим чертовым приложением, мне нужна помощь",technical_issue,bitext,ru,id like to use ur fucking app i need help
как купить через мобильное приложение?,technical_issue,bitext,ru,how to buy through your mobile app?
можно ли использовать ваше приложение?,technical_issue,bitext,ru,is it possible to use your app?
приложение не работает на моем Mac. Не могли бы вы помочь мне сообщить о проблеме?,technical_issue,bitext,ru,"the app does not work on my Mac, could you help me report the issue?"
"Я бы хотел воспользоваться твоим чертовым приложением, можешь мне помочь.",technical_issue,bitext,ru,I'd like to  use ur fucking app can uhelp me
"мобильное приложение не работает на моем мобильном телефоне, помогите мне сообщить о проблеме",technical_issue,bitext,ru,"the mobile app does not work on my mobile phone, help me report the fucking issue"
"сайт не работает на моем мобильном телефоне, помогите мне сообщить о чертовой проблеме",technical_issue,bitext,ru,"the website doesn't work on my mobile phone, hellp me reporting a fucking issue"
"Я хочу использовать ваше мобильное приложение, где я могу это сделать?",technical_issue,bitext,ru,"I want to use your mobile app, where could I do it?"
"Мне нужно воспользоваться твоим чертовым мобильным приложением, где я могу это сделать?",technical_issue,bitext,ru,"I nede to use your fucking mobile app, where can I do it?"
Я не могу заставить сайт работать на своем компьютере. Не могли бы вы помочь мне сообщить о чертовой проблеме?,technical_issue,bitext,ru,i cannot get the website to work on my computer could ya help me reporting a ficking problem
"Мне нужно использовать твое чертово мобильное приложение, я получу помощь",technical_issue,bitext,ru,need to use ur fucking mobile app casn i get some help
"приложение не работает на моем телефоне, я должен сообщить об этой чертовой проблеме",technical_issue,bitext,ru,the app does not work on my phone i have to report the fucking issue
как пользоваться твоим мобильным приложением,technical_issue,bitext,ru,hw to use ur mobile app
как мне купить через ваше мобильное приложение?,technical_issue,bitext,ru,how do I buy through your mobile app?
"мобильное приложение не работает на моем Mac, можно ли сообщить о проблеме?",technical_issue,bitext,ru,"the mobile app doesn't work on my Mac, would it be possible to report a problem?"
"Мне нужно использовать ваше мобильное приложение, где мне это сделать?",technical_issue,bitext,ru,"I need to use your mobile app, where do I do it?"
"Я не могу заставить сайт работать на моем Mac, мне нужно сообщить об ошибке",technical_issue,bitext,ru,"I can't get the website to work on my Mac , I got to report a fucking error"
"я не могу заставить сайт работать на своем планшете, мне нужно сообщить об ошибке",technical_issue,bitext,ru,i cant get the website to work on my tablet i need to report an fucking error
"я не могу заставить сайт работать, как мне сообщить об ошибке",technical_issue,bitext,ru,i cant get the websiteto work how do i report a fucking error
"я не могу заставить сайт работать на моем Mac, помогите мне сообщить о проблеме",technical_issue,bitext,ru,i cant get the website to work on my mac help me reporting an problem
"мобильное приложение не работает на моем Mac, как мне сообщить о проблеме",technical_issue,bitext,ru,the mobile app doesnt work on my mac how do i reort a problem
"приложение не работает на моем устройстве, помогите мне сообщить о проблеме",technical_issue,bitext,ru,"the app doesn't work on my device, help me report a problem"
"Я бы хотел воспользоваться твоим чертовым мобильным приложением, мне нужна помощь",technical_issue,bitext,ru,I'd like to use ur fucking mobile app i need assistance
"Я хотел бы использовать ваше мобильное приложение, как мне это сделать?",technical_issue,bitext,ru,I'd like to use ur mobkle app how do i do it
приложение не работает на моем мобильном телефоне. Не могли бы вы помочь мне сообщить об ошибке?,technical_issue,bitext,ru,"the app doesn't work on my cell phone, could youhelp me report an error?"
"мобильное приложение не работает на моем компьютере, мне нужно сообщить о проблеме",technical_issue,bitext,ru,the mobile app dose not work on my computer i need to report the issue
"Я бы хотел воспользоваться твоим чертовым приложением, где я могу это сделать?",technical_issue,bitext,ru,"I would like to use you fucking app, where can I do it?"
"сайт не работает на моем мобильном телефоне, хочу сообщить об ошибке",technical_issue,bitext,ru,"the website does not work on my mobile phone, I want to report the error"
"Мне нужно использовать ваше приложение, вы можете мне помочь?",technical_issue,bitext,ru,"I need to use your app, couls you help me?"
"Я хотел бы сообщить о проблеме с приложением, помогите мне.",technical_issue,bitext,ru,I'd like to report a fucking issue with the app help me
где скачать ваше мобильное приложение,technical_issue,bitext,ru,where to download ur mobile app
Мне нужно воспользоваться твоим чертовым мобильным папой.,technical_issue,bitext,ru,I need to use your fucking mobile pap
можно ли использовать ваше мобильное приложение,technical_issue,bitext,ru,would it be pssible to use ur mobile app
"Я хотел бы использовать ваше приложение, могу ли я получить помощь?",technical_issue,bitext,ru,"I would lik to use your app, could I get some help?"
"У меня в приложении появляется ошибка, можно ли об этом сообщить?",technical_issue,bitext,ru,"I get a fucking error in the app , would it be possible to report it?"
"я бы хотел использовать твое чертово приложение, где это сделать",technical_issue,bitext,ru,id like to use ur fuckin app where to do it
"Я не могу заставить приложение работать на своем планшете, как мне сообщить об ошибке?",technical_issue,bitext,ru,"I can't get the app to work on my tablet, how could I report a error?"
"Я хочу использовать ваше приложение, не могли бы вы мне помочь?",technical_issue,bitext,ru,"I want to use your app, could you help me ?"
"Я бы хотел использовать твое чертово мобильное приложение, оно мне поможет",technical_issue,bitext,ru,id like to use ur fucking mobie app will uhelp me
могу ли я купить через твое приложение?,technical_issue,bitext,ru,can i buy thjrough ur app
"сайт не работает на моем мобильном телефоне, как сообщить об ошибке",technical_issue,bitext,ru,the website doesnt work on my mobile phone how do i report an error
"мобильное приложение не работает на моем телефоне, могу ли я сообщить о проблеме?",technical_issue,bitext,ru,"the mobile app does not work on my phone, can I report a fucking problem?"
"Мне нужно использовать твое чертово мобильное приложение, как я мог это сделать?",technical_issue,bitext,ru,ned to use ur fucking mobile app how could i do it
где мне скачать твое приложение,technical_issue,bitext,ru,where do i download ur app
"мобильное приложение не работает на моем Mac, мне нужна помощь, чтобы сообщить о проблеме",technical_issue,bitext,ru,the mobile app does not work on my mac i want help reporting the problem
"сайт не работает на моем компьютере, мне нужна помощь, чтобы сообщить об ошибке",technical_issue,bitext,ru,the website does not work on my computer i want help reporting a fucking error
"хочу воспользоваться твоим чертовым приложением, ты мне поможешь?",technical_issue,bitext,ru,wanna use ur fucking app will ya help me
Я бы хотел воспользоваться этим чертовым приложением,technical_issue,bitext,ru,I'd like to useur fucking app
"Мобильное приложение не работает на моем Mac, мне нужно сообщить о чертовой проблеме",technical_issue,bitext,ru,"ther mobile app doesn't work on my Mac, I got to report a fucking issue"
"Я хочу использовать ваше мобильное приложение, как это сделать?",technical_issue,bitext,ru,"I'd like to use your mobile app, how to do it?"
"сайт не работает на моем телефоне, я хочу помочь сообщить о проблеме",technical_issue,bitext,ru,the website doesnt work on my phone i watn help to report the issue
"приложение не работает на моем компьютере, помогите мне сообщить о чертовой проблеме",technical_issue,bitext,ru,"the app doesn't work on my computer, help me reporting a fucking problem"
как я могу купить через ваше мобильное приложение,technical_issue,bitext,ru,how could i buy through ur mobile app
где я мог бы скачать твое приложение,technical_issue,bitext,ru,were could i download ur app
"хочу нам твое мобильное приложение, где я могу это сделать",technical_issue,bitext,ru,wanna us ur mobile app where can i do it
"я бы хотел использовать приложение ru, как это сделать",technical_issue,bitext,ru,id like to use ru fucking app how to do it
"приложение не работает на моем устройстве, мне нужна помощь, чтобы сообщить об ошибке",technical_issue,bitext,ru,the app doesnt work on my device i need assistance reporting a fucking error
"Я хотел бы использовать ваше приложение, где я могу это сделать?",technical_issue,bitext,ru,"I would like to use your app , where could I do it?"
"Я бы хотел воспользоваться твоим чертовым мобильным приложением, можно мне помочь?",technical_issue,bitext,ru,I'd like to use ur fucking mobile app could  i get some help
"Я бы хотел воспользоваться твоим чертовым приложением, ты можешь мне помочь?",technical_issue,bitext,ru,"I'd like to use your fucking app, can you help me?"
"этот сайт не работает на моем Mac, помогите мне сообщить о проблеме",technical_issue,bitext,ru,"ther website doesn't work on my Mac, help me to report a problem"
"Я хочу использовать ваше мобильное приложение, как мне это сделать?",technical_issue,bitext,ru,"I want to use your mobile app, how do I do it?"
"нужно использовать ваше мобильное приложение, где я могу это сделать",technical_issue,bitext,ru,need to use ur mobile app where could i do it
"Я хотел бы использовать ваше мобильное приложение, мне нужна помощь",technical_issue,bitext,ru,"I'd like to use your mobile app, I need assistance"
"сайт не работает на моем мобильном телефоне, могу ли я сообщить о проблеме",technical_issue,bitext,ru,the website does not work on my mobile phone could i report a problem
"Я бы хотел использовать твое мобильное приложение, как я могу это сделать?",technical_issue,bitext,ru,id like to use ur mobile ap how could i do it
Я получаю чертову ошибку в приложении на своем телефоне. Можете ли вы помочь мне сообщить об этом?,technical_issue,bitext,ru,i get an fucking error in the app on my phone can ya help me report it
"Веб-сайт не работает, я хотел бы сообщить о проблеме",technical_issue,bitext,ru,the webste doesnt work id like to report the problem
"мобильное приложение не работает, мне нужна помощь, чтобы сообщить об этой чертовой проблеме",technical_issue,bitext,ru,the mobile app does not work i want help to report trhe fucking problem
как я могу использовать твое мобильное приложение,technical_issue,bitext,ru,how can i use ur ombile app
приложение не работает на моем планшете. Не могли бы вы помочь мне сообщить об ошибке?,technical_issue,bitext,ru,"the app doesn't work on my tablet , could you help me to report the error?"
"мобильное приложение не работает на моем мобильном телефоне, могу ли я сообщить об ошибке",technical_issue,bitext,ru,the mobile app doesnt work on my mobile phone can i report the error
"Я бы хотел использовать твое чертово приложение, мне нужна помощь",technical_issue,bitext,ru,I'd like to use ur fcking app i need assistance
"Мне нужно воспользоваться твоим чертовым мобильным приложением, как я могу это сделать?",technical_issue,bitext,ru,"I need to use your fucking mobile app, how can I do it?"
мне нужна помощь в сообщении о технической проблеме с мобильным приложением,technical_issue,bitext,ru,i want help reporting a technicasl issue with the mobile app
"сайт не работает на моем устройстве, мне нужна помощь, чтобы сообщить о чертовой проблеме",technical_issue,bitext,ru,"the website does not work on my device, I want help reporting a fucking problem"
"Мне бы хотелось воспользоваться твоим чертовым мобильным приложением, ты мне поможешь?",technical_issue,bitext,ru,"I'd lime to use your fucking mobile app, will you help me?"
"Я хочу воспользоваться твоим чертовым мобильным приложением, где это сделать?",technical_issue,bitext,ru,"I want touse your fucking mobile app, where to do it?"
"У меня не работает сайт на моем Mac, помогите мне сообщить о чертовой проблеме.",technical_issue,bitext,ru,"I acn't get the website to work on my Mac, help me to report a fucking problem"
"веб-сайт не работает на моем компьютере, помогите мне сообщить о проблеме",technical_issue,bitext,ru,the website dpes not work on my pc can uhelp me report the problem
"Я хотел бы использовать ваше мобильное приложение, как это сделать?",technical_issue,bitext,ru,"I would like to  use your mobile app, how to do it?"
"Я бы хотел воспользоваться твоим чертовым приложением, где мне это сделать?",technical_issue,bitext,ru,"I would like to use your fucking app, where do I do it?"
"Я не могу заставить сайт работать на своем компьютере, как сообщить о проблеме?",technical_issue,bitext,ru,"I can't get the website to work on my PC, how to report an issue ?"
"приложение не работает на моем устройстве, мне нужно сообщить о проблеме",technical_issue,bitext,ru,the app doesnt work on my device i got to report a problem
Я не хочу использовать твое чертово приложение,technical_issue,bitext,ru,I want ot use your fucking app
Я бы хотел использовать ваше мобильное приложение,technical_issue,bitext,ru,I'd like to use ur mobile app
"я не могу заставить сайт работать на своем компьютере, как я могу сообщить об ошибке",technical_issue,bitext,ru,i cant get the website to work on my computer how could i report an fucking error
"Мне нужно сообщить о проблеме на сайте, как я могу это сделать?",technical_issue,bitext,ru,"I have to report an  issue with the website, how can I do it?"
"Я хотел бы использовать ваше приложение, где мне это сделать?",technical_issue,bitext,ru,"I would like to use your app, where do I do it?"
я не могу заставить приложение работать на моем компьютере сообщить о чертовой проблеме,technical_issue,bitext,ru,i cant get the app to work on my pc report a fucking issje
"хочу использовать твое мобильное приложение, помоги мне",technical_issue,bitext,ru,wanna use ur mobile app help me
"я не могу заставить сайт работать на своем Mac, помогите мне сообщить о чертовой проблеме",technical_issue,bitext,ru,i cannot get the website to work on m mac could uhelp me report a fucking problem
"хочу использовать твое приложение, могу ли я получить помощь",technical_issue,bitext,ru,wanna use ur app can i get some help
приложение не работает на моем мобильном телефоне. Помогите мне сообщить о чертовой проблеме.,technical_issue,bitext,ru,the app does not work on my mobile phone could uhelp me reporting a fucking problem
мобильное приложение не работает на моем планшете. Можете ли вы помочь мне сообщить о проблеме?,technical_issue,bitext,ru,"the mobile app does not work on my tablet, can you help me report a fucking issue ?"
Сайт не работает на моем мобильном телефоне. Можете ли вы помочь мне сообщить о проблеме?,technical_issue,bitext,ru,"the wehsite doesn't work on my mobile phone, can you help me report an issue?"
"сайт не работает на моем Mac, мне нужно сообщить об ошибке",technical_issue,bitext,ru,"the website doesn't workon my Mac, I have to report an error"
"Мне нужно использовать ваше мобильное приложение, помогите мне.",technical_issue,bitext,ru,"I need to use your mobile app, hlp me"
"приложение не работает, сообщите об ошибке",technical_issue,bitext,ru,"the app doesn't work, report the error"
"Я хочу воспользоваться твоим чертовым мобильным приложением, мне нужна помощь",technical_issue,bitext,ru,"I want to use your fucking mobile app, I need assistance"
"Я бы хотел воспользоваться твоим чертовым мобильным приложением, ты мне поможешь?",technical_issue,bitext,ru,"I'd like to use your fucking mobile app, will you help me?"
"Я бы хотел использовать ваше приложение, мы поможем мне",technical_issue,bitext,ru,I'd like to use ur app weill uhelp me
"Мне нужно воспользоваться твоим чертовым приложением, могу ли я получить помощь?",technical_issue,bitext,ru,need to use ur fucking app could i get some help
"я не могу заставить сайт работать на своем компьютере, мне нужна помощь, чтобы сообщить о чертовой проблеме",technical_issue,bitext,ru,i cant get the website to work on my computer i need help reporting a fucking problem
"Я бы хотел воспользоваться твоим чертовым приложением, оно мне поможет",technical_issue,bitext,ru,id like to use ur fucking app will huelp me
"мобильное приложение не работает, мне нужно попросить сообщить об этой чертовой ошибке",technical_issue,bitext,ru,the mobile app doesnt work i need sasistance reporting the fucking error
Я хочу сообщить о технической проблеме с приложением. Мне нужна помощь.,technical_issue,bitext,ru,"I'd like to report a fucking technical issue with the app, I need assistance"
"приложение не работает на моем мобильном телефоне, помогите мне сообщить о чертовой проблеме",technical_issue,bitext,ru,the app doesnt work on my mobile phone can uhelp me reporting the fucking problem
"приложение не работает на моем устройстве, как мне повторить проблему?",technical_issue,bitext,ru,"the app doesn't work on my device, how can I repott a problem?"
как я могу скачать твое приложение,technical_issue,bitext,ru,how can i download ur app
"нужно сообщить о технической проблеме с мобильным приложением, мне поможет",technical_issue,bitext,ru,need to report a technical issue with the mobile app will uhelp me
"Я хочу сообщить о чертовой технической проблеме, где я могу это сделать?",technical_issue,bitext,ru,"I want to report a fucking technical problem, where culd I do it?"
"хочу использовать твое приложение, может мне помочь",technical_issue,bitext,ru,wanna use ur app could uhelp me
"я не могу заставить сайт работать на моем компьютере, мне нужно сообщить об ошибке",technical_issue,bitext,ru,i cannot get the ewbsite to work on my computer i have to report an error
"Я хотел бы использовать ваше чертово приложение, как мне это сделать?",technical_issue,bitext,ru,"I would like to use your fucking app, how do I do it?"
"Я бы хотел использовать ваше мобильное приложение, где мне это сделать?",technical_issue,bitext,ru,I'd like to use ur mobile app where do i do it
"приложение не работает, сообщите о проблеме",technical_issue,bitext,ru,the app doesnt work report the issue
как я могу купить через ваше мобильное приложение?,technical_issue,bitext,ru,how couldI buy through your mobile app?
"мобильное приложение не работает на моем устройстве, мне нужна помощь, чтобы сообщить о проблеме",technical_issue,bitext,ru,the mobile app doesnt work on my device i want help reporting the issue
"сайт не работает, сообщите о проблеме",technical_issue,bitext,ru,"the website does not work, report an issue"
как я могу использовать ваше приложение,technical_issue,bitext,ru,how can i use ur app
как мне использовать твое мобильное приложение,technical_issue,bitext,ru,how do i use ur mobile app
"приложение не работает на моем мобильном телефоне, мне нужна помощь, чтобы сообщить об ошибке",technical_issue,bitext,ru,the app doesnt work on my cell phone i need help reporrting the error
"Мне нужно воспользоваться твоим чертовым мобильным приложением, где мне это сделать?",technical_issue,bitext,ru,"I need to use your fucking mobile app, where do I do it?"
"сайт не работает на моем мобильном телефоне, мне нужно сообщить о проблеме",technical_issue,bitext,ru,"the website doesn't work on my cell phone, I need to report an issue"
"Я хочу воспользоваться твоим чертовым мобильным приложением, где мне это сделать?",technical_issue,bitext,ru,"I want to use your fucking mobile app, where do I do it?"
"нужно использовать ваше приложение, где это сделать",technical_issue,bitext,ru,need to use ur app where to do it
"хочу использовать твое приложение, ты мне поможешь?",technical_issue,bitext,ru,wanna use ur appwill ya help me
Мне нужно использовать твое приложение,technical_issue,bitext,ru,I need to use youe app
Веб-сайт не работает на моем мобильном телефоне. Можете ли вы помочь мне сообщить об ошибке?,technical_issue,bitext,ru,"the webstie doesn't work on my cell phone, can you help me reporting the error?"
"Я не могу заставить приложение работать на своем компьютере, мне нужна помощь, чтобы сообщить о чертовой проблеме.",technical_issue,bitext,ru,"I can't get the app to work on my computer , I want assistance reporting a fucking problem"
"приложение не работает на моем планшете, можно ли сообщить о проблеме?",technical_issue,bitext,ru,"the app doesn't work on my tablet, would it be possible to report a fucking issue?"
"приложение не работает на моем компьютере, как я могу сообщить о проблеме?",technical_issue,bitext,ru,"the app doesn't work on my computer, how could I report a problem?"
"нужно сообщить о технической проблеме, приложение поможет мне",technical_issue,bitext,ru,need to report a technical issue iwth the app help me
сайт не работает на моем устройстве. Можете ли вы помочь мне сообщить о проблеме?,technical_issue,bitext,ru,"the website does not work on my device, can you help me reporting the probblem?"
"Мне нужно воспользоваться вашим мобильным приложением, где я могу это сделать?",technical_issue,bitext,ru,"I need to use your mobile app, where can I do it?"
"Я бы хотел использовать ваше мобильное приложение, помогите мне.",technical_issue,bitext,ru,"I'd like to use your mobile app , help me"
"сайт не работает на моем мобильном телефоне, как мне сообщить об этой чертовой проблеме?",technical_issue,bitext,ru,"the website does not work on my cell phone, how do I report the fucking problem?"
"Я не могу заставить сайт работать на своем компьютере, мне нужна помощь, чтобы сообщить об ошибке",technical_issue,bitext,ru,"I cannot get the website to work on my computer, I want help reporting a fucking error"
"я получаю сообщение об ошибке в приложении на своем компьютере, как мне сообщить об этом",technical_issue,bitext,ru,i get an error in th app on my computer how do i report it
"приложение не работает на моем телефоне, как сообщить о проблеме?",technical_issue,bitext,ru,"the app does not work on my phone, how to report a fucking problem?"
"приложение не работает на моем мобильном телефоне, можно ли сообщить о проблеме",technical_issue,bitext,ru,the app doesnt work on my cell phone is it possible to report an issue
"Мне нужно использовать ваше мобильное приложение, как это сделать?",technical_issue,bitext,ru,"I need to use your mobile app, how to do it?"
"хочу воспользоваться твоим чертовым приложением, могу ли я получить помощь?",technical_issue,bitext,ru,wanna use ur fucking app can i get some help
можно ли будет купить через ваше приложение?,technical_issue,bitext,ru,would it be possible to buy through your app?
"Мобильное приложение не работает на моем Mac, можно ли сообщить об этой чертовой проблеме?",technical_issue,bitext,ru,tyhe mobile app does not work on my mac would it be possible to report the fucking problem
"Я бы хотел использовать твое чертово мобильное приложение, можешь мне помочь?",technical_issue,bitext,ru,id likew to use ur fucking mobile app can ya help me
"приложение не работает на моем компьютере, как мне сообщить о проблеме",technical_issue,bitext,ru,the app dosent work on my pc how do i report an issue
"Я не могу заставить приложение работать на своем компьютере, мне нужно сообщить об ошибке",technical_issue,bitext,ru,"I can't get the appto work on my PC, I need to report a fucking error"
"Я не могу заставить сайт работать на своем планшете, сообщите об ошибке",technical_issue,bitext,ru,"I cannot get the website to work on my tablet, report a fucking error"
"мобильное приложение не работает, могу ли я сообщить об ошибке?",technical_issue,bitext,ru,"the mobile app doesn't work,can I report the error?"
"мобильное приложение не работает на моем компьютере, не могли бы вы помочь мне сообщить об ошибке?",technical_issue,bitext,ru,the mobile app does not work on my pc could ya help me report the fucking error
"Я хочу воспользоваться твоим чертовым мобильным приложением, как я могу это сделать?",technical_issue,bitext,ru,"I want to use your fucking mobile app, how could I do it?"
"приложение не работает на моем устройстве, помогите мне сообщить об ошибке",technical_issue,bitext,ru,"the app doesn't work on my devie, help me to report a fucking error"
"мобильное приложение не работает на моем компьютере, как мне сообщить о проблеме",technical_issue,bitext,ru,the mobile app doesnt worek on my computer how do i report the problem
"хочу использовать твое чертово мобильное приложение, как это сделать",technical_issue,bitext,ru,wanna use ur fucking mobile app how to do it
"мне нужно сообщить о проблеме на сайте, где мне это сделать",technical_issue,bitext,ru,i got to report a problem with the website where do i do it
"мне нужно воспользоваться твоим чертовым приложением, ты можешь мне помочь",technical_issue,bitext,ru,need to use ur fucking app  could uhelp me
"Я хочу использовать ваше мобильное приложение, где мне это сделать?",technical_issue,bitext,ru,ened to use ur mobile app where do i do it
"Я хотел бы использовать ваше мобильное приложение, не могли бы вы мне помочь?",technical_issue,bitext,ru,"I'd like to use your mobile app, could you help me?"
"мобильное приложение не работает на моем компьютере, мне нужна помощь, чтобы сообщить о проблеме",technical_issue,bitext,ru,the mobile app doesntwork on my pc i want assistance to report a fucking issue
как мне использовать приложение ru,technical_issue,bitext,ru,how do i use ru app
где мне скачать ваше приложение?,technical_issue,bitext,ru,where d I download your app?
"Мне бы хотелось воспользоваться твоим чертовым мобильным приложением, где я могу это сделать",technical_issue,bitext,ru,id like to use ur fucking mobile app where could i do it
"Я бы хотел использовать твое чертово мобильное приложение, как мне это сделать?",technical_issue,bitext,ru,id like to use ur fucking mobie app how do i do it
"Я хотел бы использовать ваше приложение, помогите мне",technical_issue,bitext,ru,"I'd like to use your app, help me"
"я не могу заставить сайт работать на своем компьютере, могу ли я сообщить об ошибке",technical_issue,bitext,ru,i cannot get the website to work on my pc can i report a fuckingerror
"Я бы хотел воспользоваться твоим чертовым приложением, как мне это сделать?",technical_issue,bitext,ru,"I would like to use your fucking app, how can I do it?"
"Я бы хотел воспользоваться твоим чертовым приложением, нужно ли это делать?",technical_issue,bitext,ru,"I'd like to use your fucking app, were to do it?"
"хочу использовать твое приложение, где это сделать",technical_issue,bitext,ru,wanna use ur app where to do it
"я не могу заставить сайт работать на своем планшете, могу ли я сообщить о проблеме",technical_issue,bitext,ru,i cannot get the website to work on my tablet can i report an issue
"мне нужно сообщить о чертовой проблеме на сайте, как мне это сделать?",technical_issue,bitext,ru,i got to report a fucking issue with the website hw do i do it
"приложение не работает на моем телефоне, мне нужно сообщить об этой чертовой проблеме",technical_issue,bitext,ru,the app does noit work on my phone i have to report the fucking issue
могу ли я использовать твое чертово приложение,technical_issue,bitext,ru,could i use uir fucking app
"нужно использовать твое чертово мобильное приложение, можешь мне помочь?",technical_issue,bitext,ru,need to use ur fucking mobile app can ya help me
"Я хотел бы использовать ваше приложение, не могли бы вы мне помочь?",technical_issue,bitext,ru,"I'd like to use your app, could you help me?"
"Аунна, воспользуйся твоим чертовым приложением, могу ли я получить помощь?",technical_issue,bitext,ru,awnna use ur fucking app can i get some help
"нужно использовать твое чертово мобильное приложение, где я могу это сделать",technical_issue,bitext,ru,need to use ur fucking mobile app where can i do it
"нужно использовать ваше приложение, где мне это сделать",technical_issue,bitext,ru,need to use ur app  where do i do it
"Я бы хотел использовать ваше мобильное приложение, могу ли я получить помощь?",technical_issue,bitext,ru,I'd like to use ur mobile app could i gt some help
можно ли купить через ваше приложение?,technical_issue,bitext,ru,is it possible to buy through ur app
"Мне нужно сообщить о проблеме с приложением, где это сделать?",technical_issue,bitext,ru,"I got to report a problem with the app , where to do it?"
"Я бы хотел использовать ваше приложение, как я могу это сделать?",technical_issue,bitext,ru,I'd likw to use ur app how could i do it
"Я хочу воспользоваться твоим чертовым приложением, могу ли я получить помощь?",technical_issue,bitext,ru,"I want to use your fucking app, can I get some help?"
"я не могу заставить приложение работать на своем компьютере, мне нужно сообщить о чертовой проблеме",technical_issue,bitext,ru,i cannot get the app to work on my pc i need to report a fucking problem
"приложение не работает на моем мобильном телефоне, могу ли я сообщить об этой чертовой проблеме?",technical_issue,bitext,ru,"the app doesn't work on my cell phone, coupd I report the fucking problem?"
"сайт не работает на моем телефоне, как сообщить о проблеме",technical_issue,bitext,ru,the website doesnt owrk on my phone how to report an issue
мобильное приложение не работает на моем компьютере. Не могли бы вы помочь мне сообщить о проблеме?,technical_issue,bitext,ru,"the mobile app does not work on my PC, could you help me to report a fucking issue?"
"приложение не работает, мне нужна помощь, чтобы сообщить о чертовой проблеме",technical_issue,bitext,ru,the app doesnt work ii need help reporting a fucking problem
"мобильное приложение не работает на моем компьютере, можете ли вы помочь мне сообщить о проблеме?",technical_issue,bitext,ru,the mobile app doesnt work on my pc can ya help me report the problem
мобильное приложение не работает на моем Mac. Можете ли вы помочь мне сообщить о проблеме?,technical_issue,bitext,ru,"the mobile app doesn't work on my Mac,  can you help me reporting a problem?"
"сайт не работает, я хотел бы сообщить о проблеме",technical_issue,bitext,ru,the website doesnt work I'd like to report a fucking issue
Мобильное приложение не работает на моем планшете. Не могли бы вы помочь мне сообщить о проблеме?,technical_issue,bitext,ru,the mobile app doesnt work on my tablet could ya help me reporting the problem
"мобильное приложение не работает на моем телефоне, я хочу сообщить о проблеме",technical_issue,bitext,ru,"the mobile app doesn't work on my phone , I want to report the issue"
"я не могу заставить сайт работать на своем компьютере, помогите мне сообщить о чертовой проблеме",technical_issue,bitext,ru,i cant get the website to work on my computer can uhelp me to report a fucking issue
"сайт не работает на моем компьютере, можно ли сообщить об этой проблеме?",technical_issue,bitext,ru,"the website does not work on my PC, is it possible to report  the fucking issue?"
"сайт не работает на моем мобильном телефоне, как я могу сообщить о проблеме?",technical_issue,bitext,ru,"the website does not work on my cell phone, how could I erport a problem?"
"я не могу заставить приложение работать на своем компьютере, мне нужно сообщить о проблеме",technical_issue,bitext,ru,i cant get the app to work on my computer i need to report an issue
"я не могу заставить приложение работать на своем компьютере, могу ли я сообщить о проблеме",technical_issue,bitext,ru,i cant get thhe app to work on my computer can i report an issue
"веб-сайт не работает на моем устройстве, мне нужна помощь, чтобы сообщить об ошибке",technical_issue,bitext,ru,the website doesnt work on my device i need assistance reporting the errpr
"Я не могу заставить приложение работать на своем мобильном телефоне, помогите мне сообщить о чертовой проблеме.",technical_issue,bitext,ru,"I can't get trhe app to work on my mobile phone, help me report a fucking problem"
"приложение не работает, мне нужна помощь, чтобы сообщить о проблеме",technical_issue,bitext,ru,"the app doesn't wolrk, I need help reporting the problem"
"Я не могу заставить сайт работать на своем телефоне, мне нужна помощь, чтобы сообщить об ошибке",technical_issue,bitext,ru,"I can't get the website to workl on my phone, I need help to report a fucking error"
могу ли я купить через ваш сайт,technical_issue,bitext,ru,could i buy through ur website
"приложение не работает на моем компьютере, мне нужно сообщить о проблеме",technical_issue,bitext,ru,"the app doesn't work on my PC, I need to report a problem"
"хочу использовать твое чертово мобильное приложение, мне нужна помощь",technical_issue,bitext,ru,wanna use  ur fucking mobile app i need help
как использовать ваше приложение,technical_issue,bitext,ru,how to use ur app
могу ли я купить через ваш сайт?,technical_issue,bitext,ru,could I buy through your website?
как купить через ваше приложение?,technical_issue,bitext,ru,how to buu through your app?
"я не могу заставить сайт работать, мне нужно сообщить об ошибке",technical_issue,bitext,ru,i cant get the website to work i have to report a fucking error
У меня возникла техническая проблема с приложением на моем ПК. Не могли бы вы сообщить об этом?,technical_issue,bitext,ru,"I have a technical problem with the app on my PC, could you report it?"
как я мог использовать твое чертово мобильное приложение?,technical_issue,bitext,ru,how could ii use ur fucking mobile app
"сайт не работает на моем компьютере, я хотел бы сообщить о проблеме",technical_issue,bitext,ru,"the wesbite doesn't work on my PC, I would like to report a problem"
"Я не могу заставить сайт работать на своем телефоне, мне нужна помощь, чтобы сообщить о проблеме",technical_issue,bitext,ru,"I cannot get the website to work on my phone, I want assistance to report a problem"
Я бы хотел использовать ваше приложение,technical_issue,bitext,ru,I would liek to use your app
"приложение не работает на моем компьютере, мне нужна помощь, чтобы повторить ошибку",technical_issue,bitext,ru,"the app doesn't work on my PC, I want help to repirt an error"
"Я хочу воспользоваться твоим чертовым приложением, черт возьми.",technical_issue,bitext,ru,"I want to use your fucking app, hel me"
"приложение не работает на моем мобильном телефоне, можете ли вы помочь мне сообщить об ошибке?",technical_issue,bitext,ru,the app doesnt work on my cell phone can ya help me to report the fucking error
"я не могу заставить приложение работать на своем планшете, можно ли сообщить об ошибке",technical_issue,bitext,ru,i cant get the app to work on my tablet is it possible to report an error
"хочу использовать твой azpp, где мне это сделать?",technical_issue,bitext,ru,wanna use ur azpp where do i do it
"сайт не работает, помогите мне сообщить об ошибке",technical_issue,bitext,ru,"the website doesn't work, help me reporting the fucking error"
"Я хочу воспользоваться твоим чертовым мобильным приложением, как мне это сделать?",technical_issue,bitext,ru,"I want to use your fukcing mobile app, how could I do it?"
мобильное приложение не работает на моем устройстве. Помогите мне сообщить о проблеме.,technical_issue,bitext,ru,the mobile app does not work on my device could uhelp me report an issue
"сайт не работает на моем мобильном телефоне, могу ли я сообщить о проблеме?",technical_issue,bitext,ru,"the website does not work on my mobile phone, can I report the issue?"
"Я хотел бы использовать ваше приложение, могу ли я получить помощь",technical_issue,bitext,ru,id like to use ur app can i get some help
