sample_id,text_original,text_normalized,raw_label,label,source,is_synthetic,is_augmented,is_hard_negative,label_before_review,parent_sample_id,hard_negative_pair,hard_negative_pair_id,hard_negative_pair_similarity,augmentation_method
aug_account_0001_stg1_000861,хочу помочь получить пароль моего prl-фйала,хочу помочь получить пароль моего prl-фйала,account,account,ikshana|aug_typo_swap_adjacent,False,True,False,account,stg1_000861,,,,typo_swap_adjacent
aug_account_0002_stg1_000863,моггу ли я перейти на чертов стандартный аккаунт?,моггу ли я перейти на чертов стандартный аккаунт?,account,account,ikshana|aug_typo_duplicate_char,False,True,False,account,stg1_000863,,,,typo_duplicate_char
aug_account_0003_stg1_000751,"мне нужен аккаунт, помогите мне открыть его?","мне нужен аккаунт, помогите мне открыть его?",account,account,bitext|aug_punctuation_variant,False,True,False,account,stg1_000751,,,,punctuation_variant
aug_account_0004_stg1_000676,открытие ноого аккаунта Titanium,открытие ноого аккаунта titanium,account,account,ikshana|aug_typo_delete_char,False,True,False,account,stg1_000676,,,,typo_delete_char
aug_account_0005_stg1_000618,"мои личные данные неверны, мне нужна помощь в их имзенении","мои личные данные неверны, мне нужна помощь в их имзенении",account,account,bitext|aug_typo_swap_adjacent,False,True,False,account,stg1_000618,,,,typo_swap_adjacent
aug_account_0006_stg1_000821,"что мне нужно сделать, чтобы создать учетную запись Titanium для моего оттца","что мне нужно сделать, чтобы создать учетную запись titanium для моего оттца",account,account,ikshana|aug_typo_duplicate_char,False,True,False,account,stg1_000821,,,,typo_duplicate_char
aug_account_0007_stg1_000777,мне нужна помощь чтобы сбросить ключ моей учетной записи,мне нужна помощь чтобы сбросить ключ моей учетной записи,account,account,ikshana|aug_punctuation_variant,False,True,False,account,stg1_000777,,,,punctuation_variant
aug_account_0008_stg1_000692,"что мне нужно сделать, чтобы ипользовать учетную запись Platinum","что мне нужно сделать, чтобы ипользовать учетную запись platinum",account,account,ikshana|aug_typo_delete_char,False,True,False,account,stg1_000692,,,,typo_delete_char
aug_account_0009_stg1_000662,"мой проофиль взломали, мне нужна помощь в сбросе пароля","мой проофиль взломали, мне нужна помощь в сбросе пароля",account,account,bitext|aug_typo_duplicate_char,False,True,False,account,stg1_000662,,,,typo_duplicate_char
aug_account_0010_stg1_000878,"мне не нужно переходить на стандартную учетную запись, как мне это сделать?","мне не нужно переходить на стандартную учетную запись, как мне это сделать?",account,account,ikshana|aug_punctuation_variant,False,True,False,account,stg1_000878,,,,punctuation_variant
aug_account_0011_stg1_000609,"Мне не нужен мой чертов аккаунт, помогите мне его удалиь.","мне не нужен мой чертов аккаунт, помогите мне его удалиь.",account,account,bitext|aug_typo_delete_char,False,True,False,account,stg1_000609,,,,typo_delete_char
aug_account_0012_stg1_000702,поомщь в создании еще одной гребаной фримиум-аккаунта,поомщь в создании еще одной гребаной фримиум-аккаунта,account,account,ikshana|aug_typo_swap_adjacent,False,True,False,account,stg1_000702,,,,typo_swap_adjacent
aug_account_0013_stg1_000723,стандартная учетная запись cllsoe,стандартная учетная запись cllsoe,account,account,ikshana|aug_typo_duplicate_char,False,True,False,account,stg1_000723,,,,typo_duplicate_char
aug_account_0014_stg1_000746,"нужно удалить свой аккаунт, где это сделать?","нужно удалить свой аккаунт, где это сделать?",account,account,bitext|aug_phrase_compression,False,True,False,account,stg1_000746,,,,phrase_compression
aug_account_0015_stg1_000611,Я хотел бы открыть учетную запись пользователя как мне это сделать?,я хотел бы открыть учетную запись пользователя как мне это сделать?,account,account,bitext|aug_punctuation_variant,False,True,False,account,stg1_000611,,,,punctuation_variant
aug_account_0016_stg1_000774,изенить профессиональный аккаунт,изенить профессиональный аккаунт,account,account,ikshana|aug_typo_delete_char,False,True,False,account,stg1_000774,,,,typo_delete_char
aug_account_0017_stg1_000735,"Я не знаю, что мне нужно сделать, чтобы сбросить мою учетную запсиь пользователя ppwd","я не знаю, что мне нужно сделать, чтобы сбросить мою учетную запсиь пользователя ppwd",account,account,ikshana|aug_typo_swap_adjacent,False,True,False,account,stg1_000735,,,,typo_swap_adjacent
aug_account_0018_stg1_000791,"У меня проблема с моей чертовой учеетной записью пользователя, можно ли ее обновить?","у меня проблема с моей чертовой учеетной записью пользователя, можно ли ее обновить?",account,account,bitext|aug_typo_duplicate_char,False,True,False,account,stg1_000791,,,,typo_duplicate_char
aug_account_0019_stg1_003005,Как зарегистрироваться??,как зарегистрироваться??,account,account,synthetic_dataset|aug_punctuation_variant,True,True,False,account,stg1_003005,,,,punctuation_variant
aug_account_0020_stg1_000869,"мне не нужна моя учетная зпись, я бы хотел ее удалить","мне не нужна моя учетная зпись, я бы хотел ее удалить",account,account,bitext|aug_typo_delete_char,False,True,False,account,stg1_000869,,,,typo_delete_char
aug_account_0021_stg1_000762,у меня вопрос по поводу уддаления моего Премиум-аккаунта,у меня вопрос по поводу уддаления моего премиум-аккаунта,account,account,ikshana|aug_typo_duplicate_char,False,True,False,account,stg1_000762,,,,typo_duplicate_char
aug_account_0022_stg1_000820,хочу проверить историю покупок,хочу проверить историю покупок,account,account,bitext|aug_phrase_compression,False,True,False,account,stg1_000820,,,,phrase_compression
aug_account_0023_stg1_000649,У меня проблема с моим чертовым аккаунтом ты поможешь мне это изменить?,у меня проблема с моим чертовым аккаунтом ты поможешь мне это изменить?,account,account,bitext|aug_punctuation_variant,False,True,False,account,stg1_000649,,,,punctuation_variant
aug_account_0024_stg1_000812,"мой аккаунт взломали, не могли бы вы помочь мне сбрсить мой чертов пароль?","мой аккаунт взломали, не могли бы вы помочь мне сбрсить мой чертов пароль?",account,account,bitext|aug_typo_delete_char,False,True,False,account,stg1_000812,,,,typo_delete_char
aug_account_0025_stg1_000848,"кто-то взлоамл мой чертов пароль, как мне его сбросить?","кто-то взлоамл мой чертов пароль, как мне его сбросить?",account,account,bitext|aug_typo_swap_adjacent,False,True,False,account,stg1_000848,,,,typo_swap_adjacent
aug_account_0026_stg1_000811,"У меня пробллема с моей чертовой учетной записью, помогите мне ее изменить.","у меня пробллема с моей чертовой учетной записью, помогите мне ее изменить.",account,account,bitext|aug_typo_duplicate_char,False,True,False,account,stg1_000811,,,,typo_duplicate_char
aug_account_0027_stg1_000831,"нужна помощь, чтобы уведомить о проблеме с регистрацией?","нужна помощь, чтобы уведомить о проблеме с регистрацией?",account,account,ikshana|aug_punctuation_variant,False,True,False,account,stg1_000831,,,,punctuation_variant
aug_account_0028_stg1_002935,Забыл парль,забыл парль,account,account,synthetic_dataset|aug_typo_delete_char,True,True,False,account,stg1_002935,,,,typo_delete_char
aug_account_0029_stg1_000714,помощь в получении моего PIN-кода польозвателя,помощь в получении моего pin-кода польозвателя,account,account,ikshana|aug_typo_swap_adjacent,False,True,False,account,stg1_000714,,,,typo_swap_adjacent
aug_account_0030_stg1_000704,иссправление информации на счете Platinum,иссправление информации на счете platinum,account,account,ikshana|aug_typo_duplicate_char,False,True,False,account,stg1_000704,,,,typo_duplicate_char
aug_account_0031_stg1_000819,"Я хотел бы заполнить свои личные данные, как мне это сделать?!","я хотел бы заполнить свои личные данные, как мне это сделать?!",account,account,bitext|aug_punctuation_variant,False,True,False,account,stg1_000819,,,,punctuation_variant
aug_account_0032_stg1_000860,"мой пароль вззломали, помогите мне восстановить его","мой пароль вззломали, помогите мне восстановить его",account,account,bitext|aug_typo_duplicate_char,False,True,False,account,stg1_000860,,,,typo_duplicate_char
aug_account_0033_stg1_000663,"нужно поискать то, что я купил, помогите мне посмотреть мою чертову историю покупок.","нужно поискать то, что я купил, помогите мне посмотреть мою чертову историю покупок.",account,account,bitext|aug_phrase_compression,False,True,False,account,stg1_000663,,,,phrase_compression
aug_account_0034_stg1_000655,можешь ли ты помочь мне изменить мою чертову учетную запись?!,можешь ли ты помочь мне изменить мою чертову учетную запись?!,account,account,bitext|aug_punctuation_variant,False,True,False,account,stg1_000655,,,,punctuation_variant
aug_account_0035_stg1_000683,открыть фрииум-аккаунт,открыть фрииум-аккаунт,account,account,ikshana|aug_typo_delete_char,False,True,False,account,stg1_000683,,,,typo_delete_char
aug_account_0036_stg1_000758,"мне не нужна моя чертова учентая запись, мне нужна помощь, чтобы закрыть ее","мне не нужна моя чертова учентая запись, мне нужна помощь, чтобы закрыть ее",account,account,bitext|aug_typo_swap_adjacent,False,True,False,account,stg1_000758,,,,typo_swap_adjacent
aug_account_0037_stg1_000790,asxsistance получение вашшего информационного бюллетеня,asxsistance получение вашшего информационного бюллетеня,account,account,ikshana|aug_typo_duplicate_char,False,True,False,account,stg1_000790,,,,typo_duplicate_char
aug_account_0038_stg1_000881,нужно отписаться от вашей рассылки!,нужно отписаться от вашей рассылки!,account,account,ikshana|aug_punctuation_variant,False,True,False,account,stg1_000881,,,,punctuation_variant
aug_account_0039_stg1_000661,"я бы хотл создать учетную запись, где это сделать","я бы хотл создать учетную запись, где это сделать",account,account,bitext|aug_typo_delete_char,False,True,False,account,stg1_000661,,,,typo_delete_char
aug_account_0040_stg1_000596,"мне нужно открыть чертов счет, ты можешь мне поомчь?","мне нужно открыть чертов счет, ты можешь мне поомчь?",account,account,bitext|aug_typo_swap_adjacent,False,True,False,account,stg1_000596,,,,typo_swap_adjacent
aug_account_0041_stg1_000847,изменение даннных на платиновом аккаунте,изменение даннных на платиновом аккаунте,account,account,ikshana|aug_typo_duplicate_char,False,True,False,account,stg1_000847,,,,typo_duplicate_char
aug_account_0042_stg1_000836,"нужно создать учетную запись пользователя, мне нужна помощь","нужно создать учетную запись пользователя, мне нужна помощь",account,account,bitext|aug_phrase_compression,False,True,False,account,stg1_000836,,,,phrase_compression
aug_account_0043_stg1_000775,"я не знаю, как перейти на платиновый аккаунт!","я не знаю, как перейти на платиновый аккаунт!",account,account,ikshana|aug_punctuation_variant,False,True,False,account,stg1_000775,,,,punctuation_variant
aug_account_0044_stg1_000798,"я потерял свой чертов пароль, я хочу его восстановтиь","я потерял свой чертов пароль, я хочу его восстановтиь",account,account,bitext|aug_typo_swap_adjacent,False,True,False,account,stg1_000798,,,,typo_swap_adjacent
aug_account_0045_stg1_000789,редактированние платинового аккаунта,редактированние платинового аккаунта,account,account,ikshana|aug_typo_duplicate_char,False,True,False,account,stg1_000789,,,,typo_duplicate_char
aug_account_0046_stg1_000726,помогите мне увидеть статус моей подписки на рассылку новостей!,помогите мне увидеть статус моей подписки на рассылку новостей!,account,account,ikshana|aug_punctuation_variant,False,True,False,account,stg1_000726,,,,punctuation_variant
aug_account_0047_stg1_000778,"мой чертов праоль украли, могу я его сбросить?","мой чертов праоль украли, могу я его сбросить?",account,account,bitext|aug_typo_swap_adjacent,False,True,False,account,stg1_000778,,,,typo_swap_adjacent
aug_account_0048_stg1_000687,могу ли я перейти на платиноввый аккаунт,могу ли я перейти на платиноввый аккаунт,account,account,ikshana|aug_typo_duplicate_char,False,True,False,account,stg1_000687,,,,typo_duplicate_char
aug_account_0049_stg1_000802,"нужно просмотреть мою чертову историю заказов, можешь мне помочь?","нужно просмотреть мою чертову историю заказов, можешь мне помочь?",account,account,bitext|aug_phrase_compression,False,True,False,account,stg1_000802,,,,phrase_compression
aug_account_0050_stg1_000608,"мне нужно удалить свой гребаный аккаунт, где это сделать?","мне нужно удалить свой гребаный аккаунт, где это сделать?",account,account,bitext|aug_punctuation_variant,False,True,False,account,stg1_000608,,,,punctuation_variant
aug_account_0051_stg1_000721,нужна помщь в открытии премиум-аккаунта,нужна помщь в открытии премиум-аккаунта,account,account,ikshana|aug_typo_delete_char,False,True,False,account,stg1_000721,,,,typo_delete_char
aug_account_0052_stg1_000788,помогите сообщиьт о проблеме с регистрацией,помогите сообщиьт о проблеме с регистрацией,account,account,ikshana|aug_typo_swap_adjacent,False,True,False,account,stg1_000788,,,,typo_swap_adjacent
aug_account_0053_stg1_000627,"мне нужен чертов аккаунт, ты поможжешь мне его открыть?","мне нужен чертов аккаунт, ты поможжешь мне его открыть?",account,account,bitext|aug_typo_duplicate_char,False,True,False,account,stg1_000627,,,,typo_duplicate_char
aug_account_0054_stg1_000603,"хочу открыть чертов счет, где это сделать.","хочу открыть чертов счет, где это сделать.",account,account,bitext|aug_phrase_compression,False,True,False,account,stg1_000603,,,,phrase_compression
aug_account_0055_stg1_000764,"Я не знаю, как отменить подписку на рассылку новостей?","я не знаю, как отменить подписку на рассылку новостей?",account,account,ikshana|aug_punctuation_variant,False,True,False,account,stg1_000764,,,,punctuation_variant
aug_account_0056_stg1_000845,"мне нужно посмотреть четову историю заказов, что мне делать?","мне нужно посмотреть четову историю заказов, что мне делать?",account,account,bitext|aug_typo_delete_char,False,True,False,account,stg1_000845,,,,typo_delete_char
aug_account_0057_stg1_000641,"Я хотел бы закрыть свою чертоув учетную запись пользователя, как я могу это сделать?","я хотел бы закрыть свою чертоув учетную запись пользователя, как я могу это сделать?",account,account,bitext|aug_typo_swap_adjacent,False,True,False,account,stg1_000641,,,,typo_swap_adjacent
aug_account_0058_stg1_000823,Можете ли вы помочь мне восстановить PIN-код моей учеттной записи?,можете ли вы помочь мне восстановить pin-код моей учеттной записи?,account,account,ikshana|aug_typo_duplicate_char,False,True,False,account,stg1_000823,,,,typo_duplicate_char
aug_account_0059_stg1_000711,помогите в создании платиновой учетной записи,помогите в создании платиновой учетной записи,account,account,ikshana|aug_phrase_compression,False,True,False,account,stg1_000711,,,,phrase_compression
aug_account_0060_stg1_000619,мой аккаунт украли помогите мне восстановить пароль,мой аккаунт украли помогите мне восстановить пароль,account,account,bitext|aug_punctuation_variant,False,True,False,account,stg1_000619,,,,punctuation_variant
aug_account_0061_stg1_000673,могу ли я сообщить об ошибках при регистации,могу ли я сообщить об ошибках при регистации,account,account,ikshana|aug_typo_delete_char,False,True,False,account,stg1_000673,,,,typo_delete_char
aug_account_0062_stg1_000803,помогите мне првоерить чертову историю покупок,помогите мне првоерить чертову историю покупок,account,account,bitext|aug_typo_swap_adjacent,False,True,False,account,stg1_000803,,,,typo_swap_adjacent
aug_account_0063_stg1_000656,"Я хотел бы исправить свои чертовы личные данные, мне нужна поомощь","я хотел бы исправить свои чертовы личные данные, мне нужна поомощь",account,account,bitext|aug_typo_duplicate_char,False,True,False,account,stg1_000656,,,,typo_duplicate_char
aug_account_0064_stg1_000620,"Я хочу зарегистрироваться, помогите","я хочу зарегистрироваться, помогите",account,account,bitext|aug_phrase_compression,False,True,False,account,stg1_000620,,,,phrase_compression
aug_account_0065_stg1_000843,"Мне не нужна моя учетная запись, мне нужна помощь в ее удалении?","мне не нужна моя учетная запись, мне нужна помощь в ее удалении?",account,account,bitext|aug_punctuation_variant,False,True,False,account,stg1_000843,,,,punctuation_variant
aug_account_0066_stg1_000630,"моего пользователя укали, могу ли я восстановить свой чертов пароль?","моего пользователя укали, могу ли я восстановить свой чертов пароль?",account,account,bitext|aug_typo_delete_char,False,True,False,account,stg1_000630,,,,typo_delete_char
aug_account_0067_stg1_000647,"мне нужно открыть учетную запись, не могли бы мне помоьч","мне нужно открыть учетную запись, не могли бы мне помоьч",account,account,bitext|aug_typo_swap_adjacent,False,True,False,account,stg1_000647,,,,typo_swap_adjacent
aug_account_0068_stg1_000625,"Мне нужно обновить свою чертову уччетную запись, как это сделать?","мне нужно обновить свою чертову уччетную запись, как это сделать?",account,account,bitext|aug_typo_duplicate_char,False,True,False,account,stg1_000625,,,,typo_duplicate_char
aug_account_0069_stg1_000780,"мой аккаунт взломали, помогите в восстановлении пароля","мой аккаунт взломали, помогите в восстановлении пароля",account,account,bitext|aug_phrase_compression,False,True,False,account,stg1_000780,,,,phrase_compression
aug_account_0070_stg1_000825,"мне не нужен мой профиль, можно ли его отменить!","мне не нужен мой профиль, можно ли его отменить!",account,account,bitext|aug_punctuation_variant,False,True,False,account,stg1_000825,,,,punctuation_variant
aug_account_0071_stg1_000841,как я могу увидеть историю заказв?,как я могу увидеть историю заказв?,account,account,bitext|aug_typo_delete_char,False,True,False,account,stg1_000841,,,,typo_delete_char
aug_account_0072_stg1_000612,"мне не нужна моя учетная зпаись, можно отменить ее","мне не нужна моя учетная зпаись, можно отменить ее",account,account,bitext|aug_typo_swap_adjacent,False,True,False,account,stg1_000612,,,,typo_swap_adjacent
aug_account_0073_stg1_000659,"мой аккаунт украли, не могли бы вы помочь мне сбросить мой чеертов пароль?","мой аккаунт украли, не могли бы вы помочь мне сбросить мой чеертов пароль?",account,account,bitext|aug_typo_duplicate_char,False,True,False,account,stg1_000659,,,,typo_duplicate_char
aug_account_0074_stg1_000623,"нужно изменить свой профиль, помогите","нужно изменить свой профиль, помогите",account,account,bitext|aug_phrase_compression,False,True,False,account,stg1_000623,,,,phrase_compression
aug_account_0075_stg1_000624,я бы хотел отредактировать свой профиль мог бы мне помочь,я бы хотел отредактировать свой профиль мог бы мне помочь,account,account,bitext|aug_punctuation_variant,False,True,False,account,stg1_000624,,,,punctuation_variant
aug_account_0076_stg1_000801,Я не могу создать профиль пользователя. Помогите собщить о проблемах с регистрацией.,я не могу создать профиль пользователя. помогите собщить о проблемах с регистрацией.,account,account,ikshana|aug_typo_delete_char,False,True,False,account,stg1_000801,,,,typo_delete_char
aug_account_0077_stg1_000872,мне нужно уведомлять об ошибакх при регистрации,мне нужно уведомлять об ошибакх при регистрации,account,account,ikshana|aug_typo_swap_adjacent,False,True,False,account,stg1_000872,,,,typo_swap_adjacent
aug_account_0078_stg1_000679,Можете ли вы помоччь мне отписаться от новостной рассылки?,можете ли вы помоччь мне отписаться от новостной рассылки?,account,account,ikshana|aug_typo_duplicate_char,False,True,False,account,stg1_000679,,,,typo_duplicate_char
aug_account_0079_stg1_000600,"нужно изменить мою личную информацию, помогите мне","нужно изменить мою личную информацию, помогите мне",account,account,bitext|aug_phrase_compression,False,True,False,account,stg1_000600,,,,phrase_compression
aug_account_0080_stg1_000880,открыть стандартный счет для моего отца!,открыть стандартный счет для моего отца!,account,account,ikshana|aug_punctuation_variant,False,True,False,account,stg1_000880,,,,punctuation_variant
aug_account_0081_stg1_000730,я не могу сообщть об ошибках при регистрации,я не могу сообщть об ошибках при регистрации,account,account,ikshana|aug_typo_delete_char,False,True,False,account,stg1_000730,,,,typo_delete_char
aug_account_0082_stg1_000602,"кто-то взлмоал мой профиль, могу ли я сбросить свой чертов пароль?","кто-то взлмоал мой профиль, могу ли я сбросить свой чертов пароль?",account,account,bitext|aug_typo_swap_adjacent,False,True,False,account,stg1_000602,,,,typo_swap_adjacent
aug_account_0083_stg1_000868,открытие преемиум-аккаунта для жены,открытие преемиум-аккаунта для жены,account,account,ikshana|aug_typo_duplicate_char,False,True,False,account,stg1_000868,,,,typo_duplicate_char
aug_account_0084_stg1_000703,"что мне нужно сделать, чтобы удалить премиум-аккаунт!","что мне нужно сделать, чтобы удалить премиум-аккаунт!",account,account,ikshana|aug_punctuation_variant,False,True,False,account,stg1_000703,,,,punctuation_variant
aug_account_0085_stg1_000669,создать новю учетную запись Titanium для дочери,создать новю учетную запись titanium для дочери,account,account,ikshana|aug_typo_delete_char,False,True,False,account,stg1_000669,,,,typo_delete_char
aug_account_0086_stg1_000737,"Я не знаю, что мне нужно сделать, чтобы переейти на Платиновый аккаунт.","я не знаю, что мне нужно сделать, чтобы переейти на платиновый аккаунт.",account,account,ikshana|aug_typo_duplicate_char,False,True,False,account,stg1_000737,,,,typo_duplicate_char
aug_account_0087_stg1_000653,"Мне нужно открыть учетную запись пользователя, не могли бы вы мне помочь","мне нужно открыть учетную запись пользователя, не могли бы вы мне помочь",account,account,bitext|aug_punctuation_variant,False,True,False,account,stg1_000653,,,,punctuation_variant
aug_account_0088_stg1_000834,"Мне не нуежн мой профиль, помогите мне удалить его.","мне не нуежн мой профиль, помогите мне удалить его.",account,account,bitext|aug_typo_swap_adjacent,False,True,False,account,stg1_000834,,,,typo_swap_adjacent
aug_account_0089_stg1_003026,Не приходит код подтвверждения,не приходит код подтвверждения,account,account,synthetic_dataset|aug_typo_duplicate_char,True,True,False,account,stg1_003026,,,,typo_duplicate_char
aug_account_0090_stg1_002922,Как сменить пароль??,как сменить пароль??,account,account,synthetic_dataset|aug_punctuation_variant,True,True,False,account,stg1_002922,,,,punctuation_variant
aug_account_0091_stg1_000773,где я мог подписаться на чертоу корпоративную рассылку?,где я мог подписаться на чертоу корпоративную рассылку?,account,account,ikshana|aug_typo_delete_char,False,True,False,account,stg1_000773,,,,typo_delete_char
aug_account_0092_stg1_000670,"я не могу сзодать пользователя, нужна помощь, сообщить о проблеме с регистрацией","я не могу сзодать пользователя, нужна помощь, сообщить о проблеме с регистрацией",account,account,ikshana|aug_typo_swap_adjacent,False,True,False,account,stg1_000670,,,,typo_swap_adjacent
aug_account_0093_stg1_000701,как перейти на платиновый аккауунт,как перейти на платиновый аккауунт,account,account,ikshana|aug_typo_duplicate_char,False,True,False,account,stg1_000701,,,,typo_duplicate_char
aug_account_0094_stg1_000604,"нужно найти что-то, что я купил. Как просмотреть историю заказов?","нужно найти что-то, что я купил. как просмотреть историю заказов?",account,account,bitext|aug_phrase_compression,False,True,False,account,stg1_000604,,,,phrase_compression
aug_account_0095_stg1_000755,как отказаться от подписки на корпоративную рассылку?,как отказаться от подписки на корпоративную рассылку?,account,account,ikshana|aug_punctuation_variant,False,True,False,account,stg1_000755,,,,punctuation_variant
aug_account_0096_stg1_000727,Я хочу подписатся на вашу корпоративную рассылку,я хочу подписатся на вашу корпоративную рассылку,account,account,ikshana|aug_typo_delete_char,False,True,False,account,stg1_000727,,,,typo_delete_char
aug_account_0097_stg1_000827,информация об аннулировании моего Премиум-акакунта,информация об аннулировании моего премиум-акакунта,account,account,ikshana|aug_typo_swap_adjacent,False,True,False,account,stg1_000827,,,,typo_swap_adjacent
aug_account_0098_stg1_000816,"нужна помощь, чтоббы подписаться на информационный бюллетень компании","нужна помощь, чтоббы подписаться на информационный бюллетень компании",account,account,ikshana|aug_typo_duplicate_char,False,True,False,account,stg1_000816,,,,typo_duplicate_char
aug_account_0099_stg1_000854,"хочу изменить свой чертов профиль, где это сделать.","хочу изменить свой чертов профиль, где это сделать.",account,account,bitext|aug_phrase_compression,False,True,False,account,stg1_000854,,,,phrase_compression
aug_account_0100_stg1_003003,Не могу создать аккаунт?,не могу создать аккаунт?,account,account,synthetic_dataset|aug_punctuation_variant,True,True,False,account,stg1_003003,,,,punctuation_variant
aug_account_0101_stg1_000866,"Мне нужна помощь, чтобы откыть счет Titanium для моего отца.","мне нужна помощь, чтобы откыть счет titanium для моего отца.",account,account,ikshana|aug_typo_delete_char,False,True,False,account,stg1_000866,,,,typo_delete_char
aug_account_0102_stg1_000750,"мне не нужен мой чертов профиль, ох, можон я его закрою","мне не нужен мой чертов профиль, ох, можон я его закрою",account,account,bitext|aug_typo_swap_adjacent,False,True,False,account,stg1_000750,,,,typo_swap_adjacent
aug_account_0103_stg1_000731,куда сообщать об ошибкках с регистрацией?,куда сообщать об ошибкках с регистрацией?,account,account,ikshana|aug_typo_duplicate_char,False,True,False,account,stg1_000731,,,,typo_duplicate_char
aug_account_0104_stg1_000645,"мне нужно закрыть мой аккаунт, можно ли это сделать","мне нужно закрыть мой аккаунт, можно ли это сделать",account,account,bitext|aug_phrase_compression,False,True,False,account,stg1_000645,,,,phrase_compression
aug_account_0105_stg1_000771,Можете ли вы помочь мне отказаться от подписки на вашу корпоративную рассылку??,можете ли вы помочь мне отказаться от подписки на вашу корпоративную рассылку??,account,account,ikshana|aug_punctuation_variant,False,True,False,account,stg1_000771,,,,punctuation_variant
aug_account_0106_stg1_000616,"Мне нужно обовить свои чертовы личные данные, помогите мне.","мне нужно обовить свои чертовы личные данные, помогите мне.",account,account,bitext|aug_typo_delete_char,False,True,False,account,stg1_000616,,,,typo_delete_char
aug_account_0107_stg1_000865,"Мне нужно натйи то, что я купил, мне нужна помощь в проверке моей гребаной истории покупок.","мне нужно натйи то, что я купил, мне нужна помощь в проверке моей гребаной истории покупок.",account,account,bitext|aug_typo_swap_adjacent,False,True,False,account,stg1_000865,,,,typo_swap_adjacent
aug_account_0108_stg1_000606,"Мне не нужеен мой чертов профиль, помоги мне закрыть его.","мне не нужеен мой чертов профиль, помоги мне закрыть его.",account,account,bitext|aug_typo_duplicate_char,False,True,False,account,stg1_000606,,,,typo_duplicate_char
aug_account_0109_stg1_000787,Я не знаю что мне нужно сделать чтобы восстановить свой PIN-код.,я не знаю что мне нужно сделать чтобы восстановить свой pin-код.,account,account,ikshana|aug_punctuation_variant,False,True,False,account,stg1_000787,,,,punctuation_variant
aug_account_0110_stg1_000793,"У меня ошибка в моей учетнй записи пользователя, как я могу ее обновить?","у меня ошибка в моей учетнй записи пользователя, как я могу ее обновить?",account,account,bitext|aug_typo_delete_char,False,True,False,account,stg1_000793,,,,typo_delete_char
aug_account_0111_stg1_000826,помоги мне ортедактировать мой чертов аккаунт,помоги мне ортедактировать мой чертов аккаунт,account,account,bitext|aug_typo_swap_adjacent,False,True,False,account,stg1_000826,,,,typo_swap_adjacent
aug_account_0112_stg1_000691,Мне нужнна помощь с подпиской на рассылку новостей,мне нужнна помощь с подпиской на рассылку новостей,account,account,ikshana|aug_typo_duplicate_char,False,True,False,account,stg1_000691,,,,typo_duplicate_char
aug_account_0113_stg1_000729,Мне нужна помощь в отказе от подписки на новостную рассылку вашей компании?,мне нужна помощь в отказе от подписки на новостную рассылку вашей компании?,account,account,ikshana|aug_punctuation_variant,False,True,False,account,stg1_000729,,,,punctuation_variant
aug_account_0114_stg1_000690,как поьзоваться платиновым профилем?,как поьзоваться платиновым профилем?,account,account,ikshana|aug_typo_delete_char,False,True,False,account,stg1_000690,,,,typo_delete_char
aug_account_0115_stg1_000739,измененеи бесплатного аккаунта,измененеи бесплатного аккаунта,account,account,ikshana|aug_typo_swap_adjacent,False,True,False,account,stg1_000739,,,,typo_swap_adjacent
aug_account_0116_stg1_000828,открыть сччет в Титаниуме,открыть сччет в титаниуме,account,account,ikshana|aug_typo_duplicate_char,False,True,False,account,stg1_000828,,,,typo_duplicate_char
aug_account_0117_stg1_000795,"Я не зарегистрирован, как открыть у вас про аккаунт?!","я не зарегистрирован, как открыть у вас про аккаунт?!",account,account,ikshana|aug_punctuation_variant,False,True,False,account,stg1_000795,,,,punctuation_variant
aug_account_0118_stg1_000873,Я не могу перейти на стандартую учетную запись,я не могу перейти на стандартую учетную запись,account,account,ikshana|aug_typo_delete_char,False,True,False,account,stg1_000873,,,,typo_delete_char
aug_account_0119_stg1_000637,"Мне нужна моя чертоав история покупок, где я могу ее посмотреть?","мне нужна моя чертоав история покупок, где я могу ее посмотреть?",account,account,bitext|aug_typo_swap_adjacent,False,True,False,account,stg1_000637,,,,typo_swap_adjacent
aug_account_0120_stg1_000601,как мне проверить чертовву историю покупок,как мне проверить чертовву историю покупок,account,account,bitext|aug_typo_duplicate_char,False,True,False,account,stg1_000601,,,,typo_duplicate_char
aug_account_0121_stg1_000717,как найти информацию о восстановлении ключа,как найти информацию о восстановлении ключа,account,account,ikshana|aug_phrase_compression,False,True,False,account,stg1_000717,,,,phrase_compression
aug_account_0122_stg1_000695,"Мне нужно использовать профиль Platinum, как это сделать?!","мне нужно использовать профиль platinum, как это сделать?!",account,account,ikshana|aug_punctuation_variant,False,True,False,account,stg1_000695,,,,punctuation_variant
aug_account_0123_stg1_000807,"Я не использую свою Премиум-аккаунт, мне нужна помощь в ее удалнии","я не использую свою премиум-аккаунт, мне нужна помощь в ее удалнии",account,account,ikshana|aug_typo_delete_char,False,True,False,account,stg1_000807,,,,typo_delete_char
aug_account_0124_stg1_000686,информация об аннулировании моего акакунта Titanium,информация об аннулировании моего акакунта titanium,account,account,ikshana|aug_typo_swap_adjacent,False,True,False,account,stg1_000686,,,,typo_swap_adjacent
aug_account_0125_stg1_000747,"Мне нуужна чертова учетная запись пользователя, да!","мне нуужна чертова учетная запись пользователя, да!",account,account,bitext|aug_typo_duplicate_char,False,True,False,account,stg1_000747,,,,typo_duplicate_char
aug_account_0126_stg1_000814,"помогите, чтобы подписаться на новостную рассылку вашей компании","помогите, чтобы подписаться на новостную рассылку вашей компании",account,account,ikshana|aug_phrase_compression,False,True,False,account,stg1_000814,,,,phrase_compression
aug_account_0127_stg1_000797,"Мне нужно найти то, что я купил, мне нужна помощь в просмотре истории моих покупок!","мне нужно найти то, что я купил, мне нужна помощь в просмотре истории моих покупок!",account,account,bitext|aug_punctuation_variant,False,True,False,account,stg1_000797,,,,punctuation_variant
aug_account_0128_stg1_000719,куда мне сообщить о проблемах с регистрцией,куда мне сообщить о проблемах с регистрцией,account,account,ikshana|aug_typo_delete_char,False,True,False,account,stg1_000719,,,,typo_delete_char
aug_account_0129_stg1_000770,можешь показать мне эту чертову итсорию покупок?,можешь показать мне эту чертову итсорию покупок?,account,account,bitext|aug_typo_swap_adjacent,False,True,False,account,stg1_000770,,,,typo_swap_adjacent
aug_account_0130_stg1_000736,обновить премиум-акккаунт,обновить премиум-акккаунт,account,account,ikshana|aug_typo_duplicate_char,False,True,False,account,stg1_000736,,,,typo_duplicate_char
aug_account_0131_stg1_000833,"мне не нужно изменять свою чертову учетную запись пользователя, могу ли я получить помощь?","мне не нужно изменять свою чертову учетную запись пользователя, могу ли я получить помощь?",account,account,bitext|aug_punctuation_variant,False,True,False,account,stg1_000833,,,,punctuation_variant
aug_account_0132_stg1_000650,"нужно поискать что-то, что я купил, могу ли я посмотреть историю свох заказов","нужно поискать что-то, что я купил, могу ли я посмотреть историю свох заказов",account,account,bitext|aug_typo_delete_char,False,True,False,account,stg1_000650,,,,typo_delete_char
aug_account_0133_stg1_000699,"мне нужна помощь, чотбы перейти на платиновый аккаунт","мне нужна помощь, чотбы перейти на платиновый аккаунт",account,account,ikshana|aug_typo_swap_adjacent,False,True,False,account,stg1_000699,,,,typo_swap_adjacent
aug_account_0134_stg1_000779,"Мне не нужен мой черртов профиль, мне нужна помощь, чтобы его закрыть.","мне не нужен мой черртов профиль, мне нужна помощь, чтобы его закрыть.",account,account,bitext|aug_typo_duplicate_char,False,True,False,account,stg1_000779,,,,typo_duplicate_char
aug_account_0135_stg1_000804,Мне нужна информация об открытии счетов Titanium?,мне нужна информация об открытии счетов titanium?,account,account,ikshana|aug_punctuation_variant,False,True,False,account,stg1_000804,,,,punctuation_variant
aug_account_0136_stg1_000595,"кто-то взломал мой профиль, мне нужна помощь в восстанолении пароля","кто-то взломал мой профиль, мне нужна помощь в восстанолении пароля",account,account,bitext|aug_typo_delete_char,False,True,False,account,stg1_000595,,,,typo_delete_char
aug_account_0137_stg1_000636,"Я хотел бы проверить гребнаый перерыв в заказе, могу ли я получить некоторую помощь?","я хотел бы проверить гребнаый перерыв в заказе, могу ли я получить некоторую помощь?",account,account,bitext|aug_typo_swap_adjacent,False,True,False,account,stg1_000636,,,,typo_swap_adjacent
aug_account_0138_stg1_000885,"мне нужно исполььзовать платиновый профиль, могу ли я получить помощь?","мне нужно исполььзовать платиновый профиль, могу ли я получить помощь?",account,account,ikshana|aug_typo_duplicate_char,False,True,False,account,stg1_000885,,,,typo_duplicate_char
aug_account_0139_stg1_000718,"Я не использую свою Премиум-учетную запись, помогите, чтобы закрыть ее","я не использую свою премиум-учетную запись, помогите, чтобы закрыть ее",account,account,ikshana|aug_phrase_compression,False,True,False,account,stg1_000718,,,,phrase_compression
aug_account_0140_stg1_000767,"что мне нужно сделать, чтобы восстановить ключ доступа к моему профилю пользователя?","что мне нужно сделать, чтобы восстановить ключ доступа к моему профилю пользователя?",account,account,ikshana|aug_punctuation_variant,False,True,False,account,stg1_000767,,,,punctuation_variant
aug_account_0141_stg1_000678,уведомляь об ошибках при регистрации,уведомляь об ошибках при регистрации,account,account,ikshana|aug_typo_delete_char,False,True,False,account,stg1_000678,,,,typo_delete_char
aug_account_0142_stg1_000671,Я хотел бы получить информацию о получении кюлча доступа,я хотел бы получить информацию о получении кюлча доступа,account,account,ikshana|aug_typo_swap_adjacent,False,True,False,account,stg1_000671,,,,typo_swap_adjacent
aug_account_0143_stg1_000839,мне нужнна помощь в отмене премиум-аккаунта,мне нужнна помощь в отмене премиум-аккаунта,account,account,ikshana|aug_typo_duplicate_char,False,True,False,account,stg1_000839,,,,typo_duplicate_char
aug_account_0144_stg1_000806,кто-то взломал моего пользователя помогите мне восстановить пароль,кто-то взломал моего пользователя помогите мне восстановить пароль,account,account,bitext|aug_punctuation_variant,False,True,False,account,stg1_000806,,,,punctuation_variant
aug_account_0145_stg1_000859,"Мне нужно получить ваш корпоративный информационный бюллетень, мне нужна пмощь","мне нужно получить ваш корпоративный информационный бюллетень, мне нужна пмощь",account,account,ikshana|aug_typo_delete_char,False,True,False,account,stg1_000859,,,,typo_delete_char
aug_account_0146_stg1_000610,"мне нужна поммощь, чтобы просмотреть историю покупок","мне нужна поммощь, чтобы просмотреть историю покупок",account,account,bitext|aug_typo_duplicate_char,False,True,False,account,stg1_000610,,,,typo_duplicate_char
aug_account_0147_stg1_000794,"кто-то взломал мой профиль, можете помочь мне восстановить мой чертов пароль?","кто-то взломал мой профиль, можете помочь мне восстановить мой чертов пароль?",account,account,bitext|aug_phrase_compression,False,True,False,account,stg1_000794,,,,phrase_compression
aug_account_0148_stg1_000720,можно ли будет сесть на чертов Платиновый аккаунт!,можно ли будет сесть на чертов платиновый аккаунт!,account,account,ikshana|aug_punctuation_variant,False,True,False,account,stg1_000720,,,,punctuation_variant
aug_account_0149_stg1_000640,"мне нужен чертов аккаунт, где его содать","мне нужен чертов аккаунт, где его содать",account,account,bitext|aug_typo_delete_char,False,True,False,account,stg1_000640,,,,typo_delete_char
aug_account_0150_stg1_000613,"Мне нуужно запросить право на забвение, где мне это сделать?","мне нуужно запросить право на забвение, где мне это сделать?",account,account,bitext|aug_typo_duplicate_char,False,True,False,account,stg1_000613,,,,typo_duplicate_char
aug_account_0151_stg1_000626,мне нужна помощь в редактировании моей учетной записи!,мне нужна помощь в редактировании моей учетной записи!,account,account,bitext|aug_punctuation_variant,False,True,False,account,stg1_000626,,,,punctuation_variant
aug_account_0152_stg1_000697,мне нуно создать учетную запись Titanium для моего жениха,мне нуно создать учетную запись titanium для моего жениха,account,account,ikshana|aug_typo_delete_char,False,True,False,account,stg1_000697,,,,typo_delete_char
aug_account_0153_stg1_000800,зарегистрироватсья,зарегистрироватсья,account,account,ikshana|aug_typo_swap_adjacent,False,True,False,account,stg1_000800,,,,typo_swap_adjacent
aug_account_0154_stg1_000707,"я не знаю, что делать, чтообы перейти на платиновый аккаунт","я не знаю, что делать, чтообы перейти на платиновый аккаунт",account,account,ikshana|aug_typo_duplicate_char,False,True,False,account,stg1_000707,,,,typo_duplicate_char
aug_account_0155_stg1_000632,Я ищу свою чертову историю покупок. можете мне помочь ее найти?,я ищу свою чертову историю покупок. можете мне помочь ее найти?,account,account,bitext|aug_phrase_compression,False,True,False,account,stg1_000632,,,,phrase_compression
aug_account_0156_stg1_000824,"мой аккаунт украли, я бы хотел восстановить свой чертов пароль?","мой аккаунт украли, я бы хотел восстановить свой чертов пароль?",account,account,bitext|aug_punctuation_variant,False,True,False,account,stg1_000824,,,,punctuation_variant
aug_account_0157_stg1_000756,как соощить о проблемах с регистрацией,как соощить о проблемах с регистрацией,account,account,ikshana|aug_typo_delete_char,False,True,False,account,stg1_000756,,,,typo_delete_char
aug_account_0158_stg1_000813,проблема со србосом ключа доступа,проблема со србосом ключа доступа,account,account,ikshana|aug_typo_swap_adjacent,False,True,False,account,stg1_000813,,,,typo_swap_adjacent
aug_account_0159_stg1_000694,помогитте мне использовать платиновый профиль,помогитте мне использовать платиновый профиль,account,account,ikshana|aug_typo_duplicate_char,False,True,False,account,stg1_000694,,,,typo_duplicate_char
aug_account_0160_stg1_000832,"у меня проблема с моей чертовой учетной записью, можете помочь мне изменить ее?","у меня проблема с моей чертовой учетной записью, можете помочь мне изменить ее?",account,account,bitext|aug_phrase_compression,False,True,False,account,stg1_000832,,,,phrase_compression
aug_account_0161_stg1_000748,"мне нужно просмотреть историю покупок, мне нужна помощь?","мне нужно просмотреть историю покупок, мне нужна помощь?",account,account,bitext|aug_punctuation_variant,False,True,False,account,stg1_000748,,,,punctuation_variant
aug_account_0162_stg1_000633,Мне нужно просмотреть историю покупок. Как я моогу это сделать?,мне нужно просмотреть историю покупок. как я моогу это сделать?,account,account,bitext|aug_typo_duplicate_char,False,True,False,account,stg1_000633,,,,typo_duplicate_char
aug_account_0163_stg1_000598,"Мне нужна учетная запись, помогите в ее создании","мне нужна учетная запись, помогите в ее создании",account,account,bitext|aug_phrase_compression,False,True,False,account,stg1_000598,,,,phrase_compression
aug_account_0164_stg1_000809,мне придется удалить свой чертов аккаунт где я это делаю,мне придется удалить свой чертов аккаунт где я это делаю,account,account,bitext|aug_punctuation_variant,False,True,False,account,stg1_000809,,,,punctuation_variant
aug_account_0165_stg1_000664,"Мне нужно изенить свою учетную запись пользователя, где я могу это сделать?","мне нужно изенить свою учетную запись пользователя, где я могу это сделать?",account,account,bitext|aug_typo_delete_char,False,True,False,account,stg1_000664,,,,typo_delete_char
aug_account_0166_stg1_000886,"Мне нужон просмотреть историю заказов, вы мне поможете?","мне нужон просмотреть историю заказов, вы мне поможете?",account,account,bitext|aug_typo_swap_adjacent,False,True,False,account,stg1_000886,,,,typo_swap_adjacent
aug_account_0167_stg1_000853,инфоррмация об отмене подписки на рассылку новостей,инфоррмация об отмене подписки на рассылку новостей,account,account,ikshana|aug_typo_duplicate_char,False,True,False,account,stg1_000853,,,,typo_duplicate_char
aug_account_0168_stg1_000617,"нужно закрыть свой профиль, как это сделать?","нужно закрыть свой профиль, как это сделать?",account,account,bitext|aug_phrase_compression,False,True,False,account,stg1_000617,,,,phrase_compression
aug_account_0169_stg1_000749,можешь помочь мне сбросить мой чертов пароль??,можешь помочь мне сбросить мой чертов пароль??,account,account,bitext|aug_punctuation_variant,False,True,False,account,stg1_000749,,,,punctuation_variant
aug_account_0170_stg1_000705,могу ли я закрыь платиновый аккаунт?,могу ли я закрыь платиновый аккаунт?,account,account,ikshana|aug_typo_delete_char,False,True,False,account,stg1_000705,,,,typo_delete_char
aug_account_0171_stg1_000740,"Я потерял клююч доступа к своему профилю пользователя, помогите его восстановить.","я потерял клююч доступа к своему профилю пользователя, помогите его восстановить.",account,account,ikshana|aug_typo_duplicate_char,False,True,False,account,stg1_000740,,,,typo_duplicate_char
aug_account_0172_stg1_000621,Я бы хотел сменить свою чертову учетную запись где мне это сделать?,я бы хотел сменить свою чертову учетную запись где мне это сделать?,account,account,bitext|aug_punctuation_variant,False,True,False,account,stg1_000621,,,,punctuation_variant
aug_account_0173_stg1_000856,"Мне нужна помощь, чтобы удалить мою четову учетную запись пользователя","мне нужна помощь, чтобы удалить мою четову учетную запись пользователя",account,account,bitext|aug_typo_delete_char,False,True,False,account,stg1_000856,,,,typo_delete_char
aug_account_0174_stg1_000753,можно ли сброосить ключ моей учетной записи?,можно ли сброосить ключ моей учетной записи?,account,account,ikshana|aug_typo_duplicate_char,False,True,False,account,stg1_000753,,,,typo_duplicate_char
aug_account_0175_stg1_000776,"хочу зарегистрироваться, помогите","хочу зарегистрироваться, помогите",account,account,bitext|aug_phrase_compression,False,True,False,account,stg1_000776,,,,phrase_compression
aug_account_0176_stg1_000883,"у меня ошибка в моей гребаной учетной записи, ты поможешь мне ее изменить?!","у меня ошибка в моей гребаной учетной записи, ты поможешь мне ее изменить?!",account,account,bitext|aug_punctuation_variant,False,True,False,account,stg1_000883,,,,punctuation_variant
aug_account_0177_stg1_000668,"Я хотел бы закрыть свою учетную запиь, могу ли я получить помощь?","я хотел бы закрыть свою учетную запиь, могу ли я получить помощь?",account,account,bitext|aug_typo_delete_char,False,True,False,account,stg1_000668,,,,typo_delete_char
aug_account_0178_stg1_000761,"кто-то взломал мой профиль, пмоогите мне сбросить мой чертов пароль","кто-то взломал мой профиль, пмоогите мне сбросить мой чертов пароль",account,account,bitext|aug_typo_swap_adjacent,False,True,False,account,stg1_000761,,,,typo_swap_adjacent
aug_account_0179_stg1_000733,отменнить подписку на рассылку,отменнить подписку на рассылку,account,account,ikshana|aug_typo_duplicate_char,False,True,False,account,stg1_000733,,,,typo_duplicate_char
aug_account_0180_stg1_000684,я не знаю как сообщить о проблеме с регистрацией,я не знаю как сообщить о проблеме с регистрацией,account,account,ikshana|aug_punctuation_variant,False,True,False,account,stg1_000684,,,,punctuation_variant
aug_account_0181_stg1_000863,моогу ли я перейти на чертов стандартный аккаунт?,моогу ли я перейти на чертов стандартный аккаунт?,account,account,ikshana|aug_typo_duplicate_char,False,True,False,account,stg1_000863,,,,typo_duplicate_char
aug_account_0182_stg1_000751,мне нужен аккаунт помогите мне открыть его,мне нужен аккаунт помогите мне открыть его,account,account,bitext|aug_punctuation_variant,False,True,False,account,stg1_000751,,,,punctuation_variant
aug_account_0183_stg1_000676,открытие нового акаунта Titanium,открытие нового акаунта titanium,account,account,ikshana|aug_typo_delete_char,False,True,False,account,stg1_000676,,,,typo_delete_char
aug_account_0184_stg1_000618,"мои личные данные нвеерны, мне нужна помощь в их изменении","мои личные данные нвеерны, мне нужна помощь в их изменении",account,account,bitext|aug_typo_swap_adjacent,False,True,False,account,stg1_000618,,,,typo_swap_adjacent
aug_account_0185_stg1_000821,"что мне нужно сделать, чтобы созддать учетную запись Titanium для моего отца","что мне нужно сделать, чтобы созддать учетную запись titanium для моего отца",account,account,ikshana|aug_typo_duplicate_char,False,True,False,account,stg1_000821,,,,typo_duplicate_char
aug_account_0186_stg1_000777,"мне нужна помощь, чтобы сбросить ключ моей учетной записи!","мне нужна помощь, чтобы сбросить ключ моей учетной записи!",account,account,ikshana|aug_punctuation_variant,False,True,False,account,stg1_000777,,,,punctuation_variant
aug_account_0187_stg1_000692,"что мне нужно сделть, чтобы использовать учетную запись Platinum","что мне нужно сделть, чтобы использовать учетную запись platinum",account,account,ikshana|aug_typo_delete_char,False,True,False,account,stg1_000692,,,,typo_delete_char
aug_account_0188_stg1_000838,Я хочу узнать больше об отмене подписки на рассылку новосетй,я хочу узнать больше об отмене подписки на рассылку новосетй,account,account,ikshana|aug_typo_swap_adjacent,False,True,False,account,stg1_000838,,,,typo_swap_adjacent
aug_account_0189_stg1_000662,"мой профиль взломали, мне нужна помощь в сбросе парооля","мой профиль взломали, мне нужна помощь в сбросе парооля",account,account,bitext|aug_typo_duplicate_char,False,True,False,account,stg1_000662,,,,typo_duplicate_char
aug_account_0190_stg1_000878,мне не нужно переходить на стандартную учетную запись как мне это сделать,мне не нужно переходить на стандартную учетную запись как мне это сделать,account,account,ikshana|aug_punctuation_variant,False,True,False,account,stg1_000878,,,,punctuation_variant
aug_account_0191_stg1_000609,"Мне не нужен мой чертов аккаунт, помогите мне его уалить.","мне не нужен мой чертов аккаунт, помогите мне его уалить.",account,account,bitext|aug_typo_delete_char,False,True,False,account,stg1_000609,,,,typo_delete_char
aug_account_0192_stg1_000702,помощь в создании еще одной гребаной фримиум-аккаутна,помощь в создании еще одной гребаной фримиум-аккаутна,account,account,ikshana|aug_typo_swap_adjacent,False,True,False,account,stg1_000702,,,,typo_swap_adjacent
aug_account_0193_stg1_000723,стандартная учетная заапись clsoe,стандартная учетная заапись clsoe,account,account,ikshana|aug_typo_duplicate_char,False,True,False,account,stg1_000723,,,,typo_duplicate_char
aug_account_0194_stg1_000774,именить профессиональный аккаунт,именить профессиональный аккаунт,account,account,ikshana|aug_typo_delete_char,False,True,False,account,stg1_000774,,,,typo_delete_char
aug_account_0195_stg1_000791,"У меня проблема с моеей чертовой учетной записью пользователя, можно ли ее обновить?","у меня проблема с моеей чертовой учетной записью пользователя, можно ли ее обновить?",account,account,bitext|aug_typo_duplicate_char,False,True,False,account,stg1_000791,,,,typo_duplicate_char
aug_account_0196_stg1_003005,Как зарегистрироваться?!,как зарегистрироваться?!,account,account,synthetic_dataset|aug_punctuation_variant,True,True,False,account,stg1_003005,,,,punctuation_variant
aug_account_0197_stg1_000869,"мне не нужна моя учетная запись, я бы хотел ее удлить","мне не нужна моя учетная запись, я бы хотел ее удлить",account,account,bitext|aug_typo_delete_char,False,True,False,account,stg1_000869,,,,typo_delete_char
aug_account_0198_stg1_000762,у меня вопрос по повводу удаления моего Премиум-аккаунта,у меня вопрос по повводу удаления моего премиум-аккаунта,account,account,ikshana|aug_typo_duplicate_char,False,True,False,account,stg1_000762,,,,typo_duplicate_char
aug_account_0199_stg1_000649,"У меня проблема с моим чертовым аккаунтом, ты поможешь мне это изменить","у меня проблема с моим чертовым аккаунтом, ты поможешь мне это изменить",account,account,bitext|aug_punctuation_variant,False,True,False,account,stg1_000649,,,,punctuation_variant
aug_account_0200_stg1_000812,"мой аккаунт взломали, не мгли бы вы помочь мне сбросить мой чертов пароль?","мой аккаунт взломали, не мгли бы вы помочь мне сбросить мой чертов пароль?",account,account,bitext|aug_typo_delete_char,False,True,False,account,stg1_000812,,,,typo_delete_char
aug_account_0201_stg1_000811,"У меня проблема с моей чертовой уччетной записью, помогите мне ее изменить.","у меня проблема с моей чертовой уччетной записью, помогите мне ее изменить.",account,account,bitext|aug_typo_duplicate_char,False,True,False,account,stg1_000811,,,,typo_duplicate_char
aug_account_0202_stg1_002935,Забыл паоль,забыл паоль,account,account,synthetic_dataset|aug_typo_delete_char,True,True,False,account,stg1_002935,,,,typo_delete_char
aug_account_0203_stg1_000714,помощь в получении меого PIN-кода пользователя,помощь в получении меого pin-кода пользователя,account,account,ikshana|aug_typo_swap_adjacent,False,True,False,account,stg1_000714,,,,typo_swap_adjacent
aug_account_0204_stg1_000704,исправление информации на счете Platinnum,исправление информации на счете platinnum,account,account,ikshana|aug_typo_duplicate_char,False,True,False,account,stg1_000704,,,,typo_duplicate_char
aug_account_0205_stg1_000819,"Я хотел бы заполнить свои личные данные, как мне это сделать","я хотел бы заполнить свои личные данные, как мне это сделать",account,account,bitext|aug_punctuation_variant,False,True,False,account,stg1_000819,,,,punctuation_variant
aug_account_0206_stg1_000722,"что мне нжно сделать, чтобы восстановить пин-код моей учетной записи пользователя","что мне нжно сделать, чтобы восстановить пин-код моей учетной записи пользователя",account,account,ikshana|aug_typo_delete_char,False,True,False,account,stg1_000722,,,,typo_delete_char
aug_account_0207_stg1_000860,"мой пароль взломаали, помогите мне восстановить его","мой пароль взломаали, помогите мне восстановить его",account,account,bitext|aug_typo_duplicate_char,False,True,False,account,stg1_000860,,,,typo_duplicate_char
aug_account_0208_stg1_000683,открыть фримиум-аккаут,открыть фримиум-аккаут,account,account,ikshana|aug_typo_delete_char,False,True,False,account,stg1_000683,,,,typo_delete_char
aug_account_0209_stg1_000758,"мне не нужна моя чертова учетаня запись, мне нужна помощь, чтобы закрыть ее","мне не нужна моя чертова учетаня запись, мне нужна помощь, чтобы закрыть ее",account,account,bitext|aug_typo_swap_adjacent,False,True,False,account,stg1_000758,,,,typo_swap_adjacent
aug_account_0210_stg1_000790,asxsistance поолучение вашего информационного бюллетеня,asxsistance поолучение вашего информационного бюллетеня,account,account,ikshana|aug_typo_duplicate_char,False,True,False,account,stg1_000790,,,,typo_duplicate_char
aug_account_0211_stg1_000661,"я бы хотел создать уетную запись, где это сделать","я бы хотел создать уетную запись, где это сделать",account,account,bitext|aug_typo_delete_char,False,True,False,account,stg1_000661,,,,typo_delete_char
aug_account_0212_stg1_000596,"мне нужно открыть четров счет, ты можешь мне помочь?","мне нужно открыть четров счет, ты можешь мне помочь?",account,account,bitext|aug_typo_swap_adjacent,False,True,False,account,stg1_000596,,,,typo_swap_adjacent
aug_account_0213_stg1_000847,изменение даанных на платиновом аккаунте,изменение даанных на платиновом аккаунте,account,account,ikshana|aug_typo_duplicate_char,False,True,False,account,stg1_000847,,,,typo_duplicate_char
aug_account_0214_stg1_000775,я не знаю как перейти на платиновый аккаунт,я не знаю как перейти на платиновый аккаунт,account,account,ikshana|aug_punctuation_variant,False,True,False,account,stg1_000775,,,,punctuation_variant
aug_account_0215_stg1_000772,"Я не знаю, как мне сбросить ключ достуа","я не знаю, как мне сбросить ключ достуа",account,account,ikshana|aug_typo_delete_char,False,True,False,account,stg1_000772,,,,typo_delete_char
aug_account_0216_stg1_000798,"я потерял свой чертов пароль, я хочу его востсановить","я потерял свой чертов пароль, я хочу его востсановить",account,account,bitext|aug_typo_swap_adjacent,False,True,False,account,stg1_000798,,,,typo_swap_adjacent
aug_account_0217_stg1_000789,редаактирование платинового аккаунта,редаактирование платинового аккаунта,account,account,ikshana|aug_typo_duplicate_char,False,True,False,account,stg1_000789,,,,typo_duplicate_char
aug_account_0218_stg1_000726,помогите мне увидеть статус моей подписки на рассылку новостей?,помогите мне увидеть статус моей подписки на рассылку новостей?,account,account,ikshana|aug_punctuation_variant,False,True,False,account,stg1_000726,,,,punctuation_variant
aug_account_0219_stg1_002924,Хочу именить email,хочу именить email,account,account,synthetic_dataset|aug_typo_delete_char,True,True,False,account,stg1_002924,,,,typo_delete_char
aug_account_0220_stg1_000778,"мой чертов парлоь украли, могу я его сбросить?","мой чертов парлоь украли, могу я его сбросить?",account,account,bitext|aug_typo_swap_adjacent,False,True,False,account,stg1_000778,,,,typo_swap_adjacent
aug_account_0221_stg1_000687,могу ли я перейти на платиновый акккаунт,могу ли я перейти на платиновый акккаунт,account,account,ikshana|aug_typo_duplicate_char,False,True,False,account,stg1_000687,,,,typo_duplicate_char
aug_account_0222_stg1_000721,нуна помощь в открытии премиум-аккаунта,нуна помощь в открытии премиум-аккаунта,account,account,ikshana|aug_typo_delete_char,False,True,False,account,stg1_000721,,,,typo_delete_char
aug_account_0223_stg1_000788,помоигте сообщить о проблеме с регистрацией,помоигте сообщить о проблеме с регистрацией,account,account,ikshana|aug_typo_swap_adjacent,False,True,False,account,stg1_000788,,,,typo_swap_adjacent
aug_account_0224_stg1_000627,"мне нужен черртов аккаунт, ты поможешь мне его открыть?","мне нужен черртов аккаунт, ты поможешь мне его открыть?",account,account,bitext|aug_typo_duplicate_char,False,True,False,account,stg1_000627,,,,typo_duplicate_char
aug_account_0225_stg1_000764,"Я не знаю, как отменить подписку на рассылку новостей!","я не знаю, как отменить подписку на рассылку новостей!",account,account,ikshana|aug_punctuation_variant,False,True,False,account,stg1_000764,,,,punctuation_variant
aug_account_0226_stg1_000641,"Я хотел бы закрыть свою чретову учетную запись пользователя, как я могу это сделать?","я хотел бы закрыть свою чретову учетную запись пользователя, как я могу это сделать?",account,account,bitext|aug_typo_swap_adjacent,False,True,False,account,stg1_000641,,,,typo_swap_adjacent
aug_account_0227_stg1_000823,Можете ли вы помочь мне восстановить PIN-код моей учетной запписи?,можете ли вы помочь мне восстановить pin-код моей учетной запписи?,account,account,ikshana|aug_typo_duplicate_char,False,True,False,account,stg1_000823,,,,typo_duplicate_char
aug_account_0228_stg1_000619,"мой аккаунт украли, помогите мне восстановить пароль!","мой аккаунт украли, помогите мне восстановить пароль!",account,account,bitext|aug_punctuation_variant,False,True,False,account,stg1_000619,,,,punctuation_variant
aug_account_0229_stg1_000673,могу ли я сообщить об оибках при регистрации,могу ли я сообщить об оибках при регистрации,account,account,ikshana|aug_typo_delete_char,False,True,False,account,stg1_000673,,,,typo_delete_char
aug_account_0230_stg1_000803,помогите мне проверить черотву историю покупок,помогите мне проверить черотву историю покупок,account,account,bitext|aug_typo_swap_adjacent,False,True,False,account,stg1_000803,,,,typo_swap_adjacent
aug_account_0231_stg1_000656,"Я хотел бы исправить свои чертовы личные данные, мне нужнна помощь","я хотел бы исправить свои чертовы личные данные, мне нужнна помощь",account,account,bitext|aug_typo_duplicate_char,False,True,False,account,stg1_000656,,,,typo_duplicate_char
aug_account_0232_stg1_000630,"моего пользвателя украли, могу ли я восстановить свой чертов пароль?","моего пользвателя украли, могу ли я восстановить свой чертов пароль?",account,account,bitext|aug_typo_delete_char,False,True,False,account,stg1_000630,,,,typo_delete_char
aug_account_0233_stg1_000647,"мне нужно открыьт учетную запись, не могли бы мне помочь","мне нужно открыьт учетную запись, не могли бы мне помочь",account,account,bitext|aug_typo_swap_adjacent,False,True,False,account,stg1_000647,,,,typo_swap_adjacent
aug_account_0234_stg1_000625,"Мне нужно обновить сввою чертову учетную запись, как это сделать?","мне нужно обновить сввою чертову учетную запись, как это сделать?",account,account,bitext|aug_typo_duplicate_char,False,True,False,account,stg1_000625,,,,typo_duplicate_char
aug_account_0235_stg1_000825,мне не нужен мой профиль можно ли его отменить,мне не нужен мой профиль можно ли его отменить,account,account,bitext|aug_punctuation_variant,False,True,False,account,stg1_000825,,,,punctuation_variant
aug_account_0236_stg1_000841,как я могу увидеть историю закзов?,как я могу увидеть историю закзов?,account,account,bitext|aug_typo_delete_char,False,True,False,account,stg1_000841,,,,typo_delete_char
aug_account_0237_stg1_000612,"мне не нужна моя учетная запиьс, можно отменить ее","мне не нужна моя учетная запиьс, можно отменить ее",account,account,bitext|aug_typo_swap_adjacent,False,True,False,account,stg1_000612,,,,typo_swap_adjacent
aug_account_0238_stg1_000659,"мой аккаунт украли, не могли бы вы помочь мне сбросиить мой чертов пароль?","мой аккаунт украли, не могли бы вы помочь мне сбросиить мой чертов пароль?",account,account,bitext|aug_typo_duplicate_char,False,True,False,account,stg1_000659,,,,typo_duplicate_char
aug_account_0239_stg1_000623,"нужно изменить свой профиль, можно ли получить помощь","нужно изменить свой профиль, можно ли получить помощь",account,account,bitext|aug_phrase_compression,False,True,False,account,stg1_000623,,,,phrase_compression
aug_account_0240_stg1_000624,"я бы хотел отредактировать свой профиль, мог бы мне помочь!","я бы хотел отредактировать свой профиль, мог бы мне помочь!",account,account,bitext|aug_punctuation_variant,False,True,False,account,stg1_000624,,,,punctuation_variant
aug_account_0241_stg1_000801,Я не могу создать профиль пользвателя. Помогите сообщить о проблемах с регистрацией.,я не могу создать профиль пользвателя. помогите сообщить о проблемах с регистрацией.,account,account,ikshana|aug_typo_delete_char,False,True,False,account,stg1_000801,,,,typo_delete_char
aug_account_0242_stg1_000872,мне нужон уведомлять об ошибках при регистрации,мне нужон уведомлять об ошибках при регистрации,account,account,ikshana|aug_typo_swap_adjacent,False,True,False,account,stg1_000872,,,,typo_swap_adjacent
aug_account_0243_stg1_000679,Можете ли вы помочь мне отписаться от ноовостной рассылки?,можете ли вы помочь мне отписаться от ноовостной рассылки?,account,account,ikshana|aug_typo_duplicate_char,False,True,False,account,stg1_000679,,,,typo_duplicate_char
aug_account_0244_stg1_000730,я не могу сообщить об ошибках при реистрации,я не могу сообщить об ошибках при реистрации,account,account,ikshana|aug_typo_delete_char,False,True,False,account,stg1_000730,,,,typo_delete_char
aug_account_0245_stg1_000602,"кто-то взломал мой профиль, могу ли я сбросить свой черотв пароль?","кто-то взломал мой профиль, могу ли я сбросить свой черотв пароль?",account,account,bitext|aug_typo_swap_adjacent,False,True,False,account,stg1_000602,,,,typo_swap_adjacent
aug_account_0246_stg1_000868,открытие премиум-аккаунтта для жены,открытие премиум-аккаунтта для жены,account,account,ikshana|aug_typo_duplicate_char,False,True,False,account,stg1_000868,,,,typo_duplicate_char
aug_account_0247_stg1_000703,"что мне нужно сделать, чтобы удалить премиум-аккаунт?","что мне нужно сделать, чтобы удалить премиум-аккаунт?",account,account,ikshana|aug_punctuation_variant,False,True,False,account,stg1_000703,,,,punctuation_variant
aug_account_0248_stg1_000669,создать новую учетную запись Titanium для дочри,создать новую учетную запись titanium для дочри,account,account,ikshana|aug_typo_delete_char,False,True,False,account,stg1_000669,,,,typo_delete_char
aug_account_0249_stg1_000879,еще один аккаунт Titanimu для отца,еще один аккаунт titanimu для отца,account,account,ikshana|aug_typo_swap_adjacent,False,True,False,account,stg1_000879,,,,typo_swap_adjacent
aug_account_0250_stg1_000737,"Я не знаю, что мне нужно сделать, чтообы перейти на Платиновый аккаунт.","я не знаю, что мне нужно сделать, чтообы перейти на платиновый аккаунт.",account,account,ikshana|aug_typo_duplicate_char,False,True,False,account,stg1_000737,,,,typo_duplicate_char
aug_account_0251_stg1_000834,"Мне не нужен мой прфоиль, помогите мне удалить его.","мне не нужен мой прфоиль, помогите мне удалить его.",account,account,bitext|aug_typo_swap_adjacent,False,True,False,account,stg1_000834,,,,typo_swap_adjacent
aug_account_0252_stg1_003026,Не приходит код подтверждениия,не приходит код подтверждениия,account,account,synthetic_dataset|aug_typo_duplicate_char,True,True,False,account,stg1_003026,,,,typo_duplicate_char
aug_account_0253_stg1_002922,Как сменить пароль?!,как сменить пароль?!,account,account,synthetic_dataset|aug_punctuation_variant,True,True,False,account,stg1_002922,,,,punctuation_variant
aug_account_0254_stg1_000670,"я не могу создать пользователя, нужна помоьщ, сообщить о проблеме с регистрацией","я не могу создать пользователя, нужна помоьщ, сообщить о проблеме с регистрацией",account,account,ikshana|aug_typo_swap_adjacent,False,True,False,account,stg1_000670,,,,typo_swap_adjacent
aug_account_0255_stg1_000701,как перейти на платиновый акккаунт,как перейти на платиновый акккаунт,account,account,ikshana|aug_typo_duplicate_char,False,True,False,account,stg1_000701,,,,typo_duplicate_char
aug_account_0256_stg1_000755,как отказаться от подписки на корпоративную рассылку!,как отказаться от подписки на корпоративную рассылку!,account,account,ikshana|aug_punctuation_variant,False,True,False,account,stg1_000755,,,,punctuation_variant
aug_account_0257_stg1_000727,Я хочу подписаься на вашу корпоративную рассылку,я хочу подписаься на вашу корпоративную рассылку,account,account,ikshana|aug_typo_delete_char,False,True,False,account,stg1_000727,,,,typo_delete_char
aug_account_0258_stg1_000827,информация об аннулировании моего Премиум-аккаутна,информация об аннулировании моего премиум-аккаутна,account,account,ikshana|aug_typo_swap_adjacent,False,True,False,account,stg1_000827,,,,typo_swap_adjacent
aug_account_0259_stg1_000816,"нужна помощь, чтобы подписаться на информационный бюлллетень компании","нужна помощь, чтобы подписаться на информационный бюлллетень компании",account,account,ikshana|aug_typo_duplicate_char,False,True,False,account,stg1_000816,,,,typo_duplicate_char
aug_account_0260_stg1_003003,Не могу создать аккаунт!,не могу создать аккаунт!,account,account,synthetic_dataset|aug_punctuation_variant,True,True,False,account,stg1_003003,,,,punctuation_variant
aug_account_0261_stg1_000750,"мне не нужен мой чертво профиль, ох, можно я его закрою","мне не нужен мой чертво профиль, ох, можно я его закрою",account,account,bitext|aug_typo_swap_adjacent,False,True,False,account,stg1_000750,,,,typo_swap_adjacent
aug_account_0262_stg1_000731,куда сообщатть об ошибках с регистрацией?,куда сообщатть об ошибках с регистрацией?,account,account,ikshana|aug_typo_duplicate_char,False,True,False,account,stg1_000731,,,,typo_duplicate_char
aug_account_0263_stg1_000645,"нужно закрыть мой аккаунт, могу ли я это сделать","нужно закрыть мой аккаунт, могу ли я это сделать",account,account,bitext|aug_phrase_compression,False,True,False,account,stg1_000645,,,,phrase_compression
aug_account_0264_stg1_000771,Можете ли вы помочь мне отказаться от подписки на вашу корпоративную рассылку?!,можете ли вы помочь мне отказаться от подписки на вашу корпоративную рассылку?!,account,account,ikshana|aug_punctuation_variant,False,True,False,account,stg1_000771,,,,punctuation_variant
aug_account_0265_stg1_000616,"Мне нужно обновить свои чертовы личые данные, помогите мне.","мне нужно обновить свои чертовы личые данные, помогите мне.",account,account,bitext|aug_typo_delete_char,False,True,False,account,stg1_000616,,,,typo_delete_char
aug_account_0266_stg1_000865,"Мне нужно нйати то, что я купил, мне нужна помощь в проверке моей гребаной истории покупок.","мне нужно нйати то, что я купил, мне нужна помощь в проверке моей гребаной истории покупок.",account,account,bitext|aug_typo_swap_adjacent,False,True,False,account,stg1_000865,,,,typo_swap_adjacent
aug_account_0267_stg1_000606,"Мне не нужен мой чертов проофиль, помоги мне закрыть его.","мне не нужен мой чертов проофиль, помоги мне закрыть его.",account,account,bitext|aug_typo_duplicate_char,False,True,False,account,stg1_000606,,,,typo_duplicate_char
aug_account_0268_stg1_000787,"Я не знаю, что мне нужно сделать, чтобы восстановить свой PIN-код?","я не знаю, что мне нужно сделать, чтобы восстановить свой pin-код?",account,account,ikshana|aug_punctuation_variant,False,True,False,account,stg1_000787,,,,punctuation_variant
aug_account_0269_stg1_000826,пмооги мне отредактировать мой чертов аккаунт,пмооги мне отредактировать мой чертов аккаунт,account,account,bitext|aug_typo_swap_adjacent,False,True,False,account,stg1_000826,,,,typo_swap_adjacent
aug_account_0270_stg1_000691,Мне нужна помощщь с подпиской на рассылку новостей,мне нужна помощщь с подпиской на рассылку новостей,account,account,ikshana|aug_typo_duplicate_char,False,True,False,account,stg1_000691,,,,typo_duplicate_char
aug_account_0271_stg1_000690,как пользоваться платиноым профилем?,как пользоваться платиноым профилем?,account,account,ikshana|aug_typo_delete_char,False,True,False,account,stg1_000690,,,,typo_delete_char
aug_account_0272_stg1_000739,изменение бесплатного аккаутна,изменение бесплатного аккаутна,account,account,ikshana|aug_typo_swap_adjacent,False,True,False,account,stg1_000739,,,,typo_swap_adjacent
aug_account_0273_stg1_000828,открыыть счет в Титаниуме,открыыть счет в титаниуме,account,account,ikshana|aug_typo_duplicate_char,False,True,False,account,stg1_000828,,,,typo_duplicate_char
aug_account_0274_stg1_000795,"Я не зарегистрирован, как открыть у вас про аккаунт","я не зарегистрирован, как открыть у вас про аккаунт",account,account,ikshana|aug_punctuation_variant,False,True,False,account,stg1_000795,,,,punctuation_variant
aug_account_0275_stg1_000873,Я не могу перейти на стандартную учтную запись,я не могу перейти на стандартную учтную запись,account,account,ikshana|aug_typo_delete_char,False,True,False,account,stg1_000873,,,,typo_delete_char
aug_account_0276_stg1_000637,"Мне нужна моя чретова история покупок, где я могу ее посмотреть?","мне нужна моя чретова история покупок, где я могу ее посмотреть?",account,account,bitext|aug_typo_swap_adjacent,False,True,False,account,stg1_000637,,,,typo_swap_adjacent
aug_account_0277_stg1_000601,как мне проверитть чертову историю покупок,как мне проверитть чертову историю покупок,account,account,bitext|aug_typo_duplicate_char,False,True,False,account,stg1_000601,,,,typo_duplicate_char
aug_account_0278_stg1_000686,информация об аннулировании моего аккаунта Titainum,информация об аннулировании моего аккаунта titainum,account,account,ikshana|aug_typo_swap_adjacent,False,True,False,account,stg1_000686,,,,typo_swap_adjacent
aug_account_0279_stg1_000747,"Мне нужнна чертова учетная запись пользователя, да!","мне нужнна чертова учетная запись пользователя, да!",account,account,bitext|aug_typo_duplicate_char,False,True,False,account,stg1_000747,,,,typo_duplicate_char
aug_account_0280_stg1_000797,"Мне нужно найти то, что я купил, мне нужна помощь в просмотре истории моих покупок?","мне нужно найти то, что я купил, мне нужна помощь в просмотре истории моих покупок?",account,account,bitext|aug_punctuation_variant,False,True,False,account,stg1_000797,,,,punctuation_variant
aug_account_0281_stg1_000719,куда мне сообщить о проблемах с регстрацией,куда мне сообщить о проблемах с регстрацией,account,account,ikshana|aug_typo_delete_char,False,True,False,account,stg1_000719,,,,typo_delete_char
aug_account_0282_stg1_000770,можешь показать мне эту чертову исторюи покупок?,можешь показать мне эту чертову исторюи покупок?,account,account,bitext|aug_typo_swap_adjacent,False,True,False,account,stg1_000770,,,,typo_swap_adjacent
aug_account_0283_stg1_000736,обновить премиум-аккауннт,обновить премиум-аккауннт,account,account,ikshana|aug_typo_duplicate_char,False,True,False,account,stg1_000736,,,,typo_duplicate_char
aug_account_0284_stg1_000833,"мне не нужно изменять свою чертову учетную запись пользователя, могу ли я получить помощь!","мне не нужно изменять свою чертову учетную запись пользователя, могу ли я получить помощь!",account,account,bitext|aug_punctuation_variant,False,True,False,account,stg1_000833,,,,punctuation_variant
aug_account_0285_stg1_000650,"нужно поискать что-то, что я купил, могу ли я посмотреть историю своих заказв","нужно поискать что-то, что я купил, могу ли я посмотреть историю своих заказв",account,account,bitext|aug_typo_delete_char,False,True,False,account,stg1_000650,,,,typo_delete_char
aug_account_0286_stg1_000699,"мне нужна помощь, чтобы перейти на платиновый аккаутн","мне нужна помощь, чтобы перейти на платиновый аккаутн",account,account,ikshana|aug_typo_swap_adjacent,False,True,False,account,stg1_000699,,,,typo_swap_adjacent
aug_account_0287_stg1_000779,"Мне не нужен мой чертов профиль, мне нужнна помощь, чтобы его закрыть.","мне не нужен мой чертов профиль, мне нужнна помощь, чтобы его закрыть.",account,account,bitext|aug_typo_duplicate_char,False,True,False,account,stg1_000779,,,,typo_duplicate_char
aug_account_0288_stg1_000804,Мне нужна информация об открытии счетов Titanium!,мне нужна информация об открытии счетов titanium!,account,account,ikshana|aug_punctuation_variant,False,True,False,account,stg1_000804,,,,punctuation_variant
aug_account_0289_stg1_000595,"кто-то взломал мой профль, мне нужна помощь в восстановлении пароля","кто-то взломал мой профль, мне нужна помощь в восстановлении пароля",account,account,bitext|aug_typo_delete_char,False,True,False,account,stg1_000595,,,,typo_delete_char
aug_account_0290_stg1_000636,"Я хотел бы проверить гребаный перерыв в заказе, могу ли я получить нектоорую помощь?","я хотел бы проверить гребаный перерыв в заказе, могу ли я получить нектоорую помощь?",account,account,bitext|aug_typo_swap_adjacent,False,True,False,account,stg1_000636,,,,typo_swap_adjacent
aug_account_0291_stg1_000885,"мне нужно использовать платиновый профиль, могу ли я получить поммощь?","мне нужно использовать платиновый профиль, могу ли я получить поммощь?",account,account,ikshana|aug_typo_duplicate_char,False,True,False,account,stg1_000885,,,,typo_duplicate_char
aug_account_0292_stg1_000767,что мне нужно сделать чтобы восстановить ключ доступа к моему профилю пользователя,что мне нужно сделать чтобы восстановить ключ доступа к моему профилю пользователя,account,account,ikshana|aug_punctuation_variant,False,True,False,account,stg1_000767,,,,punctuation_variant
aug_account_0293_stg1_000678,уведомлять об ошбках при регистрации,уведомлять об ошбках при регистрации,account,account,ikshana|aug_typo_delete_char,False,True,False,account,stg1_000678,,,,typo_delete_char
aug_account_0294_stg1_000671,Я хотел бы получить информацюи о получении ключа доступа,я хотел бы получить информацюи о получении ключа доступа,account,account,ikshana|aug_typo_swap_adjacent,False,True,False,account,stg1_000671,,,,typo_swap_adjacent
aug_account_0295_stg1_000806,"кто-то взломал моего пользователя, помогите мне восстановить пароль!","кто-то взломал моего пользователя, помогите мне восстановить пароль!",account,account,bitext|aug_punctuation_variant,False,True,False,account,stg1_000806,,,,punctuation_variant
aug_account_0296_stg1_000859,"Мне нужно полчить ваш корпоративный информационный бюллетень, мне нужна помощь","мне нужно полчить ваш корпоративный информационный бюллетень, мне нужна помощь",account,account,ikshana|aug_typo_delete_char,False,True,False,account,stg1_000859,,,,typo_delete_char
aug_account_0297_stg1_000610,"мне нужна помощь, чтоббы просмотреть историю покупок","мне нужна помощь, чтоббы просмотреть историю покупок",account,account,bitext|aug_typo_duplicate_char,False,True,False,account,stg1_000610,,,,typo_duplicate_char
aug_account_0298_stg1_000720,можно ли будет сесть на чертов Платиновый аккаунт?,можно ли будет сесть на чертов платиновый аккаунт?,account,account,ikshana|aug_punctuation_variant,False,True,False,account,stg1_000720,,,,punctuation_variant
aug_account_0299_stg1_000640,"мне нужен четов аккаунт, где его создать","мне нужен четов аккаунт, где его создать",account,account,bitext|aug_typo_delete_char,False,True,False,account,stg1_000640,,,,typo_delete_char
aug_account_0300_stg1_000613,"Мне нужно запросиить право на забвение, где мне это сделать?","мне нужно запросиить право на забвение, где мне это сделать?",account,account,bitext|aug_typo_duplicate_char,False,True,False,account,stg1_000613,,,,typo_duplicate_char
aug_account_0301_stg1_000626,мне нужна помощь в редактировании моей учетной записи?,мне нужна помощь в редактировании моей учетной записи?,account,account,bitext|aug_punctuation_variant,False,True,False,account,stg1_000626,,,,punctuation_variant
aug_account_0302_stg1_000800,зарегистрирвоаться,зарегистрирвоаться,account,account,ikshana|aug_typo_swap_adjacent,False,True,False,account,stg1_000800,,,,typo_swap_adjacent
aug_account_0303_stg1_000707,"я не знаю, что делать, чтобы перейти на платиновыый аккаунт","я не знаю, что делать, чтобы перейти на платиновыый аккаунт",account,account,ikshana|aug_typo_duplicate_char,False,True,False,account,stg1_000707,,,,typo_duplicate_char
aug_account_0304_stg1_000756,как сообить о проблемах с регистрацией,как сообить о проблемах с регистрацией,account,account,ikshana|aug_typo_delete_char,False,True,False,account,stg1_000756,,,,typo_delete_char
aug_account_0305_stg1_000813,проблема со сбросом ключа достуап,проблема со сбросом ключа достуап,account,account,ikshana|aug_typo_swap_adjacent,False,True,False,account,stg1_000813,,,,typo_swap_adjacent
aug_delivery_0001_stg1_001648,где я моггу проверить чертову стоимость доставки?,где я моггу проверить чертову стоимость доставки?,delivery,delivery,bitext|aug_typo_duplicate_char,False,True,False,delivery,stg1_001648,,,,typo_duplicate_char
aug_delivery_0002_stg1_001668,можно ли разместить заказ из Индии?,можно ли разместить заказ из индии?,delivery,delivery,ikshana|aug_phrase_compression,False,True,False,delivery,stg1_001668,,,,phrase_compression
aug_delivery_0003_stg1_001483,"Я хотел бы увидеть чертовы сроки доставки моего заказа, как это сделать??","я хотел бы увидеть чертовы сроки доставки моего заказа, как это сделать??",delivery,delivery,bitext|aug_punctuation_variant,False,True,False,delivery,stg1_001483,,,,punctuation_variant
aug_delivery_0004_stg1_001701,"нужна помощь, просмтрите варианты доставки","нужна помощь, просмтрите варианты доставки",delivery,delivery,ikshana|aug_typo_delete_char,False,True,False,delivery,stg1_001701,,,,typo_delete_char
aug_delivery_0005_stg1_001478,"я не получил посылку, мне нужна помощь, чтобы сообщить о пробелме с доставкой","я не получил посылку, мне нужна помощь, чтобы сообщить о пробелме с доставкой",delivery,delivery,bitext|aug_typo_swap_adjacent,False,True,False,delivery,stg1_001478,,,,typo_swap_adjacent
aug_delivery_0006_stg1_001592,"Поезд в 5 вечера в среду до Роквилла, вы вовреммя?","поезд в 5 вечера в среду до роквилла, вы вовреммя?",delivery,delivery,runlu|aug_typo_duplicate_char,False,True,False,delivery,stg1_001592,,,,typo_duplicate_char
aug_delivery_0007_stg1_001617,Сколько времени на поезд,сколько времени на поезд,delivery,delivery,runlu|aug_punctuation_variant,False,True,False,delivery,stg1_001617,,,,punctuation_variant
aug_delivery_0008_stg1_002933,Моно ли доставить сегодня?,моно ли доставить сегодня?,delivery,delivery,synthetic_dataset|aug_typo_delete_char,True,True,False,delivery,stg1_002933,,,,typo_delete_char
aug_delivery_0009_stg1_001692,"моя посылка неполная, мне нужна помщоь, чтобы сообщить о неполной поставке","моя посылка неполная, мне нужна помщоь, чтобы сообщить о неполной поставке",delivery,delivery,bitext|aug_typo_swap_adjacent,False,True,False,delivery,stg1_001692,,,,typo_swap_adjacent
aug_delivery_0010_stg1_001694,"хочу сообщить о проблеме с доставкой моего заказа, мне нужжна помощь","хочу сообщить о проблеме с доставкой моего заказа, мне нужжна помощь",delivery,delivery,bitext|aug_typo_duplicate_char,False,True,False,delivery,stg1_001694,,,,typo_duplicate_char
aug_delivery_0011_stg1_001486,"Я ищу информацию о дате доставки моей покупки, помогите","я ищу информацию о дате доставки моей покупки, помогите",delivery,delivery,bitext|aug_phrase_compression,False,True,False,delivery,stg1_001486,,,,phrase_compression
aug_delivery_0012_stg1_001609,Время проверки поезда Калки с станции Джодпур в понедельник!,время проверки поезда калки с станции джодпур в понедельник!,delivery,delivery,runlu|aug_punctuation_variant,False,True,False,delivery,stg1_001609,,,,punctuation_variant
aug_delivery_0013_stg1_001710,"моя посылка потерялась, мне нужна помощь, чтобы сообщиь о проблеме с доставкой","моя посылка потерялась, мне нужна помощь, чтобы сообщиь о проблеме с доставкой",delivery,delivery,bitext|aug_typo_delete_char,False,True,False,delivery,stg1_001710,,,,typo_delete_char
aug_delivery_0014_stg1_001564,Я не могу изменить адрес доставик,я не могу изменить адрес доставик,delivery,delivery,ikshana|aug_typo_swap_adjacent,False,True,False,delivery,stg1_001564,,,,typo_swap_adjacent
aug_delivery_0015_stg1_001724,"Я звоню, чтообы узнать, как скоро мне ожидать посылку.","я звоню, чтообы узнать, как скоро мне ожидать посылку.",delivery,delivery,ikshana|aug_typo_duplicate_char,False,True,False,delivery,stg1_001724,,,,typo_duplicate_char
aug_delivery_0016_stg1_002975,Доставляете ли в Новосибирск??,доставляете ли в новосибирск??,delivery,delivery,synthetic_dataset|aug_punctuation_variant,True,True,False,delivery,stg1_002975,,,,punctuation_variant
aug_delivery_0017_stg1_001735,"Я хочу посмотреть, сколько времени потребуется, чтобы прибыть росистая дставка.","я хочу посмотреть, сколько времени потребуется, чтобы прибыть росистая дставка.",delivery,delivery,ikshana|aug_typo_delete_char,False,True,False,delivery,stg1_001735,,,,typo_delete_char
aug_delivery_0018_stg1_001537,"Мне нужно посмотреть, сколько времени потребуется, чтобы прибыьт посылка.","мне нужно посмотреть, сколько времени потребуется, чтобы прибыьт посылка.",delivery,delivery,ikshana|aug_typo_swap_adjacent,False,True,False,delivery,stg1_001537,,,,typo_swap_adjacent
aug_delivery_0019_stg1_001652,"Я хочу проверить, какие варианты доставкки есть","я хочу проверить, какие варианты доставкки есть",delivery,delivery,ikshana|aug_typo_duplicate_char,False,True,False,delivery,stg1_001652,,,,typo_duplicate_char
aug_delivery_0020_stg1_001551,нужно указать дополнительный адрес доставки.,нужно указать дополнительный адрес доставки.,delivery,delivery,ikshana|aug_phrase_compression,False,True,False,delivery,stg1_001551,,,,phrase_compression
aug_delivery_0021_stg1_001536,проблемы с настройкой адреса доставки?,проблемы с настройкой адреса доставки?,delivery,delivery,ikshana|aug_punctuation_variant,False,True,False,delivery,stg1_001536,,,,punctuation_variant
aug_delivery_0022_stg1_001619,"Покажи мне, как поехать в Бостон чрез Сиэтл.","покажи мне, как поехать в бостон чрез сиэтл.",delivery,delivery,runlu|aug_typo_delete_char,False,True,False,delivery,stg1_001619,,,,typo_delete_char
aug_delivery_0023_stg1_001549,"где я могу проверить, когда прбиудет моя посылка","где я могу проверить, когда прбиудет моя посылка",delivery,delivery,ikshana|aug_typo_swap_adjacent,False,True,False,delivery,stg1_001549,,,,typo_swap_adjacent
aug_delivery_0024_stg1_001734,можжно ли сделать заказ из Дели?,можжно ли сделать заказ из дели?,delivery,delivery,ikshana|aug_typo_duplicate_char,False,True,False,delivery,stg1_001734,,,,typo_duplicate_char
aug_delivery_0025_stg1_001733,"хочу проверить чертову стоимость доставки, где я могу это сделать","хочу проверить чертову стоимость доставки, где я могу это сделать",delivery,delivery,bitext|aug_phrase_compression,False,True,False,delivery,stg1_001733,,,,phrase_compression
aug_delivery_0026_stg1_001681,моя поставка неполная можете ли вы помочь мне сообщить о неполной поставке?,моя поставка неполная можете ли вы помочь мне сообщить о неполной поставке?,delivery,delivery,bitext|aug_punctuation_variant,False,True,False,delivery,stg1_001681,,,,punctuation_variant
aug_delivery_0027_stg1_001672,"Мне нужна информаця о стоимости доставки, как ее найти?","мне нужна информаця о стоимости доставки, как ее найти?",delivery,delivery,bitext|aug_typo_delete_char,False,True,False,delivery,stg1_001672,,,,typo_delete_char
aug_delivery_0028_stg1_001545,где я могу получить информцаию о способах доставки?,где я могу получить информцаию о способах доставки?,delivery,delivery,ikshana|aug_typo_swap_adjacent,False,True,False,delivery,stg1_001545,,,,typo_swap_adjacent
aug_delivery_0029_stg1_001591,Дай мне направление от Фариипира до Гурпура.,дай мне направление от фариипира до гурпура.,delivery,delivery,runlu|aug_typo_duplicate_char,False,True,False,delivery,stg1_001591,,,,typo_duplicate_char
aug_delivery_0030_stg1_001630,"мне нужно увидеть стоимость пересылки, как мне это сделать!","мне нужно увидеть стоимость пересылки, как мне это сделать!",delivery,delivery,bitext|aug_punctuation_variant,False,True,False,delivery,stg1_001630,,,,punctuation_variant
aug_delivery_0031_stg1_001547,"хочу указать доолнительный адрес доставки, как это сделать?","хочу указать доолнительный адрес доставки, как это сделать?",delivery,delivery,ikshana|aug_typo_delete_char,False,True,False,delivery,stg1_001547,,,,typo_delete_char
aug_delivery_0032_stg1_001616,Сколькко времени на поезд из Нью-Йорка в Покипси?,сколькко времени на поезд из нью-йорка в покипси?,delivery,delivery,runlu|aug_typo_duplicate_char,False,True,False,delivery,stg1_001616,,,,typo_duplicate_char
aug_delivery_0033_stg1_001614,"Путь, .","путь, .",delivery,delivery,runlu|aug_phrase_compression,False,True,False,delivery,stg1_001614,,,,phrase_compression
aug_delivery_0034_stg1_001520,хочу узнать стоимость рассылки как мне это сделать?,хочу узнать стоимость рассылки как мне это сделать?,delivery,delivery,bitext|aug_punctuation_variant,False,True,False,delivery,stg1_001520,,,,punctuation_variant
aug_delivery_0035_stg1_001550,Можете ли вы помочь мне указать новый адрес дсотавки?,можете ли вы помочь мне указать новый адрес дсотавки?,delivery,delivery,ikshana|aug_typo_swap_adjacent,False,True,False,delivery,stg1_001550,,,,typo_swap_adjacent
aug_delivery_0036_stg1_001492,"Я хоотел бы узнать о времени доставки, можете ли вы найти какую-нибудь информацию?","я хоотел бы узнать о времени доставки, можете ли вы найти какую-нибудь информацию?",delivery,delivery,bitext|aug_typo_duplicate_char,False,True,False,delivery,stg1_001492,,,,typo_duplicate_char
aug_delivery_0037_stg1_001626,нужно ввести другой адрес доставки,нужно ввести другой адрес доставки,delivery,delivery,ikshana|aug_phrase_compression,False,True,False,delivery,stg1_001626,,,,phrase_compression
aug_delivery_0038_stg1_001762,можно ли заказать из Дели??,можно ли заказать из дели??,delivery,delivery,ikshana|aug_punctuation_variant,False,True,False,delivery,stg1_001762,,,,punctuation_variant
aug_delivery_0039_stg1_001642,"Мне нужо узнать, как скоро я смогу ожидать статью","мне нужо узнать, как скоро я смогу ожидать статью",delivery,delivery,ikshana|aug_typo_delete_char,False,True,False,delivery,stg1_001642,,,,typo_delete_char
aug_delivery_0040_stg1_001638,не могли бы вы поомчь мне увидеть чертову дату доставки?,не могли бы вы поомчь мне увидеть чертову дату доставки?,delivery,delivery,bitext|aug_typo_swap_adjacent,False,True,False,delivery,stg1_001638,,,,typo_swap_adjacent
aug_delivery_0041_stg1_001741,"Я получил не все куплеенные товары, сообщите о неполной комплектации","я получил не все куплеенные товары, сообщите о неполной комплектации",delivery,delivery,bitext|aug_typo_duplicate_char,False,True,False,delivery,stg1_001741,,,,typo_duplicate_char
aug_delivery_0042_stg1_001662,"Я по ошибке указал свой старый адрес, как его обновить?","я по ошибке указал свой старый адрес, как его обновить?",delivery,delivery,ikshana|aug_phrase_compression,False,True,False,delivery,stg1_001662,,,,phrase_compression
aug_delivery_0043_stg1_001678,проблема с вводом вторичного адреса доставки?,проблема с вводом вторичного адреса доставки?,delivery,delivery,ikshana|aug_punctuation_variant,False,True,False,delivery,stg1_001678,,,,punctuation_variant
aug_delivery_0044_stg1_001497,"моя доставка была задержана, я хотел бы сообщить о чертовых проблемах с доставой","моя доставка была задержана, я хотел бы сообщить о чертовых проблемах с доставой",delivery,delivery,bitext|aug_typo_delete_char,False,True,False,delivery,stg1_001497,,,,typo_delete_char
aug_delivery_0045_stg1_001682,"Мне нужно узнать черотву стоимость пересылки, можешь мне помочь?","мне нужно узнать черотву стоимость пересылки, можешь мне помочь?",delivery,delivery,bitext|aug_typo_swap_adjacent,False,True,False,delivery,stg1_001682,,,,typo_swap_adjacent
aug_delivery_0046_stg1_001594,Где воокзал?,где воокзал?,delivery,delivery,runlu|aug_typo_duplicate_char,False,True,False,delivery,stg1_001594,,,,typo_duplicate_char
aug_delivery_0047_stg1_001754,"мне нужна помощь, чтобы узнать, как скоро я смогу получить свой продукт?","мне нужна помощь, чтобы узнать, как скоро я смогу получить свой продукт?",delivery,delivery,ikshana|aug_punctuation_variant,False,True,False,delivery,stg1_001754,,,,punctuation_variant
aug_delivery_0048_stg1_001501,"мне бы хотелось увидеть чертов срок дставки моего заказа, где это сделать","мне бы хотелось увидеть чертов срок дставки моего заказа, где это сделать",delivery,delivery,bitext|aug_typo_delete_char,False,True,False,delivery,stg1_001501,,,,typo_delete_char
aug_delivery_0049_stg1_001575,Когда поезд F сегодння поедет?,когда поезд f сегодння поедет?,delivery,delivery,runlu|aug_typo_duplicate_char,False,True,False,delivery,stg1_001575,,,,typo_duplicate_char
aug_delivery_0050_stg1_001517,как я могу получить информацию о чертовой стоимости доставки,как я могу получить информацию о чертовой стоимости доставки,delivery,delivery,bitext|aug_punctuation_variant,False,True,False,delivery,stg1_001517,,,,punctuation_variant
aug_delivery_0051_stg1_001641,"Можешь показать мне, как отправиться в Муей полета в Сиэтле.","можешь показать мне, как отправиться в муей полета в сиэтле.",delivery,delivery,runlu|aug_typo_delete_char,False,True,False,delivery,stg1_001641,,,,typo_delete_char
aug_delivery_0052_stg1_001660,можно ли седлать заказ из Индии?,можно ли седлать заказ из индии?,delivery,delivery,ikshana|aug_typo_swap_adjacent,False,True,False,delivery,stg1_001660,,,,typo_swap_adjacent
aug_delivery_0053_stg1_001502,"Я хотел бы проверить чертову стоимость пересыллки, мне поможет","я хотел бы проверить чертову стоимость пересыллки, мне поможет",delivery,delivery,bitext|aug_typo_duplicate_char,False,True,False,delivery,stg1_001502,,,,typo_duplicate_char
aug_delivery_0054_stg1_001697,"хочу проверить время доставки, мне нужна помощь","хочу проверить время доставки, мне нужна помощь",delivery,delivery,bitext|aug_phrase_compression,False,True,False,delivery,stg1_001697,,,,phrase_compression
aug_delivery_0055_stg1_001698,я по ошибке ввел неправильный адрес?,я по ошибке ввел неправильный адрес?,delivery,delivery,ikshana|aug_punctuation_variant,False,True,False,delivery,stg1_001698,,,,punctuation_variant
aug_delivery_0056_stg1_001711,"можно ли проверить, какие у меня способы досавки?","можно ли проверить, какие у меня способы досавки?",delivery,delivery,ikshana|aug_typo_delete_char,False,True,False,delivery,stg1_001711,,,,typo_delete_char
aug_delivery_0057_stg1_001627,Я хотел бы сообщтиь о проблемах с доставкой моего груза. Не могли бы вы мне помочь?,я хотел бы сообщтиь о проблемах с доставкой моего груза. не могли бы вы мне помочь?,delivery,delivery,bitext|aug_typo_swap_adjacent,False,True,False,delivery,stg1_001627,,,,typo_swap_adjacent
aug_delivery_0058_stg1_001606,Вреемя проверки 10887 поезда со станции Луни во вторник,вреемя проверки 10887 поезда со станции луни во вторник,delivery,delivery,runlu|aug_typo_duplicate_char,False,True,False,delivery,stg1_001606,,,,typo_duplicate_char
aug_delivery_0059_stg1_001481,"Я хочу проверить стоимость рассылки, можно ли это сделать?","я хочу проверить стоимость рассылки, можно ли это сделать?",delivery,delivery,bitext|aug_phrase_compression,False,True,False,delivery,stg1_001481,,,,phrase_compression
aug_delivery_0060_stg1_001683,мой заказ потерян. Можете ли вы помочь мне сообщить о проблеме с доставкой,мой заказ потерян. можете ли вы помочь мне сообщить о проблеме с доставкой,delivery,delivery,bitext|aug_punctuation_variant,False,True,False,delivery,stg1_001683,,,,punctuation_variant
aug_delivery_0061_stg1_001598,Во сколько поезд отравляется в Лагос?,во сколько поезд отравляется в лагос?,delivery,delivery,runlu|aug_typo_delete_char,False,True,False,delivery,stg1_001598,,,,typo_delete_char
aug_delivery_0062_stg1_001496,"Я хочу узнать стоимость доставки, где мне это сдеалть?","я хочу узнать стоимость доставки, где мне это сдеалть?",delivery,delivery,bitext|aug_typo_swap_adjacent,False,True,False,delivery,stg1_001496,,,,typo_swap_adjacent
aug_delivery_0063_stg1_001707,установиить новый адрес доставки,установиить новый адрес доставки,delivery,delivery,ikshana|aug_typo_duplicate_char,False,True,False,delivery,stg1_001707,,,,typo_duplicate_char
aug_delivery_0064_stg1_001686,"мой адрес изменился, помогите в его изменении","мой адрес изменился, помогите в его изменении",delivery,delivery,ikshana|aug_phrase_compression,False,True,False,delivery,stg1_001686,,,,phrase_compression
aug_delivery_0065_stg1_001586,"Я хотел бы знать маршрут, по которому поезд отправится в Майами?","я хотел бы знать маршрут, по которому поезд отправится в майами?",delivery,delivery,runlu|aug_punctuation_variant,False,True,False,delivery,stg1_001586,,,,punctuation_variant
aug_delivery_0066_stg1_001506,"Мне нужно проверить дату досавки, мне нужна помощь","мне нужно проверить дату досавки, мне нужна помощь",delivery,delivery,bitext|aug_typo_delete_char,False,True,False,delivery,stg1_001506,,,,typo_delete_char
aug_delivery_0067_stg1_002967,Доставляете ли в Саамру?,доставляете ли в саамру?,delivery,delivery,synthetic_dataset|aug_typo_swap_adjacent,True,True,False,delivery,stg1_002967,,,,typo_swap_adjacent
aug_delivery_0068_stg1_001534,Могу ли я ввести свой допоолнительный адрес доставки?,могу ли я ввести свой допоолнительный адрес доставки?,delivery,delivery,ikshana|aug_typo_duplicate_char,False,True,False,delivery,stg1_001534,,,,typo_duplicate_char
aug_delivery_0069_stg1_001669,помощь в проверке когда придет моя статья,помощь в проверке когда придет моя статья,delivery,delivery,ikshana|aug_punctuation_variant,False,True,False,delivery,stg1_001669,,,,punctuation_variant
aug_delivery_0070_stg1_001688,У меня возникла проблема с настройкой новго адреса доставки.,у меня возникла проблема с настройкой новго адреса доставки.,delivery,delivery,ikshana|aug_typo_delete_char,False,True,False,delivery,stg1_001688,,,,typo_delete_char
aug_delivery_0071_stg1_001553,"я не знаю, как мне исправить адрес достаавки","я не знаю, как мне исправить адрес достаавки",delivery,delivery,ikshana|aug_typo_duplicate_char,False,True,False,delivery,stg1_001553,,,,typo_duplicate_char
aug_delivery_0072_stg1_001748,"моя посылка не укомплектована, как сообщить об отсутствующем товаре?","моя посылка не укомплектована, как сообщить об отсутствующем товаре?",delivery,delivery,bitext|aug_phrase_compression,False,True,False,delivery,stg1_001748,,,,phrase_compression
aug_delivery_0073_stg1_001557,Я хочу обновить свой адрес!,я хочу обновить свой адрес!,delivery,delivery,ikshana|aug_punctuation_variant,False,True,False,delivery,stg1_001557,,,,punctuation_variant
aug_delivery_0074_stg1_001535,могу ли я рамзестить чертов заказ из Дели?,могу ли я рамзестить чертов заказ из дели?,delivery,delivery,ikshana|aug_typo_swap_adjacent,False,True,False,delivery,stg1_001535,,,,typo_swap_adjacent
aug_delivery_0075_stg1_001516,Где я могу найти информациию о чертовой дате доставки?,где я могу найти информациию о чертовой дате доставки?,delivery,delivery,bitext|aug_typo_duplicate_char,False,True,False,delivery,stg1_001516,,,,typo_duplicate_char
aug_delivery_0076_stg1_001567,как скоро я могу ожидать свою покупку?,как скоро я могу ожидать свою покупку?,delivery,delivery,ikshana|aug_punctuation_variant,False,True,False,delivery,stg1_001567,,,,punctuation_variant
aug_delivery_0077_stg1_001514,"моя доставка не была вовремя, мне нужна помощь, чтобы сообщить о чертовой проблеме с достаквой","моя доставка не была вовремя, мне нужна помощь, чтобы сообщить о чертовой проблеме с достаквой",delivery,delivery,bitext|aug_typo_swap_adjacent,False,True,False,delivery,stg1_001514,,,,typo_swap_adjacent
aug_delivery_0078_stg1_001573,"Что это за поезд времени, приходящий из Сакрамеенто?","что это за поезд времени, приходящий из сакрамеенто?",delivery,delivery,runlu|aug_typo_duplicate_char,False,True,False,delivery,stg1_001573,,,,typo_duplicate_char
aug_delivery_0079_stg1_001731,"где я могу посмотреть, какие способы доставки доступны??","где я могу посмотреть, какие способы доставки доступны??",delivery,delivery,ikshana|aug_punctuation_variant,False,True,False,delivery,stg1_001731,,,,punctuation_variant
aug_delivery_0080_stg1_001752,"помогите проверить, как скоро я поллучу свой продукт","помогите проверить, как скоро я поллучу свой продукт",delivery,delivery,ikshana|aug_typo_duplicate_char,False,True,False,delivery,stg1_001752,,,,typo_duplicate_char
aug_delivery_0081_stg1_001555,где проверить какие способы доставки доступны?!,где проверить какие способы доставки доступны?!,delivery,delivery,ikshana|aug_punctuation_variant,False,True,False,delivery,stg1_001555,,,,punctuation_variant
aug_delivery_0082_stg1_001599,Время рабты поезда,время рабты поезда,delivery,delivery,runlu|aug_typo_delete_char,False,True,False,delivery,stg1_001599,,,,typo_delete_char
aug_delivery_0083_stg1_001758,"Мне нужно увидеть чертову дату достакви моей покупки, мне нужна помощь.","мне нужно увидеть чертову дату достакви моей покупки, мне нужна помощь.",delivery,delivery,bitext|aug_typo_swap_adjacent,False,True,False,delivery,stg1_001758,,,,typo_swap_adjacent
aug_delivery_0084_stg1_001622,Время поезда до местта с длинным расстоянием,время поезда до местта с длинным расстоянием,delivery,delivery,runlu|aug_typo_duplicate_char,False,True,False,delivery,stg1_001622,,,,typo_duplicate_char
aug_delivery_0085_stg1_001674,проблема с вводом моего нового адреса доставки?,проблема с вводом моего нового адреса доставки?,delivery,delivery,ikshana|aug_punctuation_variant,False,True,False,delivery,stg1_001674,,,,punctuation_variant
aug_delivery_0086_stg1_001566,"как я могу увидеть, сколько времени заимает доставка?","как я могу увидеть, сколько времени заимает доставка?",delivery,delivery,ikshana|aug_typo_delete_char,False,True,False,delivery,stg1_001566,,,,typo_delete_char
aug_delivery_0087_stg1_001576,Сакжи мне поезда из Калифорнии в Нью-Джерси после 11 вечера.,сакжи мне поезда из калифорнии в нью-джерси после 11 вечера.,delivery,delivery,runlu|aug_typo_swap_adjacent,False,True,False,delivery,stg1_001576,,,,typo_swap_adjacent
aug_delivery_0088_stg1_001684,Мне нужно указать новый адррес доставки,мне нужно указать новый адррес доставки,delivery,delivery,ikshana|aug_typo_duplicate_char,False,True,False,delivery,stg1_001684,,,,typo_duplicate_char
aug_delivery_0089_stg1_001703,"где я могу увидеть, когда мой товар прибудет?!","где я могу увидеть, когда мой товар прибудет?!",delivery,delivery,ikshana|aug_punctuation_variant,False,True,False,delivery,stg1_001703,,,,punctuation_variant
aug_delivery_0090_stg1_001636,"мне нужно увидеть время доставки, как я могу это сделть","мне нужно увидеть время доставки, как я могу это сделть",delivery,delivery,bitext|aug_typo_delete_char,False,True,False,delivery,stg1_001636,,,,typo_delete_char
aug_delivery_0091_stg1_001677,У меня возникают ошибки при попытке изменить адрсе доставки.,у меня возникают ошибки при попытке изменить адрсе доставки.,delivery,delivery,ikshana|aug_typo_swap_adjacent,False,True,False,delivery,stg1_001677,,,,typo_swap_adjacent
aug_delivery_0092_stg1_002976,Бесплатная доставка от какой сумммы?,бесплатная доставка от какой сумммы?,delivery,delivery,synthetic_dataset|aug_typo_duplicate_char,True,True,False,delivery,stg1_002976,,,,typo_duplicate_char
aug_delivery_0093_stg1_001736,"хочу узнать о сроках доставки моего заказа, могу дать мне некоторую информацию.","хочу узнать о сроках доставки моего заказа, могу дать мне некоторую информацию.",delivery,delivery,bitext|aug_phrase_compression,False,True,False,delivery,stg1_001736,,,,phrase_compression
aug_delivery_0094_stg1_001691,"Мне нужно посмотреть, когда придет моя статья?","мне нужно посмотреть, когда придет моя статья?",delivery,delivery,ikshana|aug_punctuation_variant,False,True,False,delivery,stg1_001691,,,,punctuation_variant
aug_delivery_0095_stg1_001588,Когда лучше вего отправиться в Канаду?,когда лучше вего отправиться в канаду?,delivery,delivery,runlu|aug_typo_delete_char,False,True,False,delivery,stg1_001588,,,,typo_delete_char
aug_delivery_0096_stg1_001747,"Мне нужно указать адрес доставик, помогите мне.","мне нужно указать адрес доставик, помогите мне.",delivery,delivery,ikshana|aug_typo_swap_adjacent,False,True,False,delivery,stg1_001747,,,,typo_swap_adjacent
aug_delivery_0097_stg1_001637,"помогите провверить, когда придет моя покупка","помогите провверить, когда придет моя покупка",delivery,delivery,ikshana|aug_typo_duplicate_char,False,True,False,delivery,stg1_001637,,,,typo_duplicate_char
aug_delivery_0098_stg1_001657,моя доставка не завершена мне нужна помощь чтобы сообщить об отсутствующем товаре,моя доставка не завершена мне нужна помощь чтобы сообщить об отсутствующем товаре,delivery,delivery,bitext|aug_punctuation_variant,False,True,False,delivery,stg1_001657,,,,punctuation_variant
aug_delivery_0099_stg1_001639,"мне нужно посмотреть, сколько времени потребуется, чтбы доставить мою посылку","мне нужно посмотреть, сколько времени потребуется, чтбы доставить мою посылку",delivery,delivery,ikshana|aug_typo_delete_char,False,True,False,delivery,stg1_001639,,,,typo_delete_char
aug_delivery_0100_stg1_001760,"мне нужна помощь, чтобы узнать, когад прибудет моя посылка","мне нужна помощь, чтобы узнать, когад прибудет моя посылка",delivery,delivery,ikshana|aug_typo_swap_adjacent,False,True,False,delivery,stg1_001760,,,,typo_swap_adjacent
aug_delivery_0101_stg1_001714,"Я хотел бы проверить вреемя доставки моего заказа, помогите мне","я хотел бы проверить вреемя доставки моего заказа, помогите мне",delivery,delivery,bitext|aug_typo_duplicate_char,False,True,False,delivery,stg1_001714,,,,typo_duplicate_char
aug_delivery_0102_stg1_001494,"Мне не хватает некоторых продуктов, которые я купил, помогите, чтобы сообщить о них","мне не хватает некоторых продуктов, которые я купил, помогите, чтобы сообщить о них",delivery,delivery,bitext|aug_phrase_compression,False,True,False,delivery,stg1_001494,,,,phrase_compression
aug_delivery_0103_stg1_001742,Мне нужно увидеть чертову дату доставки моей покупки. Могу ли я это сделать?!,мне нужно увидеть чертову дату доставки моей покупки. могу ли я это сделать?!,delivery,delivery,bitext|aug_punctuation_variant,False,True,False,delivery,stg1_001742,,,,punctuation_variant
aug_delivery_0104_stg1_001562,Можете ли вы помочь мне настроить другой адрес доствки?,можете ли вы помочь мне настроить другой адрес доствки?,delivery,delivery,ikshana|aug_typo_delete_char,False,True,False,delivery,stg1_001562,,,,typo_delete_char
aug_delivery_0105_stg1_001538,возникла проблема с изменнеием адреса доставки,возникла проблема с изменнеием адреса доставки,delivery,delivery,ikshana|aug_typo_swap_adjacent,False,True,False,delivery,stg1_001538,,,,typo_swap_adjacent
aug_delivery_0106_stg1_001623,"Я звоню, чтобы узннать, когда придет мой товар","я звоню, чтобы узннать, когда придет мой товар",delivery,delivery,ikshana|aug_typo_duplicate_char,False,True,False,delivery,stg1_001623,,,,typo_duplicate_char
aug_delivery_0107_stg1_001764,"как увидеть, какие чертовы варианты доставки доступны?","как увидеть, какие чертовы варианты доставки доступны?",delivery,delivery,ikshana|aug_phrase_compression,False,True,False,delivery,stg1_001764,,,,phrase_compression
aug_delivery_0108_stg1_003034,Доставляете ли в Казань,доставляете ли в казань,delivery,delivery,synthetic_dataset|aug_punctuation_variant,True,True,False,delivery,stg1_003034,,,,punctuation_variant
aug_delivery_0109_stg1_001565,"Могу ли я посмотеть, сколько времени займет доставка товара?","могу ли я посмотеть, сколько времени займет доставка товара?",delivery,delivery,ikshana|aug_typo_delete_char,False,True,False,delivery,stg1_001565,,,,typo_delete_char
aug_delivery_0110_stg1_001704,"мне нужан помощь, чтобы обновить мой адрес","мне нужан помощь, чтобы обновить мой адрес",delivery,delivery,ikshana|aug_typo_swap_adjacent,False,True,False,delivery,stg1_001704,,,,typo_swap_adjacent
aug_delivery_0111_stg1_001705,"Я хотел бы увидеть чертово время доставкки, вы можете мне помочь?","я хотел бы увидеть чертово время доставкки, вы можете мне помочь?",delivery,delivery,bitext|aug_typo_duplicate_char,False,True,False,delivery,stg1_001705,,,,typo_duplicate_char
aug_delivery_0112_stg1_001582,Могу я получить направление к ближайшему бару??,могу я получить направление к ближайшему бару??,delivery,delivery,runlu|aug_punctuation_variant,False,True,False,delivery,stg1_001582,,,,punctuation_variant
aug_delivery_0113_stg1_001611,Во сколько пезд покидает Филадельфию?,во сколько пезд покидает филадельфию?,delivery,delivery,runlu|aug_typo_delete_char,False,True,False,delivery,stg1_001611,,,,typo_delete_char
aug_delivery_0114_stg1_001717,"мне нужна помощь, чтобы проверить, какие у меня есть споосбы доставки","мне нужна помощь, чтобы проверить, какие у меня есть споосбы доставки",delivery,delivery,ikshana|aug_typo_swap_adjacent,False,True,False,delivery,stg1_001717,,,,typo_swap_adjacent
aug_delivery_0115_stg1_001533,"Мне нужна поддержка, чтобы обновить адрес доставвки","мне нужна поддержка, чтобы обновить адрес доставвки",delivery,delivery,ikshana|aug_typo_duplicate_char,False,True,False,delivery,stg1_001533,,,,typo_duplicate_char
aug_delivery_0116_stg1_001621,Когда следующий поезд путешествующий по городу уезжает отсюда?,когда следующий поезд путешествующий по городу уезжает отсюда?,delivery,delivery,runlu|aug_punctuation_variant,False,True,False,delivery,stg1_001621,,,,punctuation_variant
aug_delivery_0117_stg1_001608,Поазать все поезда и время Ни,поазать все поезда и время ни,delivery,delivery,runlu|aug_typo_delete_char,False,True,False,delivery,stg1_001608,,,,typo_delete_char
aug_delivery_0118_stg1_001727,"мне нужно проверить четрову стоимость доставки, помогите мне.","мне нужно проверить четрову стоимость доставки, помогите мне.",delivery,delivery,bitext|aug_typo_swap_adjacent,False,True,False,delivery,stg1_001727,,,,typo_swap_adjacent
aug_delivery_0119_stg1_001675,"Мне нужна информация о вреемени доставки, как я могу ее найти?","мне нужна информация о вреемени доставки, как я могу ее найти?",delivery,delivery,bitext|aug_typo_duplicate_char,False,True,False,delivery,stg1_001675,,,,typo_duplicate_char
aug_delivery_0120_stg1_001732,"Мне нужно проверить, какие способы доставки доступны!","мне нужно проверить, какие способы доставки доступны!",delivery,delivery,ikshana|aug_punctuation_variant,False,True,False,delivery,stg1_001732,,,,punctuation_variant
aug_delivery_0121_stg1_001737,"Я хотл бы узнать о сроках доставки моей покупки, где я могу получить дополнительную информацию?","я хотл бы узнать о сроках доставки моей покупки, где я могу получить дополнительную информацию?",delivery,delivery,bitext|aug_typo_delete_char,False,True,False,delivery,stg1_001737,,,,typo_delete_char
aug_delivery_0122_stg1_001671,"хочу проверить врмея доставки моей покупки, мне нужна помощь","хочу проверить врмея доставки моей покупки, мне нужна помощь",delivery,delivery,bitext|aug_typo_swap_adjacent,False,True,False,delivery,stg1_001671,,,,typo_swap_adjacent
aug_delivery_0123_stg1_001583,Во скколько поезд отправляется из Праги в Брно?,во скколько поезд отправляется из праги в брно?,delivery,delivery,runlu|aug_typo_duplicate_char,False,True,False,delivery,stg1_001583,,,,typo_duplicate_char
aug_delivery_0124_stg1_001475,моя доставка была задержана мне нужна помощь чтобы сообщить о проблемах с доставкой,моя доставка была задержана мне нужна помощь чтобы сообщить о проблемах с доставкой,delivery,delivery,bitext|aug_punctuation_variant,False,True,False,delivery,stg1_001475,,,,punctuation_variant
aug_delivery_0125_stg1_001593,"Пожалуйста, дайте мне напавление в парк рядом со мной.","пожалуйста, дайте мне напавление в парк рядом со мной.",delivery,delivery,runlu|aug_typo_delete_char,False,True,False,delivery,stg1_001593,,,,typo_delete_char
aug_delivery_0126_stg1_002949,Какие способы достваки?,какие способы достваки?,delivery,delivery,synthetic_dataset|aug_typo_swap_adjacent,True,True,False,delivery,stg1_002949,,,,typo_swap_adjacent
aug_delivery_0127_stg1_001554,"что мне нуужно сделать, чтобы узнать, когда придет моя статья?","что мне нуужно сделать, чтобы узнать, когда придет моя статья?",delivery,delivery,ikshana|aug_typo_duplicate_char,False,True,False,delivery,stg1_001554,,,,typo_duplicate_char
aug_delivery_0128_stg1_001504,Мне нравится информация о чертовых расходах на рассылку где бы она ни была я ее получу,мне нравится информация о чертовых расходах на рассылку где бы она ни была я ее получу,delivery,delivery,bitext|aug_punctuation_variant,False,True,False,delivery,stg1_001504,,,,punctuation_variant
aug_delivery_0129_stg1_001488,"мне нужно сообщить о чертовой пробелме с доставкой, где я могу это сделать","мне нужно сообщить о чертовой пробелме с доставкой, где я могу это сделать",delivery,delivery,bitext|aug_typo_swap_adjacent,False,True,False,delivery,stg1_001488,,,,typo_swap_adjacent
aug_delivery_0130_stg1_001709,"где проверить, когда придет мой товвар?","где проверить, когда придет мой товвар?",delivery,delivery,ikshana|aug_typo_duplicate_char,False,True,False,delivery,stg1_001709,,,,typo_duplicate_char
aug_delivery_0131_stg1_001658,нужно сообщить о проблемах с доставкой моего груза. Где я могу это сделать?,нужно сообщить о проблемах с доставкой моего груза. где я могу это сделать?,delivery,delivery,bitext|aug_phrase_compression,False,True,False,delivery,stg1_001658,,,,phrase_compression
aug_delivery_0132_stg1_001730,"моя посылка неполная, можете ли вы помочь мне сообщить о неполной доставке??","моя посылка неполная, можете ли вы помочь мне сообщить о неполной доставке??",delivery,delivery,bitext|aug_punctuation_variant,False,True,False,delivery,stg1_001730,,,,punctuation_variant
aug_delivery_0133_stg1_001751,"моя доставка не завершена, мне нужна помощь, чтбы сообщить о чертовой неполноте заказа","моя доставка не завершена, мне нужна помощь, чтбы сообщить о чертовой неполноте заказа",delivery,delivery,bitext|aug_typo_delete_char,False,True,False,delivery,stg1_001751,,,,typo_delete_char
aug_delivery_0134_stg1_001708,"Мне нжуно указать адрес доставки, как мне это сделать?","мне нжуно указать адрес доставки, как мне это сделать?",delivery,delivery,ikshana|aug_typo_swap_adjacent,False,True,False,delivery,stg1_001708,,,,typo_swap_adjacent
aug_delivery_0135_stg1_001679,"хочу узнать больше о времени доставки, найдите некотторую информацию","хочу узнать больше о времени доставки, найдите некотторую информацию",delivery,delivery,bitext|aug_typo_duplicate_char,False,True,False,delivery,stg1_001679,,,,typo_duplicate_char
aug_delivery_0136_stg1_001716,произошла ошибка при отправке адреса доставки?,произошла ошибка при отправке адреса доставки?,delivery,delivery,ikshana|aug_punctuation_variant,False,True,False,delivery,stg1_001716,,,,punctuation_variant
aug_delivery_0137_stg1_001718,хочу укзаать адрес доставки,хочу укзаать адрес доставки,delivery,delivery,ikshana|aug_typo_swap_adjacent,False,True,False,delivery,stg1_001718,,,,typo_swap_adjacent
aug_delivery_0138_stg1_001590,Когда поезд отпправляется в Айову?,когда поезд отпправляется в айову?,delivery,delivery,runlu|aug_typo_duplicate_char,False,True,False,delivery,stg1_001590,,,,typo_duplicate_char
aug_delivery_0139_stg1_001476,"нужно сообщить о проблемах с доставкой моего заказа, где это сделать?","нужно сообщить о проблемах с доставкой моего заказа, где это сделать?",delivery,delivery,bitext|aug_punctuation_variant,False,True,False,delivery,stg1_001476,,,,punctuation_variant
aug_delivery_0140_stg1_001578,Кога последний поезд с рабочего отпуска,кога последний поезд с рабочего отпуска,delivery,delivery,runlu|aug_typo_delete_char,False,True,False,delivery,stg1_001578,,,,typo_delete_char
aug_delivery_0141_stg1_002938,Сколько стоти доставка?,сколько стоти доставка?,delivery,delivery,synthetic_dataset|aug_typo_swap_adjacent,True,True,False,delivery,stg1_002938,,,,typo_swap_adjacent
aug_delivery_0142_stg1_001633,"Я хочу узнать, когда прибудет мой товаар, мне нужна помощь","я хочу узнать, когда прибудет мой товаар, мне нужна помощь",delivery,delivery,ikshana|aug_typo_duplicate_char,False,True,False,delivery,stg1_001633,,,,typo_duplicate_char
aug_delivery_0143_stg1_001528,"мне нужно посмотреть, как скоро я смогу ожидать доставки?","мне нужно посмотреть, как скоро я смогу ожидать доставки?",delivery,delivery,ikshana|aug_punctuation_variant,False,True,False,delivery,stg1_001528,,,,punctuation_variant
aug_delivery_0144_stg1_001646,Мне нужна помощь в исправлении моего адреа,мне нужна помощь в исправлении моего адреа,delivery,delivery,ikshana|aug_typo_delete_char,False,True,False,delivery,stg1_001646,,,,typo_delete_char
aug_delivery_0145_stg1_001715,проблемы с вводом нового адреас доставки,проблемы с вводом нового адреас доставки,delivery,delivery,ikshana|aug_typo_swap_adjacent,False,True,False,delivery,stg1_001715,,,,typo_swap_adjacent
aug_delivery_0146_stg1_001559,отправлю в Делли,отправлю в делли,delivery,delivery,ikshana|aug_typo_duplicate_char,False,True,False,delivery,stg1_001559,,,,typo_duplicate_char
aug_delivery_0147_stg1_001474,Я хочу увидеть стоимость рассылки!,я хочу увидеть стоимость рассылки!,delivery,delivery,bitext|aug_punctuation_variant,False,True,False,delivery,stg1_001474,,,,punctuation_variant
aug_delivery_0148_stg1_001485,"я не получил свой заказ, как я могу сообщть о проблемах с доставкой","я не получил свой заказ, как я могу сообщть о проблемах с доставкой",delivery,delivery,bitext|aug_typo_delete_char,False,True,False,delivery,stg1_001485,,,,typo_delete_char
aug_delivery_0149_stg1_001604,Как долог мы доберемся до центра.,как долог мы доберемся до центра.,delivery,delivery,runlu|aug_typo_swap_adjacent,False,True,False,delivery,stg1_001604,,,,typo_swap_adjacent
aug_delivery_0150_stg1_001713,"мне нужно сообщить о чертовой неполной доставке, поомогите мне","мне нужно сообщить о чертовой неполной доставке, поомогите мне",delivery,delivery,bitext|aug_typo_duplicate_char,False,True,False,delivery,stg1_001713,,,,typo_duplicate_char
aug_delivery_0151_stg1_001541,поддерживает попытку редактирования адреса?,поддерживает попытку редактирования адреса?,delivery,delivery,ikshana|aug_punctuation_variant,False,True,False,delivery,stg1_001541,,,,punctuation_variant
aug_delivery_0152_stg1_001644,Я хочу полчить информацию о стоимости пересылки,я хочу полчить информацию о стоимости пересылки,delivery,delivery,bitext|aug_typo_delete_char,False,True,False,delivery,stg1_001644,,,,typo_delete_char
aug_delivery_0153_stg1_001740,"Я хотел бы проверить чертово время доставки, пмоогите мне.","я хотел бы проверить чертово время доставки, пмоогите мне.",delivery,delivery,bitext|aug_typo_swap_adjacent,False,True,False,delivery,stg1_001740,,,,typo_swap_adjacent
aug_delivery_0154_stg1_001725,"моя посылка была отпраавлена ​​не на тот адрес, мне нужна помощь, чтобы сообщить о проблемах с доставкой","моя посылка была отпраавлена ​​не на тот адрес, мне нужна помощь, чтобы сообщить о проблемах с доставкой",delivery,delivery,bitext|aug_typo_duplicate_char,False,True,False,delivery,stg1_001725,,,,typo_duplicate_char
aug_delivery_0155_stg1_001487,"мне нужно проверить время доставки моей покупки, могу ли я получить помощь?","мне нужно проверить время доставки моей покупки, могу ли я получить помощь?",delivery,delivery,bitext|aug_punctuation_variant,False,True,False,delivery,stg1_001487,,,,punctuation_variant
aug_delivery_0156_stg1_001548,"Мне нужно посмотреть, какие способы дставки вы предлагаете, как это сделать?","мне нужно посмотреть, какие способы дставки вы предлагаете, как это сделать?",delivery,delivery,ikshana|aug_typo_delete_char,False,True,False,delivery,stg1_001548,,,,typo_delete_char
aug_delivery_0157_stg1_001615,"Есть ли пеозда, отправляющиеся из Нью-Йорка в 8 вечера?","есть ли пеозда, отправляющиеся из нью-йорка в 8 вечера?",delivery,delivery,runlu|aug_typo_swap_adjacent,False,True,False,delivery,stg1_001615,,,,typo_swap_adjacent
aug_delivery_0158_stg1_001595,Название PDA: Как долго до xxxx airivves на станции xxxxxxx,название pda: как долго до xxxx airivves на станции xxxxxxx,delivery,delivery,runlu|aug_typo_duplicate_char,False,True,False,delivery,stg1_001595,,,,typo_duplicate_char
aug_delivery_0159_stg1_001580,У вас есть билеты на поезд,у вас есть билеты на поезд,delivery,delivery,runlu|aug_punctuation_variant,False,True,False,delivery,stg1_001580,,,,punctuation_variant
aug_delivery_0160_stg1_001618,"Олли, ты должен найти другой путь к моему месту назнаения.","олли, ты должен найти другой путь к моему месту назнаения.",delivery,delivery,runlu|aug_typo_delete_char,False,True,False,delivery,stg1_001618,,,,typo_delete_char
aug_delivery_0161_stg1_001663,"Я не поулчил свою посылку, мне нужна помощь в сообщении о проблемах с доставкой.","я не поулчил свою посылку, мне нужна помощь в сообщении о проблемах с доставкой.",delivery,delivery,bitext|aug_typo_swap_adjacent,False,True,False,delivery,stg1_001663,,,,typo_swap_adjacent
aug_delivery_0162_stg1_001480,"Я хотел бы увидеть сроок доставки моей покупки, как это сделать?","я хотел бы увидеть сроок доставки моей покупки, как это сделать?",delivery,delivery,bitext|aug_typo_duplicate_char,False,True,False,delivery,stg1_001480,,,,typo_duplicate_char
aug_delivery_0163_stg1_001511,Я хотел бы сообщить о проблемах с доставкой моего заказа. помогите?,я хотел бы сообщить о проблемах с доставкой моего заказа. помогите?,delivery,delivery,bitext|aug_phrase_compression,False,True,False,delivery,stg1_001511,,,,phrase_compression
aug_delivery_0164_stg1_002985,Доставляете ли в Екатеринбург?!,доставляете ли в екатеринбург?!,delivery,delivery,synthetic_dataset|aug_punctuation_variant,True,True,False,delivery,stg1_002985,,,,punctuation_variant
aug_delivery_0165_stg1_001507,"Мне нужо увидеть дату доставки, вы мне поможете?","мне нужо увидеть дату доставки, вы мне поможете?",delivery,delivery,bitext|aug_typo_delete_char,False,True,False,delivery,stg1_001507,,,,typo_delete_char
aug_delivery_0166_stg1_001546,у меня пролбемы с отправкой дополнительного адреса доставки,у меня пролбемы с отправкой дополнительного адреса доставки,delivery,delivery,ikshana|aug_typo_swap_adjacent,False,True,False,delivery,stg1_001546,,,,typo_swap_adjacent
aug_delivery_0167_stg1_001722,"хочу увидеть дату достаавки моего заказа, пожалуйста, помогите мне","хочу увидеть дату достаавки моего заказа, пожалуйста, помогите мне",delivery,delivery,bitext|aug_typo_duplicate_char,False,True,False,delivery,stg1_001722,,,,typo_duplicate_char
aug_delivery_0168_stg1_001755,Я бы хотел сообщить о проблемах с доставкой моего груза. Где мне это сделать??,я бы хотел сообщить о проблемах с доставкой моего груза. где мне это сделать??,delivery,delivery,bitext|aug_punctuation_variant,False,True,False,delivery,stg1_001755,,,,punctuation_variant
aug_delivery_0169_stg1_001530,У меня возникла проблема с попыткой исравить мой адрес,у меня возникла проблема с попыткой исравить мой адрес,delivery,delivery,ikshana|aug_typo_delete_char,False,True,False,delivery,stg1_001530,,,,typo_delete_char
aug_delivery_0170_stg1_001635,"нужна помощь, чтобы узнать, когда прбиудет мой заказ","нужна помощь, чтобы узнать, когда прбиудет мой заказ",delivery,delivery,ikshana|aug_typo_swap_adjacent,False,True,False,delivery,stg1_001635,,,,typo_swap_adjacent
aug_delivery_0171_stg1_001689,"мне нужна помощь, чттобы настроить адрес доставки","мне нужна помощь, чттобы настроить адрес доставки",delivery,delivery,ikshana|aug_typo_duplicate_char,False,True,False,delivery,stg1_001689,,,,typo_duplicate_char
aug_delivery_0172_stg1_001763,расскажи мне больше о редактировании моего адреса?,расскажи мне больше о редактировании моего адреса?,delivery,delivery,ikshana|aug_punctuation_variant,False,True,False,delivery,stg1_001763,,,,punctuation_variant
aug_delivery_0173_stg1_001602,Вемя поезда на станции Гэри идёт к Форту Уэйну сегодня,вемя поезда на станции гэри идёт к форту уэйну сегодня,delivery,delivery,runlu|aug_typo_delete_char,False,True,False,delivery,stg1_001602,,,,typo_delete_char
aug_delivery_0174_stg1_001743,Я пытаюсь найти инфорамцию об изменении адреса,я пытаюсь найти инфорамцию об изменении адреса,delivery,delivery,ikshana|aug_typo_swap_adjacent,False,True,False,delivery,stg1_001743,,,,typo_swap_adjacent
aug_delivery_0175_stg1_001690,"моя доставка не прибыла вовремя, как я моогу сообщить о проблеме с доставкой?","моя доставка не прибыла вовремя, как я моогу сообщить о проблеме с доставкой?",delivery,delivery,bitext|aug_typo_duplicate_char,False,True,False,delivery,stg1_001690,,,,typo_duplicate_char
aug_delivery_0176_stg1_001542,"нужно посмотреть варианты доставки, как мне это сделать","нужно посмотреть варианты доставки, как мне это сделать",delivery,delivery,ikshana|aug_phrase_compression,False,True,False,delivery,stg1_001542,,,,phrase_compression
aug_delivery_0177_stg1_001650,Я хотел бы сообщить о проблемах с доставкой моего груза. Вы мне поможете,я хотел бы сообщить о проблемах с доставкой моего груза. вы мне поможете,delivery,delivery,bitext|aug_punctuation_variant,False,True,False,delivery,stg1_001650,,,,punctuation_variant
aug_delivery_0178_stg1_001702,"Я ищу информацию о дате достави моей покупки, где я могу ее получить?","я ищу информацию о дате достави моей покупки, где я могу ее получить?",delivery,delivery,bitext|aug_typo_delete_char,False,True,False,delivery,stg1_001702,,,,typo_delete_char
aug_delivery_0179_stg1_001648,где я могу проверить чертову стомиость доставки?,где я могу проверить чертову стомиость доставки?,delivery,delivery,bitext|aug_typo_swap_adjacent,False,True,False,delivery,stg1_001648,,,,typo_swap_adjacent
aug_delivery_0180_stg1_001668,Могу ли я разместить заказ из Инддии?,могу ли я разместить заказ из инддии?,delivery,delivery,ikshana|aug_typo_duplicate_char,False,True,False,delivery,stg1_001668,,,,typo_duplicate_char
aug_delivery_0181_stg1_001483,"хочу увидеть чертовы сроки доставки моего заказа, как это сделать?","хочу увидеть чертовы сроки доставки моего заказа, как это сделать?",delivery,delivery,bitext|aug_phrase_compression,False,True,False,delivery,stg1_001483,,,,phrase_compression
aug_delivery_0182_stg1_001701,нужна помощь просмотрите варианты доставки,нужна помощь просмотрите варианты доставки,delivery,delivery,ikshana|aug_punctuation_variant,False,True,False,delivery,stg1_001701,,,,punctuation_variant
aug_delivery_0183_stg1_001478,"я не полуил посылку, мне нужна помощь, чтобы сообщить о проблеме с доставкой","я не полуил посылку, мне нужна помощь, чтобы сообщить о проблеме с доставкой",delivery,delivery,bitext|aug_typo_delete_char,False,True,False,delivery,stg1_001478,,,,typo_delete_char
aug_delivery_0184_stg1_001592,"Поезд в 5 вечера в среуд до Роквилла, вы вовремя?","поезд в 5 вечера в среуд до роквилла, вы вовремя?",delivery,delivery,runlu|aug_typo_swap_adjacent,False,True,False,delivery,stg1_001592,,,,typo_swap_adjacent
aug_delivery_0185_stg1_001632,"можно ли узнать, коогда придет моя посылка?","можно ли узнать, коогда придет моя посылка?",delivery,delivery,ikshana|aug_typo_duplicate_char,False,True,False,delivery,stg1_001632,,,,typo_duplicate_char
aug_delivery_0186_stg1_002933,Можно ли доставить сегодня??,можно ли доставить сегодня??,delivery,delivery,synthetic_dataset|aug_punctuation_variant,True,True,False,delivery,stg1_002933,,,,punctuation_variant
aug_delivery_0187_stg1_001692,"моя посылка неполная, мне нужна пмощь, чтобы сообщить о неполной поставке","моя посылка неполная, мне нужна пмощь, чтобы сообщить о неполной поставке",delivery,delivery,bitext|aug_typo_delete_char,False,True,False,delivery,stg1_001692,,,,typo_delete_char
aug_delivery_0188_stg1_001694,"хочу сообщить о проблеме с доставкой моеог заказа, мне нужна помощь","хочу сообщить о проблеме с доставкой моеог заказа, мне нужна помощь",delivery,delivery,bitext|aug_typo_swap_adjacent,False,True,False,delivery,stg1_001694,,,,typo_swap_adjacent
aug_delivery_0189_stg1_001486,"Я ищу инфоормацию о дате доставки моей покупки, мне нужна помощь","я ищу инфоормацию о дате доставки моей покупки, мне нужна помощь",delivery,delivery,bitext|aug_typo_duplicate_char,False,True,False,delivery,stg1_001486,,,,typo_duplicate_char
aug_delivery_0190_stg1_001710,"моя посылка потерялась, мне нужна помощь, чтобы сообщить о проблеме с доставкой!","моя посылка потерялась, мне нужна помощь, чтобы сообщить о проблеме с доставкой!",delivery,delivery,bitext|aug_punctuation_variant,False,True,False,delivery,stg1_001710,,,,punctuation_variant
aug_delivery_0191_stg1_001564,Я не могу изменить адрес досавки,я не могу изменить адрес досавки,delivery,delivery,ikshana|aug_typo_delete_char,False,True,False,delivery,stg1_001564,,,,typo_delete_char
aug_delivery_0192_stg1_001724,"Я звоню, чтоыб узнать, как скоро мне ожидать посылку.","я звоню, чтоыб узнать, как скоро мне ожидать посылку.",delivery,delivery,ikshana|aug_typo_swap_adjacent,False,True,False,delivery,stg1_001724,,,,typo_swap_adjacent
aug_delivery_0193_stg1_003028,Доставляете ли в Красноддар?,доставляете ли в красноддар?,delivery,delivery,synthetic_dataset|aug_typo_duplicate_char,True,True,False,delivery,stg1_003028,,,,typo_duplicate_char
aug_delivery_0194_stg1_001735,"Я хочу посмотреть, сколько времени потребуется, чтобы прибыть росистая доставка!","я хочу посмотреть, сколько времени потребуется, чтобы прибыть росистая доставка!",delivery,delivery,ikshana|aug_punctuation_variant,False,True,False,delivery,stg1_001735,,,,punctuation_variant
aug_delivery_0195_stg1_001537,"Мне нужно посмотреь, сколько времени потребуется, чтобы прибыть посылка.","мне нужно посмотреь, сколько времени потребуется, чтобы прибыть посылка.",delivery,delivery,ikshana|aug_typo_delete_char,False,True,False,delivery,stg1_001537,,,,typo_delete_char
aug_delivery_0196_stg1_001652,"Я хочу проверить, каике варианты доставки есть","я хочу проверить, каике варианты доставки есть",delivery,delivery,ikshana|aug_typo_swap_adjacent,False,True,False,delivery,stg1_001652,,,,typo_swap_adjacent
aug_delivery_0197_stg1_001551,Мне нужно указать дополниительный адрес доставки.,мне нужно указать дополниительный адрес доставки.,delivery,delivery,ikshana|aug_typo_duplicate_char,False,True,False,delivery,stg1_001551,,,,typo_duplicate_char
aug_delivery_0198_stg1_001619,Покажи мне как поехать в Бостон через Сиэтл.,покажи мне как поехать в бостон через сиэтл.,delivery,delivery,runlu|aug_punctuation_variant,False,True,False,delivery,stg1_001619,,,,punctuation_variant
aug_delivery_0199_stg1_001734,можно ли сдеалть заказ из Дели?,можно ли сдеалть заказ из дели?,delivery,delivery,ikshana|aug_typo_swap_adjacent,False,True,False,delivery,stg1_001734,,,,typo_swap_adjacent
aug_delivery_0200_stg1_001733,"Я хотел бы проверить чертову стоимоссть доставки, где я могу это сделать","я хотел бы проверить чертову стоимоссть доставки, где я могу это сделать",delivery,delivery,bitext|aug_typo_duplicate_char,False,True,False,delivery,stg1_001733,,,,typo_duplicate_char
aug_delivery_0201_stg1_001672,"Мне нужна информация о стоимости доставки, как ее найти","мне нужна информация о стоимости доставки, как ее найти",delivery,delivery,bitext|aug_punctuation_variant,False,True,False,delivery,stg1_001672,,,,punctuation_variant
aug_delivery_0202_stg1_001545,где я могу получить информаию о способах доставки?,где я могу получить информаию о способах доставки?,delivery,delivery,ikshana|aug_typo_delete_char,False,True,False,delivery,stg1_001545,,,,typo_delete_char
aug_delivery_0203_stg1_001591,Дай мне направление от Фарипира до Групура.,дай мне направление от фарипира до групура.,delivery,delivery,runlu|aug_typo_swap_adjacent,False,True,False,delivery,stg1_001591,,,,typo_swap_adjacent
aug_delivery_0204_stg1_001571,"Хочу посмотреть, как скоро мне ожжидать заказ, как это сделать?","хочу посмотреть, как скоро мне ожжидать заказ, как это сделать?",delivery,delivery,ikshana|aug_typo_duplicate_char,False,True,False,delivery,stg1_001571,,,,typo_duplicate_char
aug_delivery_0205_stg1_001630,"нужно увидеть стоимость пересылки, как мне это сделать","нужно увидеть стоимость пересылки, как мне это сделать",delivery,delivery,bitext|aug_phrase_compression,False,True,False,delivery,stg1_001630,,,,phrase_compression
aug_delivery_0206_stg1_001547,хочу указать дополнительный адрес доставки как это сделать?,хочу указать дополнительный адрес доставки как это сделать?,delivery,delivery,ikshana|aug_punctuation_variant,False,True,False,delivery,stg1_001547,,,,punctuation_variant
aug_delivery_0207_stg1_001489,мне нужна помощь в опеделении даты доставки моей покупки,мне нужна помощь в опеделении даты доставки моей покупки,delivery,delivery,bitext|aug_typo_delete_char,False,True,False,delivery,stg1_001489,,,,typo_delete_char
aug_delivery_0208_stg1_001616,Сколько времени на поезд из Нью-Йорак в Покипси?,сколько времени на поезд из нью-йорак в покипси?,delivery,delivery,runlu|aug_typo_swap_adjacent,False,True,False,delivery,stg1_001616,,,,typo_swap_adjacent
aug_delivery_0209_stg1_001614,"Путть, пожалуйста.","путть, пожалуйста.",delivery,delivery,runlu|aug_typo_duplicate_char,False,True,False,delivery,stg1_001614,,,,typo_duplicate_char
aug_delivery_0210_stg1_002998,Срок доставки в Москву!,срок доставки в москву!,delivery,delivery,synthetic_dataset|aug_punctuation_variant,True,True,False,delivery,stg1_002998,,,,punctuation_variant
aug_delivery_0211_stg1_001550,Моете ли вы помочь мне указать новый адрес доставки?,моете ли вы помочь мне указать новый адрес доставки?,delivery,delivery,ikshana|aug_typo_delete_char,False,True,False,delivery,stg1_001550,,,,typo_delete_char
aug_delivery_0212_stg1_001492,"Я хотел бы узнать о времени доставки, можете ли вы найти какую-нибудь информцаию?","я хотел бы узнать о времени доставки, можете ли вы найти какую-нибудь информцаию?",delivery,delivery,bitext|aug_typo_swap_adjacent,False,True,False,delivery,stg1_001492,,,,typo_swap_adjacent
aug_delivery_0213_stg1_001626,мне нужно ввести другой адрес достаавки,мне нужно ввести другой адрес достаавки,delivery,delivery,ikshana|aug_typo_duplicate_char,False,True,False,delivery,stg1_001626,,,,typo_duplicate_char
aug_delivery_0214_stg1_001642,Мне нужно узнать как скоро я смогу ожидать статью,мне нужно узнать как скоро я смогу ожидать статью,delivery,delivery,ikshana|aug_punctuation_variant,False,True,False,delivery,stg1_001642,,,,punctuation_variant
aug_delivery_0215_stg1_001638,не могли бы вы помочь мне увидеть чртову дату доставки?,не могли бы вы помочь мне увидеть чртову дату доставки?,delivery,delivery,bitext|aug_typo_delete_char,False,True,False,delivery,stg1_001638,,,,typo_delete_char
aug_delivery_0216_stg1_001741,"Я получил не все купелнные товары, сообщите о неполной комплектации","я получил не все купелнные товары, сообщите о неполной комплектации",delivery,delivery,bitext|aug_typo_swap_adjacent,False,True,False,delivery,stg1_001741,,,,typo_swap_adjacent
aug_delivery_0217_stg1_001662,"Я по ошибке указал свой старый аддрес, как я могу его обновить?","я по ошибке указал свой старый аддрес, как я могу его обновить?",delivery,delivery,ikshana|aug_typo_duplicate_char,False,True,False,delivery,stg1_001662,,,,typo_duplicate_char
aug_delivery_0218_stg1_001497,"моя доставка была задержана, я хотел бы сообщить о чертовых проблемах с доставкой!","моя доставка была задержана, я хотел бы сообщить о чертовых проблемах с доставкой!",delivery,delivery,bitext|aug_punctuation_variant,False,True,False,delivery,stg1_001497,,,,punctuation_variant
aug_delivery_0219_stg1_001682,"Мне нужно узнать чертову стоимоть пересылки, можешь мне помочь?","мне нужно узнать чертову стоимоть пересылки, можешь мне помочь?",delivery,delivery,bitext|aug_typo_delete_char,False,True,False,delivery,stg1_001682,,,,typo_delete_char
aug_delivery_0220_stg1_001594,Где вкозал?,где вкозал?,delivery,delivery,runlu|aug_typo_swap_adjacent,False,True,False,delivery,stg1_001594,,,,typo_swap_adjacent
aug_delivery_0221_stg1_001569,как скорро я могу ожидать доставку?,как скорро я могу ожидать доставку?,delivery,delivery,ikshana|aug_typo_duplicate_char,False,True,False,delivery,stg1_001569,,,,typo_duplicate_char
aug_delivery_0222_stg1_001754,"помогите, чтобы узнать, как скоро я смогу получить свой продукт","помогите, чтобы узнать, как скоро я смогу получить свой продукт",delivery,delivery,ikshana|aug_phrase_compression,False,True,False,delivery,stg1_001754,,,,phrase_compression
aug_delivery_0223_stg1_001501,мне бы хотелось увидеть чертов срок доставки моего заказа где это сделать,мне бы хотелось увидеть чертов срок доставки моего заказа где это сделать,delivery,delivery,bitext|aug_punctuation_variant,False,True,False,delivery,stg1_001501,,,,punctuation_variant
aug_delivery_0224_stg1_001499,"Я получил не все купенные товары, куда сообщить о недостающих товарах?","я получил не все купенные товары, куда сообщить о недостающих товарах?",delivery,delivery,bitext|aug_typo_delete_char,False,True,False,delivery,stg1_001499,,,,typo_delete_char
aug_delivery_0225_stg1_001575,Когад поезд F сегодня поедет?,когад поезд f сегодня поедет?,delivery,delivery,runlu|aug_typo_swap_adjacent,False,True,False,delivery,stg1_001575,,,,typo_swap_adjacent
aug_delivery_0226_stg1_001670,"Можете ли вы показать мне, когда пррибудет мой товар?","можете ли вы показать мне, когда пррибудет мой товар?",delivery,delivery,ikshana|aug_typo_duplicate_char,False,True,False,delivery,stg1_001670,,,,typo_duplicate_char
aug_delivery_0227_stg1_001517,как получить информацию о чертовой стоимости доставки?,как получить информацию о чертовой стоимости доставки?,delivery,delivery,bitext|aug_phrase_compression,False,True,False,delivery,stg1_001517,,,,phrase_compression
aug_delivery_0228_stg1_001641,"Можешь показать мне, как отправиться в Музей полета в Сиэтле?","можешь показать мне, как отправиться в музей полета в сиэтле?",delivery,delivery,runlu|aug_punctuation_variant,False,True,False,delivery,stg1_001641,,,,punctuation_variant
aug_delivery_0229_stg1_001660,можно ли сделать заказ из Идии?,можно ли сделать заказ из идии?,delivery,delivery,ikshana|aug_typo_delete_char,False,True,False,delivery,stg1_001660,,,,typo_delete_char
aug_delivery_0230_stg1_001502,"Я хотел бы проверить чертову стоимость пересылки, мне поомжет","я хотел бы проверить чертову стоимость пересылки, мне поомжет",delivery,delivery,bitext|aug_typo_swap_adjacent,False,True,False,delivery,stg1_001502,,,,typo_swap_adjacent
aug_delivery_0231_stg1_001697,"Я хотел бы проверить время доставкки, мне нужна помощь","я хотел бы проверить время доставкки, мне нужна помощь",delivery,delivery,bitext|aug_typo_duplicate_char,False,True,False,delivery,stg1_001697,,,,typo_duplicate_char
aug_delivery_0232_stg1_001711,можно ли проверить какие у меня способы доставки?,можно ли проверить какие у меня способы доставки?,delivery,delivery,ikshana|aug_punctuation_variant,False,True,False,delivery,stg1_001711,,,,punctuation_variant
aug_delivery_0233_stg1_001627,Я хотел бы сообщить о проблемах с доставкой мого груза. Не могли бы вы мне помочь?,я хотел бы сообщить о проблемах с доставкой мого груза. не могли бы вы мне помочь?,delivery,delivery,bitext|aug_typo_delete_char,False,True,False,delivery,stg1_001627,,,,typo_delete_char
aug_delivery_0234_stg1_001606,Время проверки 10887 поезда со станици Луни во вторник,время проверки 10887 поезда со станици луни во вторник,delivery,delivery,runlu|aug_typo_swap_adjacent,False,True,False,delivery,stg1_001606,,,,typo_swap_adjacent
aug_delivery_0235_stg1_001481,"Я хочу провеерить стоимость рассылки, могу ли я это сделать?","я хочу провеерить стоимость рассылки, могу ли я это сделать?",delivery,delivery,bitext|aug_typo_duplicate_char,False,True,False,delivery,stg1_001481,,,,typo_duplicate_char
aug_delivery_0236_stg1_001598,Во сколько поезд отправляется в Лагос,во сколько поезд отправляется в лагос,delivery,delivery,runlu|aug_punctuation_variant,False,True,False,delivery,stg1_001598,,,,punctuation_variant
aug_delivery_0237_stg1_001496,"Я хочу узнаь стоимость доставки, где мне это сделать?","я хочу узнаь стоимость доставки, где мне это сделать?",delivery,delivery,bitext|aug_typo_delete_char,False,True,False,delivery,stg1_001496,,,,typo_delete_char
aug_delivery_0238_stg1_001707,установить новйы адрес доставки,установить новйы адрес доставки,delivery,delivery,ikshana|aug_typo_swap_adjacent,False,True,False,delivery,stg1_001707,,,,typo_swap_adjacent
aug_delivery_0239_stg1_001686,"мой адрес изменился, мне нужна помощь в его измененнии","мой адрес изменился, мне нужна помощь в его измененнии",delivery,delivery,ikshana|aug_typo_duplicate_char,False,True,False,delivery,stg1_001686,,,,typo_duplicate_char
aug_delivery_0240_stg1_001586,"хочу знать маршрут, по которому поезд отправится в Майами.","хочу знать маршрут, по которому поезд отправится в майами.",delivery,delivery,runlu|aug_phrase_compression,False,True,False,delivery,stg1_001586,,,,phrase_compression
aug_delivery_0241_stg1_001506,"Мне нужно проверить дату доставки, мне нужна помощь?","мне нужно проверить дату доставки, мне нужна помощь?",delivery,delivery,bitext|aug_punctuation_variant,False,True,False,delivery,stg1_001506,,,,punctuation_variant
aug_delivery_0242_stg1_002967,Доставляете ли в Самау?,доставляете ли в самау?,delivery,delivery,synthetic_dataset|aug_typo_delete_char,True,True,False,delivery,stg1_002967,,,,typo_delete_char
aug_delivery_0243_stg1_001625,Я хочу знать дату доставки моеего заказа,я хочу знать дату доставки моеего заказа,delivery,delivery,bitext|aug_typo_duplicate_char,False,True,False,delivery,stg1_001625,,,,typo_duplicate_char
aug_delivery_0244_stg1_001688,У меня возникла проблема с настройкой нового адреса доставки?,у меня возникла проблема с настройкой нового адреса доставки?,delivery,delivery,ikshana|aug_punctuation_variant,False,True,False,delivery,stg1_001688,,,,punctuation_variant
aug_delivery_0245_stg1_001687,"Можете ли вы помочь мне проверть, как скоро я могу ожидать посылку?","можете ли вы помочь мне проверть, как скоро я могу ожидать посылку?",delivery,delivery,ikshana|aug_typo_delete_char,False,True,False,delivery,stg1_001687,,,,typo_delete_char
aug_delivery_0246_stg1_001553,"я не знаю, как мне исправить адрсе доставки","я не знаю, как мне исправить адрсе доставки",delivery,delivery,ikshana|aug_typo_swap_adjacent,False,True,False,delivery,stg1_001553,,,,typo_swap_adjacent
aug_delivery_0247_stg1_001748,"моя посылка не укомплектована, как я могу сообщить об отсутствующеем товаре?","моя посылка не укомплектована, как я могу сообщить об отсутствующеем товаре?",delivery,delivery,bitext|aug_typo_duplicate_char,False,True,False,delivery,stg1_001748,,,,typo_duplicate_char
aug_delivery_0248_stg1_001574,Название PDA: во сколько xxxx прибудет хххх!,название pda: во сколько xxxx прибудет хххх!,delivery,delivery,runlu|aug_punctuation_variant,False,True,False,delivery,stg1_001574,,,,punctuation_variant
aug_delivery_0249_stg1_001535,могу ли я разместиь чертов заказ из Дели?,могу ли я разместиь чертов заказ из дели?,delivery,delivery,ikshana|aug_typo_delete_char,False,True,False,delivery,stg1_001535,,,,typo_delete_char
aug_delivery_0250_stg1_001505,"Я хочу узнать стоимость досттавки, как мне это сделать?","я хочу узнать стоимость досттавки, как мне это сделать?",delivery,delivery,bitext|aug_typo_duplicate_char,False,True,False,delivery,stg1_001505,,,,typo_duplicate_char
aug_delivery_0251_stg1_001738,"хочу узнать больше о сроках доставки моей покупки, могу найти некоторую информацию!","хочу узнать больше о сроках доставки моей покупки, могу найти некоторую информацию!",delivery,delivery,bitext|aug_punctuation_variant,False,True,False,delivery,stg1_001738,,,,punctuation_variant
aug_delivery_0252_stg1_001514,"моя доставка не была вовремя, мне нужна помощь, чтобы сообщить о чертовой проблме с доставкой","моя доставка не была вовремя, мне нужна помощь, чтобы сообщить о чертовой проблме с доставкой",delivery,delivery,bitext|aug_typo_delete_char,False,True,False,delivery,stg1_001514,,,,typo_delete_char
aug_delivery_0253_stg1_001573,"Что это за поезд времени, приходящий из Сакраменот?","что это за поезд времени, приходящий из сакраменот?",delivery,delivery,runlu|aug_typo_swap_adjacent,False,True,False,delivery,stg1_001573,,,,typo_swap_adjacent
aug_delivery_0254_stg1_002953,Хочу изменить аддрес доставки,хочу изменить аддрес доставки,delivery,delivery,synthetic_dataset|aug_typo_duplicate_char,True,True,False,delivery,stg1_002953,,,,typo_duplicate_char
aug_delivery_0255_stg1_001629,"Я хочу проверить чертов срок доставки, как мне это сделать?!","я хочу проверить чертов срок доставки, как мне это сделать?!",delivery,delivery,bitext|aug_punctuation_variant,False,True,False,delivery,stg1_001629,,,,punctuation_variant
aug_delivery_0256_stg1_001597,Сегодня днем в Далласе приедет позд?,сегодня днем в далласе приедет позд?,delivery,delivery,runlu|aug_typo_delete_char,False,True,False,delivery,stg1_001597,,,,typo_delete_char
aug_delivery_0257_stg1_001752,"помогите провериьт, как скоро я получу свой продукт","помогите провериьт, как скоро я получу свой продукт",delivery,delivery,ikshana|aug_typo_swap_adjacent,False,True,False,delivery,stg1_001752,,,,typo_swap_adjacent
aug_delivery_0258_stg1_001596,Как долго пройдёт путь от Нььяка до коттеджа Долина,как долго пройдёт путь от нььяка до коттеджа долина,delivery,delivery,runlu|aug_typo_duplicate_char,False,True,False,delivery,stg1_001596,,,,typo_duplicate_char
aug_delivery_0259_stg1_001599,Время работы поезда!,время работы поезда!,delivery,delivery,runlu|aug_punctuation_variant,False,True,False,delivery,stg1_001599,,,,punctuation_variant
aug_delivery_0260_stg1_001758,"Мне нужно увидеть чертову дату доставки моей покупки, мне нужа помощь.","мне нужно увидеть чертову дату доставки моей покупки, мне нужа помощь.",delivery,delivery,bitext|aug_typo_delete_char,False,True,False,delivery,stg1_001758,,,,typo_delete_char
aug_delivery_0261_stg1_001622,Время поезда до места с длинынм расстоянием,время поезда до места с длинынм расстоянием,delivery,delivery,runlu|aug_typo_swap_adjacent,False,True,False,delivery,stg1_001622,,,,typo_swap_adjacent
aug_delivery_0262_stg1_001556,где я могу настрроить дополнительный адрес доставки,где я могу настрроить дополнительный адрес доставки,delivery,delivery,ikshana|aug_typo_duplicate_char,False,True,False,delivery,stg1_001556,,,,typo_duplicate_char
aug_delivery_0263_stg1_001566,"как я могу увидеть, сколько времени занимает доставка??","как я могу увидеть, сколько времени занимает доставка??",delivery,delivery,ikshana|aug_punctuation_variant,False,True,False,delivery,stg1_001566,,,,punctuation_variant
aug_delivery_0264_stg1_001576,Скажи мне поеда из Калифорнии в Нью-Джерси после 11 вечера.,скажи мне поеда из калифорнии в нью-джерси после 11 вечера.,delivery,delivery,runlu|aug_typo_delete_char,False,True,False,delivery,stg1_001576,,,,typo_delete_char
aug_delivery_0265_stg1_001684,Мне нунжо указать новый адрес доставки,мне нунжо указать новый адрес доставки,delivery,delivery,ikshana|aug_typo_swap_adjacent,False,True,False,delivery,stg1_001684,,,,typo_swap_adjacent
aug_delivery_0266_stg1_001581,Во сколькко поезд отправляется в Айову?,во сколькко поезд отправляется в айову?,delivery,delivery,runlu|aug_typo_duplicate_char,False,True,False,delivery,stg1_001581,,,,typo_duplicate_char
aug_delivery_0267_stg1_001636,"мне нужно увидеть время доставки, как я могу это сделать!","мне нужно увидеть время доставки, как я могу это сделать!",delivery,delivery,bitext|aug_punctuation_variant,False,True,False,delivery,stg1_001636,,,,punctuation_variant
aug_delivery_0268_stg1_002976,Бесплатная доствака от какой суммы?,бесплатная доствака от какой суммы?,delivery,delivery,synthetic_dataset|aug_typo_swap_adjacent,True,True,False,delivery,stg1_002976,,,,typo_swap_adjacent
aug_delivery_0269_stg1_001736,"Я бы хотел узнать о срроках доставки моего заказа, могу дать мне некоторую информацию.","я бы хотел узнать о срроках доставки моего заказа, могу дать мне некоторую информацию.",delivery,delivery,bitext|aug_typo_duplicate_char,False,True,False,delivery,stg1_001736,,,,typo_duplicate_char
aug_delivery_0270_stg1_001691,"нужно посмотреть, когда придет моя статья","нужно посмотреть, когда придет моя статья",delivery,delivery,ikshana|aug_phrase_compression,False,True,False,delivery,stg1_001691,,,,phrase_compression
aug_delivery_0271_stg1_001588,Когда лучше всего отправиться в Канаду?!,когда лучше всего отправиться в канаду?!,delivery,delivery,runlu|aug_punctuation_variant,False,True,False,delivery,stg1_001588,,,,punctuation_variant
aug_delivery_0272_stg1_001747,"Мне нужно указать адрс доставки, помогите мне.","мне нужно указать адрс доставки, помогите мне.",delivery,delivery,ikshana|aug_typo_delete_char,False,True,False,delivery,stg1_001747,,,,typo_delete_char
aug_delivery_0273_stg1_001637,"помогите проверить, когда пирдет моя покупка","помогите проверить, когда пирдет моя покупка",delivery,delivery,ikshana|aug_typo_swap_adjacent,False,True,False,delivery,stg1_001637,,,,typo_swap_adjacent
aug_delivery_0274_stg1_001493,"хочу увидеть чертову стоимость пересылки, где я могу это сделлать","хочу увидеть чертову стоимость пересылки, где я могу это сделлать",delivery,delivery,bitext|aug_typo_duplicate_char,False,True,False,delivery,stg1_001493,,,,typo_duplicate_char
aug_delivery_0275_stg1_001657,"моя доставка не завершена, помогите, чтобы сообщить об отсутствующем товаре","моя доставка не завершена, помогите, чтобы сообщить об отсутствующем товаре",delivery,delivery,bitext|aug_phrase_compression,False,True,False,delivery,stg1_001657,,,,phrase_compression
aug_delivery_0276_stg1_001639,"мне нужно посмотреть, сколько времени потребуется, чтобы доставить мою посылку!","мне нужно посмотреть, сколько времени потребуется, чтобы доставить мою посылку!",delivery,delivery,ikshana|aug_punctuation_variant,False,True,False,delivery,stg1_001639,,,,punctuation_variant
aug_delivery_0277_stg1_001760,"мне нужна помощь, чтобы узнать, когда прибудт моя посылка","мне нужна помощь, чтобы узнать, когда прибудт моя посылка",delivery,delivery,ikshana|aug_typo_delete_char,False,True,False,delivery,stg1_001760,,,,typo_delete_char
aug_delivery_0278_stg1_001714,"Я хотел бы проверить время доставки моего заказа, помоигте мне","я хотел бы проверить время доставки моего заказа, помоигте мне",delivery,delivery,bitext|aug_typo_swap_adjacent,False,True,False,delivery,stg1_001714,,,,typo_swap_adjacent
aug_delivery_0279_stg1_001494,"Мне не хватает некоторых продуктов, которые я купил, мне нужна помощь, чтобы соообщить о них","мне не хватает некоторых продуктов, которые я купил, мне нужна помощь, чтобы соообщить о них",delivery,delivery,bitext|aug_typo_duplicate_char,False,True,False,delivery,stg1_001494,,,,typo_duplicate_char
aug_delivery_0280_stg1_001742,нужно увидеть чертову дату доставки моей покупки. Могу ли я это сделать?,нужно увидеть чертову дату доставки моей покупки. могу ли я это сделать?,delivery,delivery,bitext|aug_phrase_compression,False,True,False,delivery,stg1_001742,,,,phrase_compression
aug_delivery_0281_stg1_001562,Можете ли вы помочь мне настроить другой адрес доставки??,можете ли вы помочь мне настроить другой адрес доставки??,delivery,delivery,ikshana|aug_punctuation_variant,False,True,False,delivery,stg1_001562,,,,punctuation_variant
aug_delivery_0282_stg1_001538,возникла проблема с измеением адреса доставки,возникла проблема с измеением адреса доставки,delivery,delivery,ikshana|aug_typo_delete_char,False,True,False,delivery,stg1_001538,,,,typo_delete_char
aug_delivery_0283_stg1_001623,"Я звоню, чтобы узнать, когда придет мой твоар","я звоню, чтобы узнать, когда придет мой твоар",delivery,delivery,ikshana|aug_typo_swap_adjacent,False,True,False,delivery,stg1_001623,,,,typo_swap_adjacent
aug_delivery_0284_stg1_001764,"как я могу увидеть, какие чеертовы варианты доставки доступны?","как я могу увидеть, какие чеертовы варианты доставки доступны?",delivery,delivery,ikshana|aug_typo_duplicate_char,False,True,False,delivery,stg1_001764,,,,typo_duplicate_char
aug_delivery_0285_stg1_001565,"Могу ли я посмотреть, сколько времени займет доставка товара??","могу ли я посмотреть, сколько времени займет доставка товара??",delivery,delivery,ikshana|aug_punctuation_variant,False,True,False,delivery,stg1_001565,,,,punctuation_variant
aug_delivery_0286_stg1_001704,"мне нужна помощь, чтобы обовить мой адрес","мне нужна помощь, чтобы обовить мой адрес",delivery,delivery,ikshana|aug_typo_delete_char,False,True,False,delivery,stg1_001704,,,,typo_delete_char
aug_delivery_0287_stg1_001705,"Я хотел бы увидеть чертово время доставки, вы можтее мне помочь?","я хотел бы увидеть чертово время доставки, вы можтее мне помочь?",delivery,delivery,bitext|aug_typo_swap_adjacent,False,True,False,delivery,stg1_001705,,,,typo_swap_adjacent
aug_delivery_0288_stg1_001603,Как даалеко отсюда Уолмарт?,как даалеко отсюда уолмарт?,delivery,delivery,runlu|aug_typo_duplicate_char,False,True,False,delivery,stg1_001603,,,,typo_duplicate_char
aug_delivery_0289_stg1_001611,Во сколько поезд покидает Филадельфию?!,во сколько поезд покидает филадельфию?!,delivery,delivery,runlu|aug_punctuation_variant,False,True,False,delivery,stg1_001611,,,,punctuation_variant
aug_delivery_0290_stg1_001717,"мне нуна помощь, чтобы проверить, какие у меня есть способы доставки","мне нуна помощь, чтобы проверить, какие у меня есть способы доставки",delivery,delivery,ikshana|aug_typo_delete_char,False,True,False,delivery,stg1_001717,,,,typo_delete_char
aug_delivery_0291_stg1_001533,"Мне нужна поддержка, чтбоы обновить адрес доставки","мне нужна поддержка, чтбоы обновить адрес доставки",delivery,delivery,ikshana|aug_typo_swap_adjacent,False,True,False,delivery,stg1_001533,,,,typo_swap_adjacent
aug_delivery_0292_stg1_001749,у меня возникли проблемы с отпправкой другого адреса доставки,у меня возникли проблемы с отпправкой другого адреса доставки,delivery,delivery,ikshana|aug_typo_duplicate_char,False,True,False,delivery,stg1_001749,,,,typo_duplicate_char
aug_delivery_0293_stg1_001608,Показать все поезда и время Ни?,показать все поезда и время ни?,delivery,delivery,runlu|aug_punctuation_variant,False,True,False,delivery,stg1_001608,,,,punctuation_variant
aug_delivery_0294_stg1_001727,"мне нужно проверить чертову стоимость доствки, помогите мне.","мне нужно проверить чертову стоимость доствки, помогите мне.",delivery,delivery,bitext|aug_typo_delete_char,False,True,False,delivery,stg1_001727,,,,typo_delete_char
aug_delivery_0295_stg1_001720,"моя доставка не прибыла воввремя, можете ли вы помочь мне сообщить о чертовых проблемах с доставкой?","моя доставка не прибыла воввремя, можете ли вы помочь мне сообщить о чертовых проблемах с доставкой?",delivery,delivery,bitext|aug_typo_duplicate_char,False,True,False,delivery,stg1_001720,,,,typo_duplicate_char
aug_delivery_0296_stg1_001732,"нужно проверить, какие способы доставки доступны.","нужно проверить, какие способы доставки доступны.",delivery,delivery,ikshana|aug_phrase_compression,False,True,False,delivery,stg1_001732,,,,phrase_compression
aug_delivery_0297_stg1_001737,"Я хотел бы узнать о сроках доставки моей покупки, где я могу получить дополнительную информацию??","я хотел бы узнать о сроках доставки моей покупки, где я могу получить дополнительную информацию??",delivery,delivery,bitext|aug_punctuation_variant,False,True,False,delivery,stg1_001737,,,,punctuation_variant
aug_delivery_0298_stg1_001671,"хочу проверить время доставки моей покупки, мне нужа помощь","хочу проверить время доставки моей покупки, мне нужа помощь",delivery,delivery,bitext|aug_typo_delete_char,False,True,False,delivery,stg1_001671,,,,typo_delete_char
aug_delivery_0299_stg1_001583,Во сколько позед отправляется из Праги в Брно?,во сколько позед отправляется из праги в брно?,delivery,delivery,runlu|aug_typo_swap_adjacent,False,True,False,delivery,stg1_001583,,,,typo_swap_adjacent
aug_delivery_0300_stg1_002923,Доставка в выходные рабботает?,доставка в выходные рабботает?,delivery,delivery,synthetic_dataset|aug_typo_duplicate_char,True,True,False,delivery,stg1_002923,,,,typo_duplicate_char
aug_delivery_0301_stg1_001475,"моя доставка была задержана, помогите, чтобы сообщить о проблемах с доставкой","моя доставка была задержана, помогите, чтобы сообщить о проблемах с доставкой",delivery,delivery,bitext|aug_phrase_compression,False,True,False,delivery,stg1_001475,,,,phrase_compression
aug_delivery_0302_stg1_001593,"Пожалуйста, дайте мне направление в парк рядом со мной!","пожалуйста, дайте мне направление в парк рядом со мной!",delivery,delivery,runlu|aug_punctuation_variant,False,True,False,delivery,stg1_001593,,,,punctuation_variant
aug_delivery_0303_stg1_002949,Какие способы досавки?,какие способы досавки?,delivery,delivery,synthetic_dataset|aug_typo_delete_char,True,True,False,delivery,stg1_002949,,,,typo_delete_char
aug_delivery_0304_stg1_001554,"что мне нужно сделать, чтобы узнтаь, когда придет моя статья?","что мне нужно сделать, чтобы узнтаь, когда придет моя статья?",delivery,delivery,ikshana|aug_typo_swap_adjacent,False,True,False,delivery,stg1_001554,,,,typo_swap_adjacent
aug_delivery_0305_stg1_001560,достаавка в Индию,достаавка в индию,delivery,delivery,ikshana|aug_typo_duplicate_char,False,True,False,delivery,stg1_001560,,,,typo_duplicate_char
aug_delivery_0306_stg1_001666,"мне нужно увидеть дату покупки, как я могу это сделать!","мне нужно увидеть дату покупки, как я могу это сделать!",delivery,delivery,bitext|aug_punctuation_variant,False,True,False,delivery,stg1_001666,,,,punctuation_variant
aug_general_info_0001_stg1_000894,"Мне нужжно найти ближайший магазин, как это сделать?","мне нужжно найти ближайший магазин, как это сделать?",general_info,general_info,bitext|aug_typo_duplicate_char,False,True,False,general_info,stg1_000894,,,,typo_duplicate_char
aug_general_info_0002_stg1_001068,"хочу знать о ближайших к черту магазинах, где я могу получить больше информации?","хочу знать о ближайших к черту магазинах, где я могу получить больше информации?",general_info,general_info,bitext|aug_phrase_compression,False,True,False,general_info,stg1_001068,,,,phrase_compression
aug_general_info_0003_stg1_001062,у вас есть бесплатный номер для связи со службой поддержки!,у вас есть бесплатный номер для связи со службой поддержки!,general_info,general_info,ikshana|aug_punctuation_variant,False,True,False,general_info,stg1_001062,,,,punctuation_variant
aug_general_info_0004_stg1_000983,"Я хотел бы помочь со службой поддержки клиентов, которая мога бы мне помочь","я хотел бы помочь со службой поддержки клиентов, которая мога бы мне помочь",general_info,general_info,ikshana|aug_typo_delete_char,False,True,False,general_info,stg1_000983,,,,typo_delete_char
aug_general_info_0005_stg1_001072,"Пожалуйста, отправьте письом моей маме.","пожалуйста, отправьте письом моей маме.",general_info,general_info,runlu|aug_typo_swap_adjacent,False,True,False,general_info,stg1_001072,,,,typo_swap_adjacent
aug_general_info_0006_stg1_001167,Каково определение эттого объекта?,каково определение эттого объекта?,general_info,general_info,runlu|aug_typo_duplicate_char,False,True,False,general_info,stg1_001167,,,,typo_duplicate_char
aug_general_info_0007_stg1_001125,помогите в общении со службой поддержки,помогите в общении со службой поддержки,general_info,general_info,bitext|aug_phrase_compression,False,True,False,general_info,stg1_001125,,,,phrase_compression
aug_general_info_0008_stg1_001000,Показать все электронные сообщения о контрактах!,показать все электронные сообщения о контрактах!,general_info,general_info,runlu|aug_punctuation_variant,False,True,False,general_info,stg1_001000,,,,punctuation_variant
aug_general_info_0009_stg1_001140,"мне бы хоелось поискать в чертовом магазине, как я мог это сделать","мне бы хоелось поискать в чертовом магазине, как я мог это сделать",general_info,general_info,bitext|aug_typo_delete_char,False,True,False,general_info,stg1_001140,,,,typo_delete_char
aug_general_info_0010_stg1_001139,"Мне нужна информация о часах вашхи покупок, как я могу ее получить?","мне нужна информация о часах вашхи покупок, как я могу ее получить?",general_info,general_info,bitext|aug_typo_swap_adjacent,False,True,False,general_info,stg1_001139,,,,typo_swap_adjacent
aug_general_info_0011_stg1_001151,можешь помочь мне узнаать час работы твоего магазина,можешь помочь мне узнаать час работы твоего магазина,general_info,general_info,bitext|aug_typo_duplicate_char,False,True,False,general_info,stg1_001151,,,,typo_duplicate_char
aug_general_info_0012_stg1_001048,"нужно поискать чертов магазин, ты мне поможешь?","нужно поискать чертов магазин, ты мне поможешь?",general_info,general_info,bitext|aug_phrase_compression,False,True,False,general_info,stg1_001048,,,,phrase_compression
aug_general_info_0013_stg1_001144,"мне нужно отправить письмо в чертову службу поддержки, где мне это сделать??","мне нужно отправить письмо в чертову службу поддержки, где мне это сделать??",general_info,general_info,bitext|aug_punctuation_variant,False,True,False,general_info,stg1_001144,,,,punctuation_variant
aug_general_info_0014_stg1_001130,"Я ищу информацию о твоих чертовых часах псоещения магазинов, как я могу ее получить?","я ищу информацию о твоих чертовых часах псоещения магазинов, как я могу ее получить?",general_info,general_info,bitext|aug_typo_swap_adjacent,False,True,False,general_info,stg1_001130,,,,typo_swap_adjacent
aug_general_info_0015_stg1_001090,"Я хотеел бы узнать больше о ваших часах покупок, дайте мне некоторую информацию","я хотеел бы узнать больше о ваших часах покупок, дайте мне некоторую информацию",general_info,general_info,bitext|aug_typo_duplicate_char,False,True,False,general_info,stg1_001090,,,,typo_duplicate_char
aug_general_info_0016_stg1_001176,"Я хотел бы узнать о часах работы вашего чертового магазина, как мне получить дополнительную информацию","я хотел бы узнать о часах работы вашего чертового магазина, как мне получить дополнительную информацию",general_info,general_info,bitext|aug_punctuation_variant,False,True,False,general_info,stg1_001176,,,,punctuation_variant
aug_general_info_0017_stg1_001078,"хочу отправить электронное письмо в слжбу поддержки клиентов, могу ли я это сделать","хочу отправить электронное письмо в слжбу поддержки клиентов, могу ли я это сделать",general_info,general_info,bitext|aug_typo_delete_char,False,True,False,general_info,stg1_001078,,,,typo_delete_char
aug_general_info_0018_stg1_000964,"Мне нужно связаться со службой поддержки, мне нунжа помощь","мне нужно связаться со службой поддержки, мне нунжа помощь",general_info,general_info,ikshana|aug_typo_swap_adjacent,False,True,False,general_info,stg1_000964,,,,typo_swap_adjacent
aug_general_info_0019_stg1_001101,где ближайшший магазин?,где ближайшший магазин?,general_info,general_info,bitext|aug_typo_duplicate_char,False,True,False,general_info,stg1_001101,,,,typo_duplicate_char
aug_general_info_0020_stg1_000925,"нужно посмотреть часы работы твоего чертового магазина, как мне это сделать?","нужно посмотреть часы работы твоего чертового магазина, как мне это сделать?",general_info,general_info,bitext|aug_phrase_compression,False,True,False,general_info,stg1_000925,,,,phrase_compression
aug_general_info_0021_stg1_000954,как проверить в какое время я могу позвонить в службу поддержки?,как проверить в какое время я могу позвонить в службу поддержки?,general_info,general_info,ikshana|aug_punctuation_variant,False,True,False,general_info,stg1_000954,,,,punctuation_variant
aug_general_info_0022_stg1_001156,Я хотел бы узнать о вашх часах работы. Где я могу получить дополнительную информацию?,я хотел бы узнать о вашх часах работы. где я могу получить дополнительную информацию?,general_info,general_info,bitext|aug_typo_delete_char,False,True,False,general_info,stg1_001156,,,,typo_delete_char
aug_general_info_0023_stg1_001173,Что такео 50 кг в фунтах?,что такео 50 кг в фунтах?,general_info,general_info,runlu|aug_typo_swap_adjacent,False,True,False,general_info,stg1_001173,,,,typo_swap_adjacent
aug_general_info_0024_stg1_001076,"Я хочу поговорить со службой поддержки, вы можете мне поомочь?","я хочу поговорить со службой поддержки, вы можете мне поомочь?",general_info,general_info,ikshana|aug_typo_duplicate_char,False,True,False,general_info,stg1_001076,,,,typo_duplicate_char
aug_general_info_0025_stg1_000941,"помогите узнать, в какие часы доступна служба поддержки клиентов!","помогите узнать, в какие часы доступна служба поддержки клиентов!",general_info,general_info,ikshana|aug_punctuation_variant,False,True,False,general_info,stg1_000941,,,,punctuation_variant
aug_general_info_0026_stg1_001088,"Я хотел бы найти ближайший мгазин, не могли бы вы мне помочь?","я хотел бы найти ближайший мгазин, не могли бы вы мне помочь?",general_info,general_info,bitext|aug_typo_delete_char,False,True,False,general_info,stg1_001088,,,,typo_delete_char
aug_general_info_0027_stg1_000986,Я пытаюсь связаться с чертовой службой подедржки клиентов.,я пытаюсь связаться с чертовой службой подедржки клиентов.,general_info,general_info,ikshana|aug_typo_swap_adjacent,False,True,False,general_info,stg1_000986,,,,typo_swap_adjacent
aug_general_info_0028_stg1_001117,"Мне нужно найти чертов магазин, где я могу это сдеелать?","мне нужно найти чертов магазин, где я могу это сдеелать?",general_info,general_info,bitext|aug_typo_duplicate_char,False,True,False,general_info,stg1_001117,,,,typo_duplicate_char
aug_general_info_0029_stg1_000921,"Мне бы хотелось найти чертовы магазины поблизости, помогите","мне бы хотелось найти чертовы магазины поблизости, помогите",general_info,general_info,bitext|aug_phrase_compression,False,True,False,general_info,stg1_000921,,,,phrase_compression
aug_general_info_0030_stg1_001019,Когда Дейви Крокетт выжил и умер?!,когда дейви крокетт выжил и умер?!,general_info,general_info,runlu|aug_punctuation_variant,False,True,False,general_info,stg1_001019,,,,punctuation_variant
aug_general_info_0031_stg1_000938,"Мне нужно проверить часы работы твоего чертовго магазина, могу ли я чем-нибудь помочь?","мне нужно проверить часы работы твоего чертовго магазина, могу ли я чем-нибудь помочь?",general_info,general_info,bitext|aug_typo_delete_char,False,True,False,general_info,stg1_000938,,,,typo_delete_char
aug_general_info_0032_stg1_001063,Не могли бы вы помочь мне поговорить со слжубой поддержки клиентов?,не могли бы вы помочь мне поговорить со слжубой поддержки клиентов?,general_info,general_info,bitext|aug_typo_swap_adjacent,False,True,False,general_info,stg1_001063,,,,typo_swap_adjacent
aug_general_info_0033_stg1_001113,"Мне нужно наайти магазины в моем районе, вы можете мне помочь?","мне нужно наайти магазины в моем районе, вы можете мне помочь?",general_info,general_info,bitext|aug_typo_duplicate_char,False,True,False,general_info,stg1_001113,,,,typo_duplicate_char
aug_general_info_0034_stg1_000940,"нужно найти чертов магазин, как мне это сделать?","нужно найти чертов магазин, как мне это сделать?",general_info,general_info,bitext|aug_phrase_compression,False,True,False,general_info,stg1_000940,,,,phrase_compression
aug_general_info_0035_stg1_001107,Я бы хотел позвонить в чертову службу поддержки вы можете мне помочь?,я бы хотел позвонить в чертову службу поддержки вы можете мне помочь?,general_info,general_info,bitext|aug_punctuation_variant,False,True,False,general_info,stg1_001107,,,,punctuation_variant
aug_general_info_0036_stg1_001161,Я полчал письма от Тима?,я полчал письма от тима?,general_info,general_info,runlu|aug_typo_delete_char,False,True,False,general_info,stg1_001161,,,,typo_delete_char
aug_general_info_0037_stg1_001110,"нужно посмотреть, в какие часы доступна служба поддержки клинетов","нужно посмотреть, в какие часы доступна служба поддержки клинетов",general_info,general_info,ikshana|aug_typo_swap_adjacent,False,True,False,general_info,stg1_001110,,,,typo_swap_adjacent
aug_general_info_0038_stg1_000912,"Мне не нужно разговаривать со сллужбой поддержки, где мне это сделать?","мне не нужно разговаривать со сллужбой поддержки, где мне это сделать?",general_info,general_info,bitext|aug_typo_duplicate_char,False,True,False,general_info,stg1_000912,,,,typo_duplicate_char
aug_general_info_0039_stg1_001053,"хочу узнать больше о твоих чертовых часах работы, можешь ли ты найти какую-нибудь информацию?","хочу узнать больше о твоих чертовых часах работы, можешь ли ты найти какую-нибудь информацию?",general_info,general_info,bitext|aug_phrase_compression,False,True,False,general_info,stg1_001053,,,,phrase_compression
aug_general_info_0040_stg1_001066,"Мне нужно проверить часы работы твоего чертового магазина, ты мне поможешь??","мне нужно проверить часы работы твоего чертового магазина, ты мне поможешь??",general_info,general_info,bitext|aug_punctuation_variant,False,True,False,general_info,stg1_001066,,,,punctuation_variant
aug_general_info_0041_stg1_001165,Обясни мне о Роке!,обясни мне о роке!,general_info,general_info,runlu|aug_typo_delete_char,False,True,False,general_info,stg1_001165,,,,typo_delete_char
aug_general_info_0042_stg1_001092,"Мне нужно проверить часы работы твоего чертового магазниа, как я могу это сделать?","мне нужно проверить часы работы твоего чертового магазниа, как я могу это сделать?",general_info,general_info,bitext|aug_typo_swap_adjacent,False,True,False,general_info,stg1_001092,,,,typo_swap_adjacent
aug_general_info_0043_stg1_000963,"где мне узнать, в какое время я могу позвонить в сллужбу поддержки клиентов","где мне узнать, в какое время я могу позвонить в сллужбу поддержки клиентов",general_info,general_info,ikshana|aug_typo_duplicate_char,False,True,False,general_info,stg1_000963,,,,typo_duplicate_char
aug_general_info_0044_stg1_001106,помогите с проверкой часов работы твоего чертового магазина.,помогите с проверкой часов работы твоего чертового магазина.,general_info,general_info,bitext|aug_phrase_compression,False,True,False,general_info,stg1_001106,,,,phrase_compression
aug_general_info_0045_stg1_000896,"Я хотел бы поговорить с чертовой службой поддержки клиентов, где мне это сделать??","я хотел бы поговорить с чертовой службой поддержки клиентов, где мне это сделать??",general_info,general_info,bitext|aug_punctuation_variant,False,True,False,general_info,stg1_000896,,,,punctuation_variant
aug_general_info_0046_stg1_001074,"Мне нужна информация о часх работы вашего магазина, как ее найти?","мне нужна информация о часх работы вашего магазина, как ее найти?",general_info,general_info,bitext|aug_typo_delete_char,False,True,False,general_info,stg1_001074,,,,typo_delete_char
aug_general_info_0047_stg1_001030,"Скжаи мне, какова география в этом регионе.","скжаи мне, какова география в этом регионе.",general_info,general_info,runlu|aug_typo_swap_adjacent,False,True,False,general_info,stg1_001030,,,,typo_swap_adjacent
aug_general_info_0048_stg1_000971,"Мне нужно позвонить в служжбу поддержки клиентов, как я могу это сделать?","мне нужно позвонить в служжбу поддержки клиентов, как я могу это сделать?",general_info,general_info,ikshana|aug_typo_duplicate_char,False,True,False,general_info,stg1_000971,,,,typo_duplicate_char
aug_general_info_0049_stg1_000920,"Я хочу знать о самых дорогих магазинах, где мне найти дополнительную информацию","я хочу знать о самых дорогих магазинах, где мне найти дополнительную информацию",general_info,general_info,bitext|aug_punctuation_variant,False,True,False,general_info,stg1_000920,,,,punctuation_variant
aug_general_info_0050_stg1_001016,Покажите мне записи Счин Тендулкара?,покажите мне записи счин тендулкара?,general_info,general_info,runlu|aug_typo_delete_char,False,True,False,general_info,stg1_001016,,,,typo_delete_char
aug_general_info_0051_stg1_001061,Есть что-нибуддь по электронной почте за последний час?,есть что-нибуддь по электронной почте за последний час?,general_info,general_info,runlu|aug_typo_duplicate_char,False,True,False,general_info,stg1_001061,,,,typo_duplicate_char
aug_general_info_0052_stg1_001024,", предупредите меня, когда Джон напишет мне письмо.",", предупредите меня, когда джон напишет мне письмо.",general_info,general_info,runlu|aug_phrase_compression,False,True,False,general_info,stg1_001024,,,,phrase_compression
aug_general_info_0053_stg1_001095,помогите мне поговорить с чертовой службой поддержки!,помогите мне поговорить с чертовой службой поддержки!,general_info,general_info,bitext|aug_punctuation_variant,False,True,False,general_info,stg1_001095,,,,punctuation_variant
aug_general_info_0054_stg1_001080,можно ли связаться с чертовой службой подержки клиентов?,можно ли связаться с чертовой службой подержки клиентов?,general_info,general_info,bitext|aug_typo_delete_char,False,True,False,general_info,stg1_001080,,,,typo_delete_char
aug_general_info_0055_stg1_000919,"Мне нужно связаться со службой поддержки клиентов, вы мжоете мне помочь?","мне нужно связаться со службой поддержки клиентов, вы мжоете мне помочь?",general_info,general_info,bitext|aug_typo_swap_adjacent,False,True,False,general_info,stg1_000919,,,,typo_swap_adjacent
aug_general_info_0056_stg1_001087,"Я хотел бы позвонить в службу поддержки клиентов, как я моггу это сделать?","я хотел бы позвонить в службу поддержки клиентов, как я моггу это сделать?",general_info,general_info,ikshana|aug_typo_duplicate_char,False,True,False,general_info,stg1_001087,,,,typo_duplicate_char
aug_general_info_0057_stg1_000911,где находится ближайший магазин!,где находится ближайший магазин!,general_info,general_info,bitext|aug_punctuation_variant,False,True,False,general_info,stg1_000911,,,,punctuation_variant
aug_general_info_0058_stg1_001043,"Я хочу связаться со службой поддержки клиентов, мне нуна помощь.","я хочу связаться со службой поддержки клиентов, мне нуна помощь.",general_info,general_info,bitext|aug_typo_delete_char,False,True,False,general_info,stg1_001043,,,,typo_delete_char
aug_general_info_0059_stg1_001099,"мне нужно узанть, в какое время я могу связаться со службой поддержки клиентов","мне нужно узанть, в какое время я могу связаться со службой поддержки клиентов",general_info,general_info,ikshana|aug_typo_swap_adjacent,False,True,False,general_info,stg1_001099,,,,typo_swap_adjacent
aug_general_info_0060_stg1_001021,Мэл Гиибсон,мэл гиибсон,general_info,general_info,runlu|aug_typo_duplicate_char,False,True,False,general_info,stg1_001021,,,,typo_duplicate_char
aug_general_info_0061_stg1_001155,Я хочу связаться со службой поддержки клиентов как мне это сделать?,я хочу связаться со службой поддержки клиентов как мне это сделать?,general_info,general_info,bitext|aug_punctuation_variant,False,True,False,general_info,stg1_001155,,,,punctuation_variant
aug_general_info_0062_stg1_001112,"Мне нужно позвонить в службу пддержки клиентов, как мне это сделать?","мне нужно позвонить в службу пддержки клиентов, как мне это сделать?",general_info,general_info,bitext|aug_typo_delete_char,False,True,False,general_info,stg1_001112,,,,typo_delete_char
aug_general_info_0063_stg1_000974,не могли бы вы помочь мне поговорить со службой подддержки?,не могли бы вы помочь мне поговорить со службой подддержки?,general_info,general_info,ikshana|aug_typo_duplicate_char,False,True,False,general_info,stg1_000974,,,,typo_duplicate_char
aug_general_info_0064_stg1_001102,"мне нужно посмотреть часы работы твоего чертового магазина, где это посмотреть!","мне нужно посмотреть часы работы твоего чертового магазина, где это посмотреть!",general_info,general_info,bitext|aug_punctuation_variant,False,True,False,general_info,stg1_001102,,,,punctuation_variant
aug_general_info_0065_stg1_001122,"Я хотел бы узнать больше о часах работы вашего чертового магзина, я дам мне некоторую информацию.","я хотел бы узнать больше о часах работы вашего чертового магзина, я дам мне некоторую информацию.",general_info,general_info,bitext|aug_typo_delete_char,False,True,False,general_info,stg1_001122,,,,typo_delete_char
aug_general_info_0066_stg1_001135,"мне нужно поискать чертовы магазины рядом со мной, мне нужан помощь","мне нужно поискать чертовы магазины рядом со мной, мне нужан помощь",general_info,general_info,bitext|aug_typo_swap_adjacent,False,True,False,general_info,stg1_001135,,,,typo_swap_adjacent
aug_general_info_0067_stg1_000968,"мне нужно проверить, в какие часы доступна поддержжка клиентов","мне нужно проверить, в какие часы доступна поддержжка клиентов",general_info,general_info,ikshana|aug_typo_duplicate_char,False,True,False,general_info,stg1_000968,,,,typo_duplicate_char
aug_general_info_0068_stg1_000910,помоги мне проверить часы работы твоего чертового магазина?,помоги мне проверить часы работы твоего чертового магазина?,general_info,general_info,bitext|aug_punctuation_variant,False,True,False,general_info,stg1_000910,,,,punctuation_variant
aug_general_info_0069_stg1_001001,Мне не приходили письма за последние 5 часв?,мне не приходили письма за последние 5 часв?,general_info,general_info,runlu|aug_typo_delete_char,False,True,False,general_info,stg1_001001,,,,typo_delete_char
aug_general_info_0070_stg1_001050,"Я хотел бы узнаьт больше о ваших часах работы, дайте мне некоторую информацию","я хотел бы узнаьт больше о ваших часах работы, дайте мне некоторую информацию",general_info,general_info,bitext|aug_typo_swap_adjacent,False,True,False,general_info,stg1_001050,,,,typo_swap_adjacent
aug_general_info_0071_stg1_002989,Режим работы магаззина,режим работы магаззина,general_info,general_info,synthetic_dataset|aug_typo_duplicate_char,True,True,False,general_info,stg1_002989,,,,typo_duplicate_char
aug_general_info_0072_stg1_001163,"хочу узнать больше о ближайших к черту магазинах, вы можете дать мне некоторую информацию?","хочу узнать больше о ближайших к черту магазинах, вы можете дать мне некоторую информацию?",general_info,general_info,bitext|aug_phrase_compression,False,True,False,general_info,stg1_001163,,,,phrase_compression
aug_general_info_0073_stg1_000926,"Я хотел бы найти чертовы магазины в моем районе, как это сделать??","я хотел бы найти чертовы магазины в моем районе, как это сделать??",general_info,general_info,bitext|aug_punctuation_variant,False,True,False,general_info,stg1_000926,,,,punctuation_variant
aug_general_info_0074_stg1_001164,"Мне нужна помощь, чтобы найти ближайший магзин","мне нужна помощь, чтобы найти ближайший магзин",general_info,general_info,bitext|aug_typo_delete_char,False,True,False,general_info,stg1_001164,,,,typo_delete_char
aug_general_info_0075_stg1_001084,Я хотел бы узнать о ваших чаасх работы. Как мне найти дополнительную информацию?,я хотел бы узнать о ваших чаасх работы. как мне найти дополнительную информацию?,general_info,general_info,bitext|aug_typo_swap_adjacent,False,True,False,general_info,stg1_001084,,,,typo_swap_adjacent
aug_general_info_0076_stg1_001004,Есть какие-нибудь ноовые письма от...?,есть какие-нибудь ноовые письма от...?,general_info,general_info,runlu|aug_typo_duplicate_char,False,True,False,general_info,stg1_001004,,,,typo_duplicate_char
aug_general_info_0077_stg1_001131,"хочу узнать о часах работы вашего магазина, где я могу найти дополнительную информацию!","хочу узнать о часах работы вашего магазина, где я могу найти дополнительную информацию!",general_info,general_info,bitext|aug_punctuation_variant,False,True,False,general_info,stg1_001131,,,,punctuation_variant
aug_general_info_0078_stg1_000895,Мне нужна информция о часах работы вашего магазина. Могу ли я получить помощь?,мне нужна информция о часах работы вашего магазина. могу ли я получить помощь?,general_info,general_info,bitext|aug_typo_delete_char,False,True,False,general_info,stg1_000895,,,,typo_delete_char
aug_general_info_0079_stg1_001057,"Я пытаюсь узнать, в какое время я могу позвонить в службу поддержки клиентво","я пытаюсь узнать, в какое время я могу позвонить в службу поддержки клиентво",general_info,general_info,ikshana|aug_typo_swap_adjacent,False,True,False,general_info,stg1_001057,,,,typo_swap_adjacent
aug_general_info_0080_stg1_000975,"у тебя есть номер телефона, чтобы сввязаться с чертовой службой поддержки клиентов?","у тебя есть номер телефона, чтобы сввязаться с чертовой службой поддержки клиентов?",general_info,general_info,ikshana|aug_typo_duplicate_char,False,True,False,general_info,stg1_000975,,,,typo_duplicate_char
aug_general_info_0081_stg1_001153,"мне нужна информация о часах твоего шоппинга, как мне ее найти!","мне нужна информация о часах твоего шоппинга, как мне ее найти!",general_info,general_info,bitext|aug_punctuation_variant,False,True,False,general_info,stg1_001153,,,,punctuation_variant
aug_general_info_0082_stg1_001114,"Я хотел бы поговорить со слжбой поддержки, вы мне поможете?","я хотел бы поговорить со слжбой поддержки, вы мне поможете?",general_info,general_info,bitext|aug_typo_delete_char,False,True,False,general_info,stg1_001114,,,,typo_delete_char
aug_general_info_0083_stg1_000905,"Я хотел бы провериьт часы работы твоего чертового магазина, могу ли я получить некоторую помощь?","я хотел бы провериьт часы работы твоего чертового магазина, могу ли я получить некоторую помощь?",general_info,general_info,bitext|aug_typo_swap_adjacent,False,True,False,general_info,stg1_000905,,,,typo_swap_adjacent
aug_general_info_0084_stg1_001160,"как узнать, в какое время я могу позвонить в службу поддержки кллиентов","как узнать, в какое время я могу позвонить в службу поддержки кллиентов",general_info,general_info,ikshana|aug_typo_duplicate_char,False,True,False,general_info,stg1_001160,,,,typo_duplicate_char
aug_general_info_0085_stg1_001108,"нужно найти ближайший ко мне магазин, как это сделать?","нужно найти ближайший ко мне магазин, как это сделать?",general_info,general_info,bitext|aug_phrase_compression,False,True,False,general_info,stg1_001108,,,,phrase_compression
aug_general_info_0086_stg1_000970,где я могу проверить в какие часы я могу обратиться в службу поддержки клиентов,где я могу проверить в какие часы я могу обратиться в службу поддержки клиентов,general_info,general_info,ikshana|aug_punctuation_variant,False,True,False,general_info,stg1_000970,,,,punctuation_variant
aug_general_info_0087_stg1_000950,"где посмотреть, в какие часы я могу связаться со службй поддержки?","где посмотреть, в какие часы я могу связаться со службй поддержки?",general_info,general_info,ikshana|aug_typo_delete_char,False,True,False,general_info,stg1_000950,,,,typo_delete_char
aug_general_info_0088_stg1_000916,"Я хтоел бы найти чертову стойку, мне нужна помощь","я хтоел бы найти чертову стойку, мне нужна помощь",general_info,general_info,bitext|aug_typo_swap_adjacent,False,True,False,general_info,stg1_000916,,,,typo_swap_adjacent
aug_general_info_0089_stg1_001085,"Мне нужно поискать гребаные магазины рядом со мнной, мне нужна помощь.","мне нужно поискать гребаные магазины рядом со мнной, мне нужна помощь.",general_info,general_info,bitext|aug_typo_duplicate_char,False,True,False,general_info,stg1_001085,,,,typo_duplicate_char
aug_general_info_0090_stg1_001148,"Хотелось бы узнать побольше о ближайших магазинах, не могли бы вы найти какую-нибудь информацию?!","хотелось бы узнать побольше о ближайших магазинах, не могли бы вы найти какую-нибудь информацию?!",general_info,general_info,bitext|aug_punctuation_variant,False,True,False,general_info,stg1_001148,,,,punctuation_variant
aug_general_info_0091_stg1_001127,помоги мне посмотреть часы работы твоего чертового магазна,помоги мне посмотреть часы работы твоего чертового магазна,general_info,general_info,bitext|aug_typo_delete_char,False,True,False,general_info,stg1_001127,,,,typo_delete_char
aug_general_info_0092_stg1_001147,"Мне нужно нйати магазин поблизости, как мне это сделать?","мне нужно нйати магазин поблизости, как мне это сделать?",general_info,general_info,bitext|aug_typo_swap_adjacent,False,True,False,general_info,stg1_001147,,,,typo_swap_adjacent
aug_general_info_0093_stg1_002918,Emaiil поддержки,emaiil поддержки,general_info,general_info,synthetic_dataset|aug_typo_duplicate_char,True,True,False,general_info,stg1_002918,,,,typo_duplicate_char
aug_general_info_0094_stg1_001052,"Мне нужно узнать часы работы вашего магазина, помогите мне?","мне нужно узнать часы работы вашего магазина, помогите мне?",general_info,general_info,bitext|aug_punctuation_variant,False,True,False,general_info,stg1_001052,,,,punctuation_variant
aug_general_info_0095_stg1_001079,"мне нужно посмотреть часы твоих покупок, мне нужна поощь","мне нужно посмотреть часы твоих покупок, мне нужна поощь",general_info,general_info,bitext|aug_typo_delete_char,False,True,False,general_info,stg1_001079,,,,typo_delete_char
aug_general_info_0096_stg1_001109,"Мне нужно пооговорить со службой поддержки, где я могу это сделать?","мне нужно пооговорить со службой поддержки, где я могу это сделать?",general_info,general_info,bitext|aug_typo_duplicate_char,False,True,False,general_info,stg1_001109,,,,typo_duplicate_char
aug_general_info_0097_stg1_000977,"как узнать, в какие часы я могу связаться со службой поддержки клиентов!","как узнать, в какие часы я могу связаться со службой поддержки клиентов!",general_info,general_info,ikshana|aug_punctuation_variant,False,True,False,general_info,stg1_000977,,,,punctuation_variant
aug_general_info_0098_stg1_000937,Мне нужно отправить письмо в чертову службу поддержки клентов.,мне нужно отправить письмо в чертову службу поддержки клентов.,general_info,general_info,bitext|aug_typo_delete_char,False,True,False,general_info,stg1_000937,,,,typo_delete_char
aug_general_info_0099_stg1_000923,даст мне инфорамцию о часах работы,даст мне инфорамцию о часах работы,general_info,general_info,bitext|aug_typo_swap_adjacent,False,True,False,general_info,stg1_000923,,,,typo_swap_adjacent
aug_general_info_0100_stg1_000999,Что таакое Johnzena,что таакое johnzena,general_info,general_info,runlu|aug_typo_duplicate_char,False,True,False,general_info,stg1_000999,,,,typo_duplicate_char
aug_general_info_0101_stg1_001033,Алекса описывает мне как выглядит мяч.,алекса описывает мне как выглядит мяч.,general_info,general_info,runlu|aug_punctuation_variant,False,True,False,general_info,stg1_001033,,,,punctuation_variant
aug_general_info_0102_stg1_000957,"Мне нжно проверить, в какое время я могу обратиться в службу поддержки клиентов","мне нжно проверить, в какое время я могу обратиться в службу поддержки клиентов",general_info,general_info,ikshana|aug_typo_delete_char,False,True,False,general_info,stg1_000957,,,,typo_delete_char
aug_general_info_0103_stg1_000899,"Мне нужна информация о часах работы вашего маггазина, где я могу ее получить?","мне нужна информация о часах работы вашего маггазина, где я могу ее получить?",general_info,general_info,bitext|aug_typo_duplicate_char,False,True,False,general_info,stg1_000899,,,,typo_duplicate_char
aug_general_info_0104_stg1_001141,хочу посмотреть часы работы твоего магазина как мне это сделать?,хочу посмотреть часы работы твоего магазина как мне это сделать?,general_info,general_info,bitext|aug_punctuation_variant,False,True,False,general_info,stg1_001141,,,,punctuation_variant
aug_general_info_0105_stg1_001097,"Я хтел бы найти чертовы магазины рядом со мной, могу ли я получить помощь?","я хтел бы найти чертовы магазины рядом со мной, могу ли я получить помощь?",general_info,general_info,bitext|aug_typo_delete_char,False,True,False,general_info,stg1_001097,,,,typo_delete_char
aug_general_info_0106_stg1_000960,"мне нужна помощь, чтобы узнать, в ккаие часы я могу позвонить в службу поддержки клиентов","мне нужна помощь, чтобы узнать, в ккаие часы я могу позвонить в службу поддержки клиентов",general_info,general_info,ikshana|aug_typo_swap_adjacent,False,True,False,general_info,stg1_000960,,,,typo_swap_adjacent
aug_general_info_0107_stg1_000956,"помогите мне узнать, в какиие часы доступна служба поддержки клиентов","помогите мне узнать, в какиие часы доступна служба поддержки клиентов",general_info,general_info,ikshana|aug_typo_duplicate_char,False,True,False,general_info,stg1_000956,,,,typo_duplicate_char
aug_general_info_0108_stg1_000942,"где я могу проверить, в какие часы я могу связаться со службой поддержки клиентов","где я могу проверить, в какие часы я могу связаться со службой поддержки клиентов",general_info,general_info,ikshana|aug_punctuation_variant,False,True,False,general_info,stg1_000942,,,,punctuation_variant
aug_general_info_0109_stg1_001026,Что зачит осциллат?,что зачит осциллат?,general_info,general_info,runlu|aug_typo_delete_char,False,True,False,general_info,stg1_001026,,,,typo_delete_char
aug_general_info_0110_stg1_000995,Дайте мне описание работы мобиьлной батареи.,дайте мне описание работы мобиьлной батареи.,general_info,general_info,runlu|aug_typo_swap_adjacent,False,True,False,general_info,stg1_000995,,,,typo_swap_adjacent
aug_general_info_0111_stg1_000988,"Проверить, есть ли новыые сообщения по электронной почте","проверить, есть ли новыые сообщения по электронной почте",general_info,general_info,runlu|aug_typo_duplicate_char,False,True,False,general_info,stg1_000988,,,,typo_duplicate_char
aug_general_info_0112_stg1_001031,Ответ на письмо полученное от Питера,ответ на письмо полученное от питера,general_info,general_info,runlu|aug_punctuation_variant,False,True,False,general_info,stg1_001031,,,,punctuation_variant
aug_general_info_0113_stg1_001177,"Мне нуно проверить твои чертовы часы работы, как это сделать?","мне нуно проверить твои чертовы часы работы, как это сделать?",general_info,general_info,bitext|aug_typo_delete_char,False,True,False,general_info,stg1_001177,,,,typo_delete_char
aug_general_info_0114_stg1_000892,"мне нужно связаться со службой поддерржки клиентов, могу ли я получить помощь","мне нужно связаться со службой поддерржки клиентов, могу ли я получить помощь",general_info,general_info,bitext|aug_typo_duplicate_char,False,True,False,general_info,stg1_000892,,,,typo_duplicate_char
aug_general_info_0115_stg1_000913,"Я хотел бы поговорить со службой поддержки, где это сделать?","я хотел бы поговорить со службой поддержки, где это сделать?",general_info,general_info,bitext|aug_punctuation_variant,False,True,False,general_info,stg1_000913,,,,punctuation_variant
aug_general_info_0116_stg1_000993,Где Патеония?,где патеония?,general_info,general_info,runlu|aug_typo_delete_char,False,True,False,general_info,stg1_000993,,,,typo_delete_char
aug_general_info_0117_stg1_001134,как сявзаться со службой поддержки клиентов?,как сявзаться со службой поддержки клиентов?,general_info,general_info,ikshana|aug_typo_swap_adjacent,False,True,False,general_info,stg1_001134,,,,typo_swap_adjacent
aug_general_info_0118_stg1_000973,"хочу узнать, в какое время я смогу связаться со службой поддержкки","хочу узнать, в какое время я смогу связаться со службой поддержкки",general_info,general_info,ikshana|aug_typo_duplicate_char,False,True,False,general_info,stg1_000973,,,,typo_duplicate_char
aug_general_info_0119_stg1_001005,"PDA, География, ?","pda, география, ?",general_info,general_info,runlu|aug_phrase_compression,False,True,False,general_info,stg1_001005,,,,phrase_compression
aug_general_info_0120_stg1_001133,"мне нужно найти чертов магазин рядом со мной, помоги мне!","мне нужно найти чертов магазин рядом со мной, помоги мне!",general_info,general_info,bitext|aug_punctuation_variant,False,True,False,general_info,stg1_001133,,,,punctuation_variant
aug_general_info_0121_stg1_003017,Где посмотреь оферту?,где посмотреь оферту?,general_info,general_info,synthetic_dataset|aug_typo_delete_char,True,True,False,general_info,stg1_003017,,,,typo_delete_char
aug_general_info_0122_stg1_000927,"мне нужно поискать ближайший мгаазин, как мне это сделать","мне нужно поискать ближайший мгаазин, как мне это сделать",general_info,general_info,bitext|aug_typo_swap_adjacent,False,True,False,general_info,stg1_000927,,,,typo_swap_adjacent
aug_general_info_0123_stg1_000966,помоогите мне связаться со службой поддержки клиентов,помоогите мне связаться со службой поддержки клиентов,general_info,general_info,ikshana|aug_typo_duplicate_char,False,True,False,general_info,stg1_000966,,,,typo_duplicate_char
aug_general_info_0124_stg1_001136,Я хотел бы узнать больше о ближайших магазинах. Найдите некоторую информацию?,я хотел бы узнать больше о ближайших магазинах. найдите некоторую информацию?,general_info,general_info,bitext|aug_punctuation_variant,False,True,False,general_info,stg1_001136,,,,punctuation_variant
aug_general_info_0125_stg1_001132,Мне хотелось бы узать о ваших часах работы. Как мне найти дополнительную информацию?,мне хотелось бы узать о ваших часах работы. как мне найти дополнительную информацию?,general_info,general_info,bitext|aug_typo_delete_char,False,True,False,general_info,stg1_001132,,,,typo_delete_char
aug_general_info_0126_stg1_001157,Я получил новые писмьа сегодня?,я получил новые писмьа сегодня?,general_info,general_info,runlu|aug_typo_swap_adjacent,False,True,False,general_info,stg1_001157,,,,typo_swap_adjacent
aug_general_info_0127_stg1_001010,составить электронную почту на новыый адрес,составить электронную почту на новыый адрес,general_info,general_info,runlu|aug_typo_duplicate_char,False,True,False,general_info,stg1_001010,,,,typo_duplicate_char
aug_general_info_0128_stg1_001152,можно ли поговорить со службой поддержки клиентов,можно ли поговорить со службой поддержки клиентов,general_info,general_info,ikshana|aug_phrase_compression,False,True,False,general_info,stg1_001152,,,,phrase_compression
aug_general_info_0129_stg1_001128,Есть ли электронное письмо для связи со службой поддержки?!,есть ли электронное письмо для связи со службой поддержки?!,general_info,general_info,bitext|aug_punctuation_variant,False,True,False,general_info,stg1_001128,,,,punctuation_variant
aug_general_info_0130_stg1_001123,Мне нужно посмотреть часы работы твоего чертового магазина. Могу ли я получть помощь?,мне нужно посмотреть часы работы твоего чертового магазина. могу ли я получть помощь?,general_info,general_info,bitext|aug_typo_delete_char,False,True,False,general_info,stg1_001123,,,,typo_delete_char
aug_general_info_0131_stg1_000915,"мне нужно поговорить со службой пдодержки, могу ли я получить помощь","мне нужно поговорить со службой пдодержки, могу ли я получить помощь",general_info,general_info,bitext|aug_typo_swap_adjacent,False,True,False,general_info,stg1_000915,,,,typo_swap_adjacent
aug_general_info_0132_stg1_001017,В какоом году начался бейсбол,в какоом году начался бейсбол,general_info,general_info,runlu|aug_typo_duplicate_char,False,True,False,general_info,stg1_001017,,,,typo_duplicate_char
aug_general_info_0133_stg1_000906,"Я хотел бы найти магазины рядом со мной, вы мне поможете?!","я хотел бы найти магазины рядом со мной, вы мне поможете?!",general_info,general_info,bitext|aug_punctuation_variant,False,True,False,general_info,stg1_000906,,,,punctuation_variant
aug_general_info_0134_stg1_000989,Просьба представить географическую информацю о X.,просьба представить географическую информацю о x.,general_info,general_info,runlu|aug_typo_delete_char,False,True,False,general_info,stg1_000989,,,,typo_delete_char
aug_general_info_0135_stg1_000934,"Я бы хотел натйи магазин поблизости, мог бы мне помочь","я бы хотел натйи магазин поблизости, мог бы мне помочь",general_info,general_info,bitext|aug_typo_swap_adjacent,False,True,False,general_info,stg1_000934,,,,typo_swap_adjacent
aug_general_info_0136_stg1_000991,"Отправь письмо моеему брату и скажи, что годовщина свадьбы","отправь письмо моеему брату и скажи, что годовщина свадьбы",general_info,general_info,runlu|aug_typo_duplicate_char,False,True,False,general_info,stg1_000991,,,,typo_duplicate_char
aug_general_info_0137_stg1_000902,"Я хотел бы найти чертов магазин, помогите.","я хотел бы найти чертов магазин, помогите.",general_info,general_info,bitext|aug_phrase_compression,False,True,False,general_info,stg1_000902,,,,phrase_compression
aug_general_info_0138_stg1_000900,"Не нужно проверять часы работы, помогите мне!","не нужно проверять часы работы, помогите мне!",general_info,general_info,bitext|aug_punctuation_variant,False,True,False,general_info,stg1_000900,,,,punctuation_variant
aug_general_info_0139_stg1_000898,"мне нужно отпавить электронное письмо в службу поддержки клиентов, как я могу это сделать","мне нужно отпавить электронное письмо в службу поддержки клиентов, как я могу это сделать",general_info,general_info,bitext|aug_typo_delete_char,False,True,False,general_info,stg1_000898,,,,typo_delete_char
aug_general_info_0140_stg1_001089,Сделать почтту для Джека,сделать почтту для джека,general_info,general_info,runlu|aug_typo_duplicate_char,False,True,False,general_info,stg1_001089,,,,typo_duplicate_char
aug_general_info_0141_stg1_000953,"нужно посмотреть, в какие часы я могу связаться со службой поддержки!","нужно посмотреть, в какие часы я могу связаться со службой поддержки!",general_info,general_info,ikshana|aug_punctuation_variant,False,True,False,general_info,stg1_000953,,,,punctuation_variant
aug_general_info_0142_stg1_000994,Дэн прислал мне какие-ниудь письма?,дэн прислал мне какие-ниудь письма?,general_info,general_info,runlu|aug_typo_delete_char,False,True,False,general_info,stg1_000994,,,,typo_delete_char
aug_general_info_0143_stg1_000891,Могу ли я связаться со службой пооддержки клиентов?,могу ли я связаться со службой пооддержки клиентов?,general_info,general_info,bitext|aug_typo_duplicate_char,False,True,False,general_info,stg1_000891,,,,typo_duplicate_char
aug_general_info_0144_stg1_001138,"нужно найти магазины, где я могу это сделать","нужно найти магазины, где я могу это сделать",general_info,general_info,bitext|aug_phrase_compression,False,True,False,general_info,stg1_001138,,,,phrase_compression
aug_general_info_0145_stg1_000978,"Мне нужно поговорить со службой поддержки, могу ли я получить помощь??","мне нужно поговорить со службой поддержки, могу ли я получить помощь??",general_info,general_info,ikshana|aug_punctuation_variant,False,True,False,general_info,stg1_000978,,,,punctuation_variant
aug_general_info_0146_stg1_000948,"Мне нуно поговорить со службой поддержки, как мне это сделать?","мне нуно поговорить со службой поддержки, как мне это сделать?",general_info,general_info,ikshana|aug_typo_delete_char,False,True,False,general_info,stg1_000948,,,,typo_delete_char
aug_general_info_0147_stg1_001175,"Я хочу отправить электронное письмо в службу поддержкки клиентов, где мне это сделать?","я хочу отправить электронное письмо в службу поддержкки клиентов, где мне это сделать?",general_info,general_info,bitext|aug_typo_duplicate_char,False,True,False,general_info,stg1_001175,,,,typo_duplicate_char
aug_general_info_0148_stg1_000990,Что такое ядерная триада??,что такое ядерная триада??,general_info,general_info,runlu|aug_punctuation_variant,False,True,False,general_info,stg1_000990,,,,punctuation_variant
aug_general_info_0149_stg1_001086,"хочу позвонить в службу поддержки киентов, где я могу это сделать","хочу позвонить в службу поддержки киентов, где я могу это сделать",general_info,general_info,bitext|aug_typo_delete_char,False,True,False,general_info,stg1_001086,,,,typo_delete_char
aug_general_info_0150_stg1_000972,"помогите мне узнать, в какое время доступна сулжба поддержки клиентов","помогите мне узнать, в какое время доступна сулжба поддержки клиентов",general_info,general_info,ikshana|aug_typo_swap_adjacent,False,True,False,general_info,stg1_000972,,,,typo_swap_adjacent
aug_general_info_0151_stg1_001098,Я пытаюсь найти информацию о часах работы твоего черттового магазина.,я пытаюсь найти информацию о часах работы твоего черттового магазина.,general_info,general_info,bitext|aug_typo_duplicate_char,False,True,False,general_info,stg1_001098,,,,typo_duplicate_char
aug_general_info_0152_stg1_001154,"хочу найти магазины рядом со мной, как мне это сделать?","хочу найти магазины рядом со мной, как мне это сделать?",general_info,general_info,bitext|aug_phrase_compression,False,True,False,general_info,stg1_001154,,,,phrase_compression
aug_general_info_0153_stg1_000980,помогите узнать в какие часы я могу связаться со службой поддержки,помогите узнать в какие часы я могу связаться со службой поддержки,general_info,general_info,ikshana|aug_punctuation_variant,False,True,False,general_info,stg1_000980,,,,punctuation_variant
aug_general_info_0154_stg1_000951,"Можете ли вы показать мне, в какое время достунпа служба поддержки клиентов?","можете ли вы показать мне, в какое время достунпа служба поддержки клиентов?",general_info,general_info,ikshana|aug_typo_swap_adjacent,False,True,False,general_info,stg1_000951,,,,typo_swap_adjacent
aug_general_info_0155_stg1_000918,"Я хотел бы узнать о ближайших к черту магаазинах, не могли бы вы найти какую-нибудь информацию?","я хотел бы узнать о ближайших к черту магаазинах, не могли бы вы найти какую-нибудь информацию?",general_info,general_info,bitext|aug_typo_duplicate_char,False,True,False,general_info,stg1_000918,,,,typo_duplicate_char
aug_general_info_0156_stg1_001056,"PDA отправляет почту на компаст, что их сервис отстой?","pda отправляет почту на компаст, что их сервис отстой?",general_info,general_info,runlu|aug_punctuation_variant,False,True,False,general_info,stg1_001056,,,,punctuation_variant
aug_general_info_0157_stg1_001045,"хочу поговорить со службой поддержки, мне нужа помощь","хочу поговорить со службой поддержки, мне нужа помощь",general_info,general_info,bitext|aug_typo_delete_char,False,True,False,general_info,stg1_001045,,,,typo_delete_char
aug_general_info_0158_stg1_003031,Юридическкий адрес компании,юридическкий адрес компании,general_info,general_info,synthetic_dataset|aug_typo_duplicate_char,True,True,False,general_info,stg1_003031,,,,typo_duplicate_char
aug_general_info_0159_stg1_000928,Я хотел бы узнать больше о ваших часах работы. Вы найдете какую-нибудь информацию??,я хотел бы узнать больше о ваших часах работы. вы найдете какую-нибудь информацию??,general_info,general_info,bitext|aug_punctuation_variant,False,True,False,general_info,stg1_000928,,,,punctuation_variant
aug_general_info_0160_stg1_000907,Я хочу знать о часах работы твоего чертовоог магазина. Ты дашь мне некоторую информацию?,я хочу знать о часах работы твоего чертовоог магазина. ты дашь мне некоторую информацию?,general_info,general_info,bitext|aug_typo_swap_adjacent,False,True,False,general_info,stg1_000907,,,,typo_swap_adjacent
aug_general_info_0161_stg1_001065,"Я хотел бы найти магазины поблизости, мне нужжна помощь","я хотел бы найти магазины поблизости, мне нужжна помощь",general_info,general_info,bitext|aug_typo_duplicate_char,False,True,False,general_info,stg1_001065,,,,typo_duplicate_char
aug_general_info_0162_stg1_001014,Где... находится??,где... находится??,general_info,general_info,runlu|aug_punctuation_variant,False,True,False,general_info,stg1_001014,,,,punctuation_variant
aug_general_info_0163_stg1_001166,"хочу отправить электронное письмо в слжбу поддержки клиентов, как мне это сделать?","хочу отправить электронное письмо в слжбу поддержки клиентов, как мне это сделать?",general_info,general_info,bitext|aug_typo_delete_char,False,True,False,general_info,stg1_001166,,,,typo_delete_char
aug_general_info_0164_stg1_001037,"мне нужно проверить часы работы, как я моогу это сделать","мне нужно проверить часы работы, как я моогу это сделать",general_info,general_info,bitext|aug_typo_duplicate_char,False,True,False,general_info,stg1_001037,,,,typo_duplicate_char
aug_general_info_0165_stg1_001073,помощь в разговоре со службой поддержки клиентов!,помощь в разговоре со службой поддержки клиентов!,general_info,general_info,ikshana|aug_punctuation_variant,False,True,False,general_info,stg1_001073,,,,punctuation_variant
aug_general_info_0166_stg1_001029,потча x@x.org,потча x@x.org,general_info,general_info,runlu|aug_typo_swap_adjacent,False,True,False,general_info,stg1_001029,,,,typo_swap_adjacent
aug_general_info_0167_stg1_001007,"Видишь, о чём мне писал Энддрю?","видишь, о чём мне писал энддрю?",general_info,general_info,runlu|aug_typo_duplicate_char,False,True,False,general_info,stg1_001007,,,,typo_duplicate_char
aug_general_info_0168_stg1_001039,"Я хотел бы проверить часы работы вашего магазина, могу ли я это сделать!","я хотел бы проверить часы работы вашего магазина, могу ли я это сделать!",general_info,general_info,bitext|aug_punctuation_variant,False,True,False,general_info,stg1_001039,,,,punctuation_variant
aug_general_info_0169_stg1_000894,"Мне нужно найти бижайший магазин, как это сделать?","мне нужно найти бижайший магазин, как это сделать?",general_info,general_info,bitext|aug_typo_delete_char,False,True,False,general_info,stg1_000894,,,,typo_delete_char
aug_general_info_0170_stg1_001068,"Я хотел бы знать о ближайшхи к черту магазинах, где я могу получить больше информации?","я хотел бы знать о ближайшхи к черту магазинах, где я могу получить больше информации?",general_info,general_info,bitext|aug_typo_swap_adjacent,False,True,False,general_info,stg1_001068,,,,typo_swap_adjacent
aug_general_info_0171_stg1_001062,у вас есть бесплатнный номер для связи со службой поддержки,у вас есть бесплатнный номер для связи со службой поддержки,general_info,general_info,ikshana|aug_typo_duplicate_char,False,True,False,general_info,stg1_001062,,,,typo_duplicate_char
aug_general_info_0172_stg1_000983,"хочу помочь со службой поддержки клиентов, которая могла бы мне помочь","хочу помочь со службой поддержки клиентов, которая могла бы мне помочь",general_info,general_info,ikshana|aug_phrase_compression,False,True,False,general_info,stg1_000983,,,,phrase_compression
aug_general_info_0173_stg1_001072,"Пожалуйста, отправьте письмо моей маме?","пожалуйста, отправьте письмо моей маме?",general_info,general_info,runlu|aug_punctuation_variant,False,True,False,general_info,stg1_001072,,,,punctuation_variant
aug_general_info_0174_stg1_001167,Кково определение этого объекта?,кково определение этого объекта?,general_info,general_info,runlu|aug_typo_delete_char,False,True,False,general_info,stg1_001167,,,,typo_delete_char
aug_general_info_0175_stg1_001000,Показать все электронные сообщения о контракттах,показать все электронные сообщения о контракттах,general_info,general_info,runlu|aug_typo_duplicate_char,False,True,False,general_info,stg1_001000,,,,typo_duplicate_char
aug_general_info_0176_stg1_001139,"Мне нужна информация о часах ваших покупок, как я могу ее получить","мне нужна информация о часах ваших покупок, как я могу ее получить",general_info,general_info,bitext|aug_punctuation_variant,False,True,False,general_info,stg1_001139,,,,punctuation_variant
aug_general_info_0177_stg1_001151,можешь помочь мне узать час работы твоего магазина,можешь помочь мне узать час работы твоего магазина,general_info,general_info,bitext|aug_typo_delete_char,False,True,False,general_info,stg1_001151,,,,typo_delete_char
aug_general_info_0178_stg1_001048,"мне нужно поискать черотв магазин, ты мне поможешь?","мне нужно поискать черотв магазин, ты мне поможешь?",general_info,general_info,bitext|aug_typo_swap_adjacent,False,True,False,general_info,stg1_001048,,,,typo_swap_adjacent
aug_general_info_0179_stg1_001144,"мне нужно отправить письмо в чертову службу подддержки, где мне это сделать?","мне нужно отправить письмо в чертову службу подддержки, где мне это сделать?",general_info,general_info,bitext|aug_typo_duplicate_char,False,True,False,general_info,stg1_001144,,,,typo_duplicate_char
aug_general_info_0180_stg1_001071,"Мне нужно проверить твои гребаные часы покупок, помогите?","мне нужно проверить твои гребаные часы покупок, помогите?",general_info,general_info,bitext|aug_phrase_compression,False,True,False,general_info,stg1_001071,,,,phrase_compression
aug_general_info_0181_stg1_001130,"Я ищу информацию о твоих чертовых часах посещения магазинов, как я могу ее получить??","я ищу информацию о твоих чертовых часах посещения магазинов, как я могу ее получить??",general_info,general_info,bitext|aug_punctuation_variant,False,True,False,general_info,stg1_001130,,,,punctuation_variant
aug_general_info_0182_stg1_001090,"Я хтел бы узнать больше о ваших часах покупок, дайте мне некоторую информацию","я хтел бы узнать больше о ваших часах покупок, дайте мне некоторую информацию",general_info,general_info,bitext|aug_typo_delete_char,False,True,False,general_info,stg1_001090,,,,typo_delete_char
aug_general_info_0183_stg1_000922,Искать чертоыв магазины рядом со мной,искать чертоыв магазины рядом со мной,general_info,general_info,bitext|aug_typo_swap_adjacent,False,True,False,general_info,stg1_000922,,,,typo_swap_adjacent
aug_general_info_0184_stg1_001176,"Я хотеел бы узнать о часах работы вашего чертового магазина, как мне получить дополнительную информацию?","я хотеел бы узнать о часах работы вашего чертового магазина, как мне получить дополнительную информацию?",general_info,general_info,bitext|aug_typo_duplicate_char,False,True,False,general_info,stg1_001176,,,,typo_duplicate_char
aug_general_info_0185_stg1_001078,"хочу отправить электронное письмо в службу поддержки клиентов, можно ли это сделать","хочу отправить электронное письмо в службу поддержки клиентов, можно ли это сделать",general_info,general_info,bitext|aug_phrase_compression,False,True,False,general_info,stg1_001078,,,,phrase_compression
aug_general_info_0186_stg1_000964,"Мне нужно связаться со службой поддержки, мне нужна помощь!","мне нужно связаться со службой поддержки, мне нужна помощь!",general_info,general_info,ikshana|aug_punctuation_variant,False,True,False,general_info,stg1_000964,,,,punctuation_variant
aug_general_info_0187_stg1_001101,где ближайший магаин?,где ближайший магаин?,general_info,general_info,bitext|aug_typo_delete_char,False,True,False,general_info,stg1_001101,,,,typo_delete_char
aug_general_info_0188_stg1_000925,"Мне нужно посмотреть часы работы твоего чертового магазина, как мне это сделаьт?","мне нужно посмотреть часы работы твоего чертового магазина, как мне это сделаьт?",general_info,general_info,bitext|aug_typo_swap_adjacent,False,True,False,general_info,stg1_000925,,,,typo_swap_adjacent
aug_general_info_0189_stg1_000954,"как проверить, в какое время я моггу позвонить в службу поддержки?","как проверить, в какое время я моггу позвонить в службу поддержки?",general_info,general_info,ikshana|aug_typo_duplicate_char,False,True,False,general_info,stg1_000954,,,,typo_duplicate_char
aug_general_info_0190_stg1_001156,хочу узнать о ваших часах работы. Где я могу получить дополнительную информацию?,хочу узнать о ваших часах работы. где я могу получить дополнительную информацию?,general_info,general_info,bitext|aug_phrase_compression,False,True,False,general_info,stg1_001156,,,,phrase_compression
aug_general_info_0191_stg1_001173,Что такое 50 кг в фунтах??,что такое 50 кг в фунтах??,general_info,general_info,runlu|aug_punctuation_variant,False,True,False,general_info,stg1_001173,,,,punctuation_variant
aug_general_info_0192_stg1_001076,"Я хочу поговорить со службой поддержки, вы мжете мне помочь?","я хочу поговорить со службой поддержки, вы мжете мне помочь?",general_info,general_info,ikshana|aug_typo_delete_char,False,True,False,general_info,stg1_001076,,,,typo_delete_char
aug_general_info_0193_stg1_001020,"Посмотри, что это слвоо значит.","посмотри, что это слвоо значит.",general_info,general_info,runlu|aug_typo_swap_adjacent,False,True,False,general_info,stg1_001020,,,,typo_swap_adjacent
aug_general_info_0194_stg1_000941,"помогите узнаать, в какие часы доступна служба поддержки клиентов","помогите узнаать, в какие часы доступна служба поддержки клиентов",general_info,general_info,ikshana|aug_typo_duplicate_char,False,True,False,general_info,stg1_000941,,,,typo_duplicate_char
aug_general_info_0195_stg1_001088,"Я хотел бы найти ближайший магазин, можете мне помочь?","я хотел бы найти ближайший магазин, можете мне помочь?",general_info,general_info,bitext|aug_phrase_compression,False,True,False,general_info,stg1_001088,,,,phrase_compression
aug_general_info_0196_stg1_000986,Я пытаюсь связаться с чертовой службой поддержки клиентов!,я пытаюсь связаться с чертовой службой поддержки клиентов!,general_info,general_info,ikshana|aug_punctuation_variant,False,True,False,general_info,stg1_000986,,,,punctuation_variant
aug_general_info_0197_stg1_001117,"Мне нжно найти чертов магазин, где я могу это сделать?","мне нжно найти чертов магазин, где я могу это сделать?",general_info,general_info,bitext|aug_typo_delete_char,False,True,False,general_info,stg1_001117,,,,typo_delete_char
aug_general_info_0198_stg1_000921,"Мне бы хотелось найти чертовы магазниы поблизости, мне нужна помощь","мне бы хотелось найти чертовы магазниы поблизости, мне нужна помощь",general_info,general_info,bitext|aug_typo_swap_adjacent,False,True,False,general_info,stg1_000921,,,,typo_swap_adjacent
aug_general_info_0199_stg1_001019,Коогда Дейви Крокетт выжил и умер?,коогда дейви крокетт выжил и умер?,general_info,general_info,runlu|aug_typo_duplicate_char,False,True,False,general_info,stg1_001019,,,,typo_duplicate_char
aug_general_info_0200_stg1_000938,"нужно проверить часы работы твоего чертового магазина, могу ли я чем-нибудь помочь?","нужно проверить часы работы твоего чертового магазина, могу ли я чем-нибудь помочь?",general_info,general_info,bitext|aug_phrase_compression,False,True,False,general_info,stg1_000938,,,,phrase_compression
aug_general_info_0201_stg1_001063,Не могли бы вы помочь мне поговорить со службой поддержки клиентов?!,не могли бы вы помочь мне поговорить со службой поддержки клиентов?!,general_info,general_info,bitext|aug_punctuation_variant,False,True,False,general_info,stg1_001063,,,,punctuation_variant
aug_general_info_0202_stg1_001113,"Мне нужно нйти магазины в моем районе, вы можете мне помочь?","мне нужно нйти магазины в моем районе, вы можете мне помочь?",general_info,general_info,bitext|aug_typo_delete_char,False,True,False,general_info,stg1_001113,,,,typo_delete_char
aug_general_info_0203_stg1_000940,"Мне нужно найти черотв магазин, как мне это сделать?","мне нужно найти черотв магазин, как мне это сделать?",general_info,general_info,bitext|aug_typo_swap_adjacent,False,True,False,general_info,stg1_000940,,,,typo_swap_adjacent
aug_general_info_0204_stg1_001107,"Я бы хотел позвонить в чеертову службу поддержки, вы можете мне помочь?","я бы хотел позвонить в чеертову службу поддержки, вы можете мне помочь?",general_info,general_info,bitext|aug_typo_duplicate_char,False,True,False,general_info,stg1_001107,,,,typo_duplicate_char
aug_general_info_0205_stg1_001110,"нужно посмотреть, в какие часы доступна служба поддержки клиентов?","нужно посмотреть, в какие часы доступна служба поддержки клиентов?",general_info,general_info,ikshana|aug_punctuation_variant,False,True,False,general_info,stg1_001110,,,,punctuation_variant
aug_general_info_0206_stg1_000912,"Мне не нужно разговаривать со службой поддерки, где мне это сделать?","мне не нужно разговаривать со службой поддерки, где мне это сделать?",general_info,general_info,bitext|aug_typo_delete_char,False,True,False,general_info,stg1_000912,,,,typo_delete_char
aug_general_info_0207_stg1_001053,"Я хотел бы узнать больше о твоих чертовых часах раобты, можешь ли ты найти какую-нибудь информацию?","я хотел бы узнать больше о твоих чертовых часах раобты, можешь ли ты найти какую-нибудь информацию?",general_info,general_info,bitext|aug_typo_swap_adjacent,False,True,False,general_info,stg1_001053,,,,typo_swap_adjacent
aug_general_info_0208_stg1_001066,"Мне нужно проверить чассы работы твоего чертового магазина, ты мне поможешь?","мне нужно проверить чассы работы твоего чертового магазина, ты мне поможешь?",general_info,general_info,bitext|aug_typo_duplicate_char,False,True,False,general_info,stg1_001066,,,,typo_duplicate_char
aug_general_info_0209_stg1_001092,"Мне нужно проверить часы работы твоего чертового магазина, как я могу это сделать?!","мне нужно проверить часы работы твоего чертового магазина, как я могу это сделать?!",general_info,general_info,bitext|aug_punctuation_variant,False,True,False,general_info,stg1_001092,,,,punctuation_variant
aug_general_info_0210_stg1_000963,"где мне узнать, в какое время я могу позвонить в сужбу поддержки клиентов","где мне узнать, в какое время я могу позвонить в сужбу поддержки клиентов",general_info,general_info,ikshana|aug_typo_delete_char,False,True,False,general_info,stg1_000963,,,,typo_delete_char
aug_general_info_0211_stg1_001106,Мне нужна помощь с проверкой часов работы твоего чертовоог магазина.,мне нужна помощь с проверкой часов работы твоего чертовоог магазина.,general_info,general_info,bitext|aug_typo_swap_adjacent,False,True,False,general_info,stg1_001106,,,,typo_swap_adjacent
aug_general_info_0212_stg1_000896,"Я хотел бы поговорить с чертовой службой поддержки кллиентов, где мне это сделать?","я хотел бы поговорить с чертовой службой поддержки кллиентов, где мне это сделать?",general_info,general_info,bitext|aug_typo_duplicate_char,False,True,False,general_info,stg1_000896,,,,typo_duplicate_char
aug_general_info_0213_stg1_001030,"Скажи мне, какова география в этом регионе!","скажи мне, какова география в этом регионе!",general_info,general_info,runlu|aug_punctuation_variant,False,True,False,general_info,stg1_001030,,,,punctuation_variant
aug_general_info_0214_stg1_000971,"Мне нуно позвонить в службу поддержки клиентов, как я могу это сделать?","мне нуно позвонить в службу поддержки клиентов, как я могу это сделать?",general_info,general_info,ikshana|aug_typo_delete_char,False,True,False,general_info,stg1_000971,,,,typo_delete_char
aug_general_info_0215_stg1_000987,У меня ноывй адрес электронной почты. Можешь отправить e-mail?,у меня ноывй адрес электронной почты. можешь отправить e-mail?,general_info,general_info,runlu|aug_typo_swap_adjacent,False,True,False,general_info,stg1_000987,,,,typo_swap_adjacent
aug_general_info_0216_stg1_000920,"Я хочу знать о самых дорогих магазинах, где мне найти дополнителььную информацию?","я хочу знать о самых дорогих магазинах, где мне найти дополнителььную информацию?",general_info,general_info,bitext|aug_typo_duplicate_char,False,True,False,general_info,stg1_000920,,,,typo_duplicate_char
aug_general_info_0217_stg1_000996,"Игрок, играющий в игру!","игрок, играющий в игру!",general_info,general_info,runlu|aug_punctuation_variant,False,True,False,general_info,stg1_000996,,,,punctuation_variant
aug_general_info_0218_stg1_001061,Есть что-нибудь по электронной поте за последний час?,есть что-нибудь по электронной поте за последний час?,general_info,general_info,runlu|aug_typo_delete_char,False,True,False,general_info,stg1_001061,,,,typo_delete_char
aug_general_info_0219_stg1_001024,"Пожалуйтса, предупредите меня, когда Джон напишет мне письмо.","пожалуйтса, предупредите меня, когда джон напишет мне письмо.",general_info,general_info,runlu|aug_typo_swap_adjacent,False,True,False,general_info,stg1_001024,,,,typo_swap_adjacent
aug_general_info_0220_stg1_001095,помоогите мне поговорить с чертовой службой поддержки,помоогите мне поговорить с чертовой службой поддержки,general_info,general_info,bitext|aug_typo_duplicate_char,False,True,False,general_info,stg1_001095,,,,typo_duplicate_char
aug_general_info_0221_stg1_000919,"Мне нужно связаться со службой поддержки клиентов, вы можете мне помочь?!","мне нужно связаться со службой поддержки клиентов, вы можете мне помочь?!",general_info,general_info,bitext|aug_punctuation_variant,False,True,False,general_info,stg1_000919,,,,punctuation_variant
aug_general_info_0222_stg1_001087,"Я хотел бы позвонить в службу поддержки клиентов, как я могу это сделаь?","я хотел бы позвонить в службу поддержки клиентов, как я могу это сделаь?",general_info,general_info,ikshana|aug_typo_delete_char,False,True,False,general_info,stg1_001087,,,,typo_delete_char
aug_general_info_0223_stg1_000929,могу я позвонить в чертову слубжу поддержки клиентов,могу я позвонить в чертову слубжу поддержки клиентов,general_info,general_info,bitext|aug_typo_swap_adjacent,False,True,False,general_info,stg1_000929,,,,typo_swap_adjacent
aug_general_info_0224_stg1_000911,где находдится ближайший магазин,где находдится ближайший магазин,general_info,general_info,bitext|aug_typo_duplicate_char,False,True,False,general_info,stg1_000911,,,,typo_duplicate_char
aug_general_info_0225_stg1_001043,"Я хочу связаться со службой поддержки клиентов, помогите.","я хочу связаться со службой поддержки клиентов, помогите.",general_info,general_info,bitext|aug_phrase_compression,False,True,False,general_info,stg1_001043,,,,phrase_compression
aug_general_info_0226_stg1_001099,"мне нужно узнать, в какое время я могу связаться со службой поддержки клиентов?","мне нужно узнать, в какое время я могу связаться со службой поддержки клиентов?",general_info,general_info,ikshana|aug_punctuation_variant,False,True,False,general_info,stg1_001099,,,,punctuation_variant
aug_general_info_0227_stg1_001021,Мэл Гибсн,мэл гибсн,general_info,general_info,runlu|aug_typo_delete_char,False,True,False,general_info,stg1_001021,,,,typo_delete_char
aug_general_info_0228_stg1_002932,Полиитка конфиденциальности,полиитка конфиденциальности,general_info,general_info,synthetic_dataset|aug_typo_swap_adjacent,True,True,False,general_info,stg1_002932,,,,typo_swap_adjacent
aug_general_info_0229_stg1_001155,"Я хочу связаться со служжбой поддержки клиентов, как мне это сделать?","я хочу связаться со служжбой поддержки клиентов, как мне это сделать?",general_info,general_info,bitext|aug_typo_duplicate_char,False,True,False,general_info,stg1_001155,,,,typo_duplicate_char
aug_general_info_0230_stg1_001112,"нужно позвонить в службу поддержки клиентов, как мне это сделать?","нужно позвонить в службу поддержки клиентов, как мне это сделать?",general_info,general_info,bitext|aug_phrase_compression,False,True,False,general_info,stg1_001112,,,,phrase_compression
aug_general_info_0231_stg1_001012,Расскажи мне о Роке!!,расскажи мне о роке!!,general_info,general_info,runlu|aug_punctuation_variant,False,True,False,general_info,stg1_001012,,,,punctuation_variant
aug_general_info_0232_stg1_000974,не могли бы вы пмочь мне поговорить со службой поддержки?,не могли бы вы пмочь мне поговорить со службой поддержки?,general_info,general_info,ikshana|aug_typo_delete_char,False,True,False,general_info,stg1_000974,,,,typo_delete_char
aug_general_info_0233_stg1_001121,Я хочу поговорить со службой поддержки клиентво,я хочу поговорить со службой поддержки клиентво,general_info,general_info,ikshana|aug_typo_swap_adjacent,False,True,False,general_info,stg1_001121,,,,typo_swap_adjacent
aug_general_info_0234_stg1_001102,"мне нужно посмоотреть часы работы твоего чертового магазина, где это посмотреть","мне нужно посмоотреть часы работы твоего чертового магазина, где это посмотреть",general_info,general_info,bitext|aug_typo_duplicate_char,False,True,False,general_info,stg1_001102,,,,typo_duplicate_char
aug_general_info_0235_stg1_001122,"хочу узнать больше о часах работы вашего чертового магазина, я дам мне некоторую информацию.","хочу узнать больше о часах работы вашего чертового магазина, я дам мне некоторую информацию.",general_info,general_info,bitext|aug_phrase_compression,False,True,False,general_info,stg1_001122,,,,phrase_compression
aug_general_info_0236_stg1_001135,"мне нужно поискать чертовы магазины рядом со мной, мне нужна помощь!","мне нужно поискать чертовы магазины рядом со мной, мне нужна помощь!",general_info,general_info,bitext|aug_punctuation_variant,False,True,False,general_info,stg1_001135,,,,punctuation_variant
aug_general_info_0237_stg1_000968,"мне нужно проверить, в какие часы доступна поддержа клиентов","мне нужно проверить, в какие часы доступна поддержа клиентов",general_info,general_info,ikshana|aug_typo_delete_char,False,True,False,general_info,stg1_000968,,,,typo_delete_char
aug_general_info_0238_stg1_000931,"нужно поговорить с чертовой службой поддержки, где мне это сдлеать?","нужно поговорить с чертовой службой поддержки, где мне это сдлеать?",general_info,general_info,bitext|aug_typo_swap_adjacent,False,True,False,general_info,stg1_000931,,,,typo_swap_adjacent
aug_general_info_0239_stg1_000910,помоги мне прроверить часы работы твоего чертового магазина,помоги мне прроверить часы работы твоего чертового магазина,general_info,general_info,bitext|aug_typo_duplicate_char,False,True,False,general_info,stg1_000910,,,,typo_duplicate_char
aug_general_info_0240_stg1_001050,"Я хотел бы узнать больше о ваших часах работы, дайте мне некоторую информацию?","я хотел бы узнать больше о ваших часах работы, дайте мне некоторую информацию?",general_info,general_info,bitext|aug_punctuation_variant,False,True,False,general_info,stg1_001050,,,,punctuation_variant
aug_general_info_0241_stg1_002989,Режим раоты магазина,режим раоты магазина,general_info,general_info,synthetic_dataset|aug_typo_delete_char,True,True,False,general_info,stg1_002989,,,,typo_delete_char
aug_general_info_0242_stg1_001163,"Я хотел бы узнать боьлше о ближайших к черту магазинах, вы можете дать мне некоторую информацию?","я хотел бы узнать боьлше о ближайших к черту магазинах, вы можете дать мне некоторую информацию?",general_info,general_info,bitext|aug_typo_swap_adjacent,False,True,False,general_info,stg1_001163,,,,typo_swap_adjacent
aug_general_info_0243_stg1_000926,"Я хотел бы найти чертовы магазины в моем районе, как это сдделать?","я хотел бы найти чертовы магазины в моем районе, как это сдделать?",general_info,general_info,bitext|aug_typo_duplicate_char,False,True,False,general_info,stg1_000926,,,,typo_duplicate_char
aug_general_info_0244_stg1_001164,"помогите, чтобы найти ближайший магазин","помогите, чтобы найти ближайший магазин",general_info,general_info,bitext|aug_phrase_compression,False,True,False,general_info,stg1_001164,,,,phrase_compression
aug_general_info_0245_stg1_001084,Я хотел бы узнать о ваших часах работы. Как мне найти дополнительную информацию,я хотел бы узнать о ваших часах работы. как мне найти дополнительную информацию,general_info,general_info,bitext|aug_punctuation_variant,False,True,False,general_info,stg1_001084,,,,punctuation_variant
aug_general_info_0246_stg1_001004,Есть какие-нибудь ноые письма от...?,есть какие-нибудь ноые письма от...?,general_info,general_info,runlu|aug_typo_delete_char,False,True,False,general_info,stg1_001004,,,,typo_delete_char
aug_general_info_0247_stg1_001131,"хочу узнать о часах работы вашего магазина, где я могу найти дополнительную информаацию","хочу узнать о часах работы вашего магазина, где я могу найти дополнительную информаацию",general_info,general_info,bitext|aug_typo_duplicate_char,False,True,False,general_info,stg1_001131,,,,typo_duplicate_char
aug_general_info_0248_stg1_000895,Мне нужна информация о часах работы вашего магазина. помогите?,мне нужна информация о часах работы вашего магазина. помогите?,general_info,general_info,bitext|aug_phrase_compression,False,True,False,general_info,stg1_000895,,,,phrase_compression
aug_general_info_0249_stg1_001057,"Я пытаюсь узнать, в какое время я могу позвонить в службу поддержки клиентов?","я пытаюсь узнать, в какое время я могу позвонить в службу поддержки клиентов?",general_info,general_info,ikshana|aug_punctuation_variant,False,True,False,general_info,stg1_001057,,,,punctuation_variant
aug_general_info_0250_stg1_000975,"у тебя есть номер телефона, чтобы связаться с чертовой сужбой поддержки клиентов?","у тебя есть номер телефона, чтобы связаться с чертовой сужбой поддержки клиентов?",general_info,general_info,ikshana|aug_typo_delete_char,False,True,False,general_info,stg1_000975,,,,typo_delete_char
aug_general_info_0251_stg1_000997,любые послдение письма,любые послдение письма,general_info,general_info,runlu|aug_typo_swap_adjacent,False,True,False,general_info,stg1_000997,,,,typo_swap_adjacent
aug_general_info_0252_stg1_001153,"мне нужна информация о часах твоего шоппинга, как мне ее наййти","мне нужна информация о часах твоего шоппинга, как мне ее наййти",general_info,general_info,bitext|aug_typo_duplicate_char,False,True,False,general_info,stg1_001153,,,,typo_duplicate_char
aug_general_info_0253_stg1_001114,"хочу поговорить со службой поддержки, вы мне поможете?","хочу поговорить со службой поддержки, вы мне поможете?",general_info,general_info,bitext|aug_phrase_compression,False,True,False,general_info,stg1_001114,,,,phrase_compression
aug_general_info_0254_stg1_000905,"Я хотел бы проверить часы работы твоего чертового магазина, могу ли я получить некоторую помощь??","я хотел бы проверить часы работы твоего чертового магазина, могу ли я получить некоторую помощь??",general_info,general_info,bitext|aug_punctuation_variant,False,True,False,general_info,stg1_000905,,,,punctuation_variant
aug_general_info_0255_stg1_001160,"как узнать, в какое время я могу позвонить в сужбу поддержки клиентов","как узнать, в какое время я могу позвонить в сужбу поддержки клиентов",general_info,general_info,ikshana|aug_typo_delete_char,False,True,False,general_info,stg1_001160,,,,typo_delete_char
aug_general_info_0256_stg1_001108,"Мне нужно найти ближйаший ко мне магазин, как это сделать?","мне нужно найти ближйаший ко мне магазин, как это сделать?",general_info,general_info,bitext|aug_typo_swap_adjacent,False,True,False,general_info,stg1_001108,,,,typo_swap_adjacent
aug_general_info_0257_stg1_000970,"где я могу проверить, в какие часы я могу обратиться в службу пооддержки клиентов","где я могу проверить, в какие часы я могу обратиться в службу пооддержки клиентов",general_info,general_info,ikshana|aug_typo_duplicate_char,False,True,False,general_info,stg1_000970,,,,typo_duplicate_char
aug_general_info_0258_stg1_000916,"Я хотел бы найти чертову стойку, мне нужна помощь?","я хотел бы найти чертову стойку, мне нужна помощь?",general_info,general_info,bitext|aug_punctuation_variant,False,True,False,general_info,stg1_000916,,,,punctuation_variant
aug_general_info_0259_stg1_001022,Ответ на элкетронную почту,ответ на элкетронную почту,general_info,general_info,runlu|aug_typo_swap_adjacent,False,True,False,general_info,stg1_001022,,,,typo_swap_adjacent
aug_general_info_0260_stg1_001148,"Хотелось бы узнатть побольше о ближайших магазинах, не могли бы вы найти какую-нибудь информацию?","хотелось бы узнатть побольше о ближайших магазинах, не могли бы вы найти какую-нибудь информацию?",general_info,general_info,bitext|aug_typo_duplicate_char,False,True,False,general_info,stg1_001148,,,,typo_duplicate_char
aug_general_info_0261_stg1_001147,"Мне нужно найти магазин поблизости, как мне это сделать","мне нужно найти магазин поблизости, как мне это сделать",general_info,general_info,bitext|aug_punctuation_variant,False,True,False,general_info,stg1_001147,,,,punctuation_variant
aug_general_info_0262_stg1_002918,Emil поддержки,emil поддержки,general_info,general_info,synthetic_dataset|aug_typo_delete_char,True,True,False,general_info,stg1_002918,,,,typo_delete_char
aug_general_info_0263_stg1_000944,"Я не знаю, как связаться со службой поддержки клиентво","я не знаю, как связаться со службой поддержки клиентво",general_info,general_info,ikshana|aug_typo_swap_adjacent,False,True,False,general_info,stg1_000944,,,,typo_swap_adjacent
aug_general_info_0264_stg1_001052,"Мне нужно узнаать часы работы вашего магазина, помогите мне.","мне нужно узнаать часы работы вашего магазина, помогите мне.",general_info,general_info,bitext|aug_typo_duplicate_char,False,True,False,general_info,stg1_001052,,,,typo_duplicate_char
aug_general_info_0265_stg1_001079,"нужно посмотреть часы твоих покупок, мне нужна помощь","нужно посмотреть часы твоих покупок, мне нужна помощь",general_info,general_info,bitext|aug_phrase_compression,False,True,False,general_info,stg1_001079,,,,phrase_compression
aug_general_info_0266_stg1_000939,хочу найти магазины в моем районе могу ли я получить помощь,хочу найти магазины в моем районе могу ли я получить помощь,general_info,general_info,bitext|aug_punctuation_variant,False,True,False,general_info,stg1_000939,,,,punctuation_variant
aug_general_info_0267_stg1_001109,"Мне нужно пговорить со службой поддержки, где я могу это сделать?","мне нужно пговорить со службой поддержки, где я могу это сделать?",general_info,general_info,bitext|aug_typo_delete_char,False,True,False,general_info,stg1_001109,,,,typo_delete_char
aug_general_info_0268_stg1_000992,Определить фоотсинтез,определить фоотсинтез,general_info,general_info,runlu|aug_typo_swap_adjacent,False,True,False,general_info,stg1_000992,,,,typo_swap_adjacent
aug_general_info_0269_stg1_000977,"как узнать, в какие часы я могу связаться со сллужбой поддержки клиентов","как узнать, в какие часы я могу связаться со сллужбой поддержки клиентов",general_info,general_info,ikshana|aug_typo_duplicate_char,False,True,False,general_info,stg1_000977,,,,typo_duplicate_char
aug_general_info_0270_stg1_000937,нужно отправить письмо в чертову службу поддержки клиентов.,нужно отправить письмо в чертову службу поддержки клиентов.,general_info,general_info,bitext|aug_phrase_compression,False,True,False,general_info,stg1_000937,,,,phrase_compression
aug_general_info_0271_stg1_000923,даст мне информацию о часах работы?,даст мне информацию о часах работы?,general_info,general_info,bitext|aug_punctuation_variant,False,True,False,general_info,stg1_000923,,,,punctuation_variant
aug_general_info_0272_stg1_000999,Что таке Johnzena,что таке johnzena,general_info,general_info,runlu|aug_typo_delete_char,False,True,False,general_info,stg1_000999,,,,typo_delete_char
aug_general_info_0273_stg1_000981,"помогите мне узнать, в какие часы я могу позвонить в службу поддрежки клиентов","помогите мне узнать, в какие часы я могу позвонить в службу поддрежки клиентов",general_info,general_info,ikshana|aug_typo_swap_adjacent,False,True,False,general_info,stg1_000981,,,,typo_swap_adjacent
aug_general_info_0274_stg1_001033,"Алекса описывает мне, как выгляддит мяч.","алекса описывает мне, как выгляддит мяч.",general_info,general_info,runlu|aug_typo_duplicate_char,False,True,False,general_info,stg1_001033,,,,typo_duplicate_char
aug_general_info_0275_stg1_000957,"нужно проверить, в какое время я могу обратиться в службу поддержки клиентов","нужно проверить, в какое время я могу обратиться в службу поддержки клиентов",general_info,general_info,ikshana|aug_phrase_compression,False,True,False,general_info,stg1_000957,,,,phrase_compression
aug_general_info_0276_stg1_001116,"Я не знаю, как мне поговорить со службой поддержки клиентов!","я не знаю, как мне поговорить со службой поддержки клиентов!",general_info,general_info,ikshana|aug_punctuation_variant,False,True,False,general_info,stg1_001116,,,,punctuation_variant
aug_general_info_0277_stg1_000899,"Мне нужна информация о часах работы вашего магзина, где я могу ее получить?","мне нужна информация о часах работы вашего магзина, где я могу ее получить?",general_info,general_info,bitext|aug_typo_delete_char,False,True,False,general_info,stg1_000899,,,,typo_delete_char
aug_general_info_0278_stg1_001075,"как проверить, в какое время я могу связаться со службой поддрежки клиентов?","как проверить, в какое время я могу связаться со службой поддрежки клиентов?",general_info,general_info,ikshana|aug_typo_swap_adjacent,False,True,False,general_info,stg1_001075,,,,typo_swap_adjacent
aug_general_info_0279_stg1_001141,"хочу посмотреть часы работы твоего магазина, как мне это сделлать?","хочу посмотреть часы работы твоего магазина, как мне это сделлать?",general_info,general_info,bitext|aug_typo_duplicate_char,False,True,False,general_info,stg1_001141,,,,typo_duplicate_char
aug_general_info_0280_stg1_001097,"Я хотел бы найти чертовы магазины рядом со мной, помогите?","я хотел бы найти чертовы магазины рядом со мной, помогите?",general_info,general_info,bitext|aug_phrase_compression,False,True,False,general_info,stg1_001097,,,,phrase_compression
aug_general_info_0281_stg1_000960,мне нужна помощь чтобы узнать в какие часы я могу позвонить в службу поддержки клиентов,мне нужна помощь чтобы узнать в какие часы я могу позвонить в службу поддержки клиентов,general_info,general_info,ikshana|aug_punctuation_variant,False,True,False,general_info,stg1_000960,,,,punctuation_variant
aug_general_info_0282_stg1_000956,"помогие мне узнать, в какие часы доступна служба поддержки клиентов","помогие мне узнать, в какие часы доступна служба поддержки клиентов",general_info,general_info,ikshana|aug_typo_delete_char,False,True,False,general_info,stg1_000956,,,,typo_delete_char
aug_general_info_0283_stg1_003027,Кто вы ткаие?,кто вы ткаие?,general_info,general_info,synthetic_dataset|aug_typo_swap_adjacent,True,True,False,general_info,stg1_003027,,,,typo_swap_adjacent
aug_general_info_0284_stg1_000942,"где я могу проверить, в какие часы я могу сввязаться со службой поддержки клиентов?","где я могу проверить, в какие часы я могу сввязаться со службой поддержки клиентов?",general_info,general_info,ikshana|aug_typo_duplicate_char,False,True,False,general_info,stg1_000942,,,,typo_duplicate_char
aug_general_info_0285_stg1_000995,Дайте мне описание работы мобильной батареи!,дайте мне описание работы мобильной батареи!,general_info,general_info,runlu|aug_punctuation_variant,False,True,False,general_info,stg1_000995,,,,punctuation_variant
aug_general_info_0286_stg1_000988,"Проверить, есть ли ноые сообщения по электронной почте","проверить, есть ли ноые сообщения по электронной почте",general_info,general_info,runlu|aug_typo_delete_char,False,True,False,general_info,stg1_000988,,,,typo_delete_char
aug_general_info_0287_stg1_001031,"Ответ на писььмо, полученное от Питера","ответ на писььмо, полученное от питера",general_info,general_info,runlu|aug_typo_duplicate_char,False,True,False,general_info,stg1_001031,,,,typo_duplicate_char
aug_general_info_0288_stg1_001177,"нужно проверить твои чертовы часы работы, как это сделать?","нужно проверить твои чертовы часы работы, как это сделать?",general_info,general_info,bitext|aug_phrase_compression,False,True,False,general_info,stg1_001177,,,,phrase_compression
aug_general_info_0289_stg1_001100,"Мне нужно найти ближайший ко мне магазин, где я могу это сделать?!","мне нужно найти ближайший ко мне магазин, где я могу это сделать?!",general_info,general_info,bitext|aug_punctuation_variant,False,True,False,general_info,stg1_001100,,,,punctuation_variant
aug_general_info_0290_stg1_000913,"Я хотел бы поговорить со службой подддержки, где это сделать","я хотел бы поговорить со службой подддержки, где это сделать",general_info,general_info,bitext|aug_typo_duplicate_char,False,True,False,general_info,stg1_000913,,,,typo_duplicate_char
aug_general_info_0291_stg1_001134,как связаться со службой поддержки клиентов,как связаться со службой поддержки клиентов,general_info,general_info,ikshana|aug_punctuation_variant,False,True,False,general_info,stg1_001134,,,,punctuation_variant
aug_general_info_0292_stg1_000973,"хочу узнть, в какое время я смогу связаться со службой поддержки","хочу узнть, в какое время я смогу связаться со службой поддержки",general_info,general_info,ikshana|aug_typo_delete_char,False,True,False,general_info,stg1_000973,,,,typo_delete_char
aug_general_info_0293_stg1_001005,"PDA, География, пожалусйта?","pda, география, пожалусйта?",general_info,general_info,runlu|aug_typo_swap_adjacent,False,True,False,general_info,stg1_001005,,,,typo_swap_adjacent
aug_general_info_0294_stg1_001133,"мне нужно найти чертов магазин рядом со мной, поммоги мне","мне нужно найти чертов магазин рядом со мной, поммоги мне",general_info,general_info,bitext|aug_typo_duplicate_char,False,True,False,general_info,stg1_001133,,,,typo_duplicate_char
aug_general_info_0295_stg1_000927,мне нужно поискать ближайший магазин как мне это сделать,мне нужно поискать ближайший магазин как мне это сделать,general_info,general_info,bitext|aug_punctuation_variant,False,True,False,general_info,stg1_000927,,,,punctuation_variant
aug_general_info_0296_stg1_000966,помогите мне связаться со службой поддержки киентов,помогите мне связаться со службой поддержки киентов,general_info,general_info,ikshana|aug_typo_delete_char,False,True,False,general_info,stg1_000966,,,,typo_delete_char
aug_general_info_0297_stg1_000949,"хочу поговорить со службой поддержки, можете ли вы мне помоьч?","хочу поговорить со службой поддержки, можете ли вы мне помоьч?",general_info,general_info,ikshana|aug_typo_swap_adjacent,False,True,False,general_info,stg1_000949,,,,typo_swap_adjacent
aug_order_status_0001_stg1_000575,могу ли я изменить заакз L9B16C1S,могу ли я изменить заакз l9b16c1s,order_status,order_status,ikshana|aug_typo_swap_adjacent,False,True,False,order_status,stg1_000575,,,,typo_swap_adjacent
aug_order_status_0002_stg1_000365,"хоччу найти свою чертову посылку, где это сделать","хоччу найти свою чертову посылку, где это сделать",order_status,order_status,bitext|aug_typo_duplicate_char,False,True,False,order_status,stg1_000365,,,,typo_duplicate_char
aug_order_status_0003_stg1_000468,"хочу отменить онлайн-заказ, можете ли вы мне помочь?","хочу отменить онлайн-заказ, можете ли вы мне помочь?",order_status,order_status,bitext|aug_phrase_compression,False,True,False,order_status,stg1_000468,,,,phrase_compression
aug_order_status_0004_stg1_000380,помощь в заказе нескольких ваших товаров?,помощь в заказе нескольких ваших товаров?,order_status,order_status,ikshana|aug_punctuation_variant,False,True,False,order_status,stg1_000380,,,,punctuation_variant
aug_order_status_0005_stg1_000527,"Я запросил товар на замену, но не полчил его. Я хотел бы отслеживать статус товара на замену.","я запросил товар на замену, но не полчил его. я хотел бы отслеживать статус товара на замену.",order_status,order_status,bitext|aug_typo_delete_char,False,True,False,order_status,stg1_000527,,,,typo_delete_char
aug_order_status_0006_stg1_000540,как я могу удалить некоторые сттаьи из покупки 0FRNSJED,как я могу удалить некоторые сттаьи из покупки 0frnsjed,order_status,order_status,ikshana|aug_typo_swap_adjacent,False,True,False,order_status,stg1_000540,,,,typo_swap_adjacent
aug_order_status_0007_stg1_000313,"хочу прооверить, где моя посылка, может мне помочь","хочу прооверить, где моя посылка, может мне помочь",order_status,order_status,bitext|aug_typo_duplicate_char,False,True,False,order_status,stg1_000313,,,,typo_duplicate_char
aug_order_status_0008_stg1_000341,"Мне нужна помощь, чтобы узнать, где мой чертов груз?","мне нужна помощь, чтобы узнать, где мой чертов груз?",order_status,order_status,bitext|aug_punctuation_variant,False,True,False,order_status,stg1_000341,,,,punctuation_variant
aug_order_status_0009_stg1_000496,"мне нуно изменить покупку DUCKQERC, мне нужна помощь","мне нуно изменить покупку duckqerc, мне нужна помощь",order_status,order_status,ikshana|aug_typo_delete_char,False,True,False,order_status,stg1_000496,,,,typo_delete_char
aug_order_status_0010_stg1_000336,где я могу получить информацию о чертовом статусе моей змаены,где я могу получить информацию о чертовом статусе моей змаены,order_status,order_status,bitext|aug_typo_swap_adjacent,False,True,False,order_status,stg1_000336,,,,typo_swap_adjacent
aug_order_status_0011_stg1_000405,"Я не знаю, что делать, чтобы увидеть платту за отмену бронирования.","я не знаю, что делать, чтобы увидеть платту за отмену бронирования.",order_status,order_status,ikshana|aug_typo_duplicate_char,False,True,False,order_status,stg1_000405,,,,typo_duplicate_char
aug_order_status_0012_stg1_000429,помогите исправить порядок V9YH4Y3K?,помогите исправить порядок v9yh4y3k?,order_status,order_status,ikshana|aug_punctuation_variant,False,True,False,order_status,stg1_000429,,,,punctuation_variant
aug_order_status_0013_stg1_000318,"мне нужна помощь в обновлении моего заказа, преде чем вы его отправите","мне нужна помощь в обновлении моего заказа, преде чем вы его отправите",order_status,order_status,bitext|aug_typo_delete_char,False,True,False,order_status,stg1_000318,,,,typo_delete_char
aug_order_status_0014_stg1_000322,"мне нужно проверить, где моя гребаная посылка, ты моежшь мне помочь?","мне нужно проверить, где моя гребаная посылка, ты моежшь мне помочь?",order_status,order_status,bitext|aug_typo_swap_adjacent,False,True,False,order_status,stg1_000322,,,,typo_swap_adjacent
aug_order_status_0015_stg1_000376,удалить товар из заказза,удалить товар из заказза,order_status,order_status,ikshana|aug_typo_duplicate_char,False,True,False,order_status,stg1_000376,,,,typo_duplicate_char
aug_order_status_0016_stg1_000357,"хочу найти свою чертову посылку, может мне помочь.","хочу найти свою чертову посылку, может мне помочь.",order_status,order_status,bitext|aug_phrase_compression,False,True,False,order_status,stg1_000357,,,,phrase_compression
aug_order_status_0017_stg1_000432,помогите мне купить несколько продуктов?,помогите мне купить несколько продуктов?,order_status,order_status,ikshana|aug_punctuation_variant,False,True,False,order_status,stg1_000432,,,,punctuation_variant
aug_order_status_0018_stg1_000325,"мне нужно отследиь свою посылку, где я могу это сделать","мне нужно отследиь свою посылку, где я могу это сделать",order_status,order_status,bitext|aug_typo_delete_char,False,True,False,order_status,stg1_000325,,,,typo_delete_char
aug_order_status_0019_stg1_000416,"Я не знаю, как купиьт несколько статей","я не знаю, как купиьт несколько статей",order_status,order_status,ikshana|aug_typo_swap_adjacent,False,True,False,order_status,stg1_000416,,,,typo_swap_adjacent
aug_order_status_0020_stg1_000508,"Я бы хоттел отменить чертов онлайн-заказ, ты мне поможешь?","я бы хоттел отменить чертов онлайн-заказ, ты мне поможешь?",order_status,order_status,bitext|aug_typo_duplicate_char,False,True,False,order_status,stg1_000508,,,,typo_duplicate_char
aug_order_status_0021_stg1_000309,Мне нужно отменить чертов заказ как я могу это сделать?,мне нужно отменить чертов заказ как я могу это сделать?,order_status,order_status,bitext|aug_punctuation_variant,False,True,False,order_status,stg1_000309,,,,punctuation_variant
aug_order_status_0022_stg1_000306,"я купил чертов товар, но он мне не нужен, могу ли я отмениь заказ","я купил чертов товар, но он мне не нужен, могу ли я отмениь заказ",order_status,order_status,bitext|aug_typo_delete_char,False,True,False,order_status,stg1_000306,,,,typo_delete_char
aug_order_status_0023_stg1_000421,"что мне нужно сделтаь, чтобы отменить покупку K20X0TB0?","что мне нужно сделтаь, чтобы отменить покупку k20x0tb0?",order_status,order_status,ikshana|aug_typo_swap_adjacent,False,True,False,order_status,stg1_000421,,,,typo_swap_adjacent
aug_order_status_0024_stg1_000455,"Мне нужно отменить товаар, как мне это сделать?","мне нужно отменить товаар, как мне это сделать?",order_status,order_status,bitext|aug_typo_duplicate_char,False,True,False,order_status,stg1_000455,,,,typo_duplicate_char
aug_order_status_0025_stg1_003021,Где мой заказ 511865?!,где мой заказ 511865?!,order_status,order_status,synthetic_dataset|aug_punctuation_variant,True,True,False,order_status,stg1_003021,,,,punctuation_variant
aug_order_status_0026_stg1_000474,мне нужно найи заказ BQQFYSQJ,мне нужно найи заказ bqqfysqj,order_status,order_status,ikshana|aug_typo_delete_char,False,True,False,order_status,stg1_000474,,,,typo_delete_char
aug_order_status_0027_stg1_000402,"Я не знаю, как отмнеить покупку JMFUYL0O","я не знаю, как отмнеить покупку jmfuyl0o",order_status,order_status,ikshana|aug_typo_swap_adjacent,False,True,False,order_status,stg1_000402,,,,typo_swap_adjacent
aug_order_status_0028_stg1_000364,"Я купил чертов товар, но выбрал неправильный размер, хочу измменить свой заказ.","я купил чертов товар, но выбрал неправильный размер, хочу измменить свой заказ.",order_status,order_status,bitext|aug_typo_duplicate_char,False,True,False,order_status,stg1_000364,,,,typo_duplicate_char
aug_order_status_0029_stg1_000338,"Я хотел бы найти свою посылку, можно ли получить помощь?","я хотел бы найти свою посылку, можно ли получить помощь?",order_status,order_status,bitext|aug_phrase_compression,False,True,False,order_status,stg1_000338,,,,phrase_compression
aug_order_status_0030_stg1_000371,могу ли я увидеть статус покупки 4Q5LD2OF!,могу ли я увидеть статус покупки 4q5ld2of!,order_status,order_status,ikshana|aug_punctuation_variant,False,True,False,order_status,stg1_000371,,,,punctuation_variant
aug_order_status_0031_stg1_000403,Мне нужна помощь в приобретении некоторх ваших продуктов,мне нужна помощь в приобретении некоторх ваших продуктов,order_status,order_status,ikshana|aug_typo_delete_char,False,True,False,order_status,stg1_000403,,,,typo_delete_char
aug_order_status_0032_stg1_000520,"Я нашел товар, но выбрал неправильный размре, мне нужно обновить свой онлайн-заказ","я нашел товар, но выбрал неправильный размре, мне нужно обновить свой онлайн-заказ",order_status,order_status,bitext|aug_typo_swap_adjacent,False,True,False,order_status,stg1_000520,,,,typo_swap_adjacent
aug_order_status_0033_stg1_000557,видя плату за прекращениие,видя плату за прекращениие,order_status,order_status,ikshana|aug_typo_duplicate_char,False,True,False,order_status,stg1_000557,,,,typo_duplicate_char
aug_order_status_0034_stg1_000355,"Мне нужно посмотреть, где находится моя посылка, как это сделать?","мне нужно посмотреть, где находится моя посылка, как это сделать?",order_status,order_status,bitext|aug_phrase_compression,False,True,False,order_status,stg1_000355,,,,phrase_compression
aug_order_status_0035_stg1_000504,где я могу заказать статью?,где я могу заказать статью?,order_status,order_status,ikshana|aug_punctuation_variant,False,True,False,order_status,stg1_000504,,,,punctuation_variant
aug_order_status_0036_stg1_000510,переключить продут заказа 8ХВОБЗДС,переключить продут заказа 8хвобздс,order_status,order_status,ikshana|aug_typo_delete_char,False,True,False,order_status,stg1_000510,,,,typo_delete_char
aug_order_status_0037_stg1_000506,Я хочу увидеть расчетнео время моего заказа. Не могли бы вы мне помочь?,я хочу увидеть расчетнео время моего заказа. не могли бы вы мне помочь?,order_status,order_status,ikshana|aug_typo_swap_adjacent,False,True,False,order_status,stg1_000506,,,,typo_swap_adjacent
aug_order_status_0038_stg1_000368,"Я хотел бы проверить чеертов статус моей замены, как мне это сделать?","я хотел бы проверить чеертов статус моей замены, как мне это сделать?",order_status,order_status,bitext|aug_typo_duplicate_char,False,True,False,order_status,stg1_000368,,,,typo_duplicate_char
aug_order_status_0039_stg1_000452,"мне нужно изменить мой гребаный онлайн-заказ, прежде чем отправлять его, не могли бы вы мне помочь","мне нужно изменить мой гребаный онлайн-заказ, прежде чем отправлять его, не могли бы вы мне помочь",order_status,order_status,bitext|aug_punctuation_variant,False,True,False,order_status,stg1_000452,,,,punctuation_variant
aug_order_status_0040_stg1_000389,"я допустил ошибку, помогте мне изменить заказ ULGUMS02","я допустил ошибку, помогте мне изменить заказ ulgums02",order_status,order_status,ikshana|aug_typo_delete_char,False,True,False,order_status,stg1_000389,,,,typo_delete_char
aug_order_status_0041_stg1_000394,Мне нужон поменять артикул заказа TS30V8IU,мне нужон поменять артикул заказа ts30v8iu,order_status,order_status,ikshana|aug_typo_swap_adjacent,False,True,False,order_status,stg1_000394,,,,typo_swap_adjacent
aug_order_status_0042_stg1_000339,"хоччу проверить, где моя доставка, как это сделать","хоччу проверить, где моя доставка, как это сделать",order_status,order_status,bitext|aug_typo_duplicate_char,False,True,False,order_status,stg1_000339,,,,typo_duplicate_char
aug_order_status_0043_stg1_000477,"Я не знаю, как проверить плату за отмену","я не знаю, как проверить плату за отмену",order_status,order_status,ikshana|aug_phrase_compression,False,True,False,order_status,stg1_000477,,,,phrase_compression
aug_order_status_0044_stg1_000526,"нужно проверить текущий статус заказа 1WHGA53H, как мне это сделать?","нужно проверить текущий статус заказа 1whga53h, как мне это сделать?",order_status,order_status,ikshana|aug_punctuation_variant,False,True,False,order_status,stg1_000526,,,,punctuation_variant
aug_order_status_0045_stg1_000396,помогите заказать несклько товаров,помогите заказать несклько товаров,order_status,order_status,ikshana|aug_typo_delete_char,False,True,False,order_status,stg1_000396,,,,typo_delete_char
aug_order_status_0046_stg1_000495,"мотыга, могу ли я проверить штрафы за снтяие средств","мотыга, могу ли я проверить штрафы за снтяие средств",order_status,order_status,ikshana|aug_typo_swap_adjacent,False,True,False,order_status,stg1_000495,,,,typo_swap_adjacent
aug_order_status_0047_stg1_000451,Я больше не могу позволить сеебе заказ DHGF2O0E,я больше не могу позволить сеебе заказ dhgf2o0e,order_status,order_status,ikshana|aug_typo_duplicate_char,False,True,False,order_status,stg1_000451,,,,typo_duplicate_char
aug_order_status_0048_stg1_000473,"я купил товар, но выбрал не ту модель, хочу изменить свой заказ?","я купил товар, но выбрал не ту модель, хочу изменить свой заказ?",order_status,order_status,bitext|aug_punctuation_variant,False,True,False,order_status,stg1_000473,,,,punctuation_variant
aug_order_status_0049_stg1_000461,"Я не знаю, что мне нужно сделать, чтбы совершить покупку","я не знаю, что мне нужно сделать, чтбы совершить покупку",order_status,order_status,ikshana|aug_typo_delete_char,False,True,False,order_status,stg1_000461,,,,typo_delete_char
aug_order_status_0050_stg1_000529,"Я купил офигенный товар, но выбрал не ту модель, хочу оббновить заказ.","я купил офигенный товар, но выбрал не ту модель, хочу оббновить заказ.",order_status,order_status,bitext|aug_typo_duplicate_char,False,True,False,order_status,stg1_000529,,,,typo_duplicate_char
aug_order_status_0051_stg1_000327,"Я хочу посмотреть, где мой чертов груз, как я могу это сделать","я хочу посмотреть, где мой чертов груз, как я могу это сделать",order_status,order_status,bitext|aug_punctuation_variant,False,True,False,order_status,stg1_000327,,,,punctuation_variant
aug_order_status_0052_stg1_003022,Статус доставки закза 941391,статус доставки закза 941391,order_status,order_status,synthetic_dataset|aug_typo_delete_char,True,True,False,order_status,stg1_003022,,,,typo_delete_char
aug_order_status_0053_stg1_000481,где я могу увидтеь предварительную плату за выход,где я могу увидтеь предварительную плату за выход,order_status,order_status,ikshana|aug_typo_swap_adjacent,False,True,False,order_status,stg1_000481,,,,typo_swap_adjacent
aug_order_status_0054_stg1_002980,Отслледить заказ 926891,отслледить заказ 926891,order_status,order_status,synthetic_dataset|aug_typo_duplicate_char,True,True,False,order_status,stg1_002980,,,,typo_duplicate_char
aug_order_status_0055_stg1_000393,можно ли обменять некоторые купленные товары KTA0PRFG?,можно ли обменять некоторые купленные товары kta0prfg?,order_status,order_status,ikshana|aug_punctuation_variant,False,True,False,order_status,stg1_000393,,,,punctuation_variant
aug_order_status_0056_stg1_000388,где закзать статью?,где закзать статью?,order_status,order_status,ikshana|aug_typo_delete_char,False,True,False,order_status,stg1_000388,,,,typo_delete_char
aug_order_status_0057_stg1_000330,"я купил черотв товар, но он мне не нужен, я не могу отменить этот чертов заказ","я купил черотв товар, но он мне не нужен, я не могу отменить этот чертов заказ",order_status,order_status,bitext|aug_typo_swap_adjacent,False,True,False,order_status,stg1_000330,,,,typo_swap_adjacent
aug_order_status_0058_stg1_000407,"я не знаю, что мне нуужно сделать, чтобы купить товар","я не знаю, что мне нуужно сделать, чтобы купить товар",order_status,order_status,ikshana|aug_typo_duplicate_char,False,True,False,order_status,stg1_000407,,,,typo_duplicate_char
aug_order_status_0059_stg1_000349,"хочу отменить элемент, как мне это сделать","хочу отменить элемент, как мне это сделать",order_status,order_status,bitext|aug_phrase_compression,False,True,False,order_status,stg1_000349,,,,phrase_compression
aug_order_status_0060_stg1_000386,Я заказал некоторые товары как отменить покупку ОХФТРЗАД?,я заказал некоторые товары как отменить покупку охфтрзад?,order_status,order_status,ikshana|aug_punctuation_variant,False,True,False,order_status,stg1_000386,,,,punctuation_variant
aug_order_status_0061_stg1_000337,"Мне нужно изменить свой чертов заказ перед отправкой, где это сдлать?","мне нужно изменить свой чертов заказ перед отправкой, где это сдлать?",order_status,order_status,bitext|aug_typo_delete_char,False,True,False,order_status,stg1_000337,,,,typo_delete_char
aug_order_status_0062_stg1_000563,"Я не знаю, как изменить предмет покукпи 2V5QZNX0","я не знаю, как изменить предмет покукпи 2v5qznx0",order_status,order_status,ikshana|aug_typo_swap_adjacent,False,True,False,order_status,stg1_000563,,,,typo_swap_adjacent
aug_order_status_0063_stg1_000457,"Я купил чертов товар, но выбрал неправильный цвет, как изменить мой чертов онлайн-зааказ?","я купил чертов товар, но выбрал неправильный цвет, как изменить мой чертов онлайн-зааказ?",order_status,order_status,bitext|aug_typo_duplicate_char,False,True,False,order_status,stg1_000457,,,,typo_duplicate_char
aug_order_status_0064_stg1_000363,"Я хочу отменить чертов заказ, могу ли я получить помощь??","я хочу отменить чертов заказ, могу ли я получить помощь??",order_status,order_status,bitext|aug_punctuation_variant,False,True,False,order_status,stg1_000363,,,,punctuation_variant
aug_order_status_0065_stg1_000347,"я купил чертов товар, но он мне не нужен, как мне отемнить этот чертов заказ","я купил чертов товар, но он мне не нужен, как мне отемнить этот чертов заказ",order_status,order_status,bitext|aug_typo_swap_adjacent,False,True,False,order_status,stg1_000347,,,,typo_swap_adjacent
aug_order_status_0066_stg1_000543,"что мне нужно сделатть, чтобы купить несколько товаров?","что мне нужно сделатть, чтобы купить несколько товаров?",order_status,order_status,ikshana|aug_typo_duplicate_char,False,True,False,order_status,stg1_000543,,,,typo_duplicate_char
aug_order_status_0067_stg1_000478,нужно найти покупку PN2MEFQY помогите мне,нужно найти покупку pn2mefqy помогите мне,order_status,order_status,ikshana|aug_phrase_compression,False,True,False,order_status,stg1_000478,,,,phrase_compression
aug_order_status_0068_stg1_000419,"Мне нужна помощь, чтобы увидеть плату за отмену?","мне нужна помощь, чтобы увидеть плату за отмену?",order_status,order_status,ikshana|aug_punctuation_variant,False,True,False,order_status,stg1_000419,,,,punctuation_variant
aug_order_status_0069_stg1_000514,"хочу обновить свой заказ перед отправкой, как мне это сдеать?","хочу обновить свой заказ перед отправкой, как мне это сдеать?",order_status,order_status,bitext|aug_typo_delete_char,False,True,False,order_status,stg1_000514,,,,typo_delete_char
aug_order_status_0070_stg1_002955,Каокй статус заказа 941391?,каокй статус заказа 941391?,order_status,order_status,synthetic_dataset|aug_typo_swap_adjacent,True,True,False,order_status,stg1_002955,,,,typo_swap_adjacent
aug_order_status_0071_stg1_000312,"Я купил тоовар, но выбрал неправильный размер. Как я могу изменить свой онлайн-заказ?","я купил тоовар, но выбрал неправильный размер. как я могу изменить свой онлайн-заказ?",order_status,order_status,bitext|aug_typo_duplicate_char,False,True,False,order_status,stg1_000312,,,,typo_duplicate_char
aug_order_status_0072_stg1_000513,"Я бы хотел проверить, где моя чертова посылка, как это сделать?","я бы хотел проверить, где моя чертова посылка, как это сделать?",order_status,order_status,bitext|aug_punctuation_variant,False,True,False,order_status,stg1_000513,,,,punctuation_variant
aug_order_status_0073_stg1_000534,"хочу изменить свой заказ, прежде чем отправиьт его, как это сделать","хочу изменить свой заказ, прежде чем отправиьт его, как это сделать",order_status,order_status,bitext|aug_typo_swap_adjacent,False,True,False,order_status,stg1_000534,,,,typo_swap_adjacent
aug_order_status_0074_stg1_000574,редактирование покупки КРЭЛВВК77,редактирование покупки крэлввк77,order_status,order_status,ikshana|aug_typo_duplicate_char,False,True,False,order_status,stg1_000574,,,,typo_duplicate_char
aug_order_status_0075_stg1_000532,можно ли отменить чертов заказ??,можно ли отменить чертов заказ??,order_status,order_status,bitext|aug_punctuation_variant,False,True,False,order_status,stg1_000532,,,,punctuation_variant
aug_order_status_0076_stg1_000503,"помоь, чтобы увидеть расчетное время покупки 01LIOX55","помоь, чтобы увидеть расчетное время покупки 01liox55",order_status,order_status,ikshana|aug_typo_delete_char,False,True,False,order_status,stg1_000503,,,,typo_delete_char
aug_order_status_0077_stg1_000304,"Я купли чертов товар, но выбрал не ту модель, хочу изменить заказ.","я купли чертов товар, но выбрал не ту модель, хочу изменить заказ.",order_status,order_status,bitext|aug_typo_swap_adjacent,False,True,False,order_status,stg1_000304,,,,typo_swap_adjacent
aug_order_status_0078_stg1_000319,"я разместил онлайн-заказ, хочу его отмениить","я разместил онлайн-заказ, хочу его отмениить",order_status,order_status,bitext|aug_typo_duplicate_char,False,True,False,order_status,stg1_000319,,,,typo_duplicate_char
aug_order_status_0079_stg1_000369,"Я купил товар, но выбрал неправильный цвет, нужно обновить свой чертов онлайн-заказ","я купил товар, но выбрал неправильный цвет, нужно обновить свой чертов онлайн-заказ",order_status,order_status,bitext|aug_phrase_compression,False,True,False,order_status,stg1_000369,,,,phrase_compression
aug_order_status_0080_stg1_000326,я купил чертов товар но он мне не нужен я хочу отменить заказ,я купил чертов товар но он мне не нужен я хочу отменить заказ,order_status,order_status,bitext|aug_punctuation_variant,False,True,False,order_status,stg1_000326,,,,punctuation_variant
aug_order_status_0081_stg1_000479,Я не могу оплтить заказ 1CMFS82G,я не могу оплтить заказ 1cmfs82g,order_status,order_status,ikshana|aug_typo_delete_char,False,True,False,order_status,stg1_000479,,,,typo_delete_char
aug_order_status_0082_stg1_000549,"что мне нужно сделать, чтобы порверить комиссию за досрочный выход?","что мне нужно сделать, чтобы порверить комиссию за досрочный выход?",order_status,order_status,ikshana|aug_typo_swap_adjacent,False,True,False,order_status,stg1_000549,,,,typo_swap_adjacent
aug_order_status_0083_stg1_000459,отменить зааказ XDL2CK5C,отменить зааказ xdl2ck5c,order_status,order_status,ikshana|aug_typo_duplicate_char,False,True,False,order_status,stg1_000459,,,,typo_duplicate_char
aug_order_status_0084_stg1_000493,"Я не знаю, что нужно сделать, чтобы заказать некоторые статьи.","я не знаю, что нужно сделать, чтобы заказать некоторые статьи.",order_status,order_status,ikshana|aug_phrase_compression,False,True,False,order_status,stg1_000493,,,,phrase_compression
aug_order_status_0085_stg1_000546,"Мне не нужен мой последний чертов предмет, отмени заказ B6W0L0L8?","мне не нужен мой последний чертов предмет, отмени заказ b6w0l0l8?",order_status,order_status,ikshana|aug_punctuation_variant,False,True,False,order_status,stg1_000546,,,,punctuation_variant
aug_order_status_0086_stg1_000472,"Я хотел бы провеить чертов статус моей замены, могу ли я получить некоторую помощь?","я хотел бы провеить чертов статус моей замены, могу ли я получить некоторую помощь?",order_status,order_status,bitext|aug_typo_delete_char,False,True,False,order_status,stg1_000472,,,,typo_delete_char
aug_order_status_0087_stg1_000351,можно ли будет порверить статус моего заменяющего продукта?,можно ли будет порверить статус моего заменяющего продукта?,order_status,order_status,bitext|aug_typo_swap_adjacent,False,True,False,order_status,stg1_000351,,,,typo_swap_adjacent
aug_order_status_0088_stg1_000576,"Мне нужно проверить плату за ранний выхоод, мне нужна помощь","мне нужно проверить плату за ранний выхоод, мне нужна помощь",order_status,order_status,ikshana|aug_typo_duplicate_char,False,True,False,order_status,stg1_000576,,,,typo_duplicate_char
aug_order_status_0089_stg1_000404,удалить товар из покупки 2TBYSYJA?,удалить товар из покупки 2tbysyja?,order_status,order_status,ikshana|aug_punctuation_variant,False,True,False,order_status,stg1_000404,,,,punctuation_variant
aug_order_status_0090_stg1_000311,"Я купил товар, но выбрал неправильный цвет, можно ли измеить мой чертов онлайн-заказ?","я купил товар, но выбрал неправильный цвет, можно ли измеить мой чертов онлайн-заказ?",order_status,order_status,bitext|aug_typo_delete_char,False,True,False,order_status,stg1_000311,,,,typo_delete_char
aug_order_status_0091_stg1_000443,вопрсо об отмене покупки IBAFFANT,вопрсо об отмене покупки ibaffant,order_status,order_status,ikshana|aug_typo_swap_adjacent,False,True,False,order_status,stg1_000443,,,,typo_swap_adjacent
aug_order_status_0092_stg1_000348,"я разместил заказ, помоогите мне отменить его","я разместил заказ, помоогите мне отменить его",order_status,order_status,bitext|aug_typo_duplicate_char,False,True,False,order_status,stg1_000348,,,,typo_duplicate_char
aug_order_status_0093_stg1_000561,текущий статус заказа A633G1NP?,текущий статус заказа a633g1np?,order_status,order_status,ikshana|aug_punctuation_variant,False,True,False,order_status,stg1_000561,,,,punctuation_variant
aug_order_status_0094_stg1_000587,Мне нужно увидеть расчетне время покупки 9U2JAH4C.,мне нужно увидеть расчетне время покупки 9u2jah4c.,order_status,order_status,ikshana|aug_typo_delete_char,False,True,False,order_status,stg1_000587,,,,typo_delete_char
aug_order_status_0095_stg1_002931,Что с моим закказом?,что с моим закказом?,order_status,order_status,synthetic_dataset|aug_typo_duplicate_char,True,True,False,order_status,stg1_002931,,,,typo_duplicate_char
aug_order_status_0096_stg1_000343,"нужно проверить, где находится моя чертова посылка, где я могу это сделать?","нужно проверить, где находится моя чертова посылка, где я могу это сделать?",order_status,order_status,bitext|aug_phrase_compression,False,True,False,order_status,stg1_000343,,,,phrase_compression
aug_order_status_0097_stg1_000548,как проверить текущий статус заказа 4LD9RMTI,как проверить текущий статус заказа 4ld9rmti,order_status,order_status,ikshana|aug_punctuation_variant,False,True,False,order_status,stg1_000548,,,,punctuation_variant
aug_order_status_0098_stg1_000411,"Я пропустил товар в покупке GBUVSR83, можете ли вы его добвить?","я пропустил товар в покупке gbuvsr83, можете ли вы его добвить?",order_status,order_status,ikshana|aug_typo_delete_char,False,True,False,order_status,stg1_000411,,,,typo_delete_char
aug_order_status_0099_stg1_000353,"Я хотел бы остледить свою посылку, где я могу это сделать?","я хотел бы остледить свою посылку, где я могу это сделать?",order_status,order_status,bitext|aug_typo_swap_adjacent,False,True,False,order_status,stg1_000353,,,,typo_swap_adjacent
aug_order_status_0100_stg1_000571,"мне нужно найти своою чертову посылку, как мне это сделать?","мне нужно найти своою чертову посылку, как мне это сделать?",order_status,order_status,bitext|aug_typo_duplicate_char,False,True,False,order_status,stg1_000571,,,,typo_duplicate_char
aug_order_status_0101_stg1_000399,статус заказа 41T2OL87?,статус заказа 41t2ol87?,order_status,order_status,ikshana|aug_punctuation_variant,False,True,False,order_status,stg1_000399,,,,punctuation_variant
aug_order_status_0102_stg1_000454,"мне нужна информация о статусе моего обмена, как я могу ее найи","мне нужна информация о статусе моего обмена, как я могу ее найи",order_status,order_status,bitext|aug_typo_delete_char,False,True,False,order_status,stg1_000454,,,,typo_delete_char
aug_order_status_0103_stg1_000542,"мне нужно проверить статус замеын, помогите мне","мне нужно проверить статус замеын, помогите мне",order_status,order_status,bitext|aug_typo_swap_adjacent,False,True,False,order_status,stg1_000542,,,,typo_swap_adjacent
aug_order_status_0104_stg1_000505,"Я хотел бы посмотреть, где моя чертова посылка, как я могу это сдеелать?","я хотел бы посмотреть, где моя чертова посылка, как я могу это сдеелать?",order_status,order_status,bitext|aug_typo_duplicate_char,False,True,False,order_status,stg1_000505,,,,typo_duplicate_char
aug_order_status_0105_stg1_000515,"мне нужно отслеживать свой замененный продукт, могу ли я получить помощь?!","мне нужно отслеживать свой замененный продукт, могу ли я получить помощь?!",order_status,order_status,bitext|aug_punctuation_variant,False,True,False,order_status,stg1_000515,,,,punctuation_variant
aug_order_status_0106_stg1_000487,"мне нужно найти свой чертов онлайн-заказ, где я могу это седлать","мне нужно найти свой чертов онлайн-заказ, где я могу это седлать",order_status,order_status,bitext|aug_typo_swap_adjacent,False,True,False,order_status,stg1_000487,,,,typo_swap_adjacent
aug_order_status_0107_stg1_000476,"Я не знаю, что делать, чттобы проверить плату за завершение","я не знаю, что делать, чттобы проверить плату за завершение",order_status,order_status,ikshana|aug_typo_duplicate_char,False,True,False,order_status,stg1_000476,,,,typo_duplicate_char
aug_order_status_0108_stg1_000316,"я купил товар, но выбрал неправильный размер, нужно изменить заказ","я купил товар, но выбрал неправильный размер, нужно изменить заказ",order_status,order_status,bitext|aug_phrase_compression,False,True,False,order_status,stg1_000316,,,,phrase_compression
aug_order_status_0109_stg1_000446,"что мне нужно сделать, чтобы отменить покупку PAOLFJT6?!","что мне нужно сделать, чтобы отменить покупку paolfjt6?!",order_status,order_status,ikshana|aug_punctuation_variant,False,True,False,order_status,stg1_000446,,,,punctuation_variant
aug_order_status_0110_stg1_000418,отмнить покупку00123842,отмнить покупку00123842,order_status,order_status,ikshana|aug_typo_delete_char,False,True,False,order_status,stg1_000418,,,,typo_delete_char
aug_order_status_0111_stg1_000332,"нужно найти мою посылук, как я могу это сделать","нужно найти мою посылук, как я могу это сделать",order_status,order_status,bitext|aug_typo_swap_adjacent,False,True,False,order_status,stg1_000332,,,,typo_swap_adjacent
aug_order_status_0112_stg1_000490,"Мне нужна помощь, чтобы найтти заказ DBDMU6F5.","мне нужна помощь, чтобы найтти заказ dbdmu6f5.",order_status,order_status,ikshana|aug_typo_duplicate_char,False,True,False,order_status,stg1_000490,,,,typo_duplicate_char
aug_order_status_0113_stg1_000350,"хочу увидеть, где мой чертов заказ","хочу увидеть, где мой чертов заказ",order_status,order_status,bitext|aug_phrase_compression,False,True,False,order_status,stg1_000350,,,,phrase_compression
aug_order_status_0114_stg1_000444,нужна помощь в отмене заказа DQ0DRMYZ!,нужна помощь в отмене заказа dq0drmyz!,order_status,order_status,ikshana|aug_punctuation_variant,False,True,False,order_status,stg1_000444,,,,punctuation_variant
aug_order_status_0115_stg1_000321,"Я запросл обмен, но не получил его. Помогите мне отследить статус моего товара на замену.","я запросл обмен, но не получил его. помогите мне отследить статус моего товара на замену.",order_status,order_status,bitext|aug_typo_delete_char,False,True,False,order_status,stg1_000321,,,,typo_delete_char
aug_order_status_0116_stg1_000592,как добваить товар к покупке VH13TA8Z?,как добваить товар к покупке vh13ta8z?,order_status,order_status,ikshana|aug_typo_swap_adjacent,False,True,False,order_status,stg1_000592,,,,typo_swap_adjacent
aug_order_status_0117_stg1_000582,Можете ли вы помочь мне зааказать несколько ваших продуктов?,можете ли вы помочь мне зааказать несколько ваших продуктов?,order_status,order_status,ikshana|aug_typo_duplicate_char,False,True,False,order_status,stg1_000582,,,,typo_duplicate_char
aug_order_status_0118_stg1_000422,заказ на обновление 8GXBRIEV!,заказ на обновление 8gxbriev!,order_status,order_status,ikshana|aug_punctuation_variant,False,True,False,order_status,stg1_000422,,,,punctuation_variant
aug_order_status_0119_stg1_000583,возникли проблемы с оменой покупки DOY97F3P,возникли проблемы с оменой покупки doy97f3p,order_status,order_status,ikshana|aug_typo_delete_char,False,True,False,order_status,stg1_000583,,,,typo_delete_char
aug_order_status_0120_stg1_000538,"Я хотел бы посмотреть, где нахоидтся мой заказ, где я могу его сделать?","я хотел бы посмотреть, где нахоидтся мой заказ, где я могу его сделать?",order_status,order_status,bitext|aug_typo_swap_adjacent,False,True,False,order_status,stg1_000538,,,,typo_swap_adjacent
aug_order_status_0121_stg1_000586,"Я не знаю, как я могу проверить платту за отмену бронирования.","я не знаю, как я могу проверить платту за отмену бронирования.",order_status,order_status,ikshana|aug_typo_duplicate_char,False,True,False,order_status,stg1_000586,,,,typo_duplicate_char
aug_order_status_0122_stg1_000345,"Мне нужно отменить товар, где это сделать","мне нужно отменить товар, где это сделать",order_status,order_status,bitext|aug_punctuation_variant,False,True,False,order_status,stg1_000345,,,,punctuation_variant
aug_order_status_0123_stg1_000511,могу ли я поменять IEM заказа VXYBRVV,могу ли я поменять iem заказа vxybrvv,order_status,order_status,ikshana|aug_typo_delete_char,False,True,False,order_status,stg1_000511,,,,typo_delete_char
aug_order_status_0124_stg1_000449,"Мне нужно натйи свой чертов заказ, ты можешь мне помочь?","мне нужно натйи свой чертов заказ, ты можешь мне помочь?",order_status,order_status,bitext|aug_typo_swap_adjacent,False,True,False,order_status,stg1_000449,,,,typo_swap_adjacent
aug_order_status_0125_stg1_000445,"Я купил товар, но выбрал неправильный цвет, как я могу обновить своой чертов онлайн-заказ?","я купил товар, но выбрал неправильный цвет, как я могу обновить своой чертов онлайн-заказ?",order_status,order_status,bitext|aug_typo_duplicate_char,False,True,False,order_status,stg1_000445,,,,typo_duplicate_char
aug_order_status_0126_stg1_002944,Отследить заказ 144451!,отследить заказ 144451!,order_status,order_status,synthetic_dataset|aug_punctuation_variant,True,True,False,order_status,stg1_002944,,,,punctuation_variant
aug_order_status_0127_stg1_000466,"Я бы хотл проверить, где моя чертова посылка, мне нужна помощь","я бы хотл проверить, где моя чертова посылка, мне нужна помощь",order_status,order_status,bitext|aug_typo_delete_char,False,True,False,order_status,stg1_000466,,,,typo_delete_char
aug_order_status_0128_stg1_000525,"см. закказ OFDAED1D, черт возьми, текущий статус","см. закказ ofdaed1d, черт возьми, текущий статус",order_status,order_status,ikshana|aug_typo_duplicate_char,False,True,False,order_status,stg1_000525,,,,typo_duplicate_char
aug_order_status_0129_stg1_000559,Мне нужна помощь чтобы отследить мой чертов онлайн-заказ.,мне нужна помощь чтобы отследить мой чертов онлайн-заказ.,order_status,order_status,bitext|aug_punctuation_variant,False,True,False,order_status,stg1_000559,,,,punctuation_variant
aug_order_status_0130_stg1_002973,Какой статус закзаа 511865?,какой статус закзаа 511865?,order_status,order_status,synthetic_dataset|aug_typo_swap_adjacent,True,True,False,order_status,stg1_002973,,,,typo_swap_adjacent
aug_order_status_0131_stg1_000308,"где я могу проверить, где моя чеертова доставка","где я могу проверить, где моя чеертова доставка",order_status,order_status,bitext|aug_typo_duplicate_char,False,True,False,order_status,stg1_000308,,,,typo_duplicate_char
aug_order_status_0132_stg1_000585,помогите с проверкой расчетного времени заказа QV9LA5X1.,помогите с проверкой расчетного времени заказа qv9la5x1.,order_status,order_status,ikshana|aug_phrase_compression,False,True,False,order_status,stg1_000585,,,,phrase_compression
aug_order_status_0133_stg1_000512,можно ли редактировать покупку ZPGTKJN2?!,можно ли редактировать покупку zpgtkjn2?!,order_status,order_status,ikshana|aug_punctuation_variant,False,True,False,order_status,stg1_000512,,,,punctuation_variant
aug_order_status_0134_stg1_000485,Мне нужна помощь в поиске моего гребаного онлйн-заказа.,мне нужна помощь в поиске моего гребаного онлйн-заказа.,order_status,order_status,bitext|aug_typo_delete_char,False,True,False,order_status,stg1_000485,,,,typo_delete_char
aug_order_status_0135_stg1_000362,"Я запросил обмен, но не получил его. Можете ли вы помоьч мне отследить статус моего замененного товара?","я запросил обмен, но не получил его. можете ли вы помоьч мне отследить статус моего замененного товара?",order_status,order_status,bitext|aug_typo_swap_adjacent,False,True,False,order_status,stg1_000362,,,,typo_swap_adjacent
aug_order_status_0136_stg1_000531,"я не знаю, как мне увидеть штрафы за уволльнение","я не знаю, как мне увидеть штрафы за уволльнение",order_status,order_status,ikshana|aug_typo_duplicate_char,False,True,False,order_status,stg1_000531,,,,typo_duplicate_char
aug_order_status_0137_stg1_000395,"что нужно сделать, чтобы отменить покупку 0661Z77G?","что нужно сделать, чтобы отменить покупку 0661z77g?",order_status,order_status,ikshana|aug_phrase_compression,False,True,False,order_status,stg1_000395,,,,phrase_compression
aug_order_status_0138_stg1_000305,Мне нужно отследить свою посылку как я могу это сделать?,мне нужно отследить свою посылку как я могу это сделать?,order_status,order_status,bitext|aug_punctuation_variant,False,True,False,order_status,stg1_000305,,,,punctuation_variant
aug_order_status_0139_stg1_002928,Когда дставят заказ?,когда дставят заказ?,order_status,order_status,synthetic_dataset|aug_typo_delete_char,True,True,False,order_status,stg1_002928,,,,typo_delete_char
aug_order_status_0140_stg1_000589,где я могу проверить плаут за прекращение?,где я могу проверить плаут за прекращение?,order_status,order_status,ikshana|aug_typo_swap_adjacent,False,True,False,order_status,stg1_000589,,,,typo_swap_adjacent
aug_order_status_0141_stg1_000328,"я купил офигенный товар, но он мне не нужжен, мне нужно отменить заказ","я купил офигенный товар, но он мне не нужжен, мне нужно отменить заказ",order_status,order_status,bitext|aug_typo_duplicate_char,False,True,False,order_status,stg1_000328,,,,typo_duplicate_char
aug_order_status_0142_stg1_000356,Я купил товар но выбрал неправильный размер. Я хочу обновить свой онлайн-заказ.,я купил товар но выбрал неправильный размер. я хочу обновить свой онлайн-заказ.,order_status,order_status,bitext|aug_punctuation_variant,False,True,False,order_status,stg1_000356,,,,punctuation_variant
aug_order_status_0143_stg1_000507,оновить покупку00123842,оновить покупку00123842,order_status,order_status,ikshana|aug_typo_delete_char,False,True,False,order_status,stg1_000507,,,,typo_delete_char
aug_order_status_0144_stg1_000553,Я больше не могу оплатить покпуку VUZVUJ46,я больше не могу оплатить покпуку vuzvuj46,order_status,order_status,ikshana|aug_typo_swap_adjacent,False,True,False,order_status,stg1_000553,,,,typo_swap_adjacent
aug_order_status_0145_stg1_000428,помогите мне добавить несколько товаров в закааз USI3D4J7,помогите мне добавить несколько товаров в закааз usi3d4j7,order_status,order_status,ikshana|aug_typo_duplicate_char,False,True,False,order_status,stg1_000428,,,,typo_duplicate_char
aug_order_status_0146_stg1_000367,Я хотел бы обновить свой заказ перед отправкой. Можете ли вы мне помочь,я хотел бы обновить свой заказ перед отправкой. можете ли вы мне помочь,order_status,order_status,bitext|aug_punctuation_variant,False,True,False,order_status,stg1_000367,,,,punctuation_variant
aug_order_status_0147_stg1_000346,как я могу нйти информацию о статусе замены продукта?,как я могу нйти информацию о статусе замены продукта?,order_status,order_status,bitext|aug_typo_delete_char,False,True,False,order_status,stg1_000346,,,,typo_delete_char
aug_order_status_0148_stg1_000358,"Я хочу отментиь чертов онлайн-заказ, вы можете мне помочь?","я хочу отментиь чертов онлайн-заказ, вы можете мне помочь?",order_status,order_status,bitext|aug_typo_swap_adjacent,False,True,False,order_status,stg1_000358,,,,typo_swap_adjacent
aug_order_status_0149_stg1_002960,Заказ 144451 уже оттправили?,заказ 144451 уже оттправили?,order_status,order_status,synthetic_dataset|aug_typo_duplicate_char,True,True,False,order_status,stg1_002960,,,,typo_duplicate_char
aug_order_status_0150_stg1_000471,"нужна помощь, чтобы увидеть заказ KND8PTMN syatus?","нужна помощь, чтобы увидеть заказ knd8ptmn syatus?",order_status,order_status,ikshana|aug_punctuation_variant,False,True,False,order_status,stg1_000471,,,,punctuation_variant
aug_order_status_0151_stg1_000438,обовить покупку113542617735902,обовить покупку113542617735902,order_status,order_status,ikshana|aug_typo_delete_char,False,True,False,order_status,stg1_000438,,,,typo_delete_char
aug_order_status_0152_stg1_000519,"Мне нужна помощь, чтбоы отменить продукт","мне нужна помощь, чтбоы отменить продукт",order_status,order_status,bitext|aug_typo_swap_adjacent,False,True,False,order_status,stg1_000519,,,,typo_swap_adjacent
aug_order_status_0153_stg1_000320,"Мне нужна помощь, чтобы уззнать, где моя чертова доставка.","мне нужна помощь, чтобы уззнать, где моя чертова доставка.",order_status,order_status,bitext|aug_typo_duplicate_char,False,True,False,order_status,stg1_000320,,,,typo_duplicate_char
aug_order_status_0154_stg1_000499,"хочу изменить свой гребаный онлайн-заказ перед использованием, можно ли это сделать","хочу изменить свой гребаный онлайн-заказ перед использованием, можно ли это сделать",order_status,order_status,bitext|aug_phrase_compression,False,True,False,order_status,stg1_000499,,,,phrase_compression
aug_order_status_0155_stg1_002983,Мой заказ ещё не пришёл!,мой заказ ещё не пришёл!,order_status,order_status,synthetic_dataset|aug_punctuation_variant,True,True,False,order_status,stg1_002983,,,,punctuation_variant
aug_order_status_0156_stg1_000518,мне нужна помощь в отмне itwm,мне нужна помощь в отмне itwm,order_status,order_status,bitext|aug_typo_delete_char,False,True,False,order_status,stg1_000518,,,,typo_delete_char
aug_order_status_0157_stg1_000545,можно ли увидеть чертов саттус моего замененного товара?,можно ли увидеть чертов саттус моего замененного товара?,order_status,order_status,bitext|aug_typo_swap_adjacent,False,True,False,order_status,stg1_000545,,,,typo_swap_adjacent
aug_order_status_0158_stg1_002926,Отследдить заказ 941391,отследдить заказ 941391,order_status,order_status,synthetic_dataset|aug_typo_duplicate_char,True,True,False,order_status,stg1_002926,,,,typo_duplicate_char
aug_order_status_0159_stg1_000424,помогите в просмотре платы за отмену,помогите в просмотре платы за отмену,order_status,order_status,ikshana|aug_phrase_compression,False,True,False,order_status,stg1_000424,,,,phrase_compression
aug_order_status_0160_stg1_000566,нужна помощь в замене чего-либо при покупке YW1RPD7M!,нужна помощь в замене чего-либо при покупке yw1rpd7m!,order_status,order_status,ikshana|aug_punctuation_variant,False,True,False,order_status,stg1_000566,,,,punctuation_variant
aug_order_status_0161_stg1_000433,Мне нужна помощь в провере платы за досрочное прекращение,мне нужна помощь в провере платы за досрочное прекращение,order_status,order_status,ikshana|aug_typo_delete_char,False,True,False,order_status,stg1_000433,,,,typo_delete_char
aug_order_status_0162_stg1_000406,"Я хочу уввидеть плату за прекращение, можете ли вы мне помочь?","я хочу уввидеть плату за прекращение, можете ли вы мне помочь?",order_status,order_status,ikshana|aug_typo_duplicate_char,False,True,False,order_status,stg1_000406,,,,typo_duplicate_char
aug_order_status_0163_stg1_000497,"нужно купить кое-какие чертовы вещи, могу ли я получить помощь?","нужно купить кое-какие чертовы вещи, могу ли я получить помощь?",order_status,order_status,ikshana|aug_phrase_compression,False,True,False,order_status,stg1_000497,,,,phrase_compression
aug_order_status_0164_stg1_000573,где я могу заработать несколько статей,где я могу заработать несколько статей,order_status,order_status,ikshana|aug_punctuation_variant,False,True,False,order_status,stg1_000573,,,,punctuation_variant
aug_order_status_0165_stg1_000379,Я пытаюсь увидть статус заказа IUPCKU97.,я пытаюсь увидть статус заказа iupcku97.,order_status,order_status,ikshana|aug_typo_delete_char,False,True,False,order_status,stg1_000379,,,,typo_delete_char
aug_order_status_0166_stg1_000426,"мне нужно купить кое-какие чертовы продкуты, как я могу это сделать?","мне нужно купить кое-какие чертовы продкуты, как я могу это сделать?",order_status,order_status,ikshana|aug_typo_swap_adjacent,False,True,False,order_status,stg1_000426,,,,typo_swap_adjacent
aug_order_status_0167_stg1_000579,"Я купил товар, но выбрал неправильный размер, мне придется изменить свой зааказ.","я купил товар, но выбрал неправильный размер, мне придется изменить свой зааказ.",order_status,order_status,bitext|aug_typo_duplicate_char,False,True,False,order_status,stg1_000579,,,,typo_duplicate_char
aug_order_status_0168_stg1_000456,мне нужна помощь в изменении товара EYXRG41M!,мне нужна помощь в изменении товара eyxrg41m!,order_status,order_status,ikshana|aug_punctuation_variant,False,True,False,order_status,stg1_000456,,,,punctuation_variant
aug_order_status_0169_stg1_000544,"Мне нужно отменить чертов онлайн-закз, могу ли я получить помощь?","мне нужно отменить чертов онлайн-закз, могу ли я получить помощь?",order_status,order_status,bitext|aug_typo_delete_char,False,True,False,order_status,stg1_000544,,,,typo_delete_char
aug_order_status_0170_stg1_000303,"Мне нужно отследить замену прдоукта, могу ли я получить помощь?","мне нужно отследить замену прдоукта, могу ли я получить помощь?",order_status,order_status,bitext|aug_typo_swap_adjacent,False,True,False,order_status,stg1_000303,,,,typo_swap_adjacent
aug_order_status_0171_stg1_002937,Где мой закааз 296884?,где мой закааз 296884?,order_status,order_status,synthetic_dataset|aug_typo_duplicate_char,True,True,False,order_status,stg1_002937,,,,typo_duplicate_char
aug_order_status_0172_stg1_000314,"нужно обновить свой заказ перед использованием, это мне поможет","нужно обновить свой заказ перед использованием, это мне поможет",order_status,order_status,bitext|aug_phrase_compression,False,True,False,order_status,stg1_000314,,,,phrase_compression
aug_order_status_0173_stg1_000486,"Я заказал товар, отмените покупку 01JJ7N7T?","я заказал товар, отмените покупку 01jj7n7t?",order_status,order_status,ikshana|aug_punctuation_variant,False,True,False,order_status,stg1_000486,,,,punctuation_variant
aug_order_status_0174_stg1_000480,"Я хотел бы омтенить заказ, вы можете мне помочь?","я хотел бы омтенить заказ, вы можете мне помочь?",order_status,order_status,bitext|aug_typo_swap_adjacent,False,True,False,order_status,stg1_000480,,,,typo_swap_adjacent
aug_order_status_0175_stg1_000441,где я могу купить несколько проодуктов?,где я могу купить несколько проодуктов?,order_status,order_status,ikshana|aug_typo_duplicate_char,False,True,False,order_status,stg1_000441,,,,typo_duplicate_char
aug_order_status_0176_stg1_000521,"нужно найти свою чертову посылку, где ее взять?","нужно найти свою чертову посылку, где ее взять?",order_status,order_status,bitext|aug_phrase_compression,False,True,False,order_status,stg1_000521,,,,phrase_compression
aug_order_status_0177_stg1_000584,порядок редактирования WQ4YXL3S?,порядок редактирования wq4yxl3s?,order_status,order_status,ikshana|aug_punctuation_variant,False,True,False,order_status,stg1_000584,,,,punctuation_variant
aug_order_status_0178_stg1_000462,"я не знаю, что делать, чтоы получить предмет","я не знаю, что делать, чтоы получить предмет",order_status,order_status,ikshana|aug_typo_delete_char,False,True,False,order_status,stg1_000462,,,,typo_delete_char
aug_order_status_0179_stg1_003036,Отследить закза 511865,отследить закза 511865,order_status,order_status,synthetic_dataset|aug_typo_swap_adjacent,True,True,False,order_status,stg1_003036,,,,typo_swap_adjacent
aug_order_status_0180_stg1_000352,"мне нужнно отследить свою чертову доставку, мне нужна помощь","мне нужнно отследить свою чертову доставку, мне нужна помощь",order_status,order_status,bitext|aug_typo_duplicate_char,False,True,False,order_status,stg1_000352,,,,typo_duplicate_char
aug_order_status_0181_stg1_000539,помогите в редактировании заказа 056QW26F,помогите в редактировании заказа 056qw26f,order_status,order_status,ikshana|aug_phrase_compression,False,True,False,order_status,stg1_000539,,,,phrase_compression
aug_order_status_0182_stg1_000524,Я хотел бы посмотреть где находится мой чертов заказ как мне его сделать?,я хотел бы посмотреть где находится мой чертов заказ как мне его сделать?,order_status,order_status,bitext|aug_punctuation_variant,False,True,False,order_status,stg1_000524,,,,punctuation_variant
aug_order_status_0183_stg1_000374,измениь заказ CFF1C9T2,измениь заказ cff1c9t2,order_status,order_status,ikshana|aug_typo_delete_char,False,True,False,order_status,stg1_000374,,,,typo_delete_char
aug_order_status_0184_stg1_000342,"я купил чертов товар, но он мне не нужен, мне нужно отмениьт заказ","я купил чертов товар, но он мне не нужен, мне нужно отмениьт заказ",order_status,order_status,bitext|aug_typo_swap_adjacent,False,True,False,order_status,stg1_000342,,,,typo_swap_adjacent
aug_order_status_0185_stg1_000423,помощь в покуупке некоторых ваших продуктов,помощь в покуупке некоторых ваших продуктов,order_status,order_status,ikshana|aug_typo_duplicate_char,False,True,False,order_status,stg1_000423,,,,typo_duplicate_char
aug_order_status_0186_stg1_000498,"можно ли отменить заказ, если он уже отправлен?","можно ли отменить заказ, если он уже отправлен?",order_status,order_status,bitext|aug_phrase_compression,False,True,False,order_status,stg1_000498,,,,phrase_compression
aug_order_status_0187_stg1_000329,"мне нужно отменить пункт, где мне это сделать?","мне нужно отменить пункт, где мне это сделать?",order_status,order_status,bitext|aug_punctuation_variant,False,True,False,order_status,stg1_000329,,,,punctuation_variant
aug_order_status_0188_stg1_000414,"нужна помощь, чтобы провериь расчетное время покупки NBLCE01I","нужна помощь, чтобы провериь расчетное время покупки nblce01i",order_status,order_status,ikshana|aug_typo_delete_char,False,True,False,order_status,stg1_000414,,,,typo_delete_char
aug_order_status_0189_stg1_000409,Помогите мне удлаить несколько статей из заказа J9I05GWN.,помогите мне удлаить несколько статей из заказа j9i05gwn.,order_status,order_status,ikshana|aug_typo_swap_adjacent,False,True,False,order_status,stg1_000409,,,,typo_swap_adjacent
aug_order_status_0190_stg1_000565,не могли бы помочь мне отследить мою поосылку,не могли бы помочь мне отследить мою поосылку,order_status,order_status,bitext|aug_typo_duplicate_char,False,True,False,order_status,stg1_000565,,,,typo_duplicate_char
aug_order_status_0191_stg1_000315,Я купил товар но выбрал неправильный размер как изменить мой онлайн-заказ?,я купил товар но выбрал неправильный размер как изменить мой онлайн-заказ?,order_status,order_status,bitext|aug_punctuation_variant,False,True,False,order_status,stg1_000315,,,,punctuation_variant
aug_order_status_0192_stg1_000333,Мне нужна помощь в поиске моей гребаой посылки,мне нужна помощь в поиске моей гребаой посылки,order_status,order_status,bitext|aug_typo_delete_char,False,True,False,order_status,stg1_000333,,,,typo_delete_char
aug_order_status_0193_stg1_000551,помощь в проверке чертвоых штрафов за досрочный выход,помощь в проверке чертвоых штрафов за досрочный выход,order_status,order_status,ikshana|aug_typo_swap_adjacent,False,True,False,order_status,stg1_000551,,,,typo_swap_adjacent
aug_order_status_0194_stg1_000447,"мне нужна помощь, чтобы отменить поккупку FR0KMCOJ","мне нужна помощь, чтобы отменить поккупку fr0kmcoj",order_status,order_status,ikshana|aug_typo_duplicate_char,False,True,False,order_status,stg1_000447,,,,typo_duplicate_char
aug_order_status_0195_stg1_000575,могу ли я изменить заказ L9B16C1S?,могу ли я изменить заказ l9b16c1s?,order_status,order_status,ikshana|aug_punctuation_variant,False,True,False,order_status,stg1_000575,,,,punctuation_variant
aug_order_status_0196_stg1_000468,"Я хотел бы отменить онланй-заказ, можете ли вы мне помочь?","я хотел бы отменить онланй-заказ, можете ли вы мне помочь?",order_status,order_status,bitext|aug_typo_swap_adjacent,False,True,False,order_status,stg1_000468,,,,typo_swap_adjacent
aug_order_status_0197_stg1_000380,помощь в заказе нескольких вашиих товаров,помощь в заказе нескольких вашиих товаров,order_status,order_status,ikshana|aug_typo_duplicate_char,False,True,False,order_status,stg1_000380,,,,typo_duplicate_char
aug_order_status_0198_stg1_000527,"Я запросил товар на замену, но не получил его. хочу отслеживать статус товара на замену.","я запросил товар на замену, но не получил его. хочу отслеживать статус товара на замену.",order_status,order_status,bitext|aug_phrase_compression,False,True,False,order_status,stg1_000527,,,,phrase_compression
aug_order_status_0199_stg1_000540,как я могу удалить некоторые статьи из покупки 0FRNSJED!,как я могу удалить некоторые статьи из покупки 0frnsjed!,order_status,order_status,ikshana|aug_punctuation_variant,False,True,False,order_status,stg1_000540,,,,punctuation_variant
aug_order_status_0200_stg1_000313,"хочу проверить, где моя посылка, может мне пмочь","хочу проверить, где моя посылка, может мне пмочь",order_status,order_status,bitext|aug_typo_delete_char,False,True,False,order_status,stg1_000313,,,,typo_delete_char
aug_order_status_0201_stg1_000408,Можете ли вы помчоь мне отменить заказ S4CELMM4?,можете ли вы помчоь мне отменить заказ s4celmm4?,order_status,order_status,ikshana|aug_typo_swap_adjacent,False,True,False,order_status,stg1_000408,,,,typo_swap_adjacent
aug_order_status_0202_stg1_000341,"Мне нужна помощь, чтобы узнать, где мой чертов грруз.","мне нужна помощь, чтобы узнать, где мой чертов грруз.",order_status,order_status,bitext|aug_typo_duplicate_char,False,True,False,order_status,stg1_000341,,,,typo_duplicate_char
aug_order_status_0203_stg1_000496,"нужно изменить покупку DUCKQERC, мне нужна помощь","нужно изменить покупку duckqerc, мне нужна помощь",order_status,order_status,ikshana|aug_phrase_compression,False,True,False,order_status,stg1_000496,,,,phrase_compression
aug_order_status_0204_stg1_000336,где я могу получить информацию о чертовом статусе моей замены!,где я могу получить информацию о чертовом статусе моей замены!,order_status,order_status,bitext|aug_punctuation_variant,False,True,False,order_status,stg1_000336,,,,punctuation_variant
aug_order_status_0205_stg1_000405,"Я не знаю, что делать, чтобы увидеть плату за отмну бронирования.","я не знаю, что делать, чтобы увидеть плату за отмну бронирования.",order_status,order_status,ikshana|aug_typo_delete_char,False,True,False,order_status,stg1_000405,,,,typo_delete_char
aug_order_status_0206_stg1_000442,как проверить текущйи статус покупки AJNV6XHU?,как проверить текущйи статус покупки ajnv6xhu?,order_status,order_status,ikshana|aug_typo_swap_adjacent,False,True,False,order_status,stg1_000442,,,,typo_swap_adjacent
aug_order_status_0207_stg1_000429,помогите исправить порядоок V9YH4Y3K,помогите исправить порядоок v9yh4y3k,order_status,order_status,ikshana|aug_typo_duplicate_char,False,True,False,order_status,stg1_000429,,,,typo_duplicate_char
aug_order_status_0208_stg1_000318,"помогите в обновлении моего заказа, прежде чем вы его отправите","помогите в обновлении моего заказа, прежде чем вы его отправите",order_status,order_status,bitext|aug_phrase_compression,False,True,False,order_status,stg1_000318,,,,phrase_compression
aug_order_status_0209_stg1_000322,"мне нужно проверить, где моя гребаная посылка, ты можешь мне помочь?!","мне нужно проверить, где моя гребаная посылка, ты можешь мне помочь?!",order_status,order_status,bitext|aug_punctuation_variant,False,True,False,order_status,stg1_000322,,,,punctuation_variant
aug_order_status_0210_stg1_000376,удалить товр из заказа,удалить товр из заказа,order_status,order_status,ikshana|aug_typo_delete_char,False,True,False,order_status,stg1_000376,,,,typo_delete_char
aug_order_status_0211_stg1_000357,"Я бы хотел найти свою чертову посылку, может мне пмоочь.","я бы хотел найти свою чертову посылку, может мне пмоочь.",order_status,order_status,bitext|aug_typo_swap_adjacent,False,True,False,order_status,stg1_000357,,,,typo_swap_adjacent
aug_order_status_0212_stg1_000432,помогиите мне купить несколько продуктов,помогиите мне купить несколько продуктов,order_status,order_status,ikshana|aug_typo_duplicate_char,False,True,False,order_status,stg1_000432,,,,typo_duplicate_char
aug_order_status_0213_stg1_000325,"нужно отследить свою посылку, где я могу это сделать","нужно отследить свою посылку, где я могу это сделать",order_status,order_status,bitext|aug_phrase_compression,False,True,False,order_status,stg1_000325,,,,phrase_compression
aug_order_status_0214_stg1_000416,"Я не знаю, как купить несколько статей!","я не знаю, как купить несколько статей!",order_status,order_status,ikshana|aug_punctuation_variant,False,True,False,order_status,stg1_000416,,,,punctuation_variant
aug_order_status_0215_stg1_000508,"Я бы хотел отенить чертов онлайн-заказ, ты мне поможешь?","я бы хотел отенить чертов онлайн-заказ, ты мне поможешь?",order_status,order_status,bitext|aug_typo_delete_char,False,True,False,order_status,stg1_000508,,,,typo_delete_char
aug_order_status_0216_stg1_000483,Отследить закза,отследить закза,order_status,order_status,ikshana|aug_typo_swap_adjacent,False,True,False,order_status,stg1_000483,,,,typo_swap_adjacent
aug_order_status_0217_stg1_000309,"Мне нужно отмеенить чертов заказ, как я могу это сделать?","мне нужно отмеенить чертов заказ, как я могу это сделать?",order_status,order_status,bitext|aug_typo_duplicate_char,False,True,False,order_status,stg1_000309,,,,typo_duplicate_char
aug_order_status_0218_stg1_000306,"я купил чертов товар, но он мне не нужен, можно ли отменить заказ","я купил чертов товар, но он мне не нужен, можно ли отменить заказ",order_status,order_status,bitext|aug_phrase_compression,False,True,False,order_status,stg1_000306,,,,phrase_compression
aug_order_status_0219_stg1_000421,"что мне нужно сделать, чтобы отменить покупку K20X0TB0??","что мне нужно сделать, чтобы отменить покупку k20x0tb0??",order_status,order_status,ikshana|aug_punctuation_variant,False,True,False,order_status,stg1_000421,,,,punctuation_variant
aug_order_status_0220_stg1_000455,"Мне нужно отменить твар, как мне это сделать?","мне нужно отменить твар, как мне это сделать?",order_status,order_status,bitext|aug_typo_delete_char,False,True,False,order_status,stg1_000455,,,,typo_delete_char
aug_order_status_0221_stg1_000482,где я могу проверить текущий статус закзаа DNK5ATL9?,где я могу проверить текущий статус закзаа dnk5atl9?,order_status,order_status,ikshana|aug_typo_swap_adjacent,False,True,False,order_status,stg1_000482,,,,typo_swap_adjacent
aug_order_status_0222_stg1_003021,Где мой закааз 511865?,где мой закааз 511865?,order_status,order_status,synthetic_dataset|aug_typo_duplicate_char,True,True,False,order_status,stg1_003021,,,,typo_duplicate_char
aug_order_status_0223_stg1_000474,нужно найти заказ BQQFYSQJ,нужно найти заказ bqqfysqj,order_status,order_status,ikshana|aug_phrase_compression,False,True,False,order_status,stg1_000474,,,,phrase_compression
aug_order_status_0224_stg1_000402,Я не знаю как отменить покупку JMFUYL0O,я не знаю как отменить покупку jmfuyl0o,order_status,order_status,ikshana|aug_punctuation_variant,False,True,False,order_status,stg1_000402,,,,punctuation_variant
aug_order_status_0225_stg1_000338,"Я хотле бы найти свою посылку, могу ли я получить помощь?","я хотле бы найти свою посылку, могу ли я получить помощь?",order_status,order_status,bitext|aug_typo_swap_adjacent,False,True,False,order_status,stg1_000338,,,,typo_swap_adjacent
aug_order_status_0226_stg1_000371,могу ли я увидетть статус покупки 4Q5LD2OF,могу ли я увидетть статус покупки 4q5ld2of,order_status,order_status,ikshana|aug_typo_duplicate_char,False,True,False,order_status,stg1_000371,,,,typo_duplicate_char
aug_order_status_0227_stg1_000403,помогите в приобретении некоторых ваших продуктов,помогите в приобретении некоторых ваших продуктов,order_status,order_status,ikshana|aug_phrase_compression,False,True,False,order_status,stg1_000403,,,,phrase_compression
aug_order_status_0228_stg1_000520,"Я нашел товар, но выбрал неправильный размер, мне нужно обновить свой онлайн-заказ?","я нашел товар, но выбрал неправильный размер, мне нужно обновить свой онлайн-заказ?",order_status,order_status,bitext|aug_punctuation_variant,False,True,False,order_status,stg1_000520,,,,punctuation_variant
aug_order_status_0229_stg1_000557,видя плату за прекраение,видя плату за прекраение,order_status,order_status,ikshana|aug_typo_delete_char,False,True,False,order_status,stg1_000557,,,,typo_delete_char
aug_order_status_0230_stg1_000504,где я моогу заказать статью,где я моогу заказать статью,order_status,order_status,ikshana|aug_typo_duplicate_char,False,True,False,order_status,stg1_000504,,,,typo_duplicate_char
aug_order_status_0231_stg1_000506,Я хочу увидеть расчетное время моего заказа. Не могли бы вы мне помочь??,я хочу увидеть расчетное время моего заказа. не могли бы вы мне помочь??,order_status,order_status,ikshana|aug_punctuation_variant,False,True,False,order_status,stg1_000506,,,,punctuation_variant
aug_order_status_0232_stg1_000368,"Я хотл бы проверить чертов статус моей замены, как мне это сделать?","я хотл бы проверить чертов статус моей замены, как мне это сделать?",order_status,order_status,bitext|aug_typo_delete_char,False,True,False,order_status,stg1_000368,,,,typo_delete_char
aug_order_status_0233_stg1_000489,"Я не знаю, как отменить закза NQWAOVVF","я не знаю, как отменить закза nqwaovvf",order_status,order_status,ikshana|aug_typo_swap_adjacent,False,True,False,order_status,stg1_000489,,,,typo_swap_adjacent
aug_order_status_0234_stg1_000452,"мне нужно изменить мой гребаный онлаййн-заказ, прежде чем отправлять его, не могли бы вы мне помочь?","мне нужно изменить мой гребаный онлаййн-заказ, прежде чем отправлять его, не могли бы вы мне помочь?",order_status,order_status,bitext|aug_typo_duplicate_char,False,True,False,order_status,stg1_000452,,,,typo_duplicate_char
aug_order_status_0235_stg1_000394,Мне нужно поменять артикул заказа TS30V8IU?,мне нужно поменять артикул заказа ts30v8iu?,order_status,order_status,ikshana|aug_punctuation_variant,False,True,False,order_status,stg1_000394,,,,punctuation_variant
aug_order_status_0236_stg1_000339,"хочу проверить, где моя доставка, как это сделаь","хочу проверить, где моя доставка, как это сделаь",order_status,order_status,bitext|aug_typo_delete_char,False,True,False,order_status,stg1_000339,,,,typo_delete_char
aug_order_status_0237_stg1_000477,"Я не знаю, как я могу провертиь плату за отмену","я не знаю, как я могу провертиь плату за отмену",order_status,order_status,ikshana|aug_typo_swap_adjacent,False,True,False,order_status,stg1_000477,,,,typo_swap_adjacent
aug_order_status_0238_stg1_000526,"нужно проверить текущщий статус заказа 1WHGA53H, как мне это сделать","нужно проверить текущщий статус заказа 1whga53h, как мне это сделать",order_status,order_status,ikshana|aug_typo_duplicate_char,False,True,False,order_status,stg1_000526,,,,typo_duplicate_char
aug_order_status_0239_stg1_000495,"мотыга, могу ли я проверить штрафы за снятие средств?","мотыга, могу ли я проверить штрафы за снятие средств?",order_status,order_status,ikshana|aug_punctuation_variant,False,True,False,order_status,stg1_000495,,,,punctuation_variant
aug_order_status_0240_stg1_002947,Статус досатвки заказа 144451,статус досатвки заказа 144451,order_status,order_status,synthetic_dataset|aug_typo_swap_adjacent,True,True,False,order_status,stg1_002947,,,,typo_swap_adjacent
aug_order_status_0241_stg1_000473,"я купил товар, но выбрал не ту модель, хочу изменить свой зааказ","я купил товар, но выбрал не ту модель, хочу изменить свой зааказ",order_status,order_status,bitext|aug_typo_duplicate_char,False,True,False,order_status,stg1_000473,,,,typo_duplicate_char
aug_order_status_0242_stg1_000461,"Я не знаю, что нужно сделать, чтобы совершить покупку","я не знаю, что нужно сделать, чтобы совершить покупку",order_status,order_status,ikshana|aug_phrase_compression,False,True,False,order_status,stg1_000461,,,,phrase_compression
aug_order_status_0243_stg1_000400,Я не могу изменить заказ MP86REYN?,я не могу изменить заказ mp86reyn?,order_status,order_status,ikshana|aug_punctuation_variant,False,True,False,order_status,stg1_000400,,,,punctuation_variant
aug_order_status_0244_stg1_000529,"Я купил офигенный товар, но выбрал не ту модель, хочу обновить зааз.","я купил офигенный товар, но выбрал не ту модель, хочу обновить зааз.",order_status,order_status,bitext|aug_typo_delete_char,False,True,False,order_status,stg1_000529,,,,typo_delete_char
aug_order_status_0245_stg1_000390,Можете ли вы помочь мне увидеть штраыф за досрочный выход?,можете ли вы помочь мне увидеть штраыф за досрочный выход?,order_status,order_status,ikshana|aug_typo_swap_adjacent,False,True,False,order_status,stg1_000390,,,,typo_swap_adjacent
aug_order_status_0246_stg1_000327,"Я хочу посмотрреть, где мой чертов груз, как я могу это сделать?","я хочу посмотрреть, где мой чертов груз, как я могу это сделать?",order_status,order_status,bitext|aug_typo_duplicate_char,False,True,False,order_status,stg1_000327,,,,typo_duplicate_char
aug_order_status_0247_stg1_000481,где я могу увидеть предварительную плату за выход?,где я могу увидеть предварительную плату за выход?,order_status,order_status,ikshana|aug_punctuation_variant,False,True,False,order_status,stg1_000481,,,,punctuation_variant
aug_order_status_0248_stg1_002980,Отследить закз 926891,отследить закз 926891,order_status,order_status,synthetic_dataset|aug_typo_delete_char,True,True,False,order_status,stg1_002980,,,,typo_delete_char
aug_order_status_0249_stg1_002907,Статус доставик заказа 296884,статус доставик заказа 296884,order_status,order_status,synthetic_dataset|aug_typo_swap_adjacent,True,True,False,order_status,stg1_002907,,,,typo_swap_adjacent
aug_order_status_0250_stg1_000393,можно ли обменять некотторые купленные товары KTA0PRFG,можно ли обменять некотторые купленные товары kta0prfg,order_status,order_status,ikshana|aug_typo_duplicate_char,False,True,False,order_status,stg1_000393,,,,typo_duplicate_char
aug_order_status_0251_stg1_000330,"я купил чертов товар, но он мне не нужен, я не могу отменить этот чертов заказ?","я купил чертов товар, но он мне не нужен, я не могу отменить этот чертов заказ?",order_status,order_status,bitext|aug_punctuation_variant,False,True,False,order_status,stg1_000330,,,,punctuation_variant
aug_order_status_0252_stg1_000407,"я не знаю, что мне нужно сделаь, чтобы купить товар","я не знаю, что мне нужно сделаь, чтобы купить товар",order_status,order_status,ikshana|aug_typo_delete_char,False,True,False,order_status,stg1_000407,,,,typo_delete_char
aug_order_status_0253_stg1_000349,"я бы хоетл отменить элемент, как мне это сделать","я бы хоетл отменить элемент, как мне это сделать",order_status,order_status,bitext|aug_typo_swap_adjacent,False,True,False,order_status,stg1_000349,,,,typo_swap_adjacent
aug_order_status_0254_stg1_000386,"Я заказал некотторые товары, как отменить покупку ОХФТРЗАД?","я заказал некотторые товары, как отменить покупку охфтрзад?",order_status,order_status,ikshana|aug_typo_duplicate_char,False,True,False,order_status,stg1_000386,,,,typo_duplicate_char
aug_order_status_0255_stg1_000337,"нужно изменить свой чертов заказ перед отправкой, где это сделать?","нужно изменить свой чертов заказ перед отправкой, где это сделать?",order_status,order_status,bitext|aug_phrase_compression,False,True,False,order_status,stg1_000337,,,,phrase_compression
aug_order_status_0256_stg1_000563,"Я не знаю, как изменить предмет покупки 2V5QZNX0!","я не знаю, как изменить предмет покупки 2v5qznx0!",order_status,order_status,ikshana|aug_punctuation_variant,False,True,False,order_status,stg1_000563,,,,punctuation_variant
aug_order_status_0257_stg1_000457,"Я купил чертов товар, но выбрал неправильный цвет, как изменить мой четов онлайн-заказ?","я купил чертов товар, но выбрал неправильный цвет, как изменить мой четов онлайн-заказ?",order_status,order_status,bitext|aug_typo_delete_char,False,True,False,order_status,stg1_000457,,,,typo_delete_char
aug_order_status_0258_stg1_000536,"Я купил твоар, отменить заказ 7KC7QF9B","я купил твоар, отменить заказ 7kc7qf9b",order_status,order_status,ikshana|aug_typo_swap_adjacent,False,True,False,order_status,stg1_000536,,,,typo_swap_adjacent
aug_order_status_0259_stg1_000363,"Я хоччу отменить чертов заказ, могу ли я получить помощь?","я хоччу отменить чертов заказ, могу ли я получить помощь?",order_status,order_status,bitext|aug_typo_duplicate_char,False,True,False,order_status,stg1_000363,,,,typo_duplicate_char
aug_order_status_0260_stg1_000347,"я купил чертов товар, но он мне не нужен, как мне отменить этот чертов заказ!","я купил чертов товар, но он мне не нужен, как мне отменить этот чертов заказ!",order_status,order_status,bitext|aug_punctuation_variant,False,True,False,order_status,stg1_000347,,,,punctuation_variant
aug_order_status_0261_stg1_000543,"что мне нужно сделать, чтобы купить несклько товаров?","что мне нужно сделать, чтобы купить несклько товаров?",order_status,order_status,ikshana|aug_typo_delete_char,False,True,False,order_status,stg1_000543,,,,typo_delete_char
aug_order_status_0262_stg1_000478,мне нужно нйати покупку PN2MEFQY помогите мне,мне нужно нйати покупку pn2mefqy помогите мне,order_status,order_status,ikshana|aug_typo_swap_adjacent,False,True,False,order_status,stg1_000478,,,,typo_swap_adjacent
aug_order_status_0263_stg1_000419,"Мне нужна помощь, чтоббы увидеть плату за отмену","мне нужна помощь, чтоббы увидеть плату за отмену",order_status,order_status,ikshana|aug_typo_duplicate_char,False,True,False,order_status,stg1_000419,,,,typo_duplicate_char
aug_order_status_0264_stg1_002955,Какой статус заказа 941391,какой статус заказа 941391,order_status,order_status,synthetic_dataset|aug_punctuation_variant,True,True,False,order_status,stg1_002955,,,,punctuation_variant
aug_order_status_0265_stg1_000361,"Я купил товар, но выбрал не ту моедль, можно ли обновить мой чертов заказ?","я купил товар, но выбрал не ту моедль, можно ли обновить мой чертов заказ?",order_status,order_status,bitext|aug_typo_swap_adjacent,False,True,False,order_status,stg1_000361,,,,typo_swap_adjacent
aug_order_status_0266_stg1_000513,"Я бы хотел проверить, где моя чертова посылкка, как это сделать","я бы хотел проверить, где моя чертова посылкка, как это сделать",order_status,order_status,bitext|aug_typo_duplicate_char,False,True,False,order_status,stg1_000513,,,,typo_duplicate_char
aug_order_status_0267_stg1_000302,"Я купил товар, но выбрал не ту модель. хочу изменить свой чертов онлайн-заказ.","я купил товар, но выбрал не ту модель. хочу изменить свой чертов онлайн-заказ.",order_status,order_status,bitext|aug_phrase_compression,False,True,False,order_status,stg1_000302,,,,phrase_compression
aug_order_status_0268_stg1_000534,"хочу изменить свой заказ, прежде чем отправить его, как это сделать!","хочу изменить свой заказ, прежде чем отправить его, как это сделать!",order_status,order_status,bitext|aug_punctuation_variant,False,True,False,order_status,stg1_000534,,,,punctuation_variant
aug_order_status_0269_stg1_000574,редактирование покуки КРЭЛВК77,редактирование покуки крэлвк77,order_status,order_status,ikshana|aug_typo_delete_char,False,True,False,order_status,stg1_000574,,,,typo_delete_char
aug_order_status_0270_stg1_000537,как омтенить покупку SYWFCSJD?,как омтенить покупку sywfcsjd?,order_status,order_status,ikshana|aug_typo_swap_adjacent,False,True,False,order_status,stg1_000537,,,,typo_swap_adjacent
aug_order_status_0271_stg1_000532,можно ли отменить чертов закааз?,можно ли отменить чертов закааз?,order_status,order_status,bitext|aug_typo_duplicate_char,False,True,False,order_status,stg1_000532,,,,typo_duplicate_char
aug_order_status_0272_stg1_000304,"Я купил чертов товар, но выбрал не ту модель, хочу изменить заказ!","я купил чертов товар, но выбрал не ту модель, хочу изменить заказ!",order_status,order_status,bitext|aug_punctuation_variant,False,True,False,order_status,stg1_000304,,,,punctuation_variant
aug_order_status_0273_stg1_000319,"я разместил онайн-заказ, хочу его отменить","я разместил онайн-заказ, хочу его отменить",order_status,order_status,bitext|aug_typo_delete_char,False,True,False,order_status,stg1_000319,,,,typo_delete_char
aug_order_status_0274_stg1_000369,"Я купил товар, но выбрал неправильный цвет, мне нужно обновить свой чертов онлйан-заказ","я купил товар, но выбрал неправильный цвет, мне нужно обновить свой чертов онлйан-заказ",order_status,order_status,bitext|aug_typo_swap_adjacent,False,True,False,order_status,stg1_000369,,,,typo_swap_adjacent
aug_order_status_0275_stg1_000326,"я куупил чертов товар, но он мне не нужен, я хочу отменить заказ","я куупил чертов товар, но он мне не нужен, я хочу отменить заказ",order_status,order_status,bitext|aug_typo_duplicate_char,False,True,False,order_status,stg1_000326,,,,typo_duplicate_char
aug_order_status_0276_stg1_000549,что мне нужно сделать чтобы проверить комиссию за досрочный выход?,что мне нужно сделать чтобы проверить комиссию за досрочный выход?,order_status,order_status,ikshana|aug_punctuation_variant,False,True,False,order_status,stg1_000549,,,,punctuation_variant
aug_order_status_0277_stg1_000459,отменить закз XDL2CK5C,отменить закз xdl2ck5c,order_status,order_status,ikshana|aug_typo_delete_char,False,True,False,order_status,stg1_000459,,,,typo_delete_char
aug_order_status_0278_stg1_000493,"Я не знаю, что мне нужно сделать, чтобы заказать некоторые статиь.","я не знаю, что мне нужно сделать, чтобы заказать некоторые статиь.",order_status,order_status,ikshana|aug_typo_swap_adjacent,False,True,False,order_status,stg1_000493,,,,typo_swap_adjacent
aug_order_status_0279_stg1_000546,"Мне не нужен мой последний чеертов предмет, отмени заказ B6W0L0L8","мне не нужен мой последний чеертов предмет, отмени заказ b6w0l0l8",order_status,order_status,ikshana|aug_typo_duplicate_char,False,True,False,order_status,stg1_000546,,,,typo_duplicate_char
aug_order_status_0280_stg1_000472,"хочу проверить чертов статус моей замены, могу ли я получить некоторую помощь?","хочу проверить чертов статус моей замены, могу ли я получить некоторую помощь?",order_status,order_status,bitext|aug_phrase_compression,False,True,False,order_status,stg1_000472,,,,phrase_compression
aug_order_status_0281_stg1_000351,можно ли будет проверить статус моего заменяющего продукта?!,можно ли будет проверить статус моего заменяющего продукта?!,order_status,order_status,bitext|aug_punctuation_variant,False,True,False,order_status,stg1_000351,,,,punctuation_variant
aug_order_status_0282_stg1_000576,"Мне нужно проерить плату за ранний выход, мне нужна помощь","мне нужно проерить плату за ранний выход, мне нужна помощь",order_status,order_status,ikshana|aug_typo_delete_char,False,True,False,order_status,stg1_000576,,,,typo_delete_char
aug_order_status_0283_stg1_002927,Когда приедет послыка?,когда приедет послыка?,order_status,order_status,synthetic_dataset|aug_typo_swap_adjacent,True,True,False,order_status,stg1_002927,,,,typo_swap_adjacent
aug_order_status_0284_stg1_000404,удалить товар из покупки 2TBYSSYJA,удалить товар из покупки 2tbyssyja,order_status,order_status,ikshana|aug_typo_duplicate_char,False,True,False,order_status,stg1_000404,,,,typo_duplicate_char
aug_order_status_0285_stg1_000443,вопрос об отмене покупки IBAFFANT?,вопрос об отмене покупки ibaffant?,order_status,order_status,ikshana|aug_punctuation_variant,False,True,False,order_status,stg1_000443,,,,punctuation_variant
aug_order_status_0286_stg1_000348,"я разместил заказ, помогите мне оменить его","я разместил заказ, помогите мне оменить его",order_status,order_status,bitext|aug_typo_delete_char,False,True,False,order_status,stg1_000348,,,,typo_delete_char
aug_order_status_0287_stg1_000440,я не могу добавить некоторые чертовы продуткы для покупки MJUF2I2H,я не могу добавить некоторые чертовы продуткы для покупки mjuf2i2h,order_status,order_status,ikshana|aug_typo_swap_adjacent,False,True,False,order_status,stg1_000440,,,,typo_swap_adjacent
aug_order_status_0288_stg1_000561,текуущий статус заказа A633G1NP,текуущий статус заказа a633g1np,order_status,order_status,ikshana|aug_typo_duplicate_char,False,True,False,order_status,stg1_000561,,,,typo_duplicate_char
aug_order_status_0289_stg1_000587,нужно увидеть расчетное время покупки 9U2JAH4C.,нужно увидеть расчетное время покупки 9u2jah4c.,order_status,order_status,ikshana|aug_phrase_compression,False,True,False,order_status,stg1_000587,,,,phrase_compression
aug_order_status_0290_stg1_000397,где я могу что-то заработать??,где я могу что-то заработать??,order_status,order_status,ikshana|aug_punctuation_variant,False,True,False,order_status,stg1_000397,,,,punctuation_variant
aug_order_status_0291_stg1_002931,Что с моим заказм?,что с моим заказм?,order_status,order_status,synthetic_dataset|aug_typo_delete_char,True,True,False,order_status,stg1_002931,,,,typo_delete_char
aug_order_status_0292_stg1_000343,"Мне нужно проверить, где находится моя чертоав посылка, где я могу это сделать?","мне нужно проверить, где находится моя чертоав посылка, где я могу это сделать?",order_status,order_status,bitext|aug_typo_swap_adjacent,False,True,False,order_status,stg1_000343,,,,typo_swap_adjacent
aug_other_0001_stg1_002052,"Мне нужно подать жлаобу, могу ли я получить помощь?","мне нужно подать жлаобу, могу ли я получить помощь?",other,other,ikshana|aug_typo_swap_adjacent,False,True,False,other,stg1_002052,,,,typo_swap_adjacent
aug_other_0002_stg1_001904,я пыытаюсь поговорить с кем-нибудь,я пыытаюсь поговорить с кем-нибудь,other,other,ikshana|aug_typo_duplicate_char,False,True,False,other,stg1_001904,,,,typo_duplicate_char
aug_other_0003_stg1_001775,"хочу отправить жалобу, помогите","хочу отправить жалобу, помогите",other,other,bitext|aug_phrase_compression,False,True,False,other,stg1_001775,,,,phrase_compression
aug_other_0004_stg1_001910,"Я недоволен вашей работой, пишите претензию!","я недоволен вашей работой, пишите претензию!",other,other,ikshana|aug_punctuation_variant,False,True,False,other,stg1_001910,,,,punctuation_variant
aug_other_0005_stg1_001877,"Я тебя не понимаю, можшь помочь мне поговорить с агентом?","я тебя не понимаю, можшь помочь мне поговорить с агентом?",other,other,ikshana|aug_typo_delete_char,False,True,False,other,stg1_001877,,,,typo_delete_char
aug_other_0006_stg1_001808,"Я тебя не понимааю, можешь помочь мне поговорить с кем-то, черт возьми?","я тебя не понимааю, можешь помочь мне поговорить с кем-то, черт возьми?",other,other,bitext|aug_typo_duplicate_char,False,True,False,other,stg1_001808,,,,typo_duplicate_char
aug_other_0007_stg1_002001,у меня чертов комментарий к товару помоги мне его отправить,у меня чертов комментарий к товару помоги мне его отправить,other,other,bitext|aug_punctuation_variant,False,True,False,other,stg1_002001,,,,punctuation_variant
aug_other_0008_stg1_002042,помоги мне побщаться с кем-нибудь,помоги мне побщаться с кем-нибудь,other,other,ikshana|aug_typo_delete_char,False,True,False,other,stg1_002042,,,,typo_delete_char
aug_other_0009_stg1_001776,"Мне нжуно отправить чертову жалобу на ваш бренд, где это сделать?","мне нжуно отправить чертову жалобу на ваш бренд, где это сделать?",other,other,bitext|aug_typo_swap_adjacent,False,True,False,other,stg1_001776,,,,typo_swap_adjacent
aug_other_0010_stg1_001976,"нужна помоощь, разговариваю с оператором","нужна помоощь, разговариваю с оператором",other,other,ikshana|aug_typo_duplicate_char,False,True,False,other,stg1_001976,,,,typo_duplicate_char
aug_other_0011_stg1_001789,"Мне нужно оставить чертов комментарий о вашей компании, как это сделать?","мне нужно оставить чертов комментарий о вашей компании, как это сделать?",other,other,bitext|aug_phrase_compression,False,True,False,other,stg1_001789,,,,phrase_compression
aug_other_0012_stg1_001981,Мне нужна помощь в разговоре с агентом-человеком!,мне нужна помощь в разговоре с агентом-человеком!,other,other,ikshana|aug_punctuation_variant,False,True,False,other,stg1_001981,,,,punctuation_variant
aug_other_0013_stg1_002004,"Я хотел бы отпраить отзыв, где я могу это сделать","я хотел бы отпраить отзыв, где я могу это сделать",other,other,bitext|aug_typo_delete_char,False,True,False,other,stg1_002004,,,,typo_delete_char
aug_other_0014_stg1_002038,где я могу оставить отзыв о вашем брнеде?,где я могу оставить отзыв о вашем брнеде?,other,other,bitext|aug_typo_swap_adjacent,False,True,False,other,stg1_002038,,,,typo_swap_adjacent
aug_other_0015_stg1_002995,Ужасный серввис,ужасный серввис,other,other,synthetic_dataset|aug_typo_duplicate_char,True,True,False,other,stg1_002995,,,,typo_duplicate_char
aug_other_0016_stg1_001778,"Я вас не понимаю, мне нужна помощь, чтобы поговорить с оператором?","я вас не понимаю, мне нужна помощь, чтобы поговорить с оператором?",other,other,bitext|aug_punctuation_variant,False,True,False,other,stg1_001778,,,,punctuation_variant
aug_other_0017_stg1_001875,"Мне нужна помощь, чтобы поговрить с кем-нибудь","мне нужна помощь, чтобы поговрить с кем-нибудь",other,other,ikshana|aug_typo_delete_char,False,True,False,other,stg1_001875,,,,typo_delete_char
aug_other_0018_stg1_001901,"я не знаю, что мне нужно сделать, чтобы поговоирть с ассистентом","я не знаю, что мне нужно сделать, чтобы поговоирть с ассистентом",other,other,ikshana|aug_typo_swap_adjacent,False,True,False,other,stg1_001901,,,,typo_swap_adjacent
aug_other_0019_stg1_001870,Я хочу предъявить претензию клиентту,я хочу предъявить претензию клиентту,other,other,ikshana|aug_typo_duplicate_char,False,True,False,other,stg1_001870,,,,typo_duplicate_char
aug_other_0020_stg1_001957,"Я не знаю, как говорить с агентом-человеком!","я не знаю, как говорить с агентом-человеком!",other,other,ikshana|aug_punctuation_variant,False,True,False,other,stg1_001957,,,,punctuation_variant
aug_other_0021_stg1_001973,можно ли отправить отзыв о подукте?,можно ли отправить отзыв о подукте?,other,other,bitext|aug_typo_delete_char,False,True,False,other,stg1_001973,,,,typo_delete_char
aug_other_0022_stg1_001990,"нужно представить черотвы идеи по улучшению продукта, помогите мне","нужно представить черотвы идеи по улучшению продукта, помогите мне",other,other,bitext|aug_typo_swap_adjacent,False,True,False,other,stg1_001990,,,,typo_swap_adjacent
aug_other_0023_stg1_001786,Мне нужно отправить чертов комментарий о вашей коомпании.,мне нужно отправить чертов комментарий о вашей коомпании.,other,other,bitext|aug_typo_duplicate_char,False,True,False,other,stg1_001786,,,,typo_duplicate_char
aug_other_0024_stg1_001853,нужна помощь в подаче потребительского иска против вашего бизнеса!,нужна помощь в подаче потребительского иска против вашего бизнеса!,other,other,ikshana|aug_punctuation_variant,False,True,False,other,stg1_001853,,,,punctuation_variant
aug_other_0025_stg1_001788,"Я хотел бы отправить идею продукта, вы мне помжете?","я хотел бы отправить идею продукта, вы мне помжете?",other,other,bitext|aug_typo_delete_char,False,True,False,other,stg1_001788,,,,typo_delete_char
aug_other_0026_stg1_002054,мне нужно поговорить с кем-нбиудь,мне нужно поговорить с кем-нбиудь,other,other,bitext|aug_typo_swap_adjacent,False,True,False,other,stg1_002054,,,,typo_swap_adjacent
aug_other_0027_stg1_001903,как предъявить чертову претензию клиенту к вашемму бизнесу?,как предъявить чертову претензию клиенту к вашемму бизнесу?,other,other,ikshana|aug_typo_duplicate_char,False,True,False,other,stg1_001903,,,,typo_duplicate_char
aug_other_0028_stg1_001804,"нужно поговорить с человеком, ты можешь мне помочь?","нужно поговорить с человеком, ты можешь мне помочь?",other,other,bitext|aug_phrase_compression,False,True,False,other,stg1_001804,,,,phrase_compression
aug_other_0029_stg1_002040,Я хотел бы отправить предложение по улучшению продукта где это сделать,я хотел бы отправить предложение по улучшению продукта где это сделать,other,other,bitext|aug_punctuation_variant,False,True,False,other,stg1_002040,,,,punctuation_variant
aug_other_0030_stg1_001996,"мне нужна помощь, чтобы отправить предожение","мне нужна помощь, чтобы отправить предожение",other,other,bitext|aug_typo_delete_char,False,True,False,other,stg1_001996,,,,typo_delete_char
aug_other_0031_stg1_001777,"Я хотле бы оставить чертовы комментарии о продуктах, которые могут мне помочь.","я хотле бы оставить чертовы комментарии о продуктах, которые могут мне помочь.",other,other,bitext|aug_typo_swap_adjacent,False,True,False,other,stg1_001777,,,,typo_swap_adjacent
aug_other_0032_stg1_001948,Могу ли я подать рекламацию клииента против вашей компании,могу ли я подать рекламацию клииента против вашей компании,other,other,ikshana|aug_typo_duplicate_char,False,True,False,other,stg1_001948,,,,typo_duplicate_char
aug_other_0033_stg1_001800,я не понимаю мне нужно поговорить с человеком,я не понимаю мне нужно поговорить с человеком,other,other,bitext|aug_punctuation_variant,False,True,False,other,stg1_001800,,,,punctuation_variant
aug_other_0034_stg1_001856,"Мне нужна помощь, чтобы поать иск","мне нужна помощь, чтобы поать иск",other,other,ikshana|aug_typo_delete_char,False,True,False,other,stg1_001856,,,,typo_delete_char
aug_other_0035_stg1_001780,"мне нужно отправить чертов озтыв о твоем бренде, где я могу это сделать","мне нужно отправить чертов озтыв о твоем бренде, где я могу это сделать",other,other,bitext|aug_typo_swap_adjacent,False,True,False,other,stg1_001780,,,,typo_swap_adjacent
aug_other_0036_stg1_002012,Можете ли вы помочь мне подать иск клиента прротив вашей компании?,можете ли вы помочь мне подать иск клиента прротив вашей компании?,other,other,ikshana|aug_typo_duplicate_char,False,True,False,other,stg1_002012,,,,typo_duplicate_char
aug_other_0037_stg1_001771,"нужно отправить отзыв о продукте, помогите мне","нужно отправить отзыв о продукте, помогите мне",other,other,bitext|aug_phrase_compression,False,True,False,other,stg1_001771,,,,phrase_compression
aug_other_0038_stg1_001802,"хочу отправить отзыв о вашем бренде, как я могу это сделать?","хочу отправить отзыв о вашем бренде, как я могу это сделать?",other,other,bitext|aug_punctuation_variant,False,True,False,other,stg1_001802,,,,punctuation_variant
aug_other_0039_stg1_001897,"Я звоню, чтобы подать преензию","я звоню, чтобы подать преензию",other,other,ikshana|aug_typo_delete_char,False,True,False,other,stg1_001897,,,,typo_delete_char
aug_other_0040_stg1_001898,"мне нужна поомщь, разговариваю с кем-то","мне нужна поомщь, разговариваю с кем-то",other,other,ikshana|aug_typo_swap_adjacent,False,True,False,other,stg1_001898,,,,typo_swap_adjacent
aug_other_0041_stg1_002013,"Мне нужно отправить чертовы предлложения по продукту, вы мне поможете?","мне нужно отправить чертовы предлложения по продукту, вы мне поможете?",other,other,bitext|aug_typo_duplicate_char,False,True,False,other,stg1_002013,,,,typo_duplicate_char
aug_other_0042_stg1_001952,"Я хотел бы поговорить с чертовым агентом-человеком, помогите мне!","я хотел бы поговорить с чертовым агентом-человеком, помогите мне!",other,other,bitext|aug_punctuation_variant,False,True,False,other,stg1_001952,,,,punctuation_variant
aug_other_0043_stg1_002033,мне нужна помощь в составлении потребительской претнезии,мне нужна помощь в составлении потребительской претнезии,other,other,ikshana|aug_typo_swap_adjacent,False,True,False,other,stg1_002033,,,,typo_swap_adjacent
aug_other_0044_stg1_001931,"Я не зннаю, как подать жалобу от потребителя.","я не зннаю, как подать жалобу от потребителя.",other,other,ikshana|aug_typo_duplicate_char,False,True,False,other,stg1_001931,,,,typo_duplicate_char
aug_other_0045_stg1_001783,Мне нужна помощь чтобы представить идею,мне нужна помощь чтобы представить идею,other,other,bitext|aug_punctuation_variant,False,True,False,other,stg1_001783,,,,punctuation_variant
aug_other_0046_stg1_001859,"Я не знаю, как говорть с агентом человека","я не знаю, как говорть с агентом человека",other,other,ikshana|aug_typo_delete_char,False,True,False,other,stg1_001859,,,,typo_delete_char
aug_other_0047_stg1_001969,Я хочу подать жалоуб на вашу компанию,я хочу подать жалоуб на вашу компанию,other,other,bitext|aug_typo_swap_adjacent,False,True,False,other,stg1_001969,,,,typo_swap_adjacent
aug_other_0048_stg1_001850,я должен подать иск против твоего бизнееса,я должен подать иск против твоего бизнееса,other,other,ikshana|aug_typo_duplicate_char,False,True,False,other,stg1_001850,,,,typo_duplicate_char
aug_other_0049_stg1_001921,"нужно поговорить с чертовым человеком, где мне это сделать?","нужно поговорить с чертовым человеком, где мне это сделать?",other,other,bitext|aug_phrase_compression,False,True,False,other,stg1_001921,,,,phrase_compression
aug_other_0050_stg1_003010,У меня сложный вопрос?,у меня сложный вопрос?,other,other,synthetic_dataset|aug_punctuation_variant,True,True,False,other,stg1_003010,,,,punctuation_variant
aug_other_0051_stg1_001781,"Я хочу подать жалобу на продукцию, как мне это сдеалть?","я хочу подать жалобу на продукцию, как мне это сдеалть?",other,other,bitext|aug_typo_swap_adjacent,False,True,False,other,stg1_001781,,,,typo_swap_adjacent
aug_other_0052_stg1_001815,"Мне нужно отправить чертов отзыв о проддукте, как я мог это сделать?","мне нужно отправить чертов отзыв о проддукте, как я мог это сделать?",other,other,bitext|aug_typo_duplicate_char,False,True,False,other,stg1_001815,,,,typo_duplicate_char
aug_other_0053_stg1_001983,"Я хочу оставить отзыв о вашей компании, можно ли получить некоторую помощь?","я хочу оставить отзыв о вашей компании, можно ли получить некоторую помощь?",other,other,bitext|aug_phrase_compression,False,True,False,other,stg1_001983,,,,phrase_compression
aug_other_0054_stg1_002037,"Мне нужно оставить отзыв о продукте, где это сделать","мне нужно оставить отзыв о продукте, где это сделать",other,other,bitext|aug_punctuation_variant,False,True,False,other,stg1_002037,,,,punctuation_variant
aug_other_0055_stg1_001844,как я могу погоорить с агентом-человеком?,как я могу погоорить с агентом-человеком?,other,other,ikshana|aug_typo_delete_char,False,True,False,other,stg1_001844,,,,typo_delete_char
aug_other_0056_stg1_002030,можете помочь мне отправить отзыв о проддукте,можете помочь мне отправить отзыв о проддукте,other,other,bitext|aug_typo_duplicate_char,False,True,False,other,stg1_002030,,,,typo_duplicate_char
aug_other_0057_stg1_003006,помогите,помогите,other,other,synthetic_dataset|aug_phrase_compression,True,True,False,other,stg1_003006,,,,phrase_compression
aug_other_0058_stg1_001860,можешь ли ты направить мне живого агента!,можешь ли ты направить мне живого агента!,other,other,ikshana|aug_punctuation_variant,False,True,False,other,stg1_001860,,,,punctuation_variant
aug_other_0059_stg1_002912,Хочу пожаоваться на обслуживание,хочу пожаоваться на обслуживание,other,other,synthetic_dataset|aug_typo_delete_char,True,True,False,other,stg1_002912,,,,typo_delete_char
aug_other_0060_stg1_001820,"хочу отправить чертов отызв, где мне это сделать?","хочу отправить чертов отызв, где мне это сделать?",other,other,bitext|aug_typo_swap_adjacent,False,True,False,other,stg1_001820,,,,typo_swap_adjacent
aug_other_0061_stg1_002017,"Я не доволен вашей работой, поддам жалобу на потребителя.","я не доволен вашей работой, поддам жалобу на потребителя.",other,other,ikshana|aug_typo_duplicate_char,False,True,False,other,stg1_002017,,,,typo_duplicate_char
aug_other_0062_stg1_001881,Я не знаю что мне нужно сделать чтобы пообщаться с оператором,я не знаю что мне нужно сделать чтобы пообщаться с оператором,other,other,ikshana|aug_punctuation_variant,False,True,False,other,stg1_001881,,,,punctuation_variant
aug_other_0063_stg1_001913,"мне нужна помощь, чтбы поговорить с кем-то","мне нужна помощь, чтбы поговорить с кем-то",other,other,ikshana|aug_typo_delete_char,False,True,False,other,stg1_001913,,,,typo_delete_char
aug_other_0064_stg1_001947,"Мне нужон отправить отзыв о продукте, где я могу это сделать?","мне нужон отправить отзыв о продукте, где я могу это сделать?",other,other,bitext|aug_typo_swap_adjacent,False,True,False,other,stg1_001947,,,,typo_swap_adjacent
aug_other_0065_stg1_002035,"хочу оставить отзыв о вашем бренде, могу ли я получчить помощь","хочу оставить отзыв о вашем бренде, могу ли я получчить помощь",other,other,bitext|aug_typo_duplicate_char,False,True,False,other,stg1_002035,,,,typo_duplicate_char
aug_other_0066_stg1_001912,как поговорить с оператором,как поговорить с оператором,other,other,ikshana|aug_phrase_compression,False,True,False,other,stg1_001912,,,,phrase_compression
aug_other_0067_stg1_001768,"Я хочу предложить чертовы предложения по улучшению продукта, где я могу это сделать?!","я хочу предложить чертовы предложения по улучшению продукта, где я могу это сделать?!",other,other,bitext|aug_punctuation_variant,False,True,False,other,stg1_001768,,,,punctuation_variant
aug_other_0068_stg1_001908,Могу ли я подать ркламацию клиента?,могу ли я подать ркламацию клиента?,other,other,ikshana|aug_typo_delete_char,False,True,False,other,stg1_001908,,,,typo_delete_char
aug_other_0069_stg1_002039,Мне нужна пмоощь в общении с кем-то,мне нужна пмоощь в общении с кем-то,other,other,ikshana|aug_typo_swap_adjacent,False,True,False,other,stg1_002039,,,,typo_swap_adjacent
aug_other_0070_stg1_001773,"мне нужно отправить комментаррии к продукту, не могли бы мне помочь","мне нужно отправить комментаррии к продукту, не могли бы мне помочь",other,other,bitext|aug_typo_duplicate_char,False,True,False,other,stg1_001773,,,,typo_duplicate_char
aug_other_0071_stg1_001822,куда я могу подать жалобу на товар,куда я могу подать жалобу на товар,other,other,bitext|aug_punctuation_variant,False,True,False,other,stg1_001822,,,,punctuation_variant
aug_other_0072_stg1_001867,помогите мне подать иск протв вашей компании,помогите мне подать иск протв вашей компании,other,other,ikshana|aug_typo_delete_char,False,True,False,other,stg1_001867,,,,typo_delete_char
aug_other_0073_stg1_001827,"Я хотел бы отправитть идею продукта, как я могу это сделать?","я хотел бы отправитть идею продукта, как я могу это сделать?",other,other,bitext|aug_typo_duplicate_char,False,True,False,other,stg1_001827,,,,typo_duplicate_char
aug_other_0074_stg1_001902,Можете ли вы помочь мне составить претензию клиента,можете ли вы помочь мне составить претензию клиента,other,other,ikshana|aug_punctuation_variant,False,True,False,other,stg1_001902,,,,punctuation_variant
aug_other_0075_stg1_001941,"Я тебя не понимаю, мне нужна помощь, чтоы поговорить с кем-нибудь, блядь,","я тебя не понимаю, мне нужна помощь, чтоы поговорить с кем-нибудь, блядь,",other,other,bitext|aug_typo_delete_char,False,True,False,other,stg1_001941,,,,typo_delete_char
aug_other_0076_stg1_001999,Маки жаолба,маки жаолба,other,other,ikshana|aug_typo_swap_adjacent,False,True,False,other,stg1_001999,,,,typo_swap_adjacent
aug_other_0077_stg1_001927,"мне нужнно оставить комментарии о продуктах, это поможет мне","мне нужнно оставить комментарии о продуктах, это поможет мне",other,other,bitext|aug_typo_duplicate_char,False,True,False,other,stg1_001927,,,,typo_duplicate_char
aug_other_0078_stg1_002034,нужно отправить чертовски предложение по улучшению продукта помогите мне,нужно отправить чертовски предложение по улучшению продукта помогите мне,other,other,bitext|aug_punctuation_variant,False,True,False,other,stg1_002034,,,,punctuation_variant
aug_other_0079_stg1_001942,"У меня есть предложение, как сдлать ваш продукт лучше. Можете ли вы помочь мне отправить его?","у меня есть предложение, как сдлать ваш продукт лучше. можете ли вы помочь мне отправить его?",other,other,bitext|aug_typo_delete_char,False,True,False,other,stg1_001942,,,,typo_delete_char
aug_other_0080_stg1_001959,"Я не знаю, что мне нужно сделать, чтобы предъявить потребителльскую претензию.","я не знаю, что мне нужно сделать, чтобы предъявить потребителльскую претензию.",other,other,ikshana|aug_typo_duplicate_char,False,True,False,other,stg1_001959,,,,typo_duplicate_char
aug_other_0081_stg1_001872,"Я не знаю, что мне нужно сделать, чтобы подать жалобу клиента?","я не знаю, что мне нужно сделать, чтобы подать жалобу клиента?",other,other,ikshana|aug_punctuation_variant,False,True,False,other,stg1_001872,,,,punctuation_variant
aug_other_0082_stg1_002019,Я птыаюсь поговорить с кем-то,я птыаюсь поговорить с кем-то,other,other,ikshana|aug_typo_swap_adjacent,False,True,False,other,stg1_002019,,,,typo_swap_adjacent
aug_other_0083_stg1_001953,"Мне нужжно отправить чертов отзыв, могу ли я получить помощь?","мне нужжно отправить чертов отзыв, могу ли я получить помощь?",other,other,bitext|aug_typo_duplicate_char,False,True,False,other,stg1_001953,,,,typo_duplicate_char
aug_other_0084_stg1_001937,"У меня есть чертов комментарий о твоем бренде, хочу его отправить.","у меня есть чертов комментарий о твоем бренде, хочу его отправить.",other,other,bitext|aug_phrase_compression,False,True,False,other,stg1_001937,,,,phrase_compression
aug_other_0085_stg1_002005,"Я хочу отправить идею продукта, как это сделать","я хочу отправить идею продукта, как это сделать",other,other,bitext|aug_punctuation_variant,False,True,False,other,stg1_002005,,,,punctuation_variant
aug_other_0086_stg1_001985,Нужна поощь в подаче иска клиента против вашей организации,нужна поощь в подаче иска клиента против вашей организации,other,other,ikshana|aug_typo_delete_char,False,True,False,other,stg1_001985,,,,typo_delete_char
aug_other_0087_stg1_001964,"мне нужан помощь, чтобы поговорить с агентом-человеком","мне нужан помощь, чтобы поговорить с агентом-человеком",other,other,ikshana|aug_typo_swap_adjacent,False,True,False,other,stg1_001964,,,,typo_swap_adjacent
aug_other_0088_stg1_002997,Вы лучшиий магазин!,вы лучшиий магазин!,other,other,synthetic_dataset|aug_typo_duplicate_char,True,True,False,other,stg1_002997,,,,typo_duplicate_char
aug_other_0089_stg1_001949,я не могу говорить с агентом!,я не могу говорить с агентом!,other,other,ikshana|aug_punctuation_variant,False,True,False,other,stg1_001949,,,,punctuation_variant
aug_other_0090_stg1_001915,помощь в соствлении иска,помощь в соствлении иска,other,other,ikshana|aug_typo_delete_char,False,True,False,other,stg1_001915,,,,typo_delete_char
aug_other_0091_stg1_001884,Я пытаюсь поговоирть с агентом,я пытаюсь поговоирть с агентом,other,other,ikshana|aug_typo_swap_adjacent,False,True,False,other,stg1_001884,,,,typo_swap_adjacent
aug_other_0092_stg1_001817,"мне нужно отправить отзыыв, чтобы сделать это","мне нужно отправить отзыыв, чтобы сделать это",other,other,bitext|aug_typo_duplicate_char,False,True,False,other,stg1_001817,,,,typo_duplicate_char
aug_other_0093_stg1_001998,"хочу предложить идеи по улучшению продукта, где мне это сделать?","хочу предложить идеи по улучшению продукта, где мне это сделать?",other,other,bitext|aug_phrase_compression,False,True,False,other,stg1_001998,,,,phrase_compression
aug_other_0094_stg1_001855,Мне нужна помощь в составлении рекламации клиента?,мне нужна помощь в составлении рекламации клиента?,other,other,ikshana|aug_punctuation_variant,False,True,False,other,stg1_001855,,,,punctuation_variant
aug_other_0095_stg1_001935,"что мне нужно сделать, чтобы пообщаться с асситентом?","что мне нужно сделать, чтобы пообщаться с асситентом?",other,other,ikshana|aug_typo_delete_char,False,True,False,other,stg1_001935,,,,typo_delete_char
aug_other_0096_stg1_001978,Мне нужно отпраавить чертовы жалобы на продукт.,мне нужно отпраавить чертовы жалобы на продукт.,other,other,bitext|aug_typo_duplicate_char,False,True,False,other,stg1_001978,,,,typo_duplicate_char
aug_other_0097_stg1_001770,"хочу отправить чертов комментарий о твоей компании, ох, я это сделаю","хочу отправить чертов комментарий о твоей компании, ох, я это сделаю",other,other,bitext|aug_phrase_compression,False,True,False,other,stg1_001770,,,,phrase_compression
aug_other_0098_stg1_001873,можно ли подать чертову претензию от клиента??,можно ли подать чертову претензию от клиента??,other,other,ikshana|aug_punctuation_variant,False,True,False,other,stg1_001873,,,,punctuation_variant
aug_other_0099_stg1_001892,"Я звоню, чтобы подать жалобу клиента на вашу компнию.","я звоню, чтобы подать жалобу клиента на вашу компнию.",other,other,ikshana|aug_typo_delete_char,False,True,False,other,stg1_001892,,,,typo_delete_char
aug_other_0100_stg1_002024,"Я хочу оставить комментарий о вашем бренде, мне нужна помоьщ","я хочу оставить комментарий о вашем бренде, мне нужна помоьщ",other,other,bitext|aug_typo_swap_adjacent,False,True,False,other,stg1_002024,,,,typo_swap_adjacent
aug_other_0101_stg1_001825,"я бы хотел поговоорить с кем-нибудь, где я мог бы это сделать","я бы хотел поговоорить с кем-нибудь, где я мог бы это сделать",other,other,bitext|aug_typo_duplicate_char,False,True,False,other,stg1_001825,,,,typo_duplicate_char
aug_other_0102_stg1_001933,"Я вас не понимаю, мне нужна помощь, чтобы поговорить с агентом-человеком?","я вас не понимаю, мне нужна помощь, чтобы поговорить с агентом-человеком?",other,other,bitext|aug_punctuation_variant,False,True,False,other,stg1_001933,,,,punctuation_variant
aug_other_0103_stg1_002023,"Я хоел бы поговорить с чертовым агентом-человеком, могу ли я получить помощь?","я хоел бы поговорить с чертовым агентом-человеком, могу ли я получить помощь?",other,other,bitext|aug_typo_delete_char,False,True,False,other,stg1_002023,,,,typo_delete_char
aug_other_0104_stg1_001895,помогите мне подать иск клиента против вашйе компании,помогите мне подать иск клиента против вашйе компании,other,other,ikshana|aug_typo_swap_adjacent,False,True,False,other,stg1_001895,,,,typo_swap_adjacent
aug_other_0105_stg1_001848,нужна помоощь в подаче потребительского иска против вашей организации,нужна помоощь в подаче потребительского иска против вашей организации,other,other,ikshana|aug_typo_duplicate_char,False,True,False,other,stg1_001848,,,,typo_duplicate_char
aug_other_0106_stg1_001835,"Мне нужна помощь, чтобы отправить предложения по продуктам!","мне нужна помощь, чтобы отправить предложения по продуктам!",other,other,bitext|aug_punctuation_variant,False,True,False,other,stg1_001835,,,,punctuation_variant
aug_other_0107_stg1_001849,"я не знаю, что мне нужно сделать, чтоы поговорить с живым агентом","я не знаю, что мне нужно сделать, чтоы поговорить с живым агентом",other,other,ikshana|aug_typo_delete_char,False,True,False,other,stg1_001849,,,,typo_delete_char
aug_other_0108_stg1_001994,Я хотел бы отправить предложения по улучшению продуукта. Можете ли вы мне помочь?,я хотел бы отправить предложения по улучшению продуукта. можете ли вы мне помочь?,other,other,bitext|aug_typo_duplicate_char,False,True,False,other,stg1_001994,,,,typo_duplicate_char
aug_other_0109_stg1_001871,"помогите, чтобы поговорить с живым агентом","помогите, чтобы поговорить с живым агентом",other,other,ikshana|aug_phrase_compression,False,True,False,other,stg1_001871,,,,phrase_compression
aug_other_0110_stg1_001857,"Я хочу подать рекламацию клиента, могу ли я получить помощь","я хочу подать рекламацию клиента, могу ли я получить помощь",other,other,ikshana|aug_punctuation_variant,False,True,False,other,stg1_001857,,,,punctuation_variant
aug_other_0111_stg1_001905,могу ли я свзаться с помощником?,могу ли я свзаться с помощником?,other,other,ikshana|aug_typo_delete_char,False,True,False,other,stg1_001905,,,,typo_delete_char
aug_other_0112_stg1_001826,"Мне нунжо поговорить с чертовым кем-нибудь, помоги мне.","мне нунжо поговорить с чертовым кем-нибудь, помоги мне.",other,other,bitext|aug_typo_swap_adjacent,False,True,False,other,stg1_001826,,,,typo_swap_adjacent
aug_other_0113_stg1_002957,Посоветуййте что-нибудь,посоветуййте что-нибудь,other,other,synthetic_dataset|aug_typo_duplicate_char,True,True,False,other,stg1_002957,,,,typo_duplicate_char
aug_other_0114_stg1_001796,"нужно отправить предложения по продуктам, где я могу это сделать?","нужно отправить предложения по продуктам, где я могу это сделать?",other,other,bitext|aug_phrase_compression,False,True,False,other,stg1_001796,,,,phrase_compression
aug_other_0115_stg1_001938,как подать претензию клиента против вашей организации?,как подать претензию клиента против вашей организации?,other,other,ikshana|aug_punctuation_variant,False,True,False,other,stg1_001938,,,,punctuation_variant
aug_other_0116_stg1_002028,"Мне нужо отправить комментарий о вашем бренде, можете ли вы мне помочь?","мне нужо отправить комментарий о вашем бренде, можете ли вы мне помочь?",other,other,bitext|aug_typo_delete_char,False,True,False,other,stg1_002028,,,,typo_delete_char
aug_other_0117_stg1_001982,"у меня есть чертов отзыв о вашей комапнии, помогите мне отправить его","у меня есть чертов отзыв о вашей комапнии, помогите мне отправить его",other,other,bitext|aug_typo_swap_adjacent,False,True,False,other,stg1_001982,,,,typo_swap_adjacent
aug_other_0118_stg1_001934,"мне нужно подать чертову жалобу на тввою компанию, как это сделать","мне нужно подать чертову жалобу на тввою компанию, как это сделать",other,other,bitext|aug_typo_duplicate_char,False,True,False,other,stg1_001934,,,,typo_duplicate_char
aug_other_0119_stg1_001809,"хочу поговорить с чертовым оператором, могу ли я получить помощь?","хочу поговорить с чертовым оператором, могу ли я получить помощь?",other,other,bitext|aug_phrase_compression,False,True,False,other,stg1_001809,,,,phrase_compression
aug_other_0120_stg1_001914,я не знаю как подать жалобу клиента,я не знаю как подать жалобу клиента,other,other,ikshana|aug_punctuation_variant,False,True,False,other,stg1_001914,,,,punctuation_variant
aug_other_0121_stg1_001896,Можете ли вы помочь мне подать иск против вашей компнии?,можете ли вы помочь мне подать иск против вашей компнии?,other,other,ikshana|aug_typo_delete_char,False,True,False,other,stg1_001896,,,,typo_delete_char
aug_other_0122_stg1_001801,могу ли я предложить чертовски продутк?,могу ли я предложить чертовски продутк?,other,other,bitext|aug_typo_swap_adjacent,False,True,False,other,stg1_001801,,,,typo_swap_adjacent
aug_other_0123_stg1_001837,"Я бы хотел поговорить с чеертовым человеком, который мог бы мне помочь.","я бы хотел поговорить с чеертовым человеком, который мог бы мне помочь.",other,other,bitext|aug_typo_duplicate_char,False,True,False,other,stg1_001837,,,,typo_duplicate_char
aug_other_0124_stg1_001926,"помогите, чтобы отправить комментарий о вашем бренде","помогите, чтобы отправить комментарий о вашем бренде",other,other,bitext|aug_phrase_compression,False,True,False,other,stg1_001926,,,,phrase_compression
aug_other_0125_stg1_001811,я не понимаю мне нужна помощь чтобы поговорить с оператором,я не понимаю мне нужна помощь чтобы поговорить с оператором,other,other,bitext|aug_punctuation_variant,False,True,False,other,stg1_001811,,,,punctuation_variant
aug_other_0126_stg1_002049,как отравить отзыв о вашем филиале?,как отравить отзыв о вашем филиале?,other,other,bitext|aug_typo_delete_char,False,True,False,other,stg1_002049,,,,typo_delete_char
aug_other_0127_stg1_001906,поговориьт с агентом,поговориьт с агентом,other,other,ikshana|aug_typo_swap_adjacent,False,True,False,other,stg1_001906,,,,typo_swap_adjacent
aug_other_0128_stg1_002031,"у меня есть офиигенный отзыв о продукте, мог бы его использовать","у меня есть офиигенный отзыв о продукте, мог бы его использовать",other,other,bitext|aug_typo_duplicate_char,False,True,False,other,stg1_002031,,,,typo_duplicate_char
aug_other_0129_stg1_001836,"я не понимаю, мне нужна помощь, чтобы поговорить с кем-то трахающимся?","я не понимаю, мне нужна помощь, чтобы поговорить с кем-то трахающимся?",other,other,bitext|aug_punctuation_variant,False,True,False,other,stg1_001836,,,,punctuation_variant
aug_other_0130_stg1_002048,"Мне нужно отправить чертов отзыв о ваем бренде, вы можете мне помочь?","мне нужно отправить чертов отзыв о ваем бренде, вы можете мне помочь?",other,other,bitext|aug_typo_delete_char,False,True,False,other,stg1_002048,,,,typo_delete_char
aug_other_0131_stg1_001766,хочу отпрваить обзор продукта,хочу отпрваить обзор продукта,other,other,bitext|aug_typo_swap_adjacent,False,True,False,other,stg1_001766,,,,typo_swap_adjacent
aug_other_0132_stg1_001869,Я должен подаать иск,я должен подаать иск,other,other,ikshana|aug_typo_duplicate_char,False,True,False,other,stg1_001869,,,,typo_duplicate_char
aug_other_0133_stg1_001797,"хочу оставить комментарий о вашем бренде, помогите мне.","хочу оставить комментарий о вашем бренде, помогите мне.",other,other,bitext|aug_phrase_compression,False,True,False,other,stg1_001797,,,,phrase_compression
aug_other_0134_stg1_001843,подать иск потребителя против вашей компании?,подать иск потребителя против вашей компании?,other,other,ikshana|aug_punctuation_variant,False,True,False,other,stg1_001843,,,,punctuation_variant
aug_other_0135_stg1_001963,"Я хотел бы оставить комменарий о продукте, могу ли я получить помощь?","я хотел бы оставить комменарий о продукте, могу ли я получить помощь?",other,other,bitext|aug_typo_delete_char,False,True,False,other,stg1_001963,,,,typo_delete_char
aug_other_0136_stg1_001814,"Я хотел бы оставить отзыв о продукте, мне нужна поомщь","я хотел бы оставить отзыв о продукте, мне нужна поомщь",other,other,bitext|aug_typo_swap_adjacent,False,True,False,other,stg1_001814,,,,typo_swap_adjacent
aug_other_0137_stg1_001862,Моожете ли вы помочь мне подать жалобу потребителя?,моожете ли вы помочь мне подать жалобу потребителя?,other,other,ikshana|aug_typo_duplicate_char,False,True,False,other,stg1_001862,,,,typo_duplicate_char
aug_other_0138_stg1_001858,"нужна помощь, чтобы поговорить с живым агентом!","нужна помощь, чтобы поговорить с живым агентом!",other,other,ikshana|aug_punctuation_variant,False,True,False,other,stg1_001858,,,,punctuation_variant
aug_other_0139_stg1_002015,"Я не знаю, как мне поать иск","я не знаю, как мне поать иск",other,other,ikshana|aug_typo_delete_char,False,True,False,other,stg1_002015,,,,typo_delete_char
aug_other_0140_stg1_001890,"Я хочу поговорить с человекком, как мне это сделать?","я хочу поговорить с человекком, как мне это сделать?",other,other,ikshana|aug_typo_duplicate_char,False,True,False,other,stg1_001890,,,,typo_duplicate_char
aug_other_0141_stg1_001795,"Я хотел бы поговорить с кем-нибудь, как мне это сделать??","я хотел бы поговорить с кем-нибудь, как мне это сделать??",other,other,bitext|aug_punctuation_variant,False,True,False,other,stg1_001795,,,,punctuation_variant
aug_other_0142_stg1_002913,Непонятно что делть,непонятно что делть,other,other,synthetic_dataset|aug_typo_delete_char,True,True,False,other,stg1_002913,,,,typo_delete_char
aug_other_0143_stg1_001946,Мне нужно связаться с чеолвеком,мне нужно связаться с чеолвеком,other,other,ikshana|aug_typo_swap_adjacent,False,True,False,other,stg1_001946,,,,typo_swap_adjacent
aug_other_0144_stg1_001939,"Мне нужно поддать жалобу на товар, могу ли я получить помощь?","мне нужно поддать жалобу на товар, могу ли я получить помощь?",other,other,bitext|aug_typo_duplicate_char,False,True,False,other,stg1_001939,,,,typo_duplicate_char
aug_other_0145_stg1_002014,можешь помочь мне поговорить с кем-нибудь?!,можешь помочь мне поговорить с кем-нибудь?!,other,other,bitext|aug_punctuation_variant,False,True,False,other,stg1_002014,,,,punctuation_variant
aug_other_0146_stg1_001920,"мне нужно отпрвить чертовы предложения, мне нужна помощь","мне нужно отпрвить чертовы предложения, мне нужна помощь",other,other,bitext|aug_typo_delete_char,False,True,False,other,stg1_001920,,,,typo_delete_char
aug_other_0147_stg1_002044,Я пытаюсь подать жалоуб клиента,я пытаюсь подать жалоуб клиента,other,other,ikshana|aug_typo_swap_adjacent,False,True,False,other,stg1_002044,,,,typo_swap_adjacent
aug_other_0148_stg1_002025,"Я хотел бы оставить чертовски предложение, могу ли я получиить помощь?","я хотел бы оставить чертовски предложение, могу ли я получиить помощь?",other,other,bitext|aug_typo_duplicate_char,False,True,False,other,stg1_002025,,,,typo_duplicate_char
aug_other_0149_stg1_001971,помогите с отправкой чертовых жалоб на продукт,помогите с отправкой чертовых жалоб на продукт,other,other,bitext|aug_phrase_compression,False,True,False,other,stg1_001971,,,,phrase_compression
aug_other_0150_stg1_001965,У меня есть комментарий о вашей компании помогите мне его отправить.,у меня есть комментарий о вашей компании помогите мне его отправить.,other,other,bitext|aug_punctuation_variant,False,True,False,other,stg1_001965,,,,punctuation_variant
aug_other_0151_stg1_002016,Я пытаюсь подать жаобу,я пытаюсь подать жаобу,other,other,ikshana|aug_typo_delete_char,False,True,False,other,stg1_002016,,,,typo_delete_char
aug_other_0152_stg1_001975,можно ли оставиьт чертов отзыв,можно ли оставиьт чертов отзыв,other,other,bitext|aug_typo_swap_adjacent,False,True,False,other,stg1_001975,,,,typo_swap_adjacent
aug_other_0153_stg1_002006,"Мне нужно отправвить чертов отзыв о продукте, могу ли я получить помощь?","мне нужно отправвить чертов отзыв о продукте, могу ли я получить помощь?",other,other,bitext|aug_typo_duplicate_char,False,True,False,other,stg1_002006,,,,typo_duplicate_char
aug_other_0154_stg1_001962,"хочу поговорить с оператором, как это сделать?","хочу поговорить с оператором, как это сделать?",other,other,bitext|aug_phrase_compression,False,True,False,other,stg1_001962,,,,phrase_compression
aug_other_0155_stg1_002007,Я хотел бы предложить идею по улучшению продукта!,я хотел бы предложить идею по улучшению продукта!,other,other,bitext|aug_punctuation_variant,False,True,False,other,stg1_002007,,,,punctuation_variant
aug_other_0156_stg1_001997,"Мне нужо поговорить с чертовым агентом, могу ли я получить помощь?","мне нужо поговорить с чертовым агентом, могу ли я получить помощь?",other,other,bitext|aug_typo_delete_char,False,True,False,other,stg1_001997,,,,typo_delete_char
aug_other_0157_stg1_001861,поддача жалобы клиента на вашу компанию,поддача жалобы клиента на вашу компанию,other,other,ikshana|aug_typo_duplicate_char,False,True,False,other,stg1_001861,,,,typo_duplicate_char
aug_other_0158_stg1_001917,"мне нужно поговорить с чертовым кое-кем, ты можешь мне помочь?!","мне нужно поговорить с чертовым кое-кем, ты можешь мне помочь?!",other,other,bitext|aug_punctuation_variant,False,True,False,other,stg1_001917,,,,punctuation_variant
aug_other_0159_stg1_001925,"Я хотел бы отправить жалоыб на продукт, не могли бы мне помочь","я хотел бы отправить жалоыб на продукт, не могли бы мне помочь",other,other,bitext|aug_typo_swap_adjacent,False,True,False,other,stg1_001925,,,,typo_swap_adjacent
aug_other_0160_stg1_001988,"Мне нужнно отправить чертово предложение по продукту, как это сделать?","мне нужнно отправить чертово предложение по продукту, как это сделать?",other,other,bitext|aug_typo_duplicate_char,False,True,False,other,stg1_001988,,,,typo_duplicate_char
aug_other_0161_stg1_001986,"Я хочу представить идею продукта, помогите","я хочу представить идею продукта, помогите",other,other,bitext|aug_phrase_compression,False,True,False,other,stg1_001986,,,,phrase_compression
aug_other_0162_stg1_001943,Мне нужно отправить чертов отзыв о твоем бренде. Можете мне помочь,мне нужно отправить чертов отзыв о твоем бренде. можете мне помочь,other,other,bitext|aug_punctuation_variant,False,True,False,other,stg1_001943,,,,punctuation_variant
aug_other_0163_stg1_001845,"что мне нужно сделать, чтобы связаться с челоеком?","что мне нужно сделать, чтобы связаться с челоеком?",other,other,ikshana|aug_typo_delete_char,False,True,False,other,stg1_001845,,,,typo_delete_char
aug_other_0164_stg1_002050,помогтие мне оставить отзыв о продукте,помогтие мне оставить отзыв о продукте,other,other,bitext|aug_typo_swap_adjacent,False,True,False,other,stg1_002050,,,,typo_swap_adjacent
aug_other_0165_stg1_002047,"мне нужно поговорить с чертовым человекоом, где я могу это сделать","мне нужно поговорить с чертовым человекоом, где я могу это сделать",other,other,bitext|aug_typo_duplicate_char,False,True,False,other,stg1_002047,,,,typo_duplicate_char
aug_other_0166_stg1_001924,мне нужно поговорить с человеком?,мне нужно поговорить с человеком?,other,other,ikshana|aug_punctuation_variant,False,True,False,other,stg1_001924,,,,punctuation_variant
aug_other_0167_stg1_002053,"waqnna, отправь чертов озыв, можешь мне помочь?","waqnna, отправь чертов озыв, можешь мне помочь?",other,other,bitext|aug_typo_delete_char,False,True,False,other,stg1_002053,,,,typo_delete_char
aug_other_0168_stg1_001868,"я не знаю, что делать, чтобы возбудить иск потребиетля","я не знаю, что делать, чтобы возбудить иск потребиетля",other,other,ikshana|aug_typo_swap_adjacent,False,True,False,other,stg1_001868,,,,typo_swap_adjacent
aug_other_0169_stg1_001816,"Мне нужно отправить чертовы прредложения по продукту, как я мог это сделать?","мне нужно отправить чертовы прредложения по продукту, как я мог это сделать?",other,other,bitext|aug_typo_duplicate_char,False,True,False,other,stg1_001816,,,,typo_duplicate_char
aug_other_0170_stg1_001787,"Я хотел бы послать чертовы идеи по улучшению продукта, могу ли я получить помощь","я хотел бы послать чертовы идеи по улучшению продукта, могу ли я получить помощь",other,other,bitext|aug_punctuation_variant,False,True,False,other,stg1_001787,,,,punctuation_variant
aug_other_0171_stg1_002003,Я хоттел бы оставить комментарий о вашем бренде,я хоттел бы оставить комментарий о вашем бренде,other,other,bitext|aug_typo_duplicate_char,False,True,False,other,stg1_002003,,,,typo_duplicate_char
aug_other_0172_stg1_001887,помогите подать жалобу потребителя на вашу компанию!,помогите подать жалобу потребителя на вашу компанию!,other,other,ikshana|aug_punctuation_variant,False,True,False,other,stg1_001887,,,,punctuation_variant
aug_other_0173_stg1_001950,Мне нужо подать жалобу на ваш бренд. Вы мне поможете?,мне нужо подать жалобу на ваш бренд. вы мне поможете?,other,other,bitext|aug_typo_delete_char,False,True,False,other,stg1_001950,,,,typo_delete_char
aug_other_0174_stg1_002008,нужна пмоощь в связи с оператором,нужна пмоощь в связи с оператором,other,other,ikshana|aug_typo_swap_adjacent,False,True,False,other,stg1_002008,,,,typo_swap_adjacent
aug_other_0175_stg1_001866,можжно ли подать жалобу,можжно ли подать жалобу,other,other,ikshana|aug_typo_duplicate_char,False,True,False,other,stg1_001866,,,,typo_duplicate_char
aug_other_0176_stg1_001889,помогите в подаче жалобы клиента,помогите в подаче жалобы клиента,other,other,ikshana|aug_phrase_compression,False,True,False,other,stg1_001889,,,,phrase_compression
aug_other_0177_stg1_002052,"Мне нужно подать жалобу, могу ли я получить помощь??","мне нужно подать жалобу, могу ли я получить помощь??",other,other,ikshana|aug_punctuation_variant,False,True,False,other,stg1_002052,,,,punctuation_variant
aug_other_0178_stg1_001904,я пытаюсь поговорить с кем-нбудь,я пытаюсь поговорить с кем-нбудь,other,other,ikshana|aug_typo_delete_char,False,True,False,other,stg1_001904,,,,typo_delete_char
aug_other_0179_stg1_001910,"Я недоволен вашей работой, пиишите претензию.","я недоволен вашей работой, пиишите претензию.",other,other,ikshana|aug_typo_duplicate_char,False,True,False,other,stg1_001910,,,,typo_duplicate_char
aug_other_0180_stg1_001829,у меня жалоба на продукцию!,у меня жалоба на продукцию!,other,other,bitext|aug_punctuation_variant,False,True,False,other,stg1_001829,,,,punctuation_variant
aug_other_0181_stg1_001808,"Я тебя не понимаю, можешь поочь мне поговорить с кем-то, черт возьми?","я тебя не понимаю, можешь поочь мне поговорить с кем-то, черт возьми?",other,other,bitext|aug_typo_delete_char,False,True,False,other,stg1_001808,,,,typo_delete_char
aug_other_0182_stg1_001961,"я не понимаю, тебе нужан помощь, чтобы поговорить с чертовым человеком","я не понимаю, тебе нужан помощь, чтобы поговорить с чертовым человеком",other,other,bitext|aug_typo_swap_adjacent,False,True,False,other,stg1_001961,,,,typo_swap_adjacent
aug_other_0183_stg1_002001,"у меня чертов комментарий к товару, помоги мне его отправиить","у меня чертов комментарий к товару, помоги мне его отправиить",other,other,bitext|aug_typo_duplicate_char,False,True,False,other,stg1_002001,,,,typo_duplicate_char
aug_other_0184_stg1_001776,"Мне нужно отправить чертову жалобу на ваш бренд, где это сделать","мне нужно отправить чертову жалобу на ваш бренд, где это сделать",other,other,bitext|aug_punctuation_variant,False,True,False,other,stg1_001776,,,,punctuation_variant
aug_other_0185_stg1_001976,"нужна помощь, разговаиваю с оператором","нужна помощь, разговаиваю с оператором",other,other,ikshana|aug_typo_delete_char,False,True,False,other,stg1_001976,,,,typo_delete_char
aug_other_0186_stg1_001789,"Мне нужно оставить чертов комментарий о вашей компании, как я могу это сделтаь?","мне нужно оставить чертов комментарий о вашей компании, как я могу это сделтаь?",other,other,bitext|aug_typo_swap_adjacent,False,True,False,other,stg1_001789,,,,typo_swap_adjacent
aug_other_0187_stg1_001981,Мне нужна помощь в разговоре с аггентом-человеком,мне нужна помощь в разговоре с аггентом-человеком,other,other,ikshana|aug_typo_duplicate_char,False,True,False,other,stg1_001981,,,,typo_duplicate_char
aug_other_0188_stg1_002004,"хочу отправить отзыв, где я могу это сделать","хочу отправить отзыв, где я могу это сделать",other,other,bitext|aug_phrase_compression,False,True,False,other,stg1_002004,,,,phrase_compression
aug_other_0189_stg1_002038,где я могу оставить отзыв о вашем бренде,где я могу оставить отзыв о вашем бренде,other,other,bitext|aug_punctuation_variant,False,True,False,other,stg1_002038,,,,punctuation_variant
aug_other_0190_stg1_002995,Ужасный срвис,ужасный срвис,other,other,synthetic_dataset|aug_typo_delete_char,True,True,False,other,stg1_002995,,,,typo_delete_char
aug_other_0191_stg1_001778,"Я вас не понимаю, мне нужна помощь, чтобы поговориить с оператором","я вас не понимаю, мне нужна помощь, чтобы поговориить с оператором",other,other,bitext|aug_typo_duplicate_char,False,True,False,other,stg1_001778,,,,typo_duplicate_char
aug_other_0192_stg1_001875,"помогите, чтобы поговорить с кем-нибудь","помогите, чтобы поговорить с кем-нибудь",other,other,ikshana|aug_phrase_compression,False,True,False,other,stg1_001875,,,,phrase_compression
aug_other_0193_stg1_001901,я не знаю что мне нужно сделать чтобы поговорить с ассистентом,я не знаю что мне нужно сделать чтобы поговорить с ассистентом,other,other,ikshana|aug_punctuation_variant,False,True,False,other,stg1_001901,,,,punctuation_variant
aug_other_0194_stg1_001870,Я хочу педъявить претензию клиенту,я хочу педъявить претензию клиенту,other,other,ikshana|aug_typo_delete_char,False,True,False,other,stg1_001870,,,,typo_delete_char
aug_other_0195_stg1_001957,"Я не знаю, как говорить с агенттом-человеком","я не знаю, как говорить с агенттом-человеком",other,other,ikshana|aug_typo_duplicate_char,False,True,False,other,stg1_001957,,,,typo_duplicate_char
aug_other_0196_stg1_001990,нужно представить чертовы идеи по улучшению продукта помогите мне,нужно представить чертовы идеи по улучшению продукта помогите мне,other,other,bitext|aug_punctuation_variant,False,True,False,other,stg1_001990,,,,punctuation_variant
aug_other_0197_stg1_001786,Мне нужно отправить чертов комментарий о вашей компаии.,мне нужно отправить чертов комментарий о вашей компаии.,other,other,bitext|aug_typo_delete_char,False,True,False,other,stg1_001786,,,,typo_delete_char
aug_other_0198_stg1_001876,куда я могу подать жалоуб клиента на вашу компанию,куда я могу подать жалоуб клиента на вашу компанию,other,other,ikshana|aug_typo_swap_adjacent,False,True,False,other,stg1_001876,,,,typo_swap_adjacent
aug_other_0199_stg1_001853,нужна помощь в подаче потреебительского иска против вашего бизнеса,нужна помощь в подаче потреебительского иска против вашего бизнеса,other,other,ikshana|aug_typo_duplicate_char,False,True,False,other,stg1_001853,,,,typo_duplicate_char
aug_other_0200_stg1_001788,"хочу отправить идею продукта, вы мне поможете?","хочу отправить идею продукта, вы мне поможете?",other,other,bitext|aug_phrase_compression,False,True,False,other,stg1_001788,,,,phrase_compression
aug_other_0201_stg1_002054,мне нужно поговорить с кем-нибудь!,мне нужно поговорить с кем-нибудь!,other,other,bitext|aug_punctuation_variant,False,True,False,other,stg1_002054,,,,punctuation_variant
aug_other_0202_stg1_001903,как предъявить черову претензию клиенту к вашему бизнесу?,как предъявить черову претензию клиенту к вашему бизнесу?,other,other,ikshana|aug_typo_delete_char,False,True,False,other,stg1_001903,,,,typo_delete_char
aug_other_0203_stg1_001804,"Мне нужно поогворить с человеком, ты можешь мне помочь?","мне нужно поогворить с человеком, ты можешь мне помочь?",other,other,bitext|aug_typo_swap_adjacent,False,True,False,other,stg1_001804,,,,typo_swap_adjacent
aug_other_0204_stg1_002040,"Я хотеел бы отправить предложение по улучшению продукта, где это сделать","я хотеел бы отправить предложение по улучшению продукта, где это сделать",other,other,bitext|aug_typo_duplicate_char,False,True,False,other,stg1_002040,,,,typo_duplicate_char
aug_other_0205_stg1_001996,"помогите, чтобы отправить предложение","помогите, чтобы отправить предложение",other,other,bitext|aug_phrase_compression,False,True,False,other,stg1_001996,,,,phrase_compression
aug_other_0206_stg1_001777,Я хотел бы оставить чертовы комментарии о продуктах которые могут мне помочь.,я хотел бы оставить чертовы комментарии о продуктах которые могут мне помочь.,other,other,bitext|aug_punctuation_variant,False,True,False,other,stg1_001777,,,,punctuation_variant
aug_other_0207_stg1_001948,Могу ли я подать рекламацию клиента против вашей кмпании,могу ли я подать рекламацию клиента против вашей кмпании,other,other,ikshana|aug_typo_delete_char,False,True,False,other,stg1_001948,,,,typo_delete_char
aug_other_0208_stg1_001800,"я не понимаю, мне нуужно поговорить с человеком","я не понимаю, мне нуужно поговорить с человеком",other,other,bitext|aug_typo_duplicate_char,False,True,False,other,stg1_001800,,,,typo_duplicate_char
aug_other_0209_stg1_001856,"помогите, чтобы подать иск","помогите, чтобы подать иск",other,other,ikshana|aug_phrase_compression,False,True,False,other,stg1_001856,,,,phrase_compression
aug_other_0210_stg1_001780,мне нужно отправить чертов отзыв о твоем бренде где я могу это сделать,мне нужно отправить чертов отзыв о твоем бренде где я могу это сделать,other,other,bitext|aug_punctuation_variant,False,True,False,other,stg1_001780,,,,punctuation_variant
aug_other_0211_stg1_002012,Можее ли вы помочь мне подать иск клиента против вашей компании?,можее ли вы помочь мне подать иск клиента против вашей компании?,other,other,ikshana|aug_typo_delete_char,False,True,False,other,stg1_002012,,,,typo_delete_char
aug_other_0212_stg1_001771,"мне нужно отправить отзыв о продукте, помогиет мне","мне нужно отправить отзыв о продукте, помогиет мне",other,other,bitext|aug_typo_swap_adjacent,False,True,False,other,stg1_001771,,,,typo_swap_adjacent
aug_other_0213_stg1_001802,"хочу отправить отзыв о вашем бренде, как я моогу это сделать","хочу отправить отзыв о вашем бренде, как я моогу это сделать",other,other,bitext|aug_typo_duplicate_char,False,True,False,other,stg1_001802,,,,typo_duplicate_char
aug_other_0214_stg1_001898,"мне нужна помощь, разговариваю с кем-то?","мне нужна помощь, разговариваю с кем-то?",other,other,ikshana|aug_punctuation_variant,False,True,False,other,stg1_001898,,,,punctuation_variant
aug_other_0215_stg1_002013,"Мне нужно отправить чертовы предложения по продукту, вы мне пможете?","мне нужно отправить чертовы предложения по продукту, вы мне пможете?",other,other,bitext|aug_typo_delete_char,False,True,False,other,stg1_002013,,,,typo_delete_char
aug_other_0216_stg1_002009,где я могу отправить чертово предложеине по продукту?,где я могу отправить чертово предложеине по продукту?,other,other,bitext|aug_typo_swap_adjacent,False,True,False,other,stg1_002009,,,,typo_swap_adjacent
aug_other_0217_stg1_001952,"Я хотел бы поговворить с чертовым агентом-человеком, помогите мне.","я хотел бы поговворить с чертовым агентом-человеком, помогите мне.",other,other,bitext|aug_typo_duplicate_char,False,True,False,other,stg1_001952,,,,typo_duplicate_char
aug_other_0218_stg1_002033,мне нужна помощь в составлении потребительской претензии?,мне нужна помощь в составлении потребительской претензии?,other,other,ikshana|aug_punctuation_variant,False,True,False,other,stg1_002033,,,,punctuation_variant
aug_other_0219_stg1_001931,"Я не знаю, как подть жалобу от потребителя.","я не знаю, как подть жалобу от потребителя.",other,other,ikshana|aug_typo_delete_char,False,True,False,other,stg1_001931,,,,typo_delete_char
aug_other_0220_stg1_001900,можешь помчоь мне поговорить с ассистентом?,можешь помчоь мне поговорить с ассистентом?,other,other,ikshana|aug_typo_swap_adjacent,False,True,False,other,stg1_001900,,,,typo_swap_adjacent
aug_other_0221_stg1_001783,"Мне нужна помощь, чтобы представить идеею","мне нужна помощь, чтобы представить идеею",other,other,bitext|aug_typo_duplicate_char,False,True,False,other,stg1_001783,,,,typo_duplicate_char
aug_other_0222_stg1_001969,Я хочу подать жалобу на вашу компанию?,я хочу подать жалобу на вашу компанию?,other,other,bitext|aug_punctuation_variant,False,True,False,other,stg1_001969,,,,punctuation_variant
aug_other_0223_stg1_001850,я должен подать иск пртив твоего бизнеса,я должен подать иск пртив твоего бизнеса,other,other,ikshana|aug_typo_delete_char,False,True,False,other,stg1_001850,,,,typo_delete_char
aug_other_0224_stg1_001921,"Мне нужно поговорить с чертовым человеком, где мне это сдлеать?","мне нужно поговорить с чертовым человеком, где мне это сдлеать?",other,other,bitext|aug_typo_swap_adjacent,False,True,False,other,stg1_001921,,,,typo_swap_adjacent
aug_other_0225_stg1_003010,У меня сложжный вопрос,у меня сложжный вопрос,other,other,synthetic_dataset|aug_typo_duplicate_char,True,True,False,other,stg1_003010,,,,typo_duplicate_char
aug_other_0226_stg1_002056,"Я хотел бы поговорить с агентом, можно ли получить помощь?","я хотел бы поговорить с агентом, можно ли получить помощь?",other,other,bitext|aug_phrase_compression,False,True,False,other,stg1_002056,,,,phrase_compression
aug_other_0227_stg1_001781,"Я хочу подать жалобу на продукцию, как мне это сделать??","я хочу подать жалобу на продукцию, как мне это сделать??",other,other,bitext|aug_punctuation_variant,False,True,False,other,stg1_001781,,,,punctuation_variant
aug_other_0228_stg1_001815,"Мне нужно отправить чертов отзыв о продуте, как я мог это сделать?","мне нужно отправить чертов отзыв о продуте, как я мог это сделать?",other,other,bitext|aug_typo_delete_char,False,True,False,other,stg1_001815,,,,typo_delete_char
aug_other_0229_stg1_001983,"Я хочу оставить отзвы о вашей компании, могу ли я получить некоторую помощь?","я хочу оставить отзвы о вашей компании, могу ли я получить некоторую помощь?",other,other,bitext|aug_typo_swap_adjacent,False,True,False,other,stg1_001983,,,,typo_swap_adjacent
aug_other_0230_stg1_002037,"Мне нужно оставить отзыв о продуккте, где это сделать?","мне нужно оставить отзыв о продуккте, где это сделать?",other,other,bitext|aug_typo_duplicate_char,False,True,False,other,stg1_002037,,,,typo_duplicate_char
aug_other_0231_stg1_001844,как поговорить с агентом-человеком?,как поговорить с агентом-человеком?,other,other,ikshana|aug_phrase_compression,False,True,False,other,stg1_001844,,,,phrase_compression
aug_other_0232_stg1_002027,"Мне нужно отправить идею, могу ли я получить помощь??","мне нужно отправить идею, могу ли я получить помощь??",other,other,bitext|aug_punctuation_variant,False,True,False,other,stg1_002027,,,,punctuation_variant
aug_other_0233_stg1_002030,можете помочь мне отправть отзыв о продукте,можете помочь мне отправть отзыв о продукте,other,other,bitext|aug_typo_delete_char,False,True,False,other,stg1_002030,,,,typo_delete_char
aug_other_0234_stg1_003006,Мне нужна помщоь,мне нужна помщоь,other,other,synthetic_dataset|aug_typo_swap_adjacent,True,True,False,other,stg1_003006,,,,typo_swap_adjacent
aug_other_0235_stg1_001860,можешь ли ты направить мне живого агентта,можешь ли ты направить мне живого агентта,other,other,ikshana|aug_typo_duplicate_char,False,True,False,other,stg1_001860,,,,typo_duplicate_char
aug_other_0236_stg1_001820,"хочу отправить чертов отзыв, где мне это сделать?!","хочу отправить чертов отзыв, где мне это сделать?!",other,other,bitext|aug_punctuation_variant,False,True,False,other,stg1_001820,,,,punctuation_variant
aug_other_0237_stg1_002017,"Я не доволен вашей рабоой, подам жалобу на потребителя.","я не доволен вашей рабоой, подам жалобу на потребителя.",other,other,ikshana|aug_typo_delete_char,False,True,False,other,stg1_002017,,,,typo_delete_char
aug_other_0238_stg1_002945,"Спасиоб, всё отлично!","спасиоб, всё отлично!",other,other,synthetic_dataset|aug_typo_swap_adjacent,True,True,False,other,stg1_002945,,,,typo_swap_adjacent
aug_other_0239_stg1_001881,"Я не знаю, что мне нужно сделать, чттобы пообщаться с оператором","я не знаю, что мне нужно сделать, чттобы пообщаться с оператором",other,other,ikshana|aug_typo_duplicate_char,False,True,False,other,stg1_001881,,,,typo_duplicate_char
aug_other_0240_stg1_001913,"помогите, чтобы поговорить с кем-то","помогите, чтобы поговорить с кем-то",other,other,ikshana|aug_phrase_compression,False,True,False,other,stg1_001913,,,,phrase_compression
aug_other_0241_stg1_001947,Мне нужно отправить отзыв о продукте где я могу это сделать?,мне нужно отправить отзыв о продукте где я могу это сделать?,other,other,bitext|aug_punctuation_variant,False,True,False,other,stg1_001947,,,,punctuation_variant
aug_other_0242_stg1_002035,"хочу оставить отыв о вашем бренде, могу ли я получить помощь","хочу оставить отыв о вашем бренде, могу ли я получить помощь",other,other,bitext|aug_typo_delete_char,False,True,False,other,stg1_002035,,,,typo_delete_char
aug_other_0243_stg1_001768,"Я хочу предложить чертовы предложения по улучшению продукта, где я моггу это сделать?","я хочу предложить чертовы предложения по улучшению продукта, где я моггу это сделать?",other,other,bitext|aug_typo_duplicate_char,False,True,False,other,stg1_001768,,,,typo_duplicate_char
aug_other_0244_stg1_001908,можно ли подать рекламацию клиента?,можно ли подать рекламацию клиента?,other,other,ikshana|aug_phrase_compression,False,True,False,other,stg1_001908,,,,phrase_compression
aug_other_0245_stg1_002039,Мне нужна помощь в общении с кем-то!,мне нужна помощь в общении с кем-то!,other,other,ikshana|aug_punctuation_variant,False,True,False,other,stg1_002039,,,,punctuation_variant
aug_other_0246_stg1_001773,"мне нужно отпавить комментарии к продукту, не могли бы мне помочь","мне нужно отпавить комментарии к продукту, не могли бы мне помочь",other,other,bitext|aug_typo_delete_char,False,True,False,other,stg1_001773,,,,typo_delete_char
aug_other_0247_stg1_002032,можешь помчоь мне связаться с кем-нибудь,можешь помчоь мне связаться с кем-нибудь,other,other,ikshana|aug_typo_swap_adjacent,False,True,False,other,stg1_002032,,,,typo_swap_adjacent
aug_other_0248_stg1_001822,кудда я могу подать жалобу на товар?,кудда я могу подать жалобу на товар?,other,other,bitext|aug_typo_duplicate_char,False,True,False,other,stg1_001822,,,,typo_duplicate_char
aug_other_0249_stg1_001909,Я не могу поговорить с ассистентом!,я не могу поговорить с ассистентом!,other,other,ikshana|aug_punctuation_variant,False,True,False,other,stg1_001909,,,,punctuation_variant
aug_other_0250_stg1_001827,"Я хотл бы отправить идею продукта, как я могу это сделать?","я хотл бы отправить идею продукта, как я могу это сделать?",other,other,bitext|aug_typo_delete_char,False,True,False,other,stg1_001827,,,,typo_delete_char
aug_other_0251_stg1_001879,"я не знаю, что длеать, чтобы поговорить с агентом","я не знаю, что длеать, чтобы поговорить с агентом",other,other,ikshana|aug_typo_swap_adjacent,False,True,False,other,stg1_001879,,,,typo_swap_adjacent
aug_other_0252_stg1_001902,Можете ли вы помочь мне состаавить претензию клиента?,можете ли вы помочь мне состаавить претензию клиента?,other,other,ikshana|aug_typo_duplicate_char,False,True,False,other,stg1_001902,,,,typo_duplicate_char
aug_other_0253_stg1_001941,"Я тебя не понимаю, помогите, чтобы поговорить с кем-нибудь, блядь,","я тебя не понимаю, помогите, чтобы поговорить с кем-нибудь, блядь,",other,other,bitext|aug_phrase_compression,False,True,False,other,stg1_001941,,,,phrase_compression
aug_other_0254_stg1_001999,Маки жалоба?,маки жалоба?,other,other,ikshana|aug_punctuation_variant,False,True,False,other,stg1_001999,,,,punctuation_variant
aug_other_0255_stg1_001927,"мне нужно оставть комментарии о продуктах, это поможет мне","мне нужно оставть комментарии о продуктах, это поможет мне",other,other,bitext|aug_typo_delete_char,False,True,False,other,stg1_001927,,,,typo_delete_char
aug_other_0256_stg1_003032,Куда писать жаолбу?,куда писать жаолбу?,other,other,synthetic_dataset|aug_typo_swap_adjacent,True,True,False,other,stg1_003032,,,,typo_swap_adjacent
aug_other_0257_stg1_002034,"нужно отправить чертовски предлложение по улучшению продукта, помогите мне","нужно отправить чертовски предлложение по улучшению продукта, помогите мне",other,other,bitext|aug_typo_duplicate_char,False,True,False,other,stg1_002034,,,,typo_duplicate_char
aug_other_0258_stg1_001785,у меня чертовски жалоба на твой бренд могу ли я ее отправить?,у меня чертовски жалоба на твой бренд могу ли я ее отправить?,other,other,bitext|aug_punctuation_variant,False,True,False,other,stg1_001785,,,,punctuation_variant
aug_other_0259_stg1_001959,"Я не знаю, что мне нужно селать, чтобы предъявить потребительскую претензию.","я не знаю, что мне нужно селать, чтобы предъявить потребительскую претензию.",other,other,ikshana|aug_typo_delete_char,False,True,False,other,stg1_001959,,,,typo_delete_char
aug_other_0260_stg1_002022,куда отпрвалять чертовы предложения по улучшению продукта,куда отпрвалять чертовы предложения по улучшению продукта,other,other,bitext|aug_typo_swap_adjacent,False,True,False,other,stg1_002022,,,,typo_swap_adjacent
aug_other_0261_stg1_001872,"Я не знаю, что мне нужно сделать, чтобы подать жаалобу клиента.","я не знаю, что мне нужно сделать, чтобы подать жаалобу клиента.",other,other,ikshana|aug_typo_duplicate_char,False,True,False,other,stg1_001872,,,,typo_duplicate_char
aug_other_0262_stg1_001821,"помогите, чтобы представить чертову идею продукта","помогите, чтобы представить чертову идею продукта",other,other,bitext|aug_phrase_compression,False,True,False,other,stg1_001821,,,,phrase_compression
aug_other_0263_stg1_002019,Я пытаюсь поговорить с кем-то?,я пытаюсь поговорить с кем-то?,other,other,ikshana|aug_punctuation_variant,False,True,False,other,stg1_002019,,,,punctuation_variant
aug_other_0264_stg1_001953,"Мне нужно отправить чертов отзыв, могу ли я получть помощь?","мне нужно отправить чертов отзыв, могу ли я получть помощь?",other,other,bitext|aug_typo_delete_char,False,True,False,other,stg1_001953,,,,typo_delete_char
aug_other_0265_stg1_001937,"У меня есть чертов комментраий о твоем бренде, я бы хотел его отправить.","у меня есть чертов комментраий о твоем бренде, я бы хотел его отправить.",other,other,bitext|aug_typo_swap_adjacent,False,True,False,other,stg1_001937,,,,typo_swap_adjacent
aug_other_0266_stg1_002005,"Я хочу отправвить идею продукта, как это сделать?","я хочу отправвить идею продукта, как это сделать?",other,other,bitext|aug_typo_duplicate_char,False,True,False,other,stg1_002005,,,,typo_duplicate_char
aug_other_0267_stg1_001964,"мне нужна помощь, чтобы поговорить с агентом-человеком!","мне нужна помощь, чтобы поговорить с агентом-человеком!",other,other,ikshana|aug_punctuation_variant,False,True,False,other,stg1_001964,,,,punctuation_variant
aug_other_0268_stg1_002997,Вы лучший магаин!,вы лучший магаин!,other,other,synthetic_dataset|aug_typo_delete_char,True,True,False,other,stg1_002997,,,,typo_delete_char
aug_other_0269_stg1_001949,я не могу говорить с агеннтом,я не могу говорить с агеннтом,other,other,ikshana|aug_typo_duplicate_char,False,True,False,other,stg1_001949,,,,typo_duplicate_char
aug_other_0270_stg1_001884,Я пытаюсь поговорить с агентом!,я пытаюсь поговорить с агентом!,other,other,ikshana|aug_punctuation_variant,False,True,False,other,stg1_001884,,,,punctuation_variant
aug_other_0271_stg1_001817,"мне нужно отправить отыв, чтобы сделать это","мне нужно отправить отыв, чтобы сделать это",other,other,bitext|aug_typo_delete_char,False,True,False,other,stg1_001817,,,,typo_delete_char
aug_other_0272_stg1_001998,"Я хотел бы предложить идеи по улучшению продкута, где мне это сделать?","я хотел бы предложить идеи по улучшению продкута, где мне это сделать?",other,other,bitext|aug_typo_swap_adjacent,False,True,False,other,stg1_001998,,,,typo_swap_adjacent
aug_other_0273_stg1_001855,Мне нужна помощь в составлении реккламации клиента,мне нужна помощь в составлении реккламации клиента,other,other,ikshana|aug_typo_duplicate_char,False,True,False,other,stg1_001855,,,,typo_duplicate_char
aug_other_0274_stg1_001935,"что нужно сделать, чтобы пообщаться с ассистентом?","что нужно сделать, чтобы пообщаться с ассистентом?",other,other,ikshana|aug_phrase_compression,False,True,False,other,stg1_001935,,,,phrase_compression
aug_other_0275_stg1_001956,Я пытаюсь поговорить с ассистентом!,я пытаюсь поговорить с ассистентом!,other,other,ikshana|aug_punctuation_variant,False,True,False,other,stg1_001956,,,,punctuation_variant
aug_other_0276_stg1_001978,Мне нужно отпавить чертовы жалобы на продукт.,мне нужно отпавить чертовы жалобы на продукт.,other,other,bitext|aug_typo_delete_char,False,True,False,other,stg1_001978,,,,typo_delete_char
aug_other_0277_stg1_001770,"Я хотел бы отправить чертво комментарий о твоей компании, ох, я это сделаю","я хотел бы отправить чертво комментарий о твоей компании, ох, я это сделаю",other,other,bitext|aug_typo_swap_adjacent,False,True,False,other,stg1_001770,,,,typo_swap_adjacent
aug_other_0278_stg1_001873,можнно ли подать чертову претензию от клиента?,можнно ли подать чертову претензию от клиента?,other,other,ikshana|aug_typo_duplicate_char,False,True,False,other,stg1_001873,,,,typo_duplicate_char
aug_other_0279_stg1_002024,"Я хочу оставить комментарий о вашем бренде, мне нужна помощь?","я хочу оставить комментарий о вашем бренде, мне нужна помощь?",other,other,bitext|aug_punctuation_variant,False,True,False,other,stg1_002024,,,,punctuation_variant
aug_other_0280_stg1_001825,"я бы хотел пговорить с кем-нибудь, где я мог бы это сделать","я бы хотел пговорить с кем-нибудь, где я мог бы это сделать",other,other,bitext|aug_typo_delete_char,False,True,False,other,stg1_001825,,,,typo_delete_char
aug_other_0281_stg1_001894,Можете ли вы помочь мне подаьт претензию клиента?,можете ли вы помочь мне подаьт претензию клиента?,other,other,ikshana|aug_typo_swap_adjacent,False,True,False,other,stg1_001894,,,,typo_swap_adjacent
aug_other_0282_stg1_001933,"Я вас не понимаю, мне нужна поммощь, чтобы поговорить с агентом-человеком.","я вас не понимаю, мне нужна поммощь, чтобы поговорить с агентом-человеком.",other,other,bitext|aug_typo_duplicate_char,False,True,False,other,stg1_001933,,,,typo_duplicate_char
aug_other_0283_stg1_002023,"хочу поговорить с чертовым агентом-человеком, могу ли я получить помощь?","хочу поговорить с чертовым агентом-человеком, могу ли я получить помощь?",other,other,bitext|aug_phrase_compression,False,True,False,other,stg1_002023,,,,phrase_compression
aug_other_0284_stg1_001895,помогите мне подать иск клиента против вашей компании!,помогите мне подать иск клиента против вашей компании!,other,other,ikshana|aug_punctuation_variant,False,True,False,other,stg1_001895,,,,punctuation_variant
aug_other_0285_stg1_001848,нужна помощь в подаче потребиельского иска против вашей организации,нужна помощь в подаче потребиельского иска против вашей организации,other,other,ikshana|aug_typo_delete_char,False,True,False,other,stg1_001848,,,,typo_delete_char
aug_other_0286_stg1_001955,подача иска против вашего бинзеса,подача иска против вашего бинзеса,other,other,ikshana|aug_typo_swap_adjacent,False,True,False,other,stg1_001955,,,,typo_swap_adjacent
aug_other_0287_stg1_001835,"Мне нужна помощь, чтобы отправвить предложения по продуктам","мне нужна помощь, чтобы отправвить предложения по продуктам",other,other,bitext|aug_typo_duplicate_char,False,True,False,other,stg1_001835,,,,typo_duplicate_char
aug_other_0288_stg1_001849,"я не знаю, что нужно сделать, чтобы поговорить с живым агентом","я не знаю, что нужно сделать, чтобы поговорить с живым агентом",other,other,ikshana|aug_phrase_compression,False,True,False,other,stg1_001849,,,,phrase_compression
aug_other_0289_stg1_001790,"Я хотел бы подать чертову жалобу на твой бренд, помоги мне!","я хотел бы подать чертову жалобу на твой бренд, помоги мне!",other,other,bitext|aug_punctuation_variant,False,True,False,other,stg1_001790,,,,punctuation_variant
aug_other_0290_stg1_001994,Я хотел бы отправить предложения по улучшению продукта. Можете ли вы мне помоь?,я хотел бы отправить предложения по улучшению продукта. можете ли вы мне помоь?,other,other,bitext|aug_typo_delete_char,False,True,False,other,stg1_001994,,,,typo_delete_char
aug_other_0291_stg1_001871,"мне нужна помощь, чтобы поговорить с живым агенотм","мне нужна помощь, чтобы поговорить с живым агенотм",other,other,ikshana|aug_typo_swap_adjacent,False,True,False,other,stg1_001871,,,,typo_swap_adjacent
aug_other_0292_stg1_001857,"Я хочу подать рекламацию клииента, могу ли я получить помощь?","я хочу подать рекламацию клииента, могу ли я получить помощь?",other,other,ikshana|aug_typo_duplicate_char,False,True,False,other,stg1_001857,,,,typo_duplicate_char
aug_other_0293_stg1_001905,можно ли связаться с помощником?,можно ли связаться с помощником?,other,other,ikshana|aug_phrase_compression,False,True,False,other,stg1_001905,,,,phrase_compression
aug_other_0294_stg1_001826,"Мне нужно поговорить с чертовым кем-нибудь, помоги мне?","мне нужно поговорить с чертовым кем-нибудь, помоги мне?",other,other,bitext|aug_punctuation_variant,False,True,False,other,stg1_001826,,,,punctuation_variant
aug_other_0295_stg1_002957,Посоветуйе что-нибудь,посоветуйе что-нибудь,other,other,synthetic_dataset|aug_typo_delete_char,True,True,False,other,stg1_002957,,,,typo_delete_char
aug_other_0296_stg1_001796,"Мне нужно отправить предложения по прдоуктам, где я могу это сделать?","мне нужно отправить предложения по прдоуктам, где я могу это сделать?",other,other,bitext|aug_typo_swap_adjacent,False,True,False,other,stg1_001796,,,,typo_swap_adjacent
aug_other_0297_stg1_001938,как подать претензию клиента против вашеей организации,как подать претензию клиента против вашеей организации,other,other,ikshana|aug_typo_duplicate_char,False,True,False,other,stg1_001938,,,,typo_duplicate_char
aug_other_0298_stg1_002028,"нужно отправить комментарий о вашем бренде, можете ли вы мне помочь?","нужно отправить комментарий о вашем бренде, можете ли вы мне помочь?",other,other,bitext|aug_phrase_compression,False,True,False,other,stg1_002028,,,,phrase_compression
aug_other_0299_stg1_001982,у меня есть чертов отзыв о вашей компании помогите мне отправить его,у меня есть чертов отзыв о вашей компании помогите мне отправить его,other,other,bitext|aug_punctuation_variant,False,True,False,other,stg1_001982,,,,punctuation_variant
aug_other_0300_stg1_001934,"мне нжно подать чертову жалобу на твою компанию, как это сделать","мне нжно подать чертову жалобу на твою компанию, как это сделать",other,other,bitext|aug_typo_delete_char,False,True,False,other,stg1_001934,,,,typo_delete_char
aug_other_0301_stg1_001809,"Я хотел бы поговорить с чертовым оператором, могу ли я получить пмоощь?","я хотел бы поговорить с чертовым оператором, могу ли я получить пмоощь?",other,other,bitext|aug_typo_swap_adjacent,False,True,False,other,stg1_001809,,,,typo_swap_adjacent
aug_other_0302_stg1_001914,"я не знааю, как подать жалобу клиента","я не знааю, как подать жалобу клиента",other,other,ikshana|aug_typo_duplicate_char,False,True,False,other,stg1_001914,,,,typo_duplicate_char
aug_other_0303_stg1_001801,могу ли я предложить чертовски продукт??,могу ли я предложить чертовски продукт??,other,other,bitext|aug_punctuation_variant,False,True,False,other,stg1_001801,,,,punctuation_variant
aug_other_0304_stg1_001837,"Я бы хотел поговорить с чертовым человеком, который мог бы мне поочь.","я бы хотел поговорить с чертовым человеком, который мог бы мне поочь.",other,other,bitext|aug_typo_delete_char,False,True,False,other,stg1_001837,,,,typo_delete_char
aug_other_0305_stg1_001926,"мне нужан помощь, чтобы отправить комментарий о вашем бренде","мне нужан помощь, чтобы отправить комментарий о вашем бренде",other,other,bitext|aug_typo_swap_adjacent,False,True,False,other,stg1_001926,,,,typo_swap_adjacent
aug_other_0306_stg1_001811,"я не понимаю, мне нуужна помощь, чтобы поговорить с оператором","я не понимаю, мне нуужна помощь, чтобы поговорить с оператором",other,other,bitext|aug_typo_duplicate_char,False,True,False,other,stg1_001811,,,,typo_duplicate_char
aug_other_0307_stg1_001906,поговорить с агентом?,поговорить с агентом?,other,other,ikshana|aug_punctuation_variant,False,True,False,other,stg1_001906,,,,punctuation_variant
aug_payment_refund_0001_stg1_002063,"Мне нужно увидеть ваши вариианты оплаты, как это сделать?","мне нужно увидеть ваши вариианты оплаты, как это сделать?",payment_refund,payment_refund,bitext|aug_typo_duplicate_char,False,True,False,payment_refund,stg1_002063,,,,typo_duplicate_char
aug_payment_refund_0002_stg1_002258,"Я не знаю, что мне нужно сделать, чтобы потребовать компенсацию?","я не знаю, что мне нужно сделать, чтобы потребовать компенсацию?",payment_refund,payment_refund,ikshana|aug_punctuation_variant,False,True,False,payment_refund,stg1_002258,,,,punctuation_variant
aug_payment_refund_0003_stg1_002112,как мне сообщить о проблемах с оплатй?,как мне сообщить о проблемах с оплатй?,payment_refund,payment_refund,ikshana|aug_typo_delete_char,False,True,False,payment_refund,stg1_002112,,,,typo_delete_char
aug_payment_refund_0004_stg1_002120,помогите уведомить о гребаной ошибек с онлайн-платежами,помогите уведомить о гребаной ошибек с онлайн-платежами,payment_refund,payment_refund,ikshana|aug_typo_swap_adjacent,False,True,False,payment_refund,stg1_002120,,,,typo_swap_adjacent
aug_payment_refund_0005_stg1_002119,"хоочу проверить, какие способы оплаты uaccept","хоочу проверить, какие способы оплаты uaccept",payment_refund,payment_refund,ikshana|aug_typo_duplicate_char,False,True,False,payment_refund,stg1_002119,,,,typo_duplicate_char
aug_payment_refund_0006_stg1_002093,Я хотел бы узнать о вашей гарантии возврата денег дайте мне некоторую информацию,я хотел бы узнать о вашей гарантии возврата денег дайте мне некоторую информацию,payment_refund,payment_refund,bitext|aug_punctuation_variant,False,True,False,payment_refund,stg1_002093,,,,punctuation_variant
aug_payment_refund_0007_stg1_002342,"Мне нужно проверить ваши чертовы способы оплаты, мне нжна помощь.","мне нужно проверить ваши чертовы способы оплаты, мне нжна помощь.",payment_refund,payment_refund,bitext|aug_typo_delete_char,False,True,False,payment_refund,stg1_002342,,,,typo_delete_char
aug_payment_refund_0008_stg1_002195,"Пожалйуста, дайте мне подробности: 1 долл. США = Rs","пожалйуста, дайте мне подробности: 1 долл. сша = rs",payment_refund,payment_refund,runlu|aug_typo_swap_adjacent,False,True,False,payment_refund,stg1_002195,,,,typo_swap_adjacent
aug_payment_refund_0009_stg1_002129,"мне нужно получить чертов счет от Джоона, мне нужна помощь","мне нужно получить чертов счет от джоона, мне нужна помощь",payment_refund,payment_refund,ikshana|aug_typo_duplicate_char,False,True,False,payment_refund,stg1_002129,,,,typo_duplicate_char
aug_payment_refund_0010_stg1_002094,"хочу узнать о вашей политике возврата денег, можете ли вы найти некоторую информацию?","хочу узнать о вашей политике возврата денег, можете ли вы найти некоторую информацию?",payment_refund,payment_refund,bitext|aug_phrase_compression,False,True,False,payment_refund,stg1_002094,,,,phrase_compression
aug_payment_refund_0011_stg1_002139,я не вижу твоей политики возврата денег!,я не вижу твоей политики возврата денег!,payment_refund,payment_refund,ikshana|aug_punctuation_variant,False,True,False,payment_refund,stg1_002139,,,,punctuation_variant
aug_payment_refund_0012_stg1_002086,"Я хотел бы селать переводы, помогите мне","я хотел бы селать переводы, помогите мне",payment_refund,payment_refund,bitext|aug_typo_delete_char,False,True,False,payment_refund,stg1_002086,,,,typo_delete_char
aug_payment_refund_0013_stg1_002252,"Я заказал чертову веещь и не получил счет, можешь ли ты мне помочь с ее получением?","я заказал чертову веещь и не получил счет, можешь ли ты мне помочь с ее получением?",payment_refund,payment_refund,bitext|aug_typo_duplicate_char,False,True,False,payment_refund,stg1_002252,,,,typo_duplicate_char
aug_payment_refund_0014_stg1_002289,"Мне нужно выехать, помогите мне?","мне нужно выехать, помогите мне?",payment_refund,payment_refund,bitext|aug_punctuation_variant,False,True,False,payment_refund,stg1_002289,,,,punctuation_variant
aug_payment_refund_0015_stg1_002123,Мне нужна помощь в поиске счетов от Джоа.,мне нужна помощь в поиске счетов от джоа.,payment_refund,payment_refund,ikshana|aug_typo_delete_char,False,True,False,payment_refund,stg1_002123,,,,typo_delete_char
aug_payment_refund_0016_stg1_002339,"Мне нужно уведомить о долабных проблемах с оплатой, где это сделать?","мне нужно уведомить о долабных проблемах с оплатой, где это сделать?",payment_refund,payment_refund,bitext|aug_typo_swap_adjacent,False,True,False,payment_refund,stg1_002339,,,,typo_swap_adjacent
aug_payment_refund_0017_stg1_002090,У меня возникла проблема с оплатой дебетовоой картой. Можете ли вы сообщить об этом?,у меня возникла проблема с оплатой дебетовоой картой. можете ли вы сообщить об этом?,payment_refund,payment_refund,bitext|aug_typo_duplicate_char,False,True,False,payment_refund,stg1_002090,,,,typo_duplicate_char
aug_payment_refund_0018_stg1_002248,"хочу расплатиться чертовой картой, как мне это сделать?","хочу расплатиться чертовой картой, как мне это сделать?",payment_refund,payment_refund,bitext|aug_phrase_compression,False,True,False,payment_refund,stg1_002248,,,,phrase_compression
aug_payment_refund_0019_stg1_002337,Можете ли вы помочь мне получить возврат денег??,можете ли вы помочь мне получить возврат денег??,payment_refund,payment_refund,ikshana|aug_punctuation_variant,False,True,False,payment_refund,stg1_002337,,,,punctuation_variant
aug_payment_refund_0020_stg1_002067,"я сделал чертов заказ и не получил счет, мне нуна помощь, чтобы его скачать","я сделал чертов заказ и не получил счет, мне нуна помощь, чтобы его скачать",payment_refund,payment_refund,bitext|aug_typo_delete_char,False,True,False,payment_refund,stg1_002067,,,,typo_delete_char
aug_payment_refund_0021_stg1_002100,"я ищу информацию о статусе моего возмщеения, где я могу его получить","я ищу информацию о статусе моего возмщеения, где я могу его получить",payment_refund,payment_refund,bitext|aug_typo_swap_adjacent,False,True,False,payment_refund,stg1_002100,,,,typo_swap_adjacent
aug_payment_refund_0022_stg1_002116,вижжу счет №85632,вижжу счет №85632,payment_refund,payment_refund,ikshana|aug_typo_duplicate_char,False,True,False,payment_refund,stg1_002116,,,,typo_duplicate_char
aug_payment_refund_0023_stg1_002105,"Я заказал товар, но не получил счет. Можете ли вы мне помочь его получить??","я заказал товар, но не получил счет. можете ли вы мне помочь его получить??",payment_refund,payment_refund,bitext|aug_punctuation_variant,False,True,False,payment_refund,stg1_002105,,,,punctuation_variant
aug_payment_refund_0024_stg1_002156,куда я могу сообщить о проблемах с онлайн-платежаи,куда я могу сообщить о проблемах с онлайн-платежаи,payment_refund,payment_refund,ikshana|aug_typo_delete_char,False,True,False,payment_refund,stg1_002156,,,,typo_delete_char
aug_payment_refund_0025_stg1_002226,Моогу ли я увидеть вашу политику возмещения?,моогу ли я увидеть вашу политику возмещения?,payment_refund,payment_refund,ikshana|aug_typo_duplicate_char,False,True,False,payment_refund,stg1_002226,,,,typo_duplicate_char
aug_payment_refund_0026_stg1_002281,нужно получить возмещение моих денег,нужно получить возмещение моих денег,payment_refund,payment_refund,ikshana|aug_phrase_compression,False,True,False,payment_refund,stg1_002281,,,,phrase_compression
aug_payment_refund_0027_stg1_002330,"мне нужна помощь, чтобы проверить счет № 12588!","мне нужна помощь, чтобы проверить счет № 12588!",payment_refund,payment_refund,ikshana|aug_punctuation_variant,False,True,False,payment_refund,stg1_002330,,,,punctuation_variant
aug_payment_refund_0028_stg1_002208,Каков обменный курс межу 100 долл. США и песо?,каков обменный курс межу 100 долл. сша и песо?,payment_refund,payment_refund,runlu|aug_typo_delete_char,False,True,False,payment_refund,stg1_002208,,,,typo_delete_char
aug_payment_refund_0029_stg1_002233,Мне нужна помощь в загрузке сечтов от Джона.,мне нужна помощь в загрузке сечтов от джона.,payment_refund,payment_refund,ikshana|aug_typo_swap_adjacent,False,True,False,payment_refund,stg1_002233,,,,typo_swap_adjacent
aug_payment_refund_0030_stg1_002312,мог бы рассказать мне больше о вашей политике возврата деенег,мог бы рассказать мне больше о вашей политике возврата деенег,payment_refund,payment_refund,bitext|aug_typo_duplicate_char,False,True,False,payment_refund,stg1_002312,,,,typo_duplicate_char
aug_payment_refund_0031_stg1_002303,я купил чертов товар и не получил счет помогите мне его получить,я купил чертов товар и не получил счет помогите мне его получить,payment_refund,payment_refund,bitext|aug_punctuation_variant,False,True,False,payment_refund,stg1_002303,,,,punctuation_variant
aug_payment_refund_0032_stg1_002203,Сколько соит 1 евро в рупиях.,сколько соит 1 евро в рупиях.,payment_refund,payment_refund,runlu|aug_typo_delete_char,False,True,False,payment_refund,stg1_002203,,,,typo_delete_char
aug_payment_refund_0033_stg1_001396,"я хочу вернуть деньги, помогитте мне запросить это","я хочу вернуть деньги, помогитте мне запросить это",return_exchange,payment_refund,bitext|aug_typo_duplicate_char,False,True,False,return_exchange,stg1_001396,,,,typo_duplicate_char
aug_payment_refund_0034_stg1_002101,хочу узнать о твоих чертовых способах оплаты. Могу найти некоторую информацию.,хочу узнать о твоих чертовых способах оплаты. могу найти некоторую информацию.,payment_refund,payment_refund,bitext|aug_phrase_compression,False,True,False,payment_refund,stg1_002101,,,,phrase_compression
aug_payment_refund_0035_stg1_002311,Мне нужен счет я хочу его найти.,мне нужен счет я хочу его найти.,payment_refund,payment_refund,bitext|aug_punctuation_variant,False,True,False,payment_refund,stg1_002311,,,,punctuation_variant
aug_payment_refund_0036_stg1_002107,Мне нужа помощь с переводами,мне нужа помощь с переводами,payment_refund,payment_refund,bitext|aug_typo_delete_char,False,True,False,payment_refund,stg1_002107,,,,typo_delete_char
aug_payment_refund_0037_stg1_002079,"Я соевршил покупку и не получил счет-фактуру, не могли бы вы его получить?","я соевршил покупку и не получил счет-фактуру, не могли бы вы его получить?",payment_refund,payment_refund,bitext|aug_typo_swap_adjacent,False,True,False,payment_refund,stg1_002079,,,,typo_swap_adjacent
aug_payment_refund_0038_stg1_002114,хочу помоччь получить возврат моих денег,хочу помоччь получить возврат моих денег,payment_refund,payment_refund,ikshana|aug_typo_duplicate_char,False,True,False,payment_refund,stg1_002114,,,,typo_duplicate_char
aug_payment_refund_0039_stg1_002213,"Мне нужна информация о вашей гарантии возврата денег, как ее получить?","мне нужна информация о вашей гарантии возврата денег, как ее получить?",payment_refund,payment_refund,bitext|aug_phrase_compression,False,True,False,payment_refund,stg1_002213,,,,phrase_compression
aug_payment_refund_0040_stg1_002068,Я хотел бы получить счет?,я хотел бы получить счет?,payment_refund,payment_refund,bitext|aug_punctuation_variant,False,True,False,payment_refund,stg1_002068,,,,punctuation_variant
aug_payment_refund_0041_stg1_002276,"хочу узнть больше о статусе моего возмещения, могу найти некоторую информацию","хочу узнть больше о статусе моего возмещения, могу найти некоторую информацию",payment_refund,payment_refund,bitext|aug_typo_delete_char,False,True,False,payment_refund,stg1_002276,,,,typo_delete_char
aug_payment_refund_0042_stg1_002275,Я жду комппенсацию в размере 10$,я жду комппенсацию в размере 10$,payment_refund,payment_refund,ikshana|aug_typo_duplicate_char,False,True,False,payment_refund,stg1_002275,,,,typo_duplicate_char
aug_payment_refund_0043_stg1_002132,"Я не знаю, как мне скачать счет №00108!","я не знаю, как мне скачать счет №00108!",payment_refund,payment_refund,ikshana|aug_punctuation_variant,False,True,False,payment_refund,stg1_002132,,,,punctuation_variant
aug_payment_refund_0044_stg1_002206,Склько канадских долларов в долларах США?,склько канадских долларов в долларах сша?,payment_refund,payment_refund,runlu|aug_typo_delete_char,False,True,False,payment_refund,stg1_002206,,,,typo_delete_char
aug_payment_refund_0045_stg1_002111,"помогите мне понять, при какиих обстоятельствах я могу запросить возврат средств","помогите мне понять, при какиих обстоятельствах я могу запросить возврат средств",payment_refund,payment_refund,ikshana|aug_typo_duplicate_char,False,True,False,payment_refund,stg1_002111,,,,typo_duplicate_char
aug_payment_refund_0046_stg1_002237,помогите с долбанными платежами,помогите с долбанными платежами,payment_refund,payment_refund,bitext|aug_phrase_compression,False,True,False,payment_refund,stg1_002237,,,,phrase_compression
aug_payment_refund_0047_stg1_002328,"что мне нужно сделать, чтобы увидеть текущий статус компенсации??","что мне нужно сделать, чтобы увидеть текущий статус компенсации??",payment_refund,payment_refund,ikshana|aug_punctuation_variant,False,True,False,payment_refund,stg1_002328,,,,punctuation_variant
aug_payment_refund_0048_stg1_002211,Я хотел бы увидеть чертов статуус моего возмещения. Не могли бы вы мне помочь?,я хотел бы увидеть чертов статуус моего возмещения. не могли бы вы мне помочь?,payment_refund,payment_refund,bitext|aug_typo_duplicate_char,False,True,False,payment_refund,stg1_002211,,,,typo_duplicate_char
aug_payment_refund_0049_stg1_002317,Wqanna совершать платежи как мне это сделать?,wqanna совершать платежи как мне это сделать?,payment_refund,payment_refund,bitext|aug_punctuation_variant,False,True,False,payment_refund,stg1_002317,,,,punctuation_variant
aug_payment_refund_0050_stg1_002171,[Валюта: долары США] к евро,[валюта: долары сша] к евро,payment_refund,payment_refund,runlu|aug_typo_delete_char,False,True,False,payment_refund,stg1_002171,,,,typo_delete_char
aug_payment_refund_0051_stg1_002315,"Я ищу информацию о чертовом статусе моего отказа, мне нужна пмоощь.","я ищу информацию о чертовом статусе моего отказа, мне нужна пмоощь.",payment_refund,payment_refund,bitext|aug_typo_swap_adjacent,False,True,False,payment_refund,stg1_002315,,,,typo_swap_adjacent
aug_payment_refund_0052_stg1_002290,"Я хотел бы выехать, как я моогу это сделать?","я хотел бы выехать, как я моогу это сделать?",payment_refund,payment_refund,bitext|aug_typo_duplicate_char,False,True,False,payment_refund,stg1_002290,,,,typo_duplicate_char
aug_payment_refund_0053_stg1_002946,Пришлите чек об оплате?,пришлите чек об оплате?,payment_refund,payment_refund,synthetic_dataset|aug_punctuation_variant,True,True,False,payment_refund,stg1_002946,,,,punctuation_variant
aug_payment_refund_0054_stg1_002191,- какова применимая плата за пеесчет валют.,- какова применимая плата за пеесчет валют.,payment_refund,payment_refund,runlu|aug_typo_delete_char,False,True,False,payment_refund,stg1_002191,,,,typo_delete_char
aug_payment_refund_0055_stg1_002196,"Обмненый курс, который я получу с иностранной валютой","обмненый курс, который я получу с иностранной валютой",payment_refund,payment_refund,runlu|aug_typo_swap_adjacent,False,True,False,payment_refund,stg1_002196,,,,typo_swap_adjacent
aug_payment_refund_0056_stg1_002326,как сообщить об ошибках с оплатоой,как сообщить об ошибках с оплатоой,payment_refund,payment_refund,ikshana|aug_typo_duplicate_char,False,True,False,payment_refund,stg1_002326,,,,typo_duplicate_char
aug_payment_refund_0057_stg1_002177,Сколько стоит фунт в долл. США,сколько стоит фунт в долл. сша,payment_refund,payment_refund,runlu|aug_punctuation_variant,False,True,False,payment_refund,stg1_002177,,,,punctuation_variant
aug_payment_refund_0058_stg1_002344,Я хочу ознакомиться с вашей политикй возврата средств. Вы мне поможете?,я хочу ознакомиться с вашей политикй возврата средств. вы мне поможете?,payment_refund,payment_refund,bitext|aug_typo_delete_char,False,True,False,payment_refund,stg1_002344,,,,typo_delete_char
aug_payment_refund_0059_stg1_002241,"я не знаю, как я могу плоучить денежную компенсацию","я не знаю, как я могу плоучить денежную компенсацию",payment_refund,payment_refund,ikshana|aug_typo_swap_adjacent,False,True,False,payment_refund,stg1_002241,,,,typo_swap_adjacent
aug_payment_refund_0060_stg1_002165,Сколько у США [валюта_источчник: доллары] в 100 евро?,сколько у сша [валюта_источчник: доллары] в 100 евро?,payment_refund,payment_refund,runlu|aug_typo_duplicate_char,False,True,False,payment_refund,stg1_002165,,,,typo_duplicate_char
aug_payment_refund_0061_stg1_002333,Мне нужно проверить процесс возврата средств. Могу ли я получить помощь?!,мне нужно проверить процесс возврата средств. могу ли я получить помощь?!,payment_refund,payment_refund,bitext|aug_punctuation_variant,False,True,False,payment_refund,stg1_002333,,,,punctuation_variant
aug_payment_refund_0062_stg1_002251,"Я не знаю, что мне нуно сделать, чтобы получить счет №12588.","я не знаю, что мне нуно сделать, чтобы получить счет №12588.",payment_refund,payment_refund,ikshana|aug_typo_delete_char,False,True,False,payment_refund,stg1_002251,,,,typo_delete_char
aug_payment_refund_0063_stg1_002073,"Я хотел бы узнать больше о ваших способах оплаты, можете ли вы дать мне некоотрую информацию?","я хотел бы узнать больше о ваших способах оплаты, можете ли вы дать мне некоотрую информацию?",payment_refund,payment_refund,bitext|aug_typo_swap_adjacent,False,True,False,payment_refund,stg1_002073,,,,typo_swap_adjacent
aug_payment_refund_0064_stg1_002153,Жду блин воззврата 10$,жду блин воззврата 10$,payment_refund,payment_refund,ikshana|aug_typo_duplicate_char,False,True,False,payment_refund,stg1_002153,,,,typo_duplicate_char
aug_payment_refund_0065_stg1_002124,Я не знаю что делать чтобы потребовать возврат денег.,я не знаю что делать чтобы потребовать возврат денег.,payment_refund,payment_refund,ikshana|aug_punctuation_variant,False,True,False,payment_refund,stg1_002124,,,,punctuation_variant
aug_payment_refund_0066_stg1_001308,"Я хотел бы запросить возврат средств, могу ли я получить нкоторую помощь?","я хотел бы запросить возврат средств, могу ли я получить нкоторую помощь?",return_exchange,payment_refund,bitext|aug_typo_delete_char,False,True,False,return_exchange,stg1_001308,,,,typo_delete_char
aug_payment_refund_0067_stg1_002184,Текущие ставки на предопследние периоды,текущие ставки на предопследние периоды,payment_refund,payment_refund,runlu|aug_typo_swap_adjacent,False,True,False,payment_refund,stg1_002184,,,,typo_swap_adjacent
aug_payment_refund_0068_stg1_002178,что таакое обменный курс доллара,что таакое обменный курс доллара,payment_refund,payment_refund,runlu|aug_typo_duplicate_char,False,True,False,payment_refund,stg1_002178,,,,typo_duplicate_char
aug_payment_refund_0069_stg1_002316,"Мне нужно проверить, в каких случаях я могу запросить возмещение!","мне нужно проверить, в каких случаях я могу запросить возмещение!",payment_refund,payment_refund,ikshana|aug_punctuation_variant,False,True,False,payment_refund,stg1_002316,,,,punctuation_variant
aug_payment_refund_0070_stg1_002228,У меня вознкла проблема с оплатой кредитной картой,у меня вознкла проблема с оплатой кредитной картой,payment_refund,payment_refund,bitext|aug_typo_delete_char,False,True,False,payment_refund,stg1_002228,,,,typo_delete_char
aug_payment_refund_0071_stg1_002984,Возврат средств на карут,возврат средств на карут,payment_refund,payment_refund,synthetic_dataset|aug_typo_swap_adjacent,True,True,False,payment_refund,stg1_002984,,,,typo_swap_adjacent
aug_payment_refund_0072_stg1_002087,"мне нужна помощщь, чтобы проверить статус моего возмещения","мне нужна помощщь, чтобы проверить статус моего возмещения",payment_refund,payment_refund,bitext|aug_typo_duplicate_char,False,True,False,payment_refund,stg1_002087,,,,typo_duplicate_char
aug_payment_refund_0073_stg1_002309,"помогите мне понять, в каких случаях я могу потребовать вернуть свои деньги!","помогите мне понять, в каких случаях я могу потребовать вернуть свои деньги!",payment_refund,payment_refund,ikshana|aug_punctuation_variant,False,True,False,payment_refund,stg1_002309,,,,punctuation_variant
aug_payment_refund_0074_stg1_002096,"Я своершил покупку и не получил счет, могу его получить","я своершил покупку и не получил счет, могу его получить",payment_refund,payment_refund,bitext|aug_typo_swap_adjacent,False,True,False,payment_refund,stg1_002096,,,,typo_swap_adjacent
aug_payment_refund_0075_stg1_002321,как я моггу получить возмещение,как я моггу получить возмещение,payment_refund,payment_refund,ikshana|aug_typo_duplicate_char,False,True,False,payment_refund,stg1_002321,,,,typo_duplicate_char
aug_payment_refund_0076_stg1_002956,Хочу вернуть деньги за заказ!,хочу вернуть деньги за заказ!,payment_refund,payment_refund,synthetic_dataset|aug_punctuation_variant,True,True,False,payment_refund,stg1_002956,,,,punctuation_variant
aug_payment_refund_0077_stg1_002193,Какова ставка меду песо и иеной?,какова ставка меду песо и иеной?,payment_refund,payment_refund,runlu|aug_typo_delete_char,False,True,False,payment_refund,stg1_002193,,,,typo_delete_char
aug_payment_refund_0078_stg1_002182,Сколько сттоит доллар США против рупии?,сколько сттоит доллар сша против рупии?,payment_refund,payment_refund,runlu|aug_typo_duplicate_char,False,True,False,payment_refund,stg1_002182,,,,typo_duplicate_char
aug_payment_refund_0079_stg1_002118,помогите мне проверить статус возврата?,помогите мне проверить статус возврата?,payment_refund,payment_refund,ikshana|aug_punctuation_variant,False,True,False,payment_refund,stg1_002118,,,,punctuation_variant
aug_payment_refund_0080_stg1_002205,Сколько йен за доллры сегодня?,сколько йен за доллры сегодня?,payment_refund,payment_refund,runlu|aug_typo_delete_char,False,True,False,payment_refund,stg1_002205,,,,typo_delete_char
aug_payment_refund_0081_stg1_002141,нужна помощь в получении взыова #12588,нужна помощь в получении взыова #12588,payment_refund,payment_refund,ikshana|aug_typo_swap_adjacent,False,True,False,payment_refund,stg1_002141,,,,typo_swap_adjacent
aug_payment_refund_0082_stg1_002082,"Я хоочу отследить свой чертов возврат средств, как мне это сделать?","я хоочу отследить свой чертов возврат средств, как мне это сделать?",payment_refund,payment_refund,bitext|aug_typo_duplicate_char,False,True,False,payment_refund,stg1_002082,,,,typo_duplicate_char
aug_payment_refund_0083_stg1_002172,Если у меня есть 5 долларов сколько это стоит в AUD?,если у меня есть 5 долларов сколько это стоит в aud?,payment_refund,payment_refund,runlu|aug_punctuation_variant,False,True,False,payment_refund,stg1_002172,,,,punctuation_variant
aug_payment_refund_0084_stg1_002238,"Я хотел бы провеить твои чертовы способы оплаты, мне нужна помощь","я хотел бы провеить твои чертовы способы оплаты, мне нужна помощь",payment_refund,payment_refund,bitext|aug_typo_delete_char,False,True,False,payment_refund,stg1_002238,,,,typo_delete_char
aug_payment_refund_0085_stg1_002197,"Если бы у меня былло 500 долларов, сколько бы это было иен?","если бы у меня былло 500 долларов, сколько бы это было иен?",payment_refund,payment_refund,runlu|aug_typo_duplicate_char,False,True,False,payment_refund,stg1_002197,,,,typo_duplicate_char
aug_payment_refund_0086_stg1_002256,помогите в поиске счета,помогите в поиске счета,payment_refund,payment_refund,bitext|aug_phrase_compression,False,True,False,payment_refund,stg1_002256,,,,phrase_compression
aug_payment_refund_0087_stg1_002130,мне нужна помощь в проверке способов оплаты!,мне нужна помощь в проверке способов оплаты!,payment_refund,payment_refund,ikshana|aug_punctuation_variant,False,True,False,payment_refund,stg1_002130,,,,punctuation_variant
aug_payment_refund_0088_stg1_002247,"Я хочу узнать больше о вашей чертовой гарантии возвата денег, можете ли вы найти какую-нибудь информацию?","я хочу узнать больше о вашей чертовой гарантии возвата денег, можете ли вы найти какую-нибудь информацию?",payment_refund,payment_refund,bitext|aug_typo_delete_char,False,True,False,payment_refund,stg1_002247,,,,typo_delete_char
aug_payment_refund_0089_stg1_002354,Мне нужан помощь в загрузке счета № 12588.,мне нужан помощь в загрузке счета № 12588.,payment_refund,payment_refund,ikshana|aug_typo_swap_adjacent,False,True,False,payment_refund,stg1_002354,,,,typo_swap_adjacent
aug_payment_refund_0090_stg1_002347,"Я хотел бы увидеть статус моего воззврата, где мне это сделать","я хотел бы увидеть статус моего воззврата, где мне это сделать",payment_refund,payment_refund,bitext|aug_typo_duplicate_char,False,True,False,payment_refund,stg1_002347,,,,typo_duplicate_char
aug_payment_refund_0091_stg1_002263,Я хотел бы заплатить чертовой картой мне нужна помощь,я хотел бы заплатить чертовой картой мне нужна помощь,payment_refund,payment_refund,bitext|aug_punctuation_variant,False,True,False,payment_refund,stg1_002263,,,,punctuation_variant
aug_payment_refund_0092_stg1_001365,"мне нужно запросить чертов возврат днег, мне нужна помощь","мне нужно запросить чертов возврат днег, мне нужна помощь",return_exchange,payment_refund,bitext|aug_typo_delete_char,False,True,False,return_exchange,stg1_001365,,,,typo_delete_char
aug_payment_refund_0093_stg1_002286,Я хочу сообщить об ошибках с опалтой,я хочу сообщить об ошибках с опалтой,payment_refund,payment_refund,ikshana|aug_typo_swap_adjacent,False,True,False,payment_refund,stg1_002286,,,,typo_swap_adjacent
aug_payment_refund_0094_stg1_002186,Сколько [валююта_источник: доллары] в фунте?,сколько [валююта_источник: доллары] в фунте?,payment_refund,payment_refund,runlu|aug_typo_duplicate_char,False,True,False,payment_refund,stg1_002186,,,,typo_duplicate_char
aug_payment_refund_0095_stg1_002109,могу ли я увидеть чертов статус моего возврата?!,могу ли я увидеть чертов статус моего возврата?!,payment_refund,payment_refund,bitext|aug_punctuation_variant,False,True,False,payment_refund,stg1_002109,,,,punctuation_variant
aug_payment_refund_0096_stg1_002218,"Я хотел бы проверить твои чертовы варинты оплаты, где я могу это сделать","я хотел бы проверить твои чертовы варинты оплаты, где я могу это сделать",payment_refund,payment_refund,bitext|aug_typo_delete_char,False,True,False,payment_refund,stg1_002218,,,,typo_delete_char
aug_payment_refund_0097_stg1_002302,получение счетоов за восемь месяцев назад,получение счетоов за восемь месяцев назад,payment_refund,payment_refund,ikshana|aug_typo_duplicate_char,False,True,False,payment_refund,stg1_002302,,,,typo_duplicate_char
aug_payment_refund_0098_stg1_002271,Мне нужна помощь в сообщении о проблеме с оплатой!,мне нужна помощь в сообщении о проблеме с оплатой!,payment_refund,payment_refund,ikshana|aug_punctuation_variant,False,True,False,payment_refund,stg1_002271,,,,punctuation_variant
aug_payment_refund_0099_stg1_002239,Мне нужна информация о вашей политике возврата средств. Можте ли вы мне помочь?,мне нужна информация о вашей политике возврата средств. можте ли вы мне помочь?,payment_refund,payment_refund,bitext|aug_typo_delete_char,False,True,False,payment_refund,stg1_002239,,,,typo_delete_char
aug_payment_refund_0100_stg1_002134,"Я не знаю, как сакчать счет №37777.","я не знаю, как сакчать счет №37777.",payment_refund,payment_refund,ikshana|aug_typo_swap_adjacent,False,True,False,payment_refund,stg1_002134,,,,typo_swap_adjacent
aug_payment_refund_0101_stg1_002070,"хочу сделать черттов платеж, как это сделать","хочу сделать черттов платеж, как это сделать",payment_refund,payment_refund,bitext|aug_typo_duplicate_char,False,True,False,payment_refund,stg1_002070,,,,typo_duplicate_char
aug_payment_refund_0102_stg1_002338,Я хочу увидеть вашу гарантию возврата денег. как это сделать?,я хочу увидеть вашу гарантию возврата денег. как это сделать?,payment_refund,payment_refund,ikshana|aug_phrase_compression,False,True,False,payment_refund,stg1_002338,,,,phrase_compression
aug_payment_refund_0103_stg1_002159,Я пытаюсь узнать есть ли что-нибудь новое в моем возмещении.,я пытаюсь узнать есть ли что-нибудь новое в моем возмещении.,payment_refund,payment_refund,ikshana|aug_punctuation_variant,False,True,False,payment_refund,stg1_002159,,,,punctuation_variant
aug_payment_refund_0104_stg1_002145,"что мне нужно сделать, чтобы получить компенсацию свих денег","что мне нужно сделать, чтобы получить компенсацию свих денег",payment_refund,payment_refund,ikshana|aug_typo_delete_char,False,True,False,payment_refund,stg1_002145,,,,typo_delete_char
aug_payment_refund_0105_stg1_002313,"Я не получил подтверждение платежа. Мне нунжа помощь, чтобы сообщить о проблеме с оплатой.","я не получил подтверждение платежа. мне нунжа помощь, чтобы сообщить о проблеме с оплатой.",payment_refund,payment_refund,bitext|aug_typo_swap_adjacent,False,True,False,payment_refund,stg1_002313,,,,typo_swap_adjacent
aug_payment_refund_0106_stg1_002084,"Я бы хоотел сделать гребаные переводы, можешь мне помочь.","я бы хоотел сделать гребаные переводы, можешь мне помочь.",payment_refund,payment_refund,bitext|aug_typo_duplicate_char,False,True,False,payment_refund,stg1_002084,,,,typo_duplicate_char
aug_payment_refund_0107_stg1_002283,Мне нужно совершить чертовы платежи где это сделать?,мне нужно совершить чертовы платежи где это сделать?,payment_refund,payment_refund,bitext|aug_punctuation_variant,False,True,False,payment_refund,stg1_002283,,,,punctuation_variant
aug_payment_refund_0108_stg1_002308,помоите получить мой счет №37777,помоите получить мой счет №37777,payment_refund,payment_refund,ikshana|aug_typo_delete_char,False,True,False,payment_refund,stg1_002308,,,,typo_delete_char
aug_payment_refund_0109_stg1_002285,"Я хочу оплатить картйо, как мне это сделать?","я хочу оплатить картйо, как мне это сделать?",payment_refund,payment_refund,bitext|aug_typo_swap_adjacent,False,True,False,payment_refund,stg1_002285,,,,typo_swap_adjacent
aug_payment_refund_0110_stg1_002076,"Я совершил покупку, но не получчил счет, как мне его запросить?","я совершил покупку, но не получчил счет, как мне его запросить?",payment_refund,payment_refund,bitext|aug_typo_duplicate_char,False,True,False,payment_refund,stg1_002076,,,,typo_duplicate_char
aug_payment_refund_0111_stg1_002294,где я могу скачать счет №85632!,где я могу скачать счет №85632!,payment_refund,payment_refund,ikshana|aug_punctuation_variant,False,True,False,payment_refund,stg1_002294,,,,punctuation_variant
aug_payment_refund_0112_stg1_002115,"хочу помочь проверить, есть ли какие-либо новоси о моем возврате средств","хочу помочь проверить, есть ли какие-либо новоси о моем возврате средств",payment_refund,payment_refund,ikshana|aug_typo_delete_char,False,True,False,payment_refund,stg1_002115,,,,typo_delete_char
aug_payment_refund_0113_stg1_002137,прилшите мне счет №00108,прилшите мне счет №00108,payment_refund,payment_refund,ikshana|aug_typo_swap_adjacent,False,True,False,payment_refund,stg1_002137,,,,typo_swap_adjacent
aug_payment_refund_0114_stg1_002069,Я хочу произзвести оплату,я хочу произзвести оплату,payment_refund,payment_refund,bitext|aug_typo_duplicate_char,False,True,False,payment_refund,stg1_002069,,,,typo_duplicate_char
aug_payment_refund_0115_stg1_002152,"Мне нужна помощь, чтобы загрузить мой счет № 37777!","мне нужна помощь, чтобы загрузить мой счет № 37777!",payment_refund,payment_refund,ikshana|aug_punctuation_variant,False,True,False,payment_refund,stg1_002152,,,,punctuation_variant
aug_payment_refund_0116_stg1_002126,"я не знаю, что мне нунжо сделать, чтобы сообщить о проблемах с платежами","я не знаю, что мне нунжо сделать, чтобы сообщить о проблемах с платежами",payment_refund,payment_refund,ikshana|aug_typo_swap_adjacent,False,True,False,payment_refund,stg1_002126,,,,typo_swap_adjacent
aug_payment_refund_0117_stg1_002300,Я хотел бы оплатить дебеетовой картой,я хотел бы оплатить дебеетовой картой,payment_refund,payment_refund,bitext|aug_typo_duplicate_char,False,True,False,payment_refund,stg1_002300,,,,typo_duplicate_char
aug_payment_refund_0118_stg1_002297,я совершил чертову покупку но мне не пришел счет как мне ее скачать,я совершил чертову покупку но мне не пришел счет как мне ее скачать,payment_refund,payment_refund,bitext|aug_punctuation_variant,False,True,False,payment_refund,stg1_002297,,,,punctuation_variant
aug_payment_refund_0119_stg1_002278,"Я хочу проверить вашу политику возмещения, вы мне поможее?","я хочу проверить вашу политику возмещения, вы мне поможее?",payment_refund,payment_refund,bitext|aug_typo_delete_char,False,True,False,payment_refund,stg1_002278,,,,typo_delete_char
aug_payment_refund_0120_stg1_002127,не могли бы вы помочь мне сообщить о проблмеах с оплатой?,не могли бы вы помочь мне сообщить о проблмеах с оплатой?,payment_refund,payment_refund,ikshana|aug_typo_swap_adjacent,False,True,False,payment_refund,stg1_002127,,,,typo_swap_adjacent
aug_payment_refund_0121_stg1_002250,Я ищу информацию о статтусе моего возмещения. Не могли бы вы мне помочь?,я ищу информацию о статтусе моего возмещения. не могли бы вы мне помочь?,payment_refund,payment_refund,bitext|aug_typo_duplicate_char,False,True,False,payment_refund,stg1_002250,,,,typo_duplicate_char
aug_payment_refund_0122_stg1_002319,как проверить принятые способы оплаты?!,как проверить принятые способы оплаты?!,payment_refund,payment_refund,ikshana|aug_punctuation_variant,False,True,False,payment_refund,stg1_002319,,,,punctuation_variant
aug_payment_refund_0123_stg1_002257,"Я хотел бы оплатить картой, вы можтее мне помочь?","я хотел бы оплатить картой, вы можтее мне помочь?",payment_refund,payment_refund,bitext|aug_typo_swap_adjacent,False,True,False,payment_refund,stg1_002257,,,,typo_swap_adjacent
aug_payment_refund_0124_stg1_002061,"я сдеелал чертов заказ, но мне не пришел счет, могу ли я его скачать?","я сдеелал чертов заказ, но мне не пришел счет, могу ли я его скачать?",payment_refund,payment_refund,bitext|aug_typo_duplicate_char,False,True,False,payment_refund,stg1_002061,,,,typo_duplicate_char
aug_payment_refund_0125_stg1_002078,"нужно проверить вашу политику возмещения, где это сделать?","нужно проверить вашу политику возмещения, где это сделать?",payment_refund,payment_refund,bitext|aug_phrase_compression,False,True,False,payment_refund,stg1_002078,,,,phrase_compression
aug_payment_refund_0126_stg1_001473,мне нужно потребовать возврат средств как это сделать,мне нужно потребовать возврат средств как это сделать,return_exchange,payment_refund,bitext|aug_punctuation_variant,False,True,False,return_exchange,stg1_001473,,,,punctuation_variant
aug_payment_refund_0127_stg1_002133,Нужна помощь в проверке разрешенных сособов оплаты,нужна помощь в проверке разрешенных сособов оплаты,payment_refund,payment_refund,ikshana|aug_typo_delete_char,False,True,False,payment_refund,stg1_002133,,,,typo_delete_char
aug_payment_refund_0128_stg1_002144,я ожидаю возмещения 10 доллраов,я ожидаю возмещения 10 доллраов,payment_refund,payment_refund,ikshana|aug_typo_swap_adjacent,False,True,False,payment_refund,stg1_002144,,,,typo_swap_adjacent
aug_payment_refund_0129_stg1_002221,"Я хотел бы проверить чертов статус моего воззврата, где мне это сделать","я хотел бы проверить чертов статус моего воззврата, где мне это сделать",payment_refund,payment_refund,bitext|aug_typo_duplicate_char,False,True,False,payment_refund,stg1_002221,,,,typo_duplicate_char
aug_payment_refund_0130_stg1_002332,"хочу сделать гребаные переводы, мне нужна помощь!","хочу сделать гребаные переводы, мне нужна помощь!",payment_refund,payment_refund,bitext|aug_punctuation_variant,False,True,False,payment_refund,stg1_002332,,,,punctuation_variant
aug_payment_refund_0131_stg1_002147,я заплатил 10 долларов за товар и хочу вернуть свои денги,я заплатил 10 долларов за товар и хочу вернуть свои денги,payment_refund,payment_refund,ikshana|aug_typo_delete_char,False,True,False,payment_refund,stg1_002147,,,,typo_delete_char
aug_payment_refund_0132_stg1_002227,"где я могу проверить, какие способы оплаты вы прниимаете?","где я могу проверить, какие способы оплаты вы прниимаете?",payment_refund,payment_refund,ikshana|aug_typo_swap_adjacent,False,True,False,payment_refund,stg1_002227,,,,typo_swap_adjacent
aug_payment_refund_0133_stg1_002081,"Мне нужно произвести оплату, вы можетте мне помочь?","мне нужно произвести оплату, вы можетте мне помочь?",payment_refund,payment_refund,bitext|aug_typo_duplicate_char,False,True,False,payment_refund,stg1_002081,,,,typo_duplicate_char
aug_payment_refund_0134_stg1_002077,"нужно было произвести оплату, как я могу это сделать?","нужно было произвести оплату, как я могу это сделать?",payment_refund,payment_refund,bitext|aug_phrase_compression,False,True,False,payment_refund,stg1_002077,,,,phrase_compression
aug_payment_refund_0135_stg1_002200,Какова стоимость фунта в Рупи,какова стоимость фунта в рупи,payment_refund,payment_refund,runlu|aug_punctuation_variant,False,True,False,payment_refund,stg1_002200,,,,punctuation_variant
aug_payment_refund_0136_stg1_002085,"Мне нужна информация о сттусе моего возмещения, как я могу ее получить?","мне нужна информация о сттусе моего возмещения, как я могу ее получить?",payment_refund,payment_refund,bitext|aug_typo_delete_char,False,True,False,payment_refund,stg1_002085,,,,typo_delete_char
aug_payment_refund_0137_stg1_002936,Как оплатить закза?,как оплатить закза?,payment_refund,payment_refund,synthetic_dataset|aug_typo_swap_adjacent,True,True,False,payment_refund,stg1_002936,,,,typo_swap_adjacent
aug_payment_refund_0138_stg1_002176,Какаая цена?,какаая цена?,payment_refund,payment_refund,runlu|aug_typo_duplicate_char,False,True,False,payment_refund,stg1_002176,,,,typo_duplicate_char
aug_payment_refund_0139_stg1_002074,"хочу заплатить чертовой картой, ты можешь мне помочь?","хочу заплатить чертовой картой, ты можешь мне помочь?",payment_refund,payment_refund,bitext|aug_phrase_compression,False,True,False,payment_refund,stg1_002074,,,,phrase_compression
aug_payment_refund_0140_stg1_002103,"Я ищу счет, где я могу его найти","я ищу счет, где я могу его найти",payment_refund,payment_refund,bitext|aug_punctuation_variant,False,True,False,payment_refund,stg1_002103,,,,punctuation_variant
aug_payment_refund_0141_stg1_002194,Каов обменный курс между динаром и фунтом,каов обменный курс между динаром и фунтом,payment_refund,payment_refund,runlu|aug_typo_delete_char,False,True,False,payment_refund,stg1_002194,,,,typo_delete_char
aug_payment_refund_0142_stg1_001434,"мне нужна помощь, чтобы запроссить гребаный возврат средств","мне нужна помощь, чтобы запроссить гребаный возврат средств",return_exchange,payment_refund,bitext|aug_typo_duplicate_char,False,True,False,return_exchange,stg1_001434,,,,typo_duplicate_char
aug_payment_refund_0143_stg1_002301,"Я хочу знать о статусе моего возврата, дайте мне некоторую информацию!","я хочу знать о статусе моего возврата, дайте мне некоторую информацию!",payment_refund,payment_refund,bitext|aug_punctuation_variant,False,True,False,payment_refund,stg1_002301,,,,punctuation_variant
aug_payment_refund_0144_stg1_002260,"я не знаю, что мне нужно сделать, чтобы нйати счет-фактуру № 85632.","я не знаю, что мне нужно сделать, чтобы нйати счет-фактуру № 85632.",payment_refund,payment_refund,ikshana|aug_typo_swap_adjacent,False,True,False,payment_refund,stg1_002260,,,,typo_swap_adjacent
aug_payment_refund_0145_stg1_002138,ищу счет от Джонна,ищу счет от джонна,payment_refund,payment_refund,ikshana|aug_typo_duplicate_char,False,True,False,payment_refund,stg1_002138,,,,typo_duplicate_char
aug_payment_refund_0146_stg1_002299,"что мне нужно сделать, чтобы сообщить об ошибках оплаты??","что мне нужно сделать, чтобы сообщить об ошибках оплаты??",payment_refund,payment_refund,ikshana|aug_punctuation_variant,False,True,False,payment_refund,stg1_002299,,,,punctuation_variant
aug_payment_refund_0147_stg1_002155,мне нжно получить мой счет № 12588,мне нжно получить мой счет № 12588,payment_refund,payment_refund,ikshana|aug_typo_delete_char,False,True,False,payment_refund,stg1_002155,,,,typo_delete_char
aug_payment_refund_0148_stg1_002310,"Я совершил покупку, но не получил счет. Помогите мне скаачть ее.","я совершил покупку, но не получил счет. помогите мне скаачть ее.",payment_refund,payment_refund,bitext|aug_typo_swap_adjacent,False,True,False,payment_refund,stg1_002310,,,,typo_swap_adjacent
aug_payment_refund_0149_stg1_002071,"Мне нужно увидеть чеертов статус моего возмещения, могу ли я получить некоторую помощь?","мне нужно увидеть чеертов статус моего возмещения, могу ли я получить некоторую помощь?",payment_refund,payment_refund,bitext|aug_typo_duplicate_char,False,True,False,payment_refund,stg1_002071,,,,typo_duplicate_char
aug_payment_refund_0150_stg1_002355,мне нужно скачать счета от Джона!,мне нужно скачать счета от джона!,payment_refund,payment_refund,ikshana|aug_punctuation_variant,False,True,False,payment_refund,stg1_002355,,,,punctuation_variant
aug_payment_refund_0151_stg1_002304,"Я хотел бы совершить гребаные платежи, могу ли я получить помщь?","я хотел бы совершить гребаные платежи, могу ли я получить помщь?",payment_refund,payment_refund,bitext|aug_typo_delete_char,False,True,False,payment_refund,stg1_002304,,,,typo_delete_char
aug_payment_refund_0152_stg1_002292,"Я потерял счета от Джона, пиршлите их мне по почте.","я потерял счета от джона, пиршлите их мне по почте.",payment_refund,payment_refund,ikshana|aug_typo_swap_adjacent,False,True,False,payment_refund,stg1_002292,,,,typo_swap_adjacent
aug_payment_refund_0153_stg1_002149,"Я не зннаю, что мне нужно сделать, чтобы получить счет #85632","я не зннаю, что мне нужно сделать, чтобы получить счет #85632",payment_refund,payment_refund,ikshana|aug_typo_duplicate_char,False,True,False,payment_refund,stg1_002149,,,,typo_duplicate_char
aug_payment_refund_0154_stg1_002189,Что такое [число] евро в долл. США?!,что такое [число] евро в долл. сша?!,payment_refund,payment_refund,runlu|aug_punctuation_variant,False,True,False,payment_refund,stg1_002189,,,,punctuation_variant
aug_payment_refund_0155_stg1_002254,помогте скачать счет №37777,помогте скачать счет №37777,payment_refund,payment_refund,ikshana|aug_typo_delete_char,False,True,False,payment_refund,stg1_002254,,,,typo_delete_char
aug_payment_refund_0156_stg1_002306,"я совершил покупку, но не получил счет, как мне его скачаьт","я совершил покупку, но не получил счет, как мне его скачаьт",payment_refund,payment_refund,bitext|aug_typo_swap_adjacent,False,True,False,payment_refund,stg1_002306,,,,typo_swap_adjacent
aug_payment_refund_0157_stg1_002322,Мне нужна помощь в загрузке моего счетта № 85632.,мне нужна помощь в загрузке моего счетта № 85632.,payment_refund,payment_refund,ikshana|aug_typo_duplicate_char,False,True,False,payment_refund,stg1_002322,,,,typo_duplicate_char
aug_payment_refund_0158_stg1_002215,"помогите, чтобы найти мои счета от Джона.","помогите, чтобы найти мои счета от джона.",payment_refund,payment_refund,ikshana|aug_phrase_compression,False,True,False,payment_refund,stg1_002215,,,,phrase_compression
aug_payment_refund_0159_stg1_002072,"мне нужно заплатить картой, где это сделать!","мне нужно заплатить картой, где это сделать!",payment_refund,payment_refund,bitext|aug_punctuation_variant,False,True,False,payment_refund,stg1_002072,,,,punctuation_variant
aug_payment_refund_0160_stg1_002296,"хочу заплатить, можеь мне помочь","хочу заплатить, можеь мне помочь",payment_refund,payment_refund,bitext|aug_typo_delete_char,False,True,False,payment_refund,stg1_002296,,,,typo_delete_char
aug_payment_refund_0161_stg1_002273,"я бы хотел сделать чертов перевдо, где я мог бы сделать это","я бы хотел сделать чертов перевдо, где я мог бы сделать это",payment_refund,payment_refund,bitext|aug_typo_swap_adjacent,False,True,False,payment_refund,stg1_002273,,,,typo_swap_adjacent
aug_payment_refund_0162_stg1_002356,Я жду оплааты картой,я жду оплааты картой,payment_refund,payment_refund,bitext|aug_typo_duplicate_char,False,True,False,payment_refund,stg1_002356,,,,typo_duplicate_char
aug_payment_refund_0163_stg1_002323,"Я хочу решить проблемы с оплатой, могу ли я получить помощь??","я хочу решить проблемы с оплатой, могу ли я получить помощь??",payment_refund,payment_refund,bitext|aug_punctuation_variant,False,True,False,payment_refund,stg1_002323,,,,punctuation_variant
aug_payment_refund_0164_stg1_002108,"Мне нужна помощь, чтобы собщить о чертовых проблемах с оплатой","мне нужна помощь, чтобы собщить о чертовых проблемах с оплатой",payment_refund,payment_refund,bitext|aug_typo_delete_char,False,True,False,payment_refund,stg1_002108,,,,typo_delete_char
aug_payment_refund_0165_stg1_002199,Сколько иен за каждйы доллар,сколько иен за каждйы доллар,payment_refund,payment_refund,runlu|aug_typo_swap_adjacent,False,True,False,payment_refund,stg1_002199,,,,typo_swap_adjacent
aug_payment_refund_0166_stg1_002307,"нуужна помощь, чтобы запросить возврат моих денег","нуужна помощь, чтобы запросить возврат моих денег",payment_refund,payment_refund,ikshana|aug_typo_duplicate_char,False,True,False,payment_refund,stg1_002307,,,,typo_duplicate_char
aug_payment_refund_0167_stg1_002335,Я заплатил 10 долларов за этот товар пытаюсь получить скидку,я заплатил 10 долларов за этот товар пытаюсь получить скидку,payment_refund,payment_refund,ikshana|aug_punctuation_variant,False,True,False,payment_refund,stg1_002335,,,,punctuation_variant
aug_payment_refund_0168_stg1_002295,"Можете ли вы помчь мне узнать, какие варианты оплаты вы принимаете?","можете ли вы помчь мне узнать, какие варианты оплаты вы принимаете?",payment_refund,payment_refund,ikshana|aug_typo_delete_char,False,True,False,payment_refund,stg1_002295,,,,typo_delete_char
aug_payment_refund_0169_stg1_002255,я не вижу статуус компенсации,я не вижу статуус компенсации,payment_refund,payment_refund,ikshana|aug_typo_duplicate_char,False,True,False,payment_refund,stg1_002255,,,,typo_duplicate_char
aug_payment_refund_0170_stg1_002279,"нужно запросить чертов счет, могу ли я получить помощь","нужно запросить чертов счет, могу ли я получить помощь",payment_refund,payment_refund,bitext|aug_phrase_compression,False,True,False,payment_refund,stg1_002279,,,,phrase_compression
aug_payment_refund_0171_stg1_002063,"Мне нужно увидеть ваши варианты оплаты, как это сделать","мне нужно увидеть ваши варианты оплаты, как это сделать",payment_refund,payment_refund,bitext|aug_punctuation_variant,False,True,False,payment_refund,stg1_002063,,,,punctuation_variant
aug_payment_refund_0172_stg1_002288,помощь в полуении возмещения,помощь в полуении возмещения,payment_refund,payment_refund,ikshana|aug_typo_delete_char,False,True,False,payment_refund,stg1_002288,,,,typo_delete_char
aug_payment_refund_0173_stg1_002112,как мне сообщить о проблеммах с оплатой?,как мне сообщить о проблеммах с оплатой?,payment_refund,payment_refund,ikshana|aug_typo_duplicate_char,False,True,False,payment_refund,stg1_002112,,,,typo_duplicate_char
aug_payment_refund_0174_stg1_002119,хочу проверить какие способы оплаты uaccept,хочу проверить какие способы оплаты uaccept,payment_refund,payment_refund,ikshana|aug_punctuation_variant,False,True,False,payment_refund,stg1_002119,,,,punctuation_variant
aug_payment_refund_0175_stg1_002217,Я должен сообщить о проблемах с оплтой,я должен сообщить о проблемах с оплтой,payment_refund,payment_refund,ikshana|aug_typo_delete_char,False,True,False,payment_refund,stg1_002217,,,,typo_delete_char
aug_payment_refund_0176_stg1_002093,"Я хотел бы узнтаь о вашей гарантии возврата денег, дайте мне некоторую информацию","я хотел бы узнтаь о вашей гарантии возврата денег, дайте мне некоторую информацию",payment_refund,payment_refund,bitext|aug_typo_swap_adjacent,False,True,False,payment_refund,stg1_002093,,,,typo_swap_adjacent
aug_payment_refund_0177_stg1_002342,"Мне нужнно проверить ваши чертовы способы оплаты, мне нужна помощь.","мне нужнно проверить ваши чертовы способы оплаты, мне нужна помощь.",payment_refund,payment_refund,bitext|aug_typo_duplicate_char,False,True,False,payment_refund,stg1_002342,,,,typo_duplicate_char
aug_payment_refund_0178_stg1_002195,", дайте мне подробности: 1 долл. США = Rs",", дайте мне подробности: 1 долл. сша = rs",payment_refund,payment_refund,runlu|aug_phrase_compression,False,True,False,payment_refund,stg1_002195,,,,phrase_compression
aug_payment_refund_0179_stg1_002129,"мне нужно получить чертов счет от Джона, мне нужна помощь?","мне нужно получить чертов счет от джона, мне нужна помощь?",payment_refund,payment_refund,ikshana|aug_punctuation_variant,False,True,False,payment_refund,stg1_002129,,,,punctuation_variant
aug_payment_refund_0180_stg1_002094,"Я хотел бы узнать о вашей политике возврата денг, можете ли вы найти некоторую информацию?","я хотел бы узнать о вашей политике возврата денг, можете ли вы найти некоторую информацию?",payment_refund,payment_refund,bitext|aug_typo_delete_char,False,True,False,payment_refund,stg1_002094,,,,typo_delete_char
aug_payment_refund_0181_stg1_002086,"Я хотел бы сдеелать переводы, помогите мне","я хотел бы сдеелать переводы, помогите мне",payment_refund,payment_refund,bitext|aug_typo_duplicate_char,False,True,False,payment_refund,stg1_002086,,,,typo_duplicate_char
aug_payment_refund_0182_stg1_002158,"как проверить, какие способы оплаты разрешены?","как проверить, какие способы оплаты разрешены?",payment_refund,payment_refund,ikshana|aug_phrase_compression,False,True,False,payment_refund,stg1_002158,,,,phrase_compression
aug_payment_refund_0183_stg1_002252,"Я заказал чертову вещь и не получил счет, можешь ли ты мне помочь с ее получением?!","я заказал чертову вещь и не получил счет, можешь ли ты мне помочь с ее получением?!",payment_refund,payment_refund,bitext|aug_punctuation_variant,False,True,False,payment_refund,stg1_002252,,,,punctuation_variant
aug_payment_refund_0184_stg1_002167,Сколько песо за американсий доллар?,сколько песо за американсий доллар?,payment_refund,payment_refund,runlu|aug_typo_delete_char,False,True,False,payment_refund,stg1_002167,,,,typo_delete_char
aug_payment_refund_0185_stg1_002289,"Мне нужно выехтаь, помогите мне","мне нужно выехтаь, помогите мне",payment_refund,payment_refund,bitext|aug_typo_swap_adjacent,False,True,False,payment_refund,stg1_002289,,,,typo_swap_adjacent
aug_payment_refund_0186_stg1_002123,Мне нужна помощщь в поиске счетов от Джона.,мне нужна помощщь в поиске счетов от джона.,payment_refund,payment_refund,ikshana|aug_typo_duplicate_char,False,True,False,payment_refund,stg1_002123,,,,typo_duplicate_char
aug_payment_refund_0187_stg1_002339,"нужно уведомить о долбаных проблемах с оплатой, где это сделать?","нужно уведомить о долбаных проблемах с оплатой, где это сделать?",payment_refund,payment_refund,bitext|aug_phrase_compression,False,True,False,payment_refund,stg1_002339,,,,phrase_compression
aug_payment_refund_0188_stg1_002090,У меня возникла проблема с оплатой дебетовой картой. Можете ли вы сообщить об этом??,у меня возникла проблема с оплатой дебетовой картой. можете ли вы сообщить об этом??,payment_refund,payment_refund,bitext|aug_punctuation_variant,False,True,False,payment_refund,stg1_002090,,,,punctuation_variant
aug_payment_refund_0189_stg1_002248,"Я бы хотел расплатиться чертовой картй, как мне это сделать?","я бы хотел расплатиться чертовой картй, как мне это сделать?",payment_refund,payment_refund,bitext|aug_typo_delete_char,False,True,False,payment_refund,stg1_002248,,,,typo_delete_char
aug_payment_refund_0190_stg1_002337,Моежте ли вы помочь мне получить возврат денег?,моежте ли вы помочь мне получить возврат денег?,payment_refund,payment_refund,ikshana|aug_typo_swap_adjacent,False,True,False,payment_refund,stg1_002337,,,,typo_swap_adjacent
aug_payment_refund_0191_stg1_002067,"я сделал чертов заказ и не получил счет, мне нужна помощь, чтоббы его скачать","я сделал чертов заказ и не получил счет, мне нужна помощь, чтоббы его скачать",payment_refund,payment_refund,bitext|aug_typo_duplicate_char,False,True,False,payment_refund,stg1_002067,,,,typo_duplicate_char
aug_payment_refund_0192_stg1_002116,вижу счет №85632!,вижу счет №85632!,payment_refund,payment_refund,ikshana|aug_punctuation_variant,False,True,False,payment_refund,stg1_002116,,,,punctuation_variant
aug_payment_refund_0193_stg1_002262,помощь в загрузке моих сетов от Джона,помощь в загрузке моих сетов от джона,payment_refund,payment_refund,ikshana|aug_typo_delete_char,False,True,False,payment_refund,stg1_002262,,,,typo_delete_char
aug_payment_refund_0194_stg1_002105,"Я заказал товар, но не получил счет. Можете ли вы мне поомчь его получить?","я заказал товар, но не получил счет. можете ли вы мне поомчь его получить?",payment_refund,payment_refund,bitext|aug_typo_swap_adjacent,False,True,False,payment_refund,stg1_002105,,,,typo_swap_adjacent
aug_payment_refund_0195_stg1_002156,куда я моггу сообщить о проблемах с онлайн-платежами,куда я моггу сообщить о проблемах с онлайн-платежами,payment_refund,payment_refund,ikshana|aug_typo_duplicate_char,False,True,False,payment_refund,stg1_002156,,,,typo_duplicate_char
aug_payment_refund_0196_stg1_002353,"Я не знаю, что нужно сделать, чтобы увидеть счет №37777.","я не знаю, что нужно сделать, чтобы увидеть счет №37777.",payment_refund,payment_refund,ikshana|aug_phrase_compression,False,True,False,payment_refund,stg1_002353,,,,phrase_compression
aug_payment_refund_0197_stg1_002226,Могу ли я увидеть вашу политику возмещения,могу ли я увидеть вашу политику возмещения,payment_refund,payment_refund,ikshana|aug_punctuation_variant,False,True,False,payment_refund,stg1_002226,,,,punctuation_variant
aug_payment_refund_0198_stg1_002281,мне нужо получить возмещение моих денег,мне нужо получить возмещение моих денег,payment_refund,payment_refund,ikshana|aug_typo_delete_char,False,True,False,payment_refund,stg1_002281,,,,typo_delete_char
aug_payment_refund_0199_stg1_002330,"мне нужна помщоь, чтобы проверить счет № 12588","мне нужна помщоь, чтобы проверить счет № 12588",payment_refund,payment_refund,ikshana|aug_typo_swap_adjacent,False,True,False,payment_refund,stg1_002330,,,,typo_swap_adjacent
aug_payment_refund_0200_stg1_002208,Каков обменный куурс между 100 долл. США и песо?,каков обменный куурс между 100 долл. сша и песо?,payment_refund,payment_refund,runlu|aug_typo_duplicate_char,False,True,False,payment_refund,stg1_002208,,,,typo_duplicate_char
aug_payment_refund_0201_stg1_002233,помогите в загрузке счетов от Джона.,помогите в загрузке счетов от джона.,payment_refund,payment_refund,ikshana|aug_phrase_compression,False,True,False,payment_refund,stg1_002233,,,,phrase_compression
aug_payment_refund_0202_stg1_002312,мог бы рассказать мне больше о вашей политике возврата денег?,мог бы рассказать мне больше о вашей политике возврата денег?,payment_refund,payment_refund,bitext|aug_punctuation_variant,False,True,False,payment_refund,stg1_002312,,,,punctuation_variant
aug_payment_refund_0203_stg1_002161,Валютные куры,валютные куры,payment_refund,payment_refund,runlu|aug_typo_delete_char,False,True,False,payment_refund,stg1_002161,,,,typo_delete_char
aug_payment_refund_0204_stg1_002303,"я купил чертов товар и не получил счет, помогите мне его полуичть","я купил чертов товар и не получил счет, помогите мне его полуичть",payment_refund,payment_refund,bitext|aug_typo_swap_adjacent,False,True,False,payment_refund,stg1_002303,,,,typo_swap_adjacent
aug_payment_refund_0205_stg1_002203,Сколько стоит 1 еврро в рупиях.,сколько стоит 1 еврро в рупиях.,payment_refund,payment_refund,runlu|aug_typo_duplicate_char,False,True,False,payment_refund,stg1_002203,,,,typo_duplicate_char
aug_payment_refund_0206_stg1_001246,"нужно запросить возмещение, где я могу это сделать","нужно запросить возмещение, где я могу это сделать",return_exchange,payment_refund,bitext|aug_phrase_compression,False,True,False,return_exchange,stg1_001246,,,,phrase_compression
aug_payment_refund_0207_stg1_001396,я хочу вернуть деньги помогите мне запросить это,я хочу вернуть деньги помогите мне запросить это,return_exchange,payment_refund,bitext|aug_punctuation_variant,False,True,False,return_exchange,stg1_001396,,,,punctuation_variant
aug_payment_refund_0208_stg1_002101,Я хотел бы узнть о твоих чертовых способах оплаты. Могу найти некоторую информацию.,я хотел бы узнть о твоих чертовых способах оплаты. могу найти некоторую информацию.,payment_refund,payment_refund,bitext|aug_typo_delete_char,False,True,False,payment_refund,stg1_002101,,,,typo_delete_char
aug_payment_refund_0209_stg1_002107,Мне нужна поммощь с переводами,мне нужна поммощь с переводами,payment_refund,payment_refund,bitext|aug_typo_duplicate_char,False,True,False,payment_refund,stg1_002107,,,,typo_duplicate_char
aug_payment_refund_0210_stg1_002079,"Я совершил покупку и не получил счет-фактуру, можете его получить?","я совершил покупку и не получил счет-фактуру, можете его получить?",payment_refund,payment_refund,bitext|aug_phrase_compression,False,True,False,payment_refund,stg1_002079,,,,phrase_compression
aug_payment_refund_0211_stg1_002114,хочу помочь получить возврат моих денег?,хочу помочь получить возврат моих денег?,payment_refund,payment_refund,ikshana|aug_punctuation_variant,False,True,False,payment_refund,stg1_002114,,,,punctuation_variant
aug_payment_refund_0212_stg1_002213,"Мне нужна информация о ваей гарантии возврата денег, как я могу ее получить?","мне нужна информация о ваей гарантии возврата денег, как я могу ее получить?",payment_refund,payment_refund,bitext|aug_typo_delete_char,False,True,False,payment_refund,stg1_002213,,,,typo_delete_char
aug_payment_refund_0213_stg1_002068,Я хтоел бы получить счет,я хтоел бы получить счет,payment_refund,payment_refund,bitext|aug_typo_swap_adjacent,False,True,False,payment_refund,stg1_002068,,,,typo_swap_adjacent
aug_payment_refund_0214_stg1_002276,"хочу узнать больше о статусе мооего возмещения, могу найти некоторую информацию","хочу узнать больше о статусе мооего возмещения, могу найти некоторую информацию",payment_refund,payment_refund,bitext|aug_typo_duplicate_char,False,True,False,payment_refund,stg1_002276,,,,typo_duplicate_char
aug_payment_refund_0215_stg1_002336,"я сделал чертов заказ и не получил счет, можно ли его скачать","я сделал чертов заказ и не получил счет, можно ли его скачать",payment_refund,payment_refund,bitext|aug_phrase_compression,False,True,False,payment_refund,stg1_002336,,,,phrase_compression
aug_payment_refund_0216_stg1_002275,Я жду компенсацию в размере 10$!,я жду компенсацию в размере 10$!,payment_refund,payment_refund,ikshana|aug_punctuation_variant,False,True,False,payment_refund,stg1_002275,,,,punctuation_variant
aug_payment_refund_0217_stg1_002225,как исправить проблмы с онлайн оплатой,как исправить проблмы с онлайн оплатой,payment_refund,payment_refund,ikshana|aug_typo_delete_char,False,True,False,payment_refund,stg1_002225,,,,typo_delete_char
aug_payment_refund_0218_stg1_002132,"Я не знаю, как мне скачтаь счет №00108.","я не знаю, как мне скачтаь счет №00108.",payment_refund,payment_refund,ikshana|aug_typo_swap_adjacent,False,True,False,payment_refund,stg1_002132,,,,typo_swap_adjacent
aug_payment_refund_0219_stg1_002206,Сколько канадсских долларов в долларах США?,сколько канадсских долларов в долларах сша?,payment_refund,payment_refund,runlu|aug_typo_duplicate_char,False,True,False,payment_refund,stg1_002206,,,,typo_duplicate_char
aug_payment_refund_0220_stg1_002111,"помогите мне понять, при каких обстоятельствах я могу запросить возврат средств!","помогите мне понять, при каких обстоятельствах я могу запросить возврат средств!",payment_refund,payment_refund,ikshana|aug_punctuation_variant,False,True,False,payment_refund,stg1_002111,,,,punctuation_variant
aug_payment_refund_0221_stg1_002237,мне нужна помощь с долбанными плтежами,мне нужна помощь с долбанными плтежами,payment_refund,payment_refund,bitext|aug_typo_delete_char,False,True,False,payment_refund,stg1_002237,,,,typo_delete_char
aug_payment_refund_0222_stg1_002328,"что мне нужно сделать, чтобы увидеьт текущий статус компенсации?","что мне нужно сделать, чтобы увидеьт текущий статус компенсации?",payment_refund,payment_refund,ikshana|aug_typo_swap_adjacent,False,True,False,payment_refund,stg1_002328,,,,typo_swap_adjacent
aug_payment_refund_0223_stg1_002334,"Помогите узнать, в какиих случаях я могу потребовать вернуть свои деньги","помогите узнать, в какиих случаях я могу потребовать вернуть свои деньги",payment_refund,payment_refund,ikshana|aug_typo_duplicate_char,False,True,False,payment_refund,stg1_002334,,,,typo_duplicate_char
aug_payment_refund_0224_stg1_002211,Я хотел бы увидеть чертов статус моего возмещения. Не могли бы вы мне помочь??,я хотел бы увидеть чертов статус моего возмещения. не могли бы вы мне помочь??,payment_refund,payment_refund,bitext|aug_punctuation_variant,False,True,False,payment_refund,stg1_002211,,,,punctuation_variant
aug_payment_refund_0225_stg1_002066,Я не получил подтверждение платежа. Помогите мне сообщить о чертовой проблеме с оплтой.,я не получил подтверждение платежа. помогите мне сообщить о чертовой проблеме с оплтой.,payment_refund,payment_refund,bitext|aug_typo_delete_char,False,True,False,payment_refund,stg1_002066,,,,typo_delete_char
aug_payment_refund_0226_stg1_002317,"Wqanna соевршать платежи, как мне это сделать?","wqanna соевршать платежи, как мне это сделать?",payment_refund,payment_refund,bitext|aug_typo_swap_adjacent,False,True,False,payment_refund,stg1_002317,,,,typo_swap_adjacent
aug_payment_refund_0227_stg1_002171,[Валюта: доллаары США] к евро,[валюта: доллаары сша] к евро,payment_refund,payment_refund,runlu|aug_typo_duplicate_char,False,True,False,payment_refund,stg1_002171,,,,typo_duplicate_char
aug_payment_refund_0228_stg1_002315,"Я ищу информацию о чертовом статусе моего отказа, помогите.","я ищу информацию о чертовом статусе моего отказа, помогите.",payment_refund,payment_refund,bitext|aug_phrase_compression,False,True,False,payment_refund,stg1_002315,,,,phrase_compression
aug_payment_refund_0229_stg1_002290,Я хотел бы выехать как я могу это сделать?,я хотел бы выехать как я могу это сделать?,payment_refund,payment_refund,bitext|aug_punctuation_variant,False,True,False,payment_refund,stg1_002290,,,,punctuation_variant
aug_payment_refund_0230_stg1_002946,Пришлите чек об опалте,пришлите чек об опалте,payment_refund,payment_refund,synthetic_dataset|aug_typo_swap_adjacent,True,True,False,payment_refund,stg1_002946,,,,typo_swap_adjacent
aug_payment_refund_0231_stg1_002191,- какова примениммая плата за пересчет валют.,- какова примениммая плата за пересчет валют.,payment_refund,payment_refund,runlu|aug_typo_duplicate_char,False,True,False,payment_refund,stg1_002191,,,,typo_duplicate_char
aug_payment_refund_0232_stg1_002326,как сообщить об ошибках с оплатой!,как сообщить об ошибках с оплатой!,payment_refund,payment_refund,ikshana|aug_punctuation_variant,False,True,False,payment_refund,stg1_002326,,,,punctuation_variant
aug_payment_refund_0233_stg1_002269,"Я хочу оплатить дебетовой картй, где я могу это сделать?","я хочу оплатить дебетовой картй, где я могу это сделать?",payment_refund,payment_refund,bitext|aug_typo_delete_char,False,True,False,payment_refund,stg1_002269,,,,typo_delete_char
aug_payment_refund_0234_stg1_002344,Я хочу ознакомиться с вашей политикой возврата средсств. Вы мне поможете?,я хочу ознакомиться с вашей политикой возврата средсств. вы мне поможете?,payment_refund,payment_refund,bitext|aug_typo_duplicate_char,False,True,False,payment_refund,stg1_002344,,,,typo_duplicate_char
aug_payment_refund_0235_stg1_002241,"я не знаю, как получить денежную компенсацию","я не знаю, как получить денежную компенсацию",payment_refund,payment_refund,ikshana|aug_phrase_compression,False,True,False,payment_refund,stg1_002241,,,,phrase_compression
aug_payment_refund_0236_stg1_002165,Сколько у США [валюта_источник: доллары] в 100 евро??,сколько у сша [валюта_источник: доллары] в 100 евро??,payment_refund,payment_refund,runlu|aug_punctuation_variant,False,True,False,payment_refund,stg1_002165,,,,punctuation_variant
aug_payment_refund_0237_stg1_002333,Мне нжуно проверить процесс возврата средств. Могу ли я получить помощь?,мне нжуно проверить процесс возврата средств. могу ли я получить помощь?,payment_refund,payment_refund,bitext|aug_typo_swap_adjacent,False,True,False,payment_refund,stg1_002333,,,,typo_swap_adjacent
aug_payment_refund_0238_stg1_002251,"Я не знаю, что мне нужно сдделать, чтобы получить счет №12588.","я не знаю, что мне нужно сдделать, чтобы получить счет №12588.",payment_refund,payment_refund,ikshana|aug_typo_duplicate_char,False,True,False,payment_refund,stg1_002251,,,,typo_duplicate_char
aug_payment_refund_0239_stg1_002073,"хочу узнать больше о ваших способах оплаты, можете ли вы дать мне некоторую информацию?","хочу узнать больше о ваших способах оплаты, можете ли вы дать мне некоторую информацию?",payment_refund,payment_refund,bitext|aug_phrase_compression,False,True,False,payment_refund,stg1_002073,,,,phrase_compression
aug_payment_refund_0240_stg1_002153,Жду блин возврата 10$?,жду блин возврата 10$?,payment_refund,payment_refund,ikshana|aug_punctuation_variant,False,True,False,payment_refund,stg1_002153,,,,punctuation_variant
aug_payment_refund_0241_stg1_002180,Дайте мне обменный курс между доларом США и канадским долларом.,дайте мне обменный курс между доларом сша и канадским долларом.,payment_refund,payment_refund,runlu|aug_typo_delete_char,False,True,False,payment_refund,stg1_002180,,,,typo_delete_char
aug_payment_refund_0242_stg1_002124,"Я не знаю, что делаьт, чтобы потребовать возврат денег.","я не знаю, что делаьт, чтобы потребовать возврат денег.",payment_refund,payment_refund,ikshana|aug_typo_swap_adjacent,False,True,False,payment_refund,stg1_002124,,,,typo_swap_adjacent
aug_payment_refund_0243_stg1_001308,"Я хотел бы запросить возврат средств, могу ли я получить некоторую поомощь?","я хотел бы запросить возврат средств, могу ли я получить некоторую поомощь?",return_exchange,payment_refund,bitext|aug_typo_duplicate_char,False,True,False,return_exchange,stg1_001308,,,,typo_duplicate_char
aug_payment_refund_0244_stg1_002178,что такое обменный курс доллара?,что такое обменный курс доллара?,payment_refund,payment_refund,runlu|aug_punctuation_variant,False,True,False,payment_refund,stg1_002178,,,,punctuation_variant
aug_payment_refund_0245_stg1_002163,Сколько австралийцев можо купить за один фунт стерлингов?,сколько австралийцев можо купить за один фунт стерлингов?,payment_refund,payment_refund,runlu|aug_typo_delete_char,False,True,False,payment_refund,stg1_002163,,,,typo_delete_char
aug_payment_refund_0246_stg1_002316,"Мне нужно проверить, в каких случаях я могу запросить возмещнеие","мне нужно проверить, в каких случаях я могу запросить возмещнеие",payment_refund,payment_refund,ikshana|aug_typo_swap_adjacent,False,True,False,payment_refund,stg1_002316,,,,typo_swap_adjacent
aug_payment_refund_0247_stg1_002228,У меня возникла проблема с оплатой кредитноой картой,у меня возникла проблема с оплатой кредитноой картой,payment_refund,payment_refund,bitext|aug_typo_duplicate_char,False,True,False,payment_refund,stg1_002228,,,,typo_duplicate_char
aug_payment_refund_0248_stg1_002087,"мне нужна помощь, чтобы проверить статус моего возмещения?","мне нужна помощь, чтобы проверить статус моего возмещения?",payment_refund,payment_refund,bitext|aug_punctuation_variant,False,True,False,payment_refund,stg1_002087,,,,punctuation_variant
aug_payment_refund_0249_stg1_002320,"я не знаю, что делать, чтобы попросить вернуть деньи","я не знаю, что делать, чтобы попросить вернуть деньи",payment_refund,payment_refund,ikshana|aug_typo_delete_char,False,True,False,payment_refund,stg1_002320,,,,typo_delete_char
aug_payment_refund_0250_stg1_002309,"помогите мне понять, в каких случаях я могу потребовать вернуть свои деьнги","помогите мне понять, в каких случаях я могу потребовать вернуть свои деьнги",payment_refund,payment_refund,ikshana|aug_typo_swap_adjacent,False,True,False,payment_refund,stg1_002309,,,,typo_swap_adjacent
aug_payment_refund_0251_stg1_002236,"Я заплатил 10$ за заказ, хочу коммпенсацию","я заплатил 10$ за заказ, хочу коммпенсацию",payment_refund,payment_refund,ikshana|aug_typo_duplicate_char,False,True,False,payment_refund,stg1_002236,,,,typo_duplicate_char
aug_payment_refund_0252_stg1_002321,как я могу получить возмещение?,как я могу получить возмещение?,payment_refund,payment_refund,ikshana|aug_punctuation_variant,False,True,False,payment_refund,stg1_002321,,,,punctuation_variant
aug_payment_refund_0253_stg1_002267,возместить 10 длларов,возместить 10 длларов,payment_refund,payment_refund,ikshana|aug_typo_delete_char,False,True,False,payment_refund,stg1_002267,,,,typo_delete_char
aug_payment_refund_0254_stg1_002956,Хочу вернуть деньги за заакз,хочу вернуть деньги за заакз,payment_refund,payment_refund,synthetic_dataset|aug_typo_swap_adjacent,True,True,False,payment_refund,stg1_002956,,,,typo_swap_adjacent
aug_payment_refund_0255_stg1_002193,Какова ставка меежду песо и иеной?,какова ставка меежду песо и иеной?,payment_refund,payment_refund,runlu|aug_typo_duplicate_char,False,True,False,payment_refund,stg1_002193,,,,typo_duplicate_char
aug_payment_refund_0256_stg1_002062,как получить информацию о чертовом статусе моего возмещения,как получить информацию о чертовом статусе моего возмещения,payment_refund,payment_refund,bitext|aug_phrase_compression,False,True,False,payment_refund,stg1_002062,,,,phrase_compression
aug_payment_refund_0257_stg1_002182,Сколько стоит доллар США против рупии??,сколько стоит доллар сша против рупии??,payment_refund,payment_refund,runlu|aug_punctuation_variant,False,True,False,payment_refund,stg1_002182,,,,punctuation_variant
aug_payment_refund_0258_stg1_002341,"хочу поучить счет от Джона, помоги мне","хочу поучить счет от джона, помоги мне",payment_refund,payment_refund,ikshana|aug_typo_delete_char,False,True,False,payment_refund,stg1_002341,,,,typo_delete_char
aug_payment_refund_0259_stg1_002118,помогите мне проверить статсу возврата,помогите мне проверить статсу возврата,payment_refund,payment_refund,ikshana|aug_typo_swap_adjacent,False,True,False,payment_refund,stg1_002118,,,,typo_swap_adjacent
aug_payment_refund_0260_stg1_002205,Сколькко йен за доллары сегодня?,сколькко йен за доллары сегодня?,payment_refund,payment_refund,runlu|aug_typo_duplicate_char,False,True,False,payment_refund,stg1_002205,,,,typo_duplicate_char
aug_payment_refund_0261_stg1_002082,"Я хочу отследить свой чертов возврат средств, как мне это сделать?!","я хочу отследить свой чертов возврат средств, как мне это сделать?!",payment_refund,payment_refund,bitext|aug_punctuation_variant,False,True,False,payment_refund,stg1_002082,,,,punctuation_variant
aug_payment_refund_0262_stg1_002174,Омен валюты,омен валюты,payment_refund,payment_refund,runlu|aug_typo_delete_char,False,True,False,payment_refund,stg1_002174,,,,typo_delete_char
aug_payment_refund_0263_stg1_002238,"Я хотел бы проверить твои чертовы способы оплааты, мне нужна помощь","я хотел бы проверить твои чертовы способы оплааты, мне нужна помощь",payment_refund,payment_refund,bitext|aug_typo_duplicate_char,False,True,False,payment_refund,stg1_002238,,,,typo_duplicate_char
aug_payment_refund_0264_stg1_002197,"Если бы у меня было 500 долларов, сколько бы это было иен?!","если бы у меня было 500 долларов, сколько бы это было иен?!",payment_refund,payment_refund,runlu|aug_punctuation_variant,False,True,False,payment_refund,stg1_002197,,,,punctuation_variant
aug_payment_refund_0265_stg1_002256,мне нужна помощь в поике счета,мне нужна помощь в поике счета,payment_refund,payment_refund,bitext|aug_typo_delete_char,False,True,False,payment_refund,stg1_002256,,,,typo_delete_char
aug_payment_refund_0266_stg1_002130,мне нужна помощь в провекре способов оплаты,мне нужна помощь в провекре способов оплаты,payment_refund,payment_refund,ikshana|aug_typo_swap_adjacent,False,True,False,payment_refund,stg1_002130,,,,typo_swap_adjacent
aug_payment_refund_0267_stg1_002247,"Я хочу узнать больше о вашей чертоввой гарантии возврата денег, можете ли вы найти какую-нибудь информацию?","я хочу узнать больше о вашей чертоввой гарантии возврата денег, можете ли вы найти какую-нибудь информацию?",payment_refund,payment_refund,bitext|aug_typo_duplicate_char,False,True,False,payment_refund,stg1_002247,,,,typo_duplicate_char
aug_payment_refund_0268_stg1_002354,помогите в загрузке счета № 12588.,помогите в загрузке счета № 12588.,payment_refund,payment_refund,ikshana|aug_phrase_compression,False,True,False,payment_refund,stg1_002354,,,,phrase_compression
aug_payment_refund_0269_stg1_002347,"Я хотел бы увидеть статус моего возврата, где мне это сделать?","я хотел бы увидеть статус моего возврата, где мне это сделать?",payment_refund,payment_refund,bitext|aug_punctuation_variant,False,True,False,payment_refund,stg1_002347,,,,punctuation_variant
aug_payment_refund_0270_stg1_002263,"Я хоетл бы заплатить чертовой картой, мне нужна помощь","я хоетл бы заплатить чертовой картой, мне нужна помощь",payment_refund,payment_refund,bitext|aug_typo_swap_adjacent,False,True,False,payment_refund,stg1_002263,,,,typo_swap_adjacent
aug_payment_refund_0271_stg1_001365,"мне нужно запросить чертов возврат денег, мне нужна поммощь","мне нужно запросить чертов возврат денег, мне нужна поммощь",return_exchange,payment_refund,bitext|aug_typo_duplicate_char,False,True,False,return_exchange,stg1_001365,,,,typo_duplicate_char
aug_payment_refund_0272_stg1_002186,Сколько [валюта_источник: доллары] в фунте,сколько [валюта_источник: доллары] в фунте,payment_refund,payment_refund,runlu|aug_punctuation_variant,False,True,False,payment_refund,stg1_002186,,,,punctuation_variant
aug_payment_refund_0273_stg1_002185,Является ли в США 5 [валюта: долары] Китая [валюта_источник: доллары] стоимостью 5 долларов?,является ли в сша 5 [валюта: долары] китая [валюта_источник: доллары] стоимостью 5 долларов?,payment_refund,payment_refund,runlu|aug_typo_delete_char,False,True,False,payment_refund,stg1_002185,,,,typo_delete_char
aug_payment_refund_0274_stg1_002109,могу ли я увиедть чертов статус моего возврата?,могу ли я увиедть чертов статус моего возврата?,payment_refund,payment_refund,bitext|aug_typo_swap_adjacent,False,True,False,payment_refund,stg1_002109,,,,typo_swap_adjacent
aug_payment_refund_0275_stg1_002218,"Я хотел бы проверить твои чертоовы варианты оплаты, где я могу это сделать","я хотел бы проверить твои чертоовы варианты оплаты, где я могу это сделать",payment_refund,payment_refund,bitext|aug_typo_duplicate_char,False,True,False,payment_refund,stg1_002218,,,,typo_duplicate_char
aug_payment_refund_0276_stg1_002302,получение счетов за восемь месяцев назад!,получение счетов за восемь месяцев назад!,payment_refund,payment_refund,ikshana|aug_punctuation_variant,False,True,False,payment_refund,stg1_002302,,,,punctuation_variant
aug_payment_refund_0277_stg1_002125,"покажите мне, в какх ситуациях я могу запросить возврат средств","покажите мне, в какх ситуациях я могу запросить возврат средств",payment_refund,payment_refund,ikshana|aug_typo_delete_char,False,True,False,payment_refund,stg1_002125,,,,typo_delete_char
aug_payment_refund_0278_stg1_002271,Мне нужна помощь в сообщеини о проблеме с оплатой,мне нужна помощь в сообщеини о проблеме с оплатой,payment_refund,payment_refund,ikshana|aug_typo_swap_adjacent,False,True,False,payment_refund,stg1_002271,,,,typo_swap_adjacent
aug_payment_refund_0279_stg1_002239,Мне нужна информация о вашей политике возврата средств. Можетте ли вы мне помочь?,мне нужна информация о вашей политике возврата средств. можетте ли вы мне помочь?,payment_refund,payment_refund,bitext|aug_typo_duplicate_char,False,True,False,payment_refund,stg1_002239,,,,typo_duplicate_char
aug_payment_refund_0280_stg1_002070,"хочу сделать чертов платеж, как это сделать!","хочу сделать чертов платеж, как это сделать!",payment_refund,payment_refund,bitext|aug_punctuation_variant,False,True,False,payment_refund,stg1_002070,,,,punctuation_variant
aug_payment_refund_0281_stg1_002338,Я хочу уидеть вашу гарантию возврата денег. Как я могу это сделать?,я хочу уидеть вашу гарантию возврата денег. как я могу это сделать?,payment_refund,payment_refund,ikshana|aug_typo_delete_char,False,True,False,payment_refund,stg1_002338,,,,typo_delete_char
aug_payment_refund_0282_stg1_002159,"Я пытаюсь узнать, есть ли что-нибдуь новое в моем возмещении.","я пытаюсь узнать, есть ли что-нибдуь новое в моем возмещении.",payment_refund,payment_refund,ikshana|aug_typo_swap_adjacent,False,True,False,payment_refund,stg1_002159,,,,typo_swap_adjacent
aug_payment_refund_0283_stg1_002145,"что мне нужно сделать, чтобы получить компенсацию свооих денег","что мне нужно сделать, чтобы получить компенсацию свооих денег",payment_refund,payment_refund,ikshana|aug_typo_duplicate_char,False,True,False,payment_refund,stg1_002145,,,,typo_duplicate_char
aug_payment_refund_0284_stg1_002313,"Я не получил подтверждение платежа. помогите, чтобы сообщить о проблеме с оплатой.","я не получил подтверждение платежа. помогите, чтобы сообщить о проблеме с оплатой.",payment_refund,payment_refund,bitext|aug_phrase_compression,False,True,False,payment_refund,stg1_002313,,,,phrase_compression
aug_payment_refund_0285_stg1_002084,"Я бы хотел сделать гребаные переводы, можешь мне помочь!","я бы хотел сделать гребаные переводы, можешь мне помочь!",payment_refund,payment_refund,bitext|aug_punctuation_variant,False,True,False,payment_refund,stg1_002084,,,,punctuation_variant
aug_payment_refund_0286_stg1_002283,"Мне нужно совершить чертовы платежи, где это седлать?","мне нужно совершить чертовы платежи, где это седлать?",payment_refund,payment_refund,bitext|aug_typo_swap_adjacent,False,True,False,payment_refund,stg1_002283,,,,typo_swap_adjacent
aug_payment_refund_0287_stg1_002308,помогите получить мой сччет №37777,помогите получить мой сччет №37777,payment_refund,payment_refund,ikshana|aug_typo_duplicate_char,False,True,False,payment_refund,stg1_002308,,,,typo_duplicate_char
aug_payment_refund_0288_stg1_002076,"Я совершил покупку, но не получил счет, как мне его запросить","я совершил покупку, но не получил счет, как мне его запросить",payment_refund,payment_refund,bitext|aug_punctuation_variant,False,True,False,payment_refund,stg1_002076,,,,punctuation_variant
aug_payment_refund_0289_stg1_002352,Я пытаюсь проверить твою чертову гарантию возвраа денег.,я пытаюсь проверить твою чертову гарантию возвраа денег.,payment_refund,payment_refund,ikshana|aug_typo_delete_char,False,True,False,payment_refund,stg1_002352,,,,typo_delete_char
aug_payment_refund_0290_stg1_002115,"хочу помочь проверить, есть ли какие-лиибо новости о моем возврате средств","хочу помочь проверить, есть ли какие-лиибо новости о моем возврате средств",payment_refund,payment_refund,ikshana|aug_typo_duplicate_char,False,True,False,payment_refund,stg1_002115,,,,typo_duplicate_char
aug_payment_refund_0291_stg1_002069,Я хочу произвести оплату!,я хочу произвести оплату!,payment_refund,payment_refund,bitext|aug_punctuation_variant,False,True,False,payment_refund,stg1_002069,,,,punctuation_variant
aug_payment_refund_0292_stg1_002140,можно ли полуить возмещение моих денег,можно ли полуить возмещение моих денег,payment_refund,payment_refund,ikshana|aug_typo_delete_char,False,True,False,payment_refund,stg1_002140,,,,typo_delete_char
aug_payment_refund_0293_stg1_002152,"Мне нужна помоьщ, чтобы загрузить мой счет № 37777.","мне нужна помоьщ, чтобы загрузить мой счет № 37777.",payment_refund,payment_refund,ikshana|aug_typo_swap_adjacent,False,True,False,payment_refund,stg1_002152,,,,typo_swap_adjacent
aug_payment_refund_0294_stg1_002264,"помощь, чтобы узнать, в каких ситууациях я могу запросить возврат средств","помощь, чтобы узнать, в каких ситууациях я могу запросить возврат средств",payment_refund,payment_refund,ikshana|aug_typo_duplicate_char,False,True,False,payment_refund,stg1_002264,,,,typo_duplicate_char
aug_payment_refund_0295_stg1_002126,"я не знаю, что нужно сделать, чтобы сообщить о проблемах с платежами","я не знаю, что нужно сделать, чтобы сообщить о проблемах с платежами",payment_refund,payment_refund,ikshana|aug_phrase_compression,False,True,False,payment_refund,stg1_002126,,,,phrase_compression
aug_payment_refund_0296_stg1_002300,Я хотел бы оплатить дебетовой картой!,я хотел бы оплатить дебетовой картой!,payment_refund,payment_refund,bitext|aug_punctuation_variant,False,True,False,payment_refund,stg1_002300,,,,punctuation_variant
aug_payment_refund_0297_stg1_002164,Скольо стоит $X...,скольо стоит $x...,payment_refund,payment_refund,runlu|aug_typo_delete_char,False,True,False,payment_refund,stg1_002164,,,,typo_delete_char
aug_payment_refund_0298_stg1_002297,"я совершил чертову покупку, но мне не приешл счет, как мне ее скачать","я совершил чертову покупку, но мне не приешл счет, как мне ее скачать",payment_refund,payment_refund,bitext|aug_typo_swap_adjacent,False,True,False,payment_refund,stg1_002297,,,,typo_swap_adjacent
aug_payment_refund_0299_stg1_002278,"Я хочу проверить вашу политику возмещения, вы мне пооможете?","я хочу проверить вашу политику возмещения, вы мне пооможете?",payment_refund,payment_refund,bitext|aug_typo_duplicate_char,False,True,False,payment_refund,stg1_002278,,,,typo_duplicate_char
aug_payment_refund_0300_stg1_002127,можете помочь мне сообщить о проблемах с оплатой?,можете помочь мне сообщить о проблемах с оплатой?,payment_refund,payment_refund,ikshana|aug_phrase_compression,False,True,False,payment_refund,stg1_002127,,,,phrase_compression
aug_payment_refund_0301_stg1_002250,Я ищу информацию о статусе моего возмещения. Не могли бы вы мне помочь??,я ищу информацию о статусе моего возмещения. не могли бы вы мне помочь??,payment_refund,payment_refund,bitext|aug_punctuation_variant,False,True,False,payment_refund,stg1_002250,,,,punctuation_variant
aug_product_info_0001_stg1_000176,"мне нужно вытащить чертовы вещи из тележки, где это сделтаь","мне нужно вытащить чертовы вещи из тележки, где это сделтаь",product_info,product_info,bitext|aug_typo_swap_adjacent,False,True,False,product_info,stg1_000176,,,,typo_swap_adjacent
aug_product_info_0002_stg1_000083,как нааписать комментарий к вашей продукции?,как нааписать комментарий к вашей продукции?,product_info,product_info,ikshana|aug_typo_duplicate_char,False,True,False,product_info,stg1_000083,,,,typo_duplicate_char
aug_product_info_0003_stg1_003002,Сколько стоит наушники Sony??,сколько стоит наушники sony??,product_info,product_info,synthetic_dataset|aug_punctuation_variant,True,True,False,product_info,stg1_003002,,,,punctuation_variant
aug_product_info_0004_stg1_000164,"хочу удалить товар из корзны, могу ли я это сделать","хочу удалить товар из корзны, могу ли я это сделать",product_info,product_info,bitext|aug_typo_delete_char,False,True,False,product_info,stg1_000164,,,,typo_delete_char
aug_product_info_0005_stg1_000038,"мне нунжа помощь, чтобы узнать наличие товара","мне нунжа помощь, чтобы узнать наличие товара",product_info,product_info,bitext|aug_typo_swap_adjacent,False,True,False,product_info,stg1_000038,,,,typo_swap_adjacent
aug_product_info_0006_stg1_000210,Я хочу увиидеть наличие товара,я хочу увиидеть наличие товара,product_info,product_info,bitext|aug_typo_duplicate_char,False,True,False,product_info,stg1_000210,,,,typo_duplicate_char
aug_product_info_0007_stg1_000269,можно ли удалить товар из корзины,можно ли удалить товар из корзины,product_info,product_info,bitext|aug_phrase_compression,False,True,False,product_info,stg1_000269,,,,phrase_compression
aug_product_info_0008_stg1_000111,Цена акций за яблоко?,цена акций за яблоко?,product_info,product_info,runlu|aug_punctuation_variant,False,True,False,product_info,stg1_000111,,,,punctuation_variant
aug_product_info_0009_stg1_003007,Сколько стоит коссовки Nike?,сколько стоит коссовки nike?,product_info,product_info,synthetic_dataset|aug_typo_delete_char,True,True,False,product_info,stg1_003007,,,,typo_delete_char
aug_product_info_0010_stg1_002996,Сколько стоит чеохл для iPhone?,сколько стоит чеохл для iphone?,product_info,product_info,synthetic_dataset|aug_typo_swap_adjacent,True,True,False,product_info,stg1_002996,,,,typo_swap_adjacent
aug_product_info_0011_stg1_000228,"мне нужжна помощь, чтобы отправить отзыв о нашей компании","мне нужжна помощь, чтобы отправить отзыв о нашей компании",product_info,product_info,ikshana|aug_typo_duplicate_char,False,True,False,product_info,stg1_000228,,,,typo_duplicate_char
aug_product_info_0012_stg1_000168,"Я хочу удалить товары из корзины, как мне это сделать?!","я хочу удалить товары из корзины, как мне это сделать?!",product_info,product_info,bitext|aug_punctuation_variant,False,True,False,product_info,stg1_000168,,,,punctuation_variant
aug_product_info_0013_stg1_000103,какоа балансовая стоимость гугля,какоа балансовая стоимость гугля,product_info,product_info,runlu|aug_typo_delete_char,False,True,False,product_info,stg1_000103,,,,typo_delete_char
aug_product_info_0014_stg1_000130,Какова цена акицй IBM?,какова цена акицй ibm?,product_info,product_info,runlu|aug_typo_swap_adjacent,False,True,False,product_info,stg1_000130,,,,typo_swap_adjacent
aug_product_info_0015_stg1_000209,"Я бы хотел удалить чертов товар из корзины, мне нужнна помощь","я бы хотел удалить чертов товар из корзины, мне нужнна помощь",product_info,product_info,bitext|aug_typo_duplicate_char,False,True,False,product_info,stg1_000209,,,,typo_duplicate_char
aug_product_info_0016_stg1_000247,"Я хотел бы увидеть наличие товара в Интернете, вы мне поможете?!","я хотел бы увидеть наличие товара в интернете, вы мне поможете?!",product_info,product_info,bitext|aug_punctuation_variant,False,True,False,product_info,stg1_000247,,,,punctuation_variant
aug_product_info_0017_stg1_000006,"мне нужно проверить наличие твара в магазине, не могли бы вы мне помочь?","мне нужно проверить наличие твара в магазине, не могли бы вы мне помочь?",product_info,product_info,bitext|aug_typo_delete_char,False,True,False,product_info,stg1_000006,,,,typo_delete_char
aug_product_info_0018_stg1_000174,не могли бы вы мне помоччь проверить наличие товара?,не могли бы вы мне помоччь проверить наличие товара?,product_info,product_info,bitext|aug_typo_duplicate_char,False,True,False,product_info,stg1_000174,,,,typo_duplicate_char
aug_product_info_0019_stg1_000286,"нужно проверить наличие товара, ты мне поможешь?","нужно проверить наличие товара, ты мне поможешь?",product_info,product_info,bitext|aug_phrase_compression,False,True,False,product_info,stg1_000286,,,,phrase_compression
aug_product_info_0020_stg1_000149,Какова цена акций (вставить)?,какова цена акций (вставить)?,product_info,product_info,runlu|aug_punctuation_variant,False,True,False,product_info,stg1_000149,,,,punctuation_variant
aug_product_info_0021_stg1_000060,"Есть ли электронное письмо, по которму можно отправить отзыв о вашей продукции?","есть ли электронное письмо, по которму можно отправить отзыв о вашей продукции?",product_info,product_info,ikshana|aug_typo_delete_char,False,True,False,product_info,stg1_000060,,,,typo_delete_char
aug_product_info_0022_stg1_000293,Я хотел бы сообщить об ошибках в купленном мной продукте. Не могли бы вы мне пмоочь?,я хотел бы сообщить об ошибках в купленном мной продукте. не могли бы вы мне пмоочь?,product_info,product_info,bitext|aug_typo_swap_adjacent,False,True,False,product_info,stg1_000293,,,,typo_swap_adjacent
aug_product_info_0023_stg1_000177,"Я должжен увидеть наличие какого-то гребаного товара в Интернете, помогите мне.","я должжен увидеть наличие какого-то гребаного товара в интернете, помогите мне.",product_info,product_info,bitext|aug_typo_duplicate_char,False,True,False,product_info,stg1_000177,,,,typo_duplicate_char
aug_product_info_0024_stg1_000274,"хочу добавить чертов товар в корзину, могу ли я получить помощь?","хочу добавить чертов товар в корзину, могу ли я получить помощь?",product_info,product_info,bitext|aug_phrase_compression,False,True,False,product_info,stg1_000274,,,,phrase_compression
aug_product_info_0025_stg1_000287,"хочу увидеть наличие товара, помогите мне!","хочу увидеть наличие товара, помогите мне!",product_info,product_info,bitext|aug_punctuation_variant,False,True,False,product_info,stg1_000287,,,,punctuation_variant
aug_product_info_0026_stg1_000189,"Я хочу увидеть наличие товара, мне нужна поощь","я хочу увидеть наличие товара, мне нужна поощь",product_info,product_info,bitext|aug_typo_delete_char,False,True,False,product_info,stg1_000189,,,,typo_delete_char
aug_product_info_0027_stg1_003012,Характеристики твоара,характеристики твоара,product_info,product_info,synthetic_dataset|aug_typo_swap_adjacent,True,True,False,product_info,stg1_003012,,,,typo_swap_adjacent
aug_product_info_0028_stg1_002909,Когда появиится товар в наличии?,когда появиится товар в наличии?,product_info,product_info,synthetic_dataset|aug_typo_duplicate_char,True,True,False,product_info,stg1_002909,,,,typo_duplicate_char
aug_product_info_0029_stg1_000156,"Я не вижу наличия чертовых товаров в магазине, помогите","я не вижу наличия чертовых товаров в магазине, помогите",product_info,product_info,bitext|aug_phrase_compression,False,True,False,product_info,stg1_000156,,,,phrase_compression
aug_product_info_0030_stg1_000237,можно ли посмотреть наличие товаров онлайн?,можно ли посмотреть наличие товаров онлайн?,product_info,product_info,bitext|aug_punctuation_variant,False,True,False,product_info,stg1_000237,,,,punctuation_variant
aug_product_info_0031_stg1_000169,где я могу получить информцаию о продукте,где я могу получить информцаию о продукте,product_info,product_info,bitext|aug_typo_swap_adjacent,False,True,False,product_info,stg1_000169,,,,typo_swap_adjacent
aug_product_info_0032_stg1_000296,"Я хотел бы узнать больше об этом черртовом продукте, не могли бы вы дать мне некоторую информацию?","я хотел бы узнать больше об этом черртовом продукте, не могли бы вы дать мне некоторую информацию?",product_info,product_info,bitext|aug_typo_duplicate_char,False,True,False,product_info,stg1_000296,,,,typo_duplicate_char
aug_product_info_0033_stg1_000126,Какова цена GOOGL сегодня!,какова цена googl сегодня!,product_info,product_info,runlu|aug_punctuation_variant,False,True,False,product_info,stg1_000126,,,,punctuation_variant
aug_product_info_0034_stg1_000238,Мне нужно сообщить о проблеме с заказанным товаром. Где я могу это сдлать?,мне нужно сообщить о проблеме с заказанным товаром. где я могу это сдлать?,product_info,product_info,bitext|aug_typo_delete_char,False,True,False,product_info,stg1_000238,,,,typo_delete_char
aug_product_info_0035_stg1_000181,как я могу проверить наличие чертовых товаров оналйн?,как я могу проверить наличие чертовых товаров оналйн?,product_info,product_info,bitext|aug_typo_swap_adjacent,False,True,False,product_info,stg1_000181,,,,typo_swap_adjacent
aug_product_info_0036_stg1_000080,звонню оставить отзыв,звонню оставить отзыв,product_info,product_info,ikshana|aug_typo_duplicate_char,False,True,False,product_info,stg1_000080,,,,typo_duplicate_char
aug_product_info_0037_stg1_002943,Какие размеры есть,какие размеры есть,product_info,product_info,synthetic_dataset|aug_punctuation_variant,True,True,False,product_info,stg1_002943,,,,punctuation_variant
aug_product_info_0038_stg1_000202,"мне нужо добавить товары в корзину, могу ли я получить помощь","мне нужо добавить товары в корзину, могу ли я получить помощь",product_info,product_info,bitext|aug_typo_delete_char,False,True,False,product_info,stg1_000202,,,,typo_delete_char
aug_product_info_0039_stg1_000195,"купленный мной продкут не работает должным образом, могу ли я сообщить о проблеме с продуктом?","купленный мной продкут не работает должным образом, могу ли я сообщить о проблеме с продуктом?",product_info,product_info,bitext|aug_typo_swap_adjacent,False,True,False,product_info,stg1_000195,,,,typo_swap_adjacent
aug_product_info_0040_stg1_000061,у вас есть адрес для отправкки отзыва?,у вас есть адрес для отправкки отзыва?,product_info,product_info,ikshana|aug_typo_duplicate_char,False,True,False,product_info,stg1_000061,,,,typo_duplicate_char
aug_product_info_0041_stg1_000044,где проверить наличие товара в магазине??,где проверить наличие товара в магазине??,product_info,product_info,bitext|aug_punctuation_variant,False,True,False,product_info,stg1_000044,,,,punctuation_variant
aug_product_info_0042_stg1_000030,"Я хотел бы подтвердить наличие товаров в магазине, мне нужа помощь","я хотел бы подтвердить наличие товаров в магазине, мне нужа помощь",product_info,product_info,bitext|aug_typo_delete_char,False,True,False,product_info,stg1_000030,,,,typo_delete_char
aug_product_info_0043_stg1_000191,"я должен сообщить о чертвоых проблемах с приобретенным мной продуктом, как я могу это сделать","я должен сообщить о чертвоых проблемах с приобретенным мной продуктом, как я могу это сделать",product_info,product_info,bitext|aug_typo_swap_adjacent,False,True,False,product_info,stg1_000191,,,,typo_swap_adjacent
aug_product_info_0044_stg1_000240,Я хочу сообщить об ошибках в купленном мной продукте. Где я могу это сдеелать?,я хочу сообщить об ошибках в купленном мной продукте. где я могу это сдеелать?,product_info,product_info,bitext|aug_typo_duplicate_char,False,True,False,product_info,stg1_000240,,,,typo_duplicate_char
aug_product_info_0045_stg1_000036,"нужно удалить чертову вещь из корзины, ты мне поможешь?","нужно удалить чертову вещь из корзины, ты мне поможешь?",product_info,product_info,bitext|aug_phrase_compression,False,True,False,product_info,stg1_000036,,,,phrase_compression
aug_product_info_0046_stg1_000026,"Мне нужно проверить наличие товаров в магазине, могу ли я получить помощь??","мне нужно проверить наличие товаров в магазине, могу ли я получить помощь??",product_info,product_info,bitext|aug_punctuation_variant,False,True,False,product_info,stg1_000026,,,,punctuation_variant
aug_product_info_0047_stg1_000236,"мой продукт не рботает так, как указано. Помогите мне сообщить о проблеме с продуктом.","мой продукт не рботает так, как указано. помогите мне сообщить о проблеме с продуктом.",product_info,product_info,bitext|aug_typo_delete_char,False,True,False,product_info,stg1_000236,,,,typo_delete_char
aug_product_info_0048_stg1_000073,"Я не знаю, как я могу оставить отзыв о продукет","я не знаю, как я могу оставить отзыв о продукет",product_info,product_info,ikshana|aug_typo_swap_adjacent,False,True,False,product_info,stg1_000073,,,,typo_swap_adjacent
aug_product_info_0049_stg1_000051,"Звоню, чтобы оставить отззыв о вашей продукции.","звоню, чтобы оставить отззыв о вашей продукции.",product_info,product_info,ikshana|aug_typo_duplicate_char,False,True,False,product_info,stg1_000051,,,,typo_duplicate_char
aug_product_info_0050_stg1_000136,Каков рост стоимости акций за последнюю неделю Дисней?!,каков рост стоимости акций за последнюю неделю дисней?!,product_info,product_info,runlu|aug_punctuation_variant,False,True,False,product_info,stg1_000136,,,,punctuation_variant
aug_product_info_0051_stg1_000151,помощь в написании коментария к вашей продукции,помощь в написании коментария к вашей продукции,product_info,product_info,ikshana|aug_typo_delete_char,False,True,False,product_info,stg1_000151,,,,typo_delete_char
aug_product_info_0052_stg1_000288,"Я хотел бы удалить офигеннные товары из корзины, где это сделать?","я хотел бы удалить офигеннные товары из корзины, где это сделать?",product_info,product_info,bitext|aug_typo_duplicate_char,False,True,False,product_info,stg1_000288,,,,typo_duplicate_char
aug_product_info_0053_stg1_000125,перечислить стоимость акций этой компании?,перечислить стоимость акций этой компании?,product_info,product_info,runlu|aug_punctuation_variant,False,True,False,product_info,stg1_000125,,,,punctuation_variant
aug_product_info_0054_stg1_000004,"продукт, который я купил, работет правильно, могу ли я сообщить о проблеме с продуктом","продукт, который я купил, работет правильно, могу ли я сообщить о проблеме с продуктом",product_info,product_info,bitext|aug_typo_delete_char,False,True,False,product_info,stg1_000004,,,,typo_delete_char
aug_product_info_0055_stg1_000273,"Мне нужно удалить чертов товар из корзины, мне нужна поомощь","мне нужно удалить чертов товар из корзины, мне нужна поомощь",product_info,product_info,bitext|aug_typo_duplicate_char,False,True,False,product_info,stg1_000273,,,,typo_duplicate_char
aug_product_info_0056_stg1_000020,Ищу информацию о чертовых продуктах где ее взять?,ищу информацию о чертовых продуктах где ее взять?,product_info,product_info,bitext|aug_punctuation_variant,False,True,False,product_info,stg1_000020,,,,punctuation_variant
aug_product_info_0057_stg1_000213,"нужно удалиь чертовы товары из корзины, можете мне помочь","нужно удалиь чертовы товары из корзины, можете мне помочь",product_info,product_info,bitext|aug_typo_delete_char,False,True,False,product_info,stg1_000213,,,,typo_delete_char
aug_product_info_0058_stg1_000224,"Мне нужно проверить наличие товара, как это сделаьт?","мне нужно проверить наличие товара, как это сделаьт?",product_info,product_info,bitext|aug_typo_swap_adjacent,False,True,False,product_info,stg1_000224,,,,typo_swap_adjacent
aug_product_info_0059_stg1_000067,оставитть отзыв об услуге,оставитть отзыв об услуге,product_info,product_info,ikshana|aug_typo_duplicate_char,False,True,False,product_info,stg1_000067,,,,typo_duplicate_char
aug_product_info_0060_stg1_000108,Расскажи мне о текущей цене эксксон-мобильных запасов!,расскажи мне о текущей цене эксксон-мобильных запасов!,product_info,product_info,runlu|aug_punctuation_variant,False,True,False,product_info,stg1_000108,,,,punctuation_variant
aug_product_info_0061_stg1_000069,Есть ли адрес для отправи отзывов о вашей продукции?,есть ли адрес для отправи отзывов о вашей продукции?,product_info,product_info,ikshana|aug_typo_delete_char,False,True,False,product_info,stg1_000069,,,,typo_delete_char
aug_product_info_0062_stg1_000015,"Мне нжуно удалить чертовы товары из корзины, могу ли я получить помощь?","мне нжуно удалить чертовы товары из корзины, могу ли я получить помощь?",product_info,product_info,bitext|aug_typo_swap_adjacent,False,True,False,product_info,stg1_000015,,,,typo_swap_adjacent
aug_product_info_0063_stg1_000250,Могу ли я проверить наличие чертоовых товаров онлайн?,могу ли я проверить наличие чертоовых товаров онлайн?,product_info,product_info,bitext|aug_typo_duplicate_char,False,True,False,product_info,stg1_000250,,,,typo_duplicate_char
aug_product_info_0064_stg1_000246,можно ли удалить чертов товар из корзины?,можно ли удалить чертов товар из корзины?,product_info,product_info,bitext|aug_phrase_compression,False,True,False,product_info,stg1_000246,,,,phrase_compression
aug_product_info_0065_stg1_000183,где проверить наличие чертового товара?,где проверить наличие чертового товара?,product_info,product_info,bitext|aug_punctuation_variant,False,True,False,product_info,stg1_000183,,,,punctuation_variant
aug_product_info_0066_stg1_000260,"нужно проверить наличие чертовых товаров в Интернете, как я могу это сделаь","нужно проверить наличие чертовых товаров в интернете, как я могу это сделаь",product_info,product_info,bitext|aug_typo_delete_char,False,True,False,product_info,stg1_000260,,,,typo_delete_char
aug_product_info_0067_stg1_000101,За скольок продаётся HP?,за скольок продаётся hp?,product_info,product_info,runlu|aug_typo_swap_adjacent,False,True,False,product_info,stg1_000101,,,,typo_swap_adjacent
aug_product_info_0068_stg1_000107,Стоимосстная цена GSS Energy ( &lt; &lt; Энергетика &gt; &gt; ),стоимосстная цена gss energy ( &lt; &lt; энергетика &gt; &gt; ),product_info,product_info,runlu|aug_typo_duplicate_char,False,True,False,product_info,stg1_000107,,,,typo_duplicate_char
aug_product_info_0069_stg1_000154,"мне нужно добавить элементы в catr, где я могу это сделать!","мне нужно добавить элементы в catr, где я могу это сделать!",product_info,product_info,bitext|aug_punctuation_variant,False,True,False,product_info,stg1_000154,,,,punctuation_variant
aug_product_info_0070_stg1_000212,"Я бы хотел удалть чертовы вещи из корзины, как мне это сделать?","я бы хотел удалть чертовы вещи из корзины, как мне это сделать?",product_info,product_info,bitext|aug_typo_delete_char,False,True,False,product_info,stg1_000212,,,,typo_delete_char
aug_product_info_0071_stg1_000188,"Мне нужна помощь, чтобы проверить налииче товара","мне нужна помощь, чтобы проверить налииче товара",product_info,product_info,bitext|aug_typo_swap_adjacent,False,True,False,product_info,stg1_000188,,,,typo_swap_adjacent
aug_product_info_0072_stg1_000258,"Мне нужно добавить товаар в корзину, могу ли я получить помощь?","мне нужно добавить товаар в корзину, могу ли я получить помощь?",product_info,product_info,bitext|aug_typo_duplicate_char,False,True,False,product_info,stg1_000258,,,,typo_duplicate_char
aug_product_info_0073_stg1_000262,"хочу узнать о чертовом продукте, найду некоторую информацию","хочу узнать о чертовом продукте, найду некоторую информацию",product_info,product_info,bitext|aug_phrase_compression,False,True,False,product_info,stg1_000262,,,,phrase_compression
aug_product_info_0074_stg1_000234,"я не знаю, как я могу оставить чертов комментарий для твоих людей!","я не знаю, как я могу оставить чертов комментарий для твоих людей!",product_info,product_info,ikshana|aug_punctuation_variant,False,True,False,product_info,stg1_000234,,,,punctuation_variant
aug_product_info_0075_stg1_000114,пказать стоимость акций гуга,пказать стоимость акций гуга,product_info,product_info,runlu|aug_typo_delete_char,False,True,False,product_info,stg1_000114,,,,typo_delete_char
aug_product_info_0076_stg1_000116,Я хотел бы плоучать обновленную информацию о фондовом рынке каждый день.,я хотел бы плоучать обновленную информацию о фондовом рынке каждый день.,product_info,product_info,runlu|aug_typo_swap_adjacent,False,True,False,product_info,stg1_000116,,,,typo_swap_adjacent
aug_product_info_0077_stg1_000117,Что такое аккции Apple,что такое аккции apple,product_info,product_info,runlu|aug_typo_duplicate_char,False,True,False,product_info,stg1_000117,,,,typo_duplicate_char
aug_product_info_0078_stg1_000271,"Я хочу удалить товар из корзины, можете мне помочь?","я хочу удалить товар из корзины, можете мне помочь?",product_info,product_info,bitext|aug_phrase_compression,False,True,False,product_info,stg1_000271,,,,phrase_compression
aug_product_info_0079_stg1_000062,"Я не знаю, как оставить отзыв об услуге?","я не знаю, как оставить отзыв об услуге?",product_info,product_info,ikshana|aug_punctuation_variant,False,True,False,product_info,stg1_000062,,,,punctuation_variant
aug_product_info_0080_stg1_000155,"Я хотел бы подтвердить наличие этого чертовоого товара в магазине, как мне это сделать?","я хотел бы подтвердить наличие этого чертовоого товара в магазине, как мне это сделать?",product_info,product_info,bitext|aug_typo_duplicate_char,False,True,False,product_info,stg1_000155,,,,typo_duplicate_char
aug_product_info_0081_stg1_000178,"нужно сообщить об ошибке продукта, мне нужна помощь","нужно сообщить об ошибке продукта, мне нужна помощь",product_info,product_info,bitext|aug_phrase_compression,False,True,False,product_info,stg1_000178,,,,phrase_compression
aug_product_info_0082_stg1_002962,Чем отличается модель A от B?!,чем отличается модель a от b?!,product_info,product_info,synthetic_dataset|aug_punctuation_variant,True,True,False,product_info,stg1_002962,,,,punctuation_variant
aug_product_info_0083_stg1_000158,"Я хочу удалить товары из ктра, как это сделать","я хочу удалить товары из ктра, как это сделать",product_info,product_info,bitext|aug_typo_delete_char,False,True,False,product_info,stg1_000158,,,,typo_delete_char
aug_product_info_0084_stg1_000194,"Мне нужна помощь, чтобы отправить отзыв о вашйе продукции","мне нужна помощь, чтобы отправить отзыв о вашйе продукции",product_info,product_info,ikshana|aug_typo_swap_adjacent,False,True,False,product_info,stg1_000194,,,,typo_swap_adjacent
aug_product_info_0085_stg1_000153,"хочу добавить товары в корзину, как мне это сделатть?","хочу добавить товары в корзину, как мне это сделатть?",product_info,product_info,bitext|aug_typo_duplicate_char,False,True,False,product_info,stg1_000153,,,,typo_duplicate_char
aug_product_info_0086_stg1_000225,"нужно увидеть наличие этого чертового предмета, могу ли я получить помощь?","нужно увидеть наличие этого чертового предмета, могу ли я получить помощь?",product_info,product_info,bitext|aug_phrase_compression,False,True,False,product_info,stg1_000225,,,,phrase_compression
aug_product_info_0087_stg1_000009,заказанный мной продукт не работает должным образом. Можете ли вы мне помочь сообщить о проблеме с продуктом?!,заказанный мной продукт не работает должным образом. можете ли вы мне помочь сообщить о проблеме с продуктом?!,product_info,product_info,bitext|aug_punctuation_variant,False,True,False,product_info,stg1_000009,,,,punctuation_variant
aug_product_info_0088_stg1_000198,"Мне нужно проверить наличие какого-то твоара в магазине, это может мне помочь.","мне нужно проверить наличие какого-то твоара в магазине, это может мне помочь.",product_info,product_info,bitext|aug_typo_swap_adjacent,False,True,False,product_info,stg1_000198,,,,typo_swap_adjacent
aug_product_info_0089_stg1_000023,"Мне нужна информация о чертовом продюсере, как мне ее наайти?","мне нужна информация о чертовом продюсере, как мне ее наайти?",product_info,product_info,bitext|aug_typo_duplicate_char,False,True,False,product_info,stg1_000023,,,,typo_duplicate_char
aug_product_info_0090_stg1_000137,"Что ""Apple"" закрыла вчера??","что ""apple"" закрыла вчера??",product_info,product_info,runlu|aug_punctuation_variant,False,True,False,product_info,stg1_000137,,,,punctuation_variant
aug_product_info_0091_stg1_000255,"Я ищу информацию о продуктах, мне нуна помощь","я ищу информацию о продуктах, мне нуна помощь",product_info,product_info,bitext|aug_typo_delete_char,False,True,False,product_info,stg1_000255,,,,typo_delete_char
aug_product_info_0092_stg1_000035,Я хотел бы соощбить о проблеме с приобретенным мной продуктом. Могу ли я получить помощь?,я хотел бы соощбить о проблеме с приобретенным мной продуктом. могу ли я получить помощь?,product_info,product_info,bitext|aug_typo_swap_adjacent,False,True,False,product_info,stg1_000035,,,,typo_swap_adjacent
aug_product_info_0093_stg1_000159,"Я хотел бы проверить наличие товаров онлайн, как это сделаать?","я хотел бы проверить наличие товаров онлайн, как это сделаать?",product_info,product_info,bitext|aug_typo_duplicate_char,False,True,False,product_info,stg1_000159,,,,typo_duplicate_char
aug_product_info_0094_stg1_000100,как отправить отзыв об услуге?,как отправить отзыв об услуге?,product_info,product_info,ikshana|aug_phrase_compression,False,True,False,product_info,stg1_000100,,,,phrase_compression
aug_product_info_0095_stg1_000079,"Мне нужна помощь, чтобы оставить отзыв о ваших услугах?","мне нужна помощь, чтобы оставить отзыв о ваших услугах?",product_info,product_info,ikshana|aug_punctuation_variant,False,True,False,product_info,stg1_000079,,,,punctuation_variant
aug_product_info_0096_stg1_000220,мне нужна пмощь в добавлении товаров в корзину,мне нужна пмощь в добавлении товаров в корзину,product_info,product_info,bitext|aug_typo_delete_char,False,True,False,product_info,stg1_000220,,,,typo_delete_char
aug_product_info_0097_stg1_000110,Какова цена AMD на фондовом рныке?,какова цена amd на фондовом рныке?,product_info,product_info,runlu|aug_typo_swap_adjacent,False,True,False,product_info,stg1_000110,,,,typo_swap_adjacent
aug_product_info_0098_stg1_000264,"мне нужно проверить наличие тоовара, могу ли я получить помощь?","мне нужно проверить наличие тоовара, могу ли я получить помощь?",product_info,product_info,bitext|aug_typo_duplicate_char,False,True,False,product_info,stg1_000264,,,,typo_duplicate_char
aug_product_info_0099_stg1_000090,можно ли написать отзыв о вашей продукции,можно ли написать отзыв о вашей продукции,product_info,product_info,ikshana|aug_phrase_compression,False,True,False,product_info,stg1_000090,,,,phrase_compression
aug_product_info_0100_stg1_000208,Я хотел бы добавить офигенные товары в корзину мне нужна помощь,я хотел бы добавить офигенные товары в корзину мне нужна помощь,product_info,product_info,bitext|aug_punctuation_variant,False,True,False,product_info,stg1_000208,,,,punctuation_variant
aug_product_info_0101_stg1_000199,помоги мне поверить наличие чертового товара,помоги мне поверить наличие чертового товара,product_info,product_info,bitext|aug_typo_delete_char,False,True,False,product_info,stg1_000199,,,,typo_delete_char
aug_product_info_0102_stg1_000049,"я ищу инфромацию о продукте, где я могу ее получить","я ищу инфромацию о продукте, где я могу ее получить",product_info,product_info,bitext|aug_typo_swap_adjacent,False,True,False,product_info,stg1_000049,,,,typo_swap_adjacent
aug_product_info_0103_stg1_000045,"Я хотел бы добавить чертовы товары в корзину, где мне это сдделать?","я хотел бы добавить чертовы товары в корзину, где мне это сдделать?",product_info,product_info,bitext|aug_typo_duplicate_char,False,True,False,product_info,stg1_000045,,,,typo_duplicate_char
aug_product_info_0104_stg1_000029,помогите с добавлением чертовых товаров в корзину.,помогите с добавлением чертовых товаров в корзину.,product_info,product_info,bitext|aug_phrase_compression,False,True,False,product_info,stg1_000029,,,,phrase_compression
aug_product_info_0105_stg1_000182,"Я хотел бы увидеть наличие этого чертового предмета, не могли бы вы мне помочь","я хотел бы увидеть наличие этого чертового предмета, не могли бы вы мне помочь",product_info,product_info,bitext|aug_punctuation_variant,False,True,False,product_info,stg1_000182,,,,punctuation_variant
aug_product_info_0106_stg1_000129,Могу ли я получить спиок акций олы и uber?,могу ли я получить спиок акций олы и uber?,product_info,product_info,runlu|aug_typo_delete_char,False,True,False,product_info,stg1_000129,,,,typo_delete_char
aug_product_info_0107_stg1_000144,"Пожалуйста, выянсите цену акций Microsoft в Насдаке.","пожалуйста, выянсите цену акций microsoft в насдаке.",product_info,product_info,runlu|aug_typo_swap_adjacent,False,True,False,product_info,stg1_000144,,,,typo_swap_adjacent
aug_product_info_0108_stg1_000193,"хочу провериить наличие товара в магазине, как я могу это сделать","хочу провериить наличие товара в магазине, как я могу это сделать",product_info,product_info,bitext|aug_typo_duplicate_char,False,True,False,product_info,stg1_000193,,,,typo_duplicate_char
aug_product_info_0109_stg1_000201,"хочу узнать больше об этом чертовом продукте, можете ли вы дать мне некоторую информацию?","хочу узнать больше об этом чертовом продукте, можете ли вы дать мне некоторую информацию?",product_info,product_info,bitext|aug_phrase_compression,False,True,False,product_info,stg1_000201,,,,phrase_compression
aug_product_info_0110_stg1_000162,Я бы хотел убрать долбанные продукты из корзины помогите мне.,я бы хотел убрать долбанные продукты из корзины помогите мне.,product_info,product_info,bitext|aug_punctuation_variant,False,True,False,product_info,stg1_000162,,,,punctuation_variant
aug_product_info_0111_stg1_000203,Мне нжна помощь с добавлением чертового товара в корзину.,мне нжна помощь с добавлением чертового товара в корзину.,product_info,product_info,bitext|aug_typo_delete_char,False,True,False,product_info,stg1_000203,,,,typo_delete_char
aug_product_info_0112_stg1_000282,"Я хотел бы проверить налииче какого-то товара онлайн, как мне это сделать?","я хотел бы проверить налииче какого-то товара онлайн, как мне это сделать?",product_info,product_info,bitext|aug_typo_swap_adjacent,False,True,False,product_info,stg1_000282,,,,typo_swap_adjacent
aug_product_info_0113_stg1_000058,Я должен отправить сввой отзыв,я должен отправить сввой отзыв,product_info,product_info,ikshana|aug_typo_duplicate_char,False,True,False,product_info,stg1_000058,,,,typo_duplicate_char
aug_product_info_0114_stg1_000280,Я хочу удалить товары из корзины где это можно сделать?,я хочу удалить товары из корзины где это можно сделать?,product_info,product_info,bitext|aug_punctuation_variant,False,True,False,product_info,stg1_000280,,,,punctuation_variant
aug_product_info_0115_stg1_000223,Мне нужно просмотреть наличие товаорв в Интернете. Вы мне поможете?,мне нужно просмотреть наличие товаорв в интернете. вы мне поможете?,product_info,product_info,bitext|aug_typo_swap_adjacent,False,True,False,product_info,stg1_000223,,,,typo_swap_adjacent
aug_product_info_0116_stg1_000119,отправиться в NSDL и исскать цены,отправиться в nsdl и исскать цены,product_info,product_info,runlu|aug_typo_duplicate_char,False,True,False,product_info,stg1_000119,,,,typo_duplicate_char
aug_product_info_0117_stg1_000219,могу ли я добавить товар в корзину?!,могу ли я добавить товар в корзину?!,product_info,product_info,bitext|aug_punctuation_variant,False,True,False,product_info,stg1_000219,,,,punctuation_variant
aug_product_info_0118_stg1_000180,"Я хотел бы увидеть налчие какого-то долбанного товара в магазине, где я могу это сделать?","я хотел бы увидеть налчие какого-то долбанного товара в магазине, где я могу это сделать?",product_info,product_info,bitext|aug_typo_delete_char,False,True,False,product_info,stg1_000180,,,,typo_delete_char
aug_product_info_0119_stg1_000278,"мне нужно проеврить наличие товара, как мне это сделать?","мне нужно проеврить наличие товара, как мне это сделать?",product_info,product_info,bitext|aug_typo_swap_adjacent,False,True,False,product_info,stg1_000278,,,,typo_swap_adjacent
aug_product_info_0120_stg1_000276,"Я хотел бы проверить наличие товара, могу ли я получить поомощь?","я хотел бы проверить наличие товара, могу ли я получить поомощь?",product_info,product_info,bitext|aug_typo_duplicate_char,False,True,False,product_info,stg1_000276,,,,typo_duplicate_char
aug_product_info_0121_stg1_000190,хочу сообщить о проблемах в купленном мной продукте. Где я могу это сделать?,хочу сообщить о проблемах в купленном мной продукте. где я могу это сделать?,product_info,product_info,bitext|aug_phrase_compression,False,True,False,product_info,stg1_000190,,,,phrase_compression
aug_product_info_0122_stg1_000048,"Я хотел бы увидеть наличие этих чертовых предметов, не могли бы вы мне помочь?!","я хотел бы увидеть наличие этих чертовых предметов, не могли бы вы мне помочь?!",product_info,product_info,bitext|aug_punctuation_variant,False,True,False,product_info,stg1_000048,,,,punctuation_variant
aug_product_info_0123_stg1_000261,как псмотреть наличие товара онлайн?,как псмотреть наличие товара онлайн?,product_info,product_info,bitext|aug_typo_delete_char,False,True,False,product_info,stg1_000261,,,,typo_delete_char
aug_product_info_0124_stg1_000214,"мне нужно посмотреть наличие товара, могу ли я получить пмоощь","мне нужно посмотреть наличие товара, могу ли я получить пмоощь",product_info,product_info,bitext|aug_typo_swap_adjacent,False,True,False,product_info,stg1_000214,,,,typo_swap_adjacent
aug_product_info_0125_stg1_000054,Есть ли сппособ оставить отзыв о вашей компании?,есть ли сппособ оставить отзыв о вашей компании?,product_info,product_info,ikshana|aug_typo_duplicate_char,False,True,False,product_info,stg1_000054,,,,typo_duplicate_char
aug_product_info_0126_stg1_000161,"нужно проверить наличие товаров в магазине, мне нужна помощь","нужно проверить наличие товаров в магазине, мне нужна помощь",product_info,product_info,bitext|aug_phrase_compression,False,True,False,product_info,stg1_000161,,,,phrase_compression
aug_product_info_0127_stg1_000196,Я хотел бы узнать больше о чертовых продуктах можете ли вы дать мне некоторую информацию?,я хотел бы узнать больше о чертовых продуктах можете ли вы дать мне некоторую информацию?,product_info,product_info,bitext|aug_punctuation_variant,False,True,False,product_info,stg1_000196,,,,punctuation_variant
aug_product_info_0128_stg1_000204,"хочу сообщить о чертовых проблемах с полученным мной прдуктом, мне поможет","хочу сообщить о чертовых проблемах с полученным мной прдуктом, мне поможет",product_info,product_info,bitext|aug_typo_delete_char,False,True,False,product_info,stg1_000204,,,,typo_delete_char
aug_product_info_0129_stg1_000289,"хочу дбоавить товары в корзину, где мне это сделать?","хочу дбоавить товары в корзину, где мне это сделать?",product_info,product_info,bitext|aug_typo_swap_adjacent,False,True,False,product_info,stg1_000289,,,,typo_swap_adjacent
aug_product_info_0130_stg1_000003,"Я хочу удалить товар из корзины, где мне это сделаать?","я хочу удалить товар из корзины, где мне это сделаать?",product_info,product_info,bitext|aug_typo_duplicate_char,False,True,False,product_info,stg1_000003,,,,typo_duplicate_char
aug_product_info_0131_stg1_000013,не могли бы вы помочь мне проверить наличие этого чертового товара онлайн??,не могли бы вы помочь мне проверить наличие этого чертового товара онлайн??,product_info,product_info,bitext|aug_punctuation_variant,False,True,False,product_info,stg1_000013,,,,punctuation_variant
aug_product_info_0132_stg1_000205,"нужно удалить четов товар из корзины, где я могу это сделать","нужно удалить четов товар из корзины, где я могу это сделать",product_info,product_info,bitext|aug_typo_delete_char,False,True,False,product_info,stg1_000205,,,,typo_delete_char
aug_product_info_0133_stg1_000142,Где ДЕЛЛ сейчас стоит на фондовмо рынке?,где делл сейчас стоит на фондовмо рынке?,product_info,product_info,runlu|aug_typo_swap_adjacent,False,True,False,product_info,stg1_000142,,,,typo_swap_adjacent
aug_product_info_0134_stg1_000134,"Сделай так, чтобы акцции поднялись или упали сегодня для Уолмарта.","сделай так, чтобы акцции поднялись или упали сегодня для уолмарта.",product_info,product_info,runlu|aug_typo_duplicate_char,False,True,False,product_info,stg1_000134,,,,typo_duplicate_char
aug_product_info_0135_stg1_000211,"хочу подтвердить наличие чертовых товаров в Интернете, мне поможет?","хочу подтвердить наличие чертовых товаров в интернете, мне поможет?",product_info,product_info,bitext|aug_punctuation_variant,False,True,False,product_info,stg1_000211,,,,punctuation_variant
aug_product_info_0136_stg1_000143,Какова ставка за ацкии Уэллса Фарго?,какова ставка за ацкии уэллса фарго?,product_info,product_info,runlu|aug_typo_swap_adjacent,False,True,False,product_info,stg1_000143,,,,typo_swap_adjacent
aug_product_info_0137_stg1_000243,"Я не зннаю, как написать отзыв об услуге.","я не зннаю, как написать отзыв об услуге.",product_info,product_info,ikshana|aug_typo_duplicate_char,False,True,False,product_info,stg1_000243,,,,typo_duplicate_char
aug_product_info_0138_stg1_000019,помогите в проверке наличия товара,помогите в проверке наличия товара,product_info,product_info,bitext|aug_phrase_compression,False,True,False,product_info,stg1_000019,,,,phrase_compression
aug_product_info_0139_stg1_000031,"Я хотел бы узнать о чертовых продуктах, как я могу получить больше информации??","я хотел бы узнать о чертовых продуктах, как я могу получить больше информации??",product_info,product_info,bitext|aug_punctuation_variant,False,True,False,product_info,stg1_000031,,,,punctuation_variant
aug_product_info_0140_stg1_000086,"Мне нужна помощь, чтобы отавить отзыв о продукте","мне нужна помощь, чтобы отавить отзыв о продукте",product_info,product_info,ikshana|aug_typo_delete_char,False,True,False,product_info,stg1_000086,,,,typo_delete_char
aug_product_info_0141_stg1_000097,"нужно написать комментарий о ваших услугах, как я могу это сделлать","нужно написать комментарий о ваших услугах, как я могу это сделлать",product_info,product_info,ikshana|aug_typo_duplicate_char,False,True,False,product_info,stg1_000097,,,,typo_duplicate_char
aug_product_info_0142_stg1_000005,хочу сообщить о дефектах заказанного товара. Можете ли вы мне помочь?,хочу сообщить о дефектах заказанного товара. можете ли вы мне помочь?,product_info,product_info,bitext|aug_phrase_compression,False,True,False,product_info,stg1_000005,,,,phrase_compression
aug_product_info_0143_stg1_000088,Могу ли я отправить отзыв об услуге?!,могу ли я отправить отзыв об услуге?!,product_info,product_info,ikshana|aug_punctuation_variant,False,True,False,product_info,stg1_000088,,,,punctuation_variant
aug_product_info_0144_stg1_000076,"Мне нужо оставить отзыв о товаре, помогите мне.","мне нужо оставить отзыв о товаре, помогите мне.",product_info,product_info,ikshana|aug_typo_delete_char,False,True,False,product_info,stg1_000076,,,,typo_delete_char
aug_product_info_0145_stg1_003011,Сколько сотит рюкзак?,сколько сотит рюкзак?,product_info,product_info,synthetic_dataset|aug_typo_swap_adjacent,True,True,False,product_info,stg1_003011,,,,typo_swap_adjacent
aug_product_info_0146_stg1_000157,"мне нужно подтвердить налличие чертовых товаров в магазине, поможет мне","мне нужно подтвердить налличие чертовых товаров в магазине, поможет мне",product_info,product_info,bitext|aug_typo_duplicate_char,False,True,False,product_info,stg1_000157,,,,typo_duplicate_char
aug_product_info_0147_stg1_000032,"хочу проверить наличие этого чертового предмета, вы можете мне помочь?","хочу проверить наличие этого чертового предмета, вы можете мне помочь?",product_info,product_info,bitext|aug_phrase_compression,False,True,False,product_info,stg1_000032,,,,phrase_compression
aug_product_info_0148_stg1_000279,Я ищу информацию о продукте как я могу ее найти?,я ищу информацию о продукте как я могу ее найти?,product_info,product_info,bitext|aug_punctuation_variant,False,True,False,product_info,stg1_000279,,,,punctuation_variant
aug_product_info_0149_stg1_000042,"хочу удалить чертовы вещи из корзины, мне нужа помощь","хочу удалить чертовы вещи из корзины, мне нужа помощь",product_info,product_info,bitext|aug_typo_delete_char,False,True,False,product_info,stg1_000042,,,,typo_delete_char
aug_product_info_0150_stg1_000277,"мой продукт работает неправильно, мне нунжа помощь, чтобы сообщить о проблеме с продуктом","мой продукт работает неправильно, мне нунжа помощь, чтобы сообщить о проблеме с продуктом",product_info,product_info,bitext|aug_typo_swap_adjacent,False,True,False,product_info,stg1_000277,,,,typo_swap_adjacent
aug_product_info_0151_stg1_000257,"нужно добавить товарры в корзину, как мне это сделать","нужно добавить товарры в корзину, как мне это сделать",product_info,product_info,bitext|aug_typo_duplicate_char,False,True,False,product_info,stg1_000257,,,,typo_duplicate_char
aug_product_info_0152_stg1_000267,"мне нужно проверить наличие товара в магазине, помогите","мне нужно проверить наличие товара в магазине, помогите",product_info,product_info,bitext|aug_phrase_compression,False,True,False,product_info,stg1_000267,,,,phrase_compression
aug_product_info_0153_stg1_000075,помогите мне оставить отзыв о вашей продукции?,помогите мне оставить отзыв о вашей продукции?,product_info,product_info,ikshana|aug_punctuation_variant,False,True,False,product_info,stg1_000075,,,,punctuation_variant
aug_product_info_0154_stg1_000160,"Мне нужно поверить наличие товара, не могли бы вы мне помочь?","мне нужно поверить наличие товара, не могли бы вы мне помочь?",product_info,product_info,bitext|aug_typo_delete_char,False,True,False,product_info,stg1_000160,,,,typo_delete_char
aug_product_info_0155_stg1_000152,мне нужна помощь в извлечении чретовых товаров из корзины,мне нужна помощь в извлечении чретовых товаров из корзины,product_info,product_info,bitext|aug_typo_swap_adjacent,False,True,False,product_info,stg1_000152,,,,typo_swap_adjacent
aug_product_info_0156_stg1_000131,Сколькко стоит акции ФБР?,сколькко стоит акции фбр?,product_info,product_info,runlu|aug_typo_duplicate_char,False,True,False,product_info,stg1_000131,,,,typo_duplicate_char
aug_product_info_0157_stg1_000185,"Мне нужна помощь, чтобы добавить чертов товар в корзину!","мне нужна помощь, чтобы добавить чертов товар в корзину!",product_info,product_info,bitext|aug_punctuation_variant,False,True,False,product_info,stg1_000185,,,,punctuation_variant
aug_product_info_0158_stg1_000217,"Мне нужно удалить товар из корзины, могу ли я получиь помощь?","мне нужно удалить товар из корзины, могу ли я получиь помощь?",product_info,product_info,bitext|aug_typo_delete_char,False,True,False,product_info,stg1_000217,,,,typo_delete_char
aug_product_info_0159_stg1_000099,можно ли оставить оттзыв о вашей компании?,можно ли оставить оттзыв о вашей компании?,product_info,product_info,ikshana|aug_typo_duplicate_char,False,True,False,product_info,stg1_000099,,,,typo_duplicate_char
aug_product_info_0160_stg1_000043,"хочу увидеть наличие этого чертового товара, где мне это сделать?","хочу увидеть наличие этого чертового товара, где мне это сделать?",product_info,product_info,bitext|aug_phrase_compression,False,True,False,product_info,stg1_000043,,,,phrase_compression
aug_product_info_0161_stg1_000291,не могли бы вы помочь мне добавить чертовы товары в корзину,не могли бы вы помочь мне добавить чертовы товары в корзину,product_info,product_info,bitext|aug_punctuation_variant,False,True,False,product_info,stg1_000291,,,,punctuation_variant
aug_product_info_0162_stg1_000011,"продукт, который я заказал, работает неравильно, могу ли я сообщить о проблеме с продуктом","продукт, который я заказал, работает неравильно, могу ли я сообщить о проблеме с продуктом",product_info,product_info,bitext|aug_typo_delete_char,False,True,False,product_info,stg1_000011,,,,typo_delete_char
aug_product_info_0163_stg1_000140,В наши дни Старбка много чего делает?,в наши дни старбка много чего делает?,product_info,product_info,runlu|aug_typo_swap_adjacent,False,True,False,product_info,stg1_000140,,,,typo_swap_adjacent
aug_product_info_0164_stg1_000033,"Мне нужно посмотреть наличие какогго-то товара в сети, где я могу это сделать?","мне нужно посмотреть наличие какогго-то товара в сети, где я могу это сделать?",product_info,product_info,bitext|aug_typo_duplicate_char,False,True,False,product_info,stg1_000033,,,,typo_duplicate_char
aug_product_info_0165_stg1_000039,не могли бы помочь мне проверить наличие товаров в магазине!,не могли бы помочь мне проверить наличие товаров в магазине!,product_info,product_info,bitext|aug_punctuation_variant,False,True,False,product_info,stg1_000039,,,,punctuation_variant
aug_product_info_0166_stg1_000148,Наколько эффективно будет покупать акции NIKE,наколько эффективно будет покупать акции nike,product_info,product_info,runlu|aug_typo_delete_char,False,True,False,product_info,stg1_000148,,,,typo_delete_char
aug_product_info_0167_stg1_000124,ПАДА проверяет фнодовые цены на эту продукцию.,пада проверяет фнодовые цены на эту продукцию.,product_info,product_info,runlu|aug_typo_swap_adjacent,False,True,False,product_info,stg1_000124,,,,typo_swap_adjacent
aug_product_info_0168_stg1_000047,как удаалить долбаные товары из корзины?,как удаалить долбаные товары из корзины?,product_info,product_info,bitext|aug_typo_duplicate_char,False,True,False,product_info,stg1_000047,,,,typo_duplicate_char
aug_product_info_0169_stg1_000091,помогите оставить блин отзыв о товарах ру!,помогите оставить блин отзыв о товарах ру!,product_info,product_info,ikshana|aug_punctuation_variant,False,True,False,product_info,stg1_000091,,,,punctuation_variant
aug_product_info_0170_stg1_000093,как я могу оставить отыв о наших услугах,как я могу оставить отыв о наших услугах,product_info,product_info,ikshana|aug_typo_delete_char,False,True,False,product_info,stg1_000093,,,,typo_delete_char
aug_product_info_0171_stg1_000186,Мне нужнно отправить отзыв об услуге,мне нужнно отправить отзыв об услуге,product_info,product_info,ikshana|aug_typo_duplicate_char,False,True,False,product_info,stg1_000186,,,,typo_duplicate_char
aug_product_info_0172_stg1_000115,показать значение гуга для носка?,показать значение гуга для носка?,product_info,product_info,runlu|aug_punctuation_variant,False,True,False,product_info,stg1_000115,,,,punctuation_variant
aug_product_info_0173_stg1_000253,"Мне нужна помощь, чтобы вытащить чертовы вещи из корзниы.","мне нужна помощь, чтобы вытащить чертовы вещи из корзниы.",product_info,product_info,bitext|aug_typo_swap_adjacent,False,True,False,product_info,stg1_000253,,,,typo_swap_adjacent
aug_product_info_0174_stg1_000078,помогиите оставить отзыв о вашей продукции,помогиите оставить отзыв о вашей продукции,product_info,product_info,ikshana|aug_typo_duplicate_char,False,True,False,product_info,stg1_000078,,,,typo_duplicate_char
aug_product_info_0175_stg1_000245,"Я хочу добавить чертовы галстуки в корзину, ты мне поможешь??","я хочу добавить чертовы галстуки в корзину, ты мне поможешь??",product_info,product_info,bitext|aug_punctuation_variant,False,True,False,product_info,stg1_000245,,,,punctuation_variant
aug_product_info_0176_stg1_003019,Есть ли в наичии рюкзак?,есть ли в наичии рюкзак?,product_info,product_info,synthetic_dataset|aug_typo_delete_char,True,True,False,product_info,stg1_003019,,,,typo_delete_char
aug_product_info_0177_stg1_000297,"Мне нужно добавить чертовы товраы в корзину, могу ли я получить помощь?","мне нужно добавить чертовы товраы в корзину, могу ли я получить помощь?",product_info,product_info,bitext|aug_typo_swap_adjacent,False,True,False,product_info,stg1_000297,,,,typo_swap_adjacent
aug_product_info_0178_stg1_000063,"Я не знаю, что сделать, чтообы оставить мнение","я не знаю, что сделать, чтообы оставить мнение",product_info,product_info,ikshana|aug_typo_duplicate_char,False,True,False,product_info,stg1_000063,,,,typo_duplicate_char
aug_product_info_0179_stg1_000254,"Мне нужна информация о продуктах, как ее получить?","мне нужна информация о продуктах, как ее получить?",product_info,product_info,bitext|aug_phrase_compression,False,True,False,product_info,stg1_000254,,,,phrase_compression
aug_product_info_0180_stg1_000053,звоню чтобы написать отзыв о товаре,звоню чтобы написать отзыв о товаре,product_info,product_info,ikshana|aug_punctuation_variant,False,True,False,product_info,stg1_000053,,,,punctuation_variant
aug_product_info_0181_stg1_000207,"Я ищу информацию о продуктах, котрые могли бы мне помочь.","я ищу информацию о продуктах, котрые могли бы мне помочь.",product_info,product_info,bitext|aug_typo_delete_char,False,True,False,product_info,stg1_000207,,,,typo_delete_char
aug_product_info_0182_stg1_000241,хочу сообщить об ошибках в приобертенном мной продукте,хочу сообщить об ошибках в приобертенном мной продукте,product_info,product_info,bitext|aug_typo_swap_adjacent,False,True,False,product_info,stg1_000241,,,,typo_swap_adjacent
aug_product_info_0183_stg1_000025,как я мог добавить чеертов товар в корзину,как я мог добавить чеертов товар в корзину,product_info,product_info,bitext|aug_typo_duplicate_char,False,True,False,product_info,stg1_000025,,,,typo_duplicate_char
aug_product_info_0184_stg1_000017,"Я хочу подтвердить наличие товара в магазине, помогите","я хочу подтвердить наличие товара в магазине, помогите",product_info,product_info,bitext|aug_phrase_compression,False,True,False,product_info,stg1_000017,,,,phrase_compression
aug_product_info_0185_stg1_000094,Есть ли у вас способ оставить отзыв о ваших услугах??,есть ли у вас способ оставить отзыв о ваших услугах??,product_info,product_info,ikshana|aug_punctuation_variant,False,True,False,product_info,stg1_000094,,,,punctuation_variant
aug_product_info_0186_stg1_000176,"мне нужно вытащить чертовы вещи из тлежки, где это сделать","мне нужно вытащить чертовы вещи из тлежки, где это сделать",product_info,product_info,bitext|aug_typo_delete_char,False,True,False,product_info,stg1_000176,,,,typo_delete_char
aug_product_info_0187_stg1_000072,помогите отпраавить отзыв о вашей продукции,помогите отпраавить отзыв о вашей продукции,product_info,product_info,ikshana|aug_typo_duplicate_char,False,True,False,product_info,stg1_000072,,,,typo_duplicate_char
aug_product_info_0188_stg1_000164,"хочу удалить товар из корзины, могу ли я это сделать!","хочу удалить товар из корзины, могу ли я это сделать!",product_info,product_info,bitext|aug_punctuation_variant,False,True,False,product_info,stg1_000164,,,,punctuation_variant
aug_product_info_0189_stg1_000038,"мне нужна помощь, чтбы узнать наличие товара","мне нужна помощь, чтбы узнать наличие товара",product_info,product_info,bitext|aug_typo_delete_char,False,True,False,product_info,stg1_000038,,,,typo_delete_char
aug_product_info_0190_stg1_000269,могу ли я удалить тоовар из корзины,могу ли я удалить тоовар из корзины,product_info,product_info,bitext|aug_typo_duplicate_char,False,True,False,product_info,stg1_000269,,,,typo_duplicate_char
aug_product_info_0191_stg1_003007,Сколько стоит кроссовки Nike?!,сколько стоит кроссовки nike?!,product_info,product_info,synthetic_dataset|aug_punctuation_variant,True,True,False,product_info,stg1_003007,,,,punctuation_variant
aug_product_info_0192_stg1_002996,Сколько стоит чеол для iPhone?,сколько стоит чеол для iphone?,product_info,product_info,synthetic_dataset|aug_typo_delete_char,True,True,False,product_info,stg1_002996,,,,typo_delete_char
aug_product_info_0193_stg1_000228,"мне нужна помощь, чотбы отправить отзыв о нашей компании","мне нужна помощь, чотбы отправить отзыв о нашей компании",product_info,product_info,ikshana|aug_typo_swap_adjacent,False,True,False,product_info,stg1_000228,,,,typo_swap_adjacent
aug_product_info_0194_stg1_000150,"Каккова цена акций ""Сенсекса"" сейчас?","каккова цена акций ""сенсекса"" сейчас?",product_info,product_info,runlu|aug_typo_duplicate_char,False,True,False,product_info,stg1_000150,,,,typo_duplicate_char
aug_product_info_0195_stg1_000103,какова балансовая стоимость гугля!,какова балансовая стоимость гугля!,product_info,product_info,runlu|aug_punctuation_variant,False,True,False,product_info,stg1_000103,,,,punctuation_variant
aug_product_info_0196_stg1_000130,Какова цена акцй IBM?,какова цена акцй ibm?,product_info,product_info,runlu|aug_typo_delete_char,False,True,False,product_info,stg1_000130,,,,typo_delete_char
aug_product_info_0197_stg1_000209,"Я бы хотел удалить чертов товар из крозины, мне нужна помощь","я бы хотел удалить чертов товар из крозины, мне нужна помощь",product_info,product_info,bitext|aug_typo_swap_adjacent,False,True,False,product_info,stg1_000209,,,,typo_swap_adjacent
aug_product_info_0198_stg1_002905,Есть ли этоот товар в другом цвете?,есть ли этоот товар в другом цвете?,product_info,product_info,synthetic_dataset|aug_typo_duplicate_char,True,True,False,product_info,stg1_002905,,,,typo_duplicate_char
aug_product_info_0199_stg1_000247,"хочу увидеть наличие товара в Интернете, вы мне поможете?","хочу увидеть наличие товара в интернете, вы мне поможете?",product_info,product_info,bitext|aug_phrase_compression,False,True,False,product_info,stg1_000247,,,,phrase_compression
aug_product_info_0200_stg1_000006,"мне нужно проверить наличие товара в магазине, не могли бы вы мне помочь??","мне нужно проверить наличие товара в магазине, не могли бы вы мне помочь??",product_info,product_info,bitext|aug_punctuation_variant,False,True,False,product_info,stg1_000006,,,,punctuation_variant
aug_product_info_0201_stg1_000007,Я хотел бы сообщить об ошибке в заказаном мной товаре. Могу ли я это сделать?,я хотел бы сообщить об ошибке в заказаном мной товаре. могу ли я это сделать?,product_info,product_info,bitext|aug_typo_delete_char,False,True,False,product_info,stg1_000007,,,,typo_delete_char
aug_product_info_0202_stg1_000174,не могли бы вы мне помочь проверить наличеи товара?,не могли бы вы мне помочь проверить наличеи товара?,product_info,product_info,bitext|aug_typo_swap_adjacent,False,True,False,product_info,stg1_000174,,,,typo_swap_adjacent
aug_product_info_0203_stg1_000286,"мне нужнно проверить наличие товара, ты мне поможешь?","мне нужнно проверить наличие товара, ты мне поможешь?",product_info,product_info,bitext|aug_typo_duplicate_char,False,True,False,product_info,stg1_000286,,,,typo_duplicate_char
aug_product_info_0204_stg1_000060,Есть ли электронное письмо по которому можно отправить отзыв о вашей продукции?,есть ли электронное письмо по которому можно отправить отзыв о вашей продукции?,product_info,product_info,ikshana|aug_punctuation_variant,False,True,False,product_info,stg1_000060,,,,punctuation_variant
aug_product_info_0205_stg1_000177,"Я должен увидеть нлаичие какого-то гребаного товара в Интернете, помогите мне.","я должен увидеть нлаичие какого-то гребаного товара в интернете, помогите мне.",product_info,product_info,bitext|aug_typo_swap_adjacent,False,True,False,product_info,stg1_000177,,,,typo_swap_adjacent
aug_product_info_0206_stg1_000274,"Я хотел бы добавить чертов товар в корзину, могу ли я получчить помощь?","я хотел бы добавить чертов товар в корзину, могу ли я получчить помощь?",product_info,product_info,bitext|aug_typo_duplicate_char,False,True,False,product_info,stg1_000274,,,,typo_duplicate_char
aug_product_info_0207_stg1_000189,Я хочу увидеть наличие товара мне нужна помощь,я хочу увидеть наличие товара мне нужна помощь,product_info,product_info,bitext|aug_punctuation_variant,False,True,False,product_info,stg1_000189,,,,punctuation_variant
aug_product_info_0208_stg1_003012,Хаактеристики товара,хаактеристики товара,product_info,product_info,synthetic_dataset|aug_typo_delete_char,True,True,False,product_info,stg1_003012,,,,typo_delete_char
aug_product_info_0209_stg1_002909,Когда появится товар в нлаичии?,когда появится товар в нлаичии?,product_info,product_info,synthetic_dataset|aug_typo_swap_adjacent,True,True,False,product_info,stg1_002909,,,,typo_swap_adjacent
aug_product_info_0210_stg1_000156,"Я не вижу наличия чертовых товаров в магазине, мне нужна поммощь","я не вижу наличия чертовых товаров в магазине, мне нужна поммощь",product_info,product_info,bitext|aug_typo_duplicate_char,False,True,False,product_info,stg1_000156,,,,typo_duplicate_char
aug_product_info_0211_stg1_000179,"хочу оставить отзыв о ваших услугах, помогите мне?","хочу оставить отзыв о ваших услугах, помогите мне?",product_info,product_info,ikshana|aug_punctuation_variant,False,True,False,product_info,stg1_000179,,,,punctuation_variant
aug_product_info_0212_stg1_000296,"Я хтоел бы узнать больше об этом чертовом продукте, не могли бы вы дать мне некоторую информацию?","я хтоел бы узнать больше об этом чертовом продукте, не могли бы вы дать мне некоторую информацию?",product_info,product_info,bitext|aug_typo_swap_adjacent,False,True,False,product_info,stg1_000296,,,,typo_swap_adjacent
aug_product_info_0213_stg1_000070,"есть аддрес, где можно оставить отзыв?","есть аддрес, где можно оставить отзыв?",product_info,product_info,ikshana|aug_typo_duplicate_char,False,True,False,product_info,stg1_000070,,,,typo_duplicate_char
aug_product_info_0214_stg1_000238,Мне нужно сообщить о проблеме с заказанным товаром. Где я могу это сделать?!,мне нужно сообщить о проблеме с заказанным товаром. где я могу это сделать?!,product_info,product_info,bitext|aug_punctuation_variant,False,True,False,product_info,stg1_000238,,,,punctuation_variant
aug_product_info_0215_stg1_000181,как я могу проверить нличие чертовых товаров онлайн?,как я могу проверить нличие чертовых товаров онлайн?,product_info,product_info,bitext|aug_typo_delete_char,False,True,False,product_info,stg1_000181,,,,typo_delete_char
aug_product_info_0216_stg1_000080,звоню оставить отзвы,звоню оставить отзвы,product_info,product_info,ikshana|aug_typo_swap_adjacent,False,True,False,product_info,stg1_000080,,,,typo_swap_adjacent
aug_product_info_0217_stg1_000122,Скажи мне краткое проогнозирование запасов Microsoft на 30 дней вперед.,скажи мне краткое проогнозирование запасов microsoft на 30 дней вперед.,product_info,product_info,runlu|aug_typo_duplicate_char,False,True,False,product_info,stg1_000122,,,,typo_duplicate_char
aug_product_info_0218_stg1_000202,"мне нужно добавить товары в корзину, могу ли я получить помощь?","мне нужно добавить товары в корзину, могу ли я получить помощь?",product_info,product_info,bitext|aug_punctuation_variant,False,True,False,product_info,stg1_000202,,,,punctuation_variant
aug_product_info_0219_stg1_000061,у вас есть адрсе для отправки отзыва?,у вас есть адрсе для отправки отзыва?,product_info,product_info,ikshana|aug_typo_swap_adjacent,False,True,False,product_info,stg1_000061,,,,typo_swap_adjacent
aug_product_info_0220_stg1_002961,Сколько сттоит футболку?,сколько сттоит футболку?,product_info,product_info,synthetic_dataset|aug_typo_duplicate_char,True,True,False,product_info,stg1_002961,,,,typo_duplicate_char
aug_product_info_0221_stg1_000030,"Я хотел бы подтвердить наличие товаров в магазине, мне нужна помощь?","я хотел бы подтвердить наличие товаров в магазине, мне нужна помощь?",product_info,product_info,bitext|aug_punctuation_variant,False,True,False,product_info,stg1_000030,,,,punctuation_variant
aug_product_info_0222_stg1_000036,"мне нужно удалить чертову веещь из корзины, ты мне поможешь?","мне нужно удалить чертову веещь из корзины, ты мне поможешь?",product_info,product_info,bitext|aug_typo_duplicate_char,False,True,False,product_info,stg1_000036,,,,typo_duplicate_char
aug_product_info_0223_stg1_000026,"нужно проверить наличие товаров в магазине, могу ли я получить помощь?","нужно проверить наличие товаров в магазине, могу ли я получить помощь?",product_info,product_info,bitext|aug_phrase_compression,False,True,False,product_info,stg1_000026,,,,phrase_compression
aug_product_info_0224_stg1_000236,мой продукт не работает так как указано. Помогите мне сообщить о проблеме с продуктом.,мой продукт не работает так как указано. помогите мне сообщить о проблеме с продуктом.,product_info,product_info,bitext|aug_punctuation_variant,False,True,False,product_info,stg1_000236,,,,punctuation_variant
aug_product_info_0225_stg1_000073,"Я не знаю, как я могу оставить отзв о продукте","я не знаю, как я могу оставить отзв о продукте",product_info,product_info,ikshana|aug_typo_delete_char,False,True,False,product_info,stg1_000073,,,,typo_delete_char
aug_product_info_0226_stg1_000051,"Звоню, чтобы оставить отызв о вашей продукции.","звоню, чтобы оставить отызв о вашей продукции.",product_info,product_info,ikshana|aug_typo_swap_adjacent,False,True,False,product_info,stg1_000051,,,,typo_swap_adjacent
aug_product_info_0227_stg1_000249,"Я хоччу добавить товар в корзину, где это можно сделать?","я хоччу добавить товар в корзину, где это можно сделать?",product_info,product_info,bitext|aug_typo_duplicate_char,False,True,False,product_info,stg1_000249,,,,typo_duplicate_char
aug_product_info_0228_stg1_000151,помощь в написании комментария к вашей продукции!,помощь в написании комментария к вашей продукции!,product_info,product_info,ikshana|aug_punctuation_variant,False,True,False,product_info,stg1_000151,,,,punctuation_variant
aug_product_info_0229_stg1_000288,"Я хотел бы удалить офгиенные товары из корзины, где это сделать?","я хотел бы удалить офгиенные товары из корзины, где это сделать?",product_info,product_info,bitext|aug_typo_swap_adjacent,False,True,False,product_info,stg1_000288,,,,typo_swap_adjacent
aug_product_info_0230_stg1_000232,"хочу узнаать о продукте, могу найти некоторую информацию","хочу узнаать о продукте, могу найти некоторую информацию",product_info,product_info,bitext|aug_typo_duplicate_char,False,True,False,product_info,stg1_000232,,,,typo_duplicate_char
aug_product_info_0231_stg1_000004,"продукт, который я купил, работает правильно, могу ли я сообщить о проблеме с продуктом!","продукт, который я купил, работает правильно, могу ли я сообщить о проблеме с продуктом!",product_info,product_info,bitext|aug_punctuation_variant,False,True,False,product_info,stg1_000004,,,,punctuation_variant
aug_product_info_0232_stg1_000138,Какова текущая цена аций...,какова текущая цена аций...,product_info,product_info,runlu|aug_typo_delete_char,False,True,False,product_info,stg1_000138,,,,typo_delete_char
aug_product_info_0233_stg1_000273,"Мне нужон удалить чертов товар из корзины, мне нужна помощь","мне нужон удалить чертов товар из корзины, мне нужна помощь",product_info,product_info,bitext|aug_typo_swap_adjacent,False,True,False,product_info,stg1_000273,,,,typo_swap_adjacent
aug_product_info_0234_stg1_000055,есть ли у вас способ оставить отзыв об усллуге?,есть ли у вас способ оставить отзыв об усллуге?,product_info,product_info,ikshana|aug_typo_duplicate_char,False,True,False,product_info,stg1_000055,,,,typo_duplicate_char
aug_product_info_0235_stg1_000213,нужно удалить чертовы товары из корзины можете мне помочь,нужно удалить чертовы товары из корзины можете мне помочь,product_info,product_info,bitext|aug_punctuation_variant,False,True,False,product_info,stg1_000213,,,,punctuation_variant
aug_product_info_0236_stg1_000224,"Мне нужно проверить налиие товара, как это сделать?","мне нужно проверить налиие товара, как это сделать?",product_info,product_info,bitext|aug_typo_delete_char,False,True,False,product_info,stg1_000224,,,,typo_delete_char
aug_product_info_0237_stg1_000067,оставить отзвы об услуге,оставить отзвы об услуге,product_info,product_info,ikshana|aug_typo_swap_adjacent,False,True,False,product_info,stg1_000067,,,,typo_swap_adjacent
aug_product_info_0238_stg1_000200,"Я хочу узнать больше о прродукте, дайте мне некоторую информацию","я хочу узнать больше о прродукте, дайте мне некоторую информацию",product_info,product_info,bitext|aug_typo_duplicate_char,False,True,False,product_info,stg1_000200,,,,typo_duplicate_char
aug_product_info_0239_stg1_000069,Есть ли адрес для отправки отзывов о вашей продукции??,есть ли адрес для отправки отзывов о вашей продукции??,product_info,product_info,ikshana|aug_punctuation_variant,False,True,False,product_info,stg1_000069,,,,punctuation_variant
aug_product_info_0240_stg1_000015,"Мне нужно удалить чертовы товары из корзны, могу ли я получить помощь?","мне нужно удалить чертовы товары из корзны, могу ли я получить помощь?",product_info,product_info,bitext|aug_typo_delete_char,False,True,False,product_info,stg1_000015,,,,typo_delete_char
aug_product_info_0241_stg1_000250,Могу ли я провреить наличие чертовых товаров онлайн?,могу ли я провреить наличие чертовых товаров онлайн?,product_info,product_info,bitext|aug_typo_swap_adjacent,False,True,False,product_info,stg1_000250,,,,typo_swap_adjacent
aug_product_info_0242_stg1_000246,могу ли я удалитть чертов товар из корзины?,могу ли я удалитть чертов товар из корзины?,product_info,product_info,bitext|aug_typo_duplicate_char,False,True,False,product_info,stg1_000246,,,,typo_duplicate_char
aug_product_info_0243_stg1_000260,"нужно проверить наличие чертовых товаров в Интернете, как я могу это сделать?","нужно проверить наличие чертовых товаров в интернете, как я могу это сделать?",product_info,product_info,bitext|aug_punctuation_variant,False,True,False,product_info,stg1_000260,,,,punctuation_variant
aug_product_info_0244_stg1_000101,За сколко продаётся HP?,за сколко продаётся hp?,product_info,product_info,runlu|aug_typo_delete_char,False,True,False,product_info,stg1_000101,,,,typo_delete_char
aug_product_info_0245_stg1_000107,Стоимостная цена GSS Eneryg ( &lt; &lt; Энергетика &gt; &gt; ),стоимостная цена gss eneryg ( &lt; &lt; энергетика &gt; &gt; ),product_info,product_info,runlu|aug_typo_swap_adjacent,False,True,False,product_info,stg1_000107,,,,typo_swap_adjacent
aug_product_info_0246_stg1_000077,есть ли электронное письмо для отправки моего отзыва о вашей проддукции?,есть ли электронное письмо для отправки моего отзыва о вашей проддукции?,product_info,product_info,ikshana|aug_typo_duplicate_char,False,True,False,product_info,stg1_000077,,,,typo_duplicate_char
aug_product_info_0247_stg1_000154,"нужно добавить элементы в catr, где я могу это сделать","нужно добавить элементы в catr, где я могу это сделать",product_info,product_info,bitext|aug_phrase_compression,False,True,False,product_info,stg1_000154,,,,phrase_compression
aug_product_info_0248_stg1_000212,"Я бы хотел удалить чертовы вещи из корзины, как мне это сделать","я бы хотел удалить чертовы вещи из корзины, как мне это сделать",product_info,product_info,bitext|aug_punctuation_variant,False,True,False,product_info,stg1_000212,,,,punctuation_variant
aug_product_info_0249_stg1_000188,"Мне нужна помощь, чобы проверить наличие товара","мне нужна помощь, чобы проверить наличие товара",product_info,product_info,bitext|aug_typo_delete_char,False,True,False,product_info,stg1_000188,,,,typo_delete_char
aug_product_info_0250_stg1_000258,"Мне нунжо добавить товар в корзину, могу ли я получить помощь?","мне нунжо добавить товар в корзину, могу ли я получить помощь?",product_info,product_info,bitext|aug_typo_swap_adjacent,False,True,False,product_info,stg1_000258,,,,typo_swap_adjacent
aug_product_info_0251_stg1_000262,"Я хотел бы узнать о чертовом продукте, наайду некоторую информацию","я хотел бы узнать о чертовом продукте, наайду некоторую информацию",product_info,product_info,bitext|aug_typo_duplicate_char,False,True,False,product_info,stg1_000262,,,,typo_duplicate_char
aug_product_info_0252_stg1_000234,"я не знаю, как оставить чертов комментарий для твоих людей","я не знаю, как оставить чертов комментарий для твоих людей",product_info,product_info,ikshana|aug_phrase_compression,False,True,False,product_info,stg1_000234,,,,phrase_compression
aug_product_info_0253_stg1_000114,показать стоимость акций гуга!,показать стоимость акций гуга!,product_info,product_info,runlu|aug_punctuation_variant,False,True,False,product_info,stg1_000114,,,,punctuation_variant
aug_product_info_0254_stg1_000116,Я хоел бы получать обновленную информацию о фондовом рынке каждый день.,я хоел бы получать обновленную информацию о фондовом рынке каждый день.,product_info,product_info,runlu|aug_typo_delete_char,False,True,False,product_info,stg1_000116,,,,typo_delete_char
aug_product_info_0255_stg1_000117,Что такое акции Aplpe,что такое акции aplpe,product_info,product_info,runlu|aug_typo_swap_adjacent,False,True,False,product_info,stg1_000117,,,,typo_swap_adjacent
aug_product_info_0256_stg1_000271,"Я хочу удалить товар из корзины, не моогли бы вы мне помочь?","я хочу удалить товар из корзины, не моогли бы вы мне помочь?",product_info,product_info,bitext|aug_typo_duplicate_char,False,True,False,product_info,stg1_000271,,,,typo_duplicate_char
aug_product_info_0257_stg1_000218,"Я хотел бы проверить наличие чертовых товаров в магазине, как я могу это сделать?!","я хотел бы проверить наличие чертовых товаров в магазине, как я могу это сделать?!",product_info,product_info,bitext|aug_punctuation_variant,False,True,False,product_info,stg1_000218,,,,punctuation_variant
aug_product_info_0258_stg1_000251,"Мне нжно проверить наличие долбаной вещи в магазине, где это сделать?","мне нжно проверить наличие долбаной вещи в магазине, где это сделать?",product_info,product_info,bitext|aug_typo_delete_char,False,True,False,product_info,stg1_000251,,,,typo_delete_char
aug_product_info_0259_stg1_000155,"Я хотел бы подтвердить наличие этгоо чертового товара в магазине, как мне это сделать?","я хотел бы подтвердить наличие этгоо чертового товара в магазине, как мне это сделать?",product_info,product_info,bitext|aug_typo_swap_adjacent,False,True,False,product_info,stg1_000155,,,,typo_swap_adjacent
aug_product_info_0260_stg1_000178,"Мне нужно сообщить об ошибке продукта, мне нужнна помощь","мне нужно сообщить об ошибке продукта, мне нужнна помощь",product_info,product_info,bitext|aug_typo_duplicate_char,False,True,False,product_info,stg1_000178,,,,typo_duplicate_char
aug_product_info_0261_stg1_000158,"Я хочу удалить товары из катра, как это сделать?","я хочу удалить товары из катра, как это сделать?",product_info,product_info,bitext|aug_punctuation_variant,False,True,False,product_info,stg1_000158,,,,punctuation_variant
aug_product_info_0262_stg1_000194,"Мне нужна помощь, чтобы отправить отзыв о вашей прдукции","мне нужна помощь, чтобы отправить отзыв о вашей прдукции",product_info,product_info,ikshana|aug_typo_delete_char,False,True,False,product_info,stg1_000194,,,,typo_delete_char
aug_product_info_0263_stg1_000153,"хочу добавить товары в корзину, как мне это сделтаь?","хочу добавить товары в корзину, как мне это сделтаь?",product_info,product_info,bitext|aug_typo_swap_adjacent,False,True,False,product_info,stg1_000153,,,,typo_swap_adjacent
aug_product_info_0264_stg1_000225,"Мне нужно увидеть наличие этого чертового преедмета, могу ли я получить помощь?","мне нужно увидеть наличие этого чертового преедмета, могу ли я получить помощь?",product_info,product_info,bitext|aug_typo_duplicate_char,False,True,False,product_info,stg1_000225,,,,typo_duplicate_char
aug_product_info_0265_stg1_000092,"Я не знаю, как отправить отзыв о ваших услугах?","я не знаю, как отправить отзыв о ваших услугах?",product_info,product_info,ikshana|aug_punctuation_variant,False,True,False,product_info,stg1_000092,,,,punctuation_variant
aug_product_info_0266_stg1_000198,"Мне нужно проверить наличие какго-то товара в магазине, это может мне помочь.","мне нужно проверить наличие какго-то товара в магазине, это может мне помочь.",product_info,product_info,bitext|aug_typo_delete_char,False,True,False,product_info,stg1_000198,,,,typo_delete_char
aug_product_info_0267_stg1_000023,"Мне нужна информация о чертоовм продюсере, как мне ее найти?","мне нужна информация о чертоовм продюсере, как мне ее найти?",product_info,product_info,bitext|aug_typo_swap_adjacent,False,True,False,product_info,stg1_000023,,,,typo_swap_adjacent
aug_product_info_0268_stg1_000141,Сколлько стоит акции Старбака?,сколлько стоит акции старбака?,product_info,product_info,runlu|aug_typo_duplicate_char,False,True,False,product_info,stg1_000141,,,,typo_duplicate_char
aug_product_info_0269_stg1_000255,Я ищу информацию о продуктах мне нужна помощь,я ищу информацию о продуктах мне нужна помощь,product_info,product_info,bitext|aug_punctuation_variant,False,True,False,product_info,stg1_000255,,,,punctuation_variant
aug_product_info_0270_stg1_000035,Я хотел бы сообщить о проблме с приобретенным мной продуктом. Могу ли я получить помощь?,я хотел бы сообщить о проблме с приобретенным мной продуктом. могу ли я получить помощь?,product_info,product_info,bitext|aug_typo_delete_char,False,True,False,product_info,stg1_000035,,,,typo_delete_char
aug_product_info_0271_stg1_000159,"Я хотел бы провериьт наличие товаров онлайн, как это сделать?","я хотел бы провериьт наличие товаров онлайн, как это сделать?",product_info,product_info,bitext|aug_typo_swap_adjacent,False,True,False,product_info,stg1_000159,,,,typo_swap_adjacent
aug_product_info_0272_stg1_000100,как я могу отправить отзыв об услууге?,как я могу отправить отзыв об услууге?,product_info,product_info,ikshana|aug_typo_duplicate_char,False,True,False,product_info,stg1_000100,,,,typo_duplicate_char
aug_product_info_0273_stg1_000079,"помогите, чтобы оставить отзыв о ваших услугах","помогите, чтобы оставить отзыв о ваших услугах",product_info,product_info,ikshana|aug_phrase_compression,False,True,False,product_info,stg1_000079,,,,phrase_compression
aug_product_info_0274_stg1_000220,мне нужна помощь в добавлении товаров в корзину!,мне нужна помощь в добавлении товаров в корзину!,product_info,product_info,bitext|aug_punctuation_variant,False,True,False,product_info,stg1_000220,,,,punctuation_variant
aug_product_info_0275_stg1_000110,Ккова цена AMD на фондовом рынке?,ккова цена amd на фондовом рынке?,product_info,product_info,runlu|aug_typo_delete_char,False,True,False,product_info,stg1_000110,,,,typo_delete_char
aug_product_info_0276_stg1_000264,"мне нжуно проверить наличие товара, могу ли я получить помощь?","мне нжуно проверить наличие товара, могу ли я получить помощь?",product_info,product_info,bitext|aug_typo_swap_adjacent,False,True,False,product_info,stg1_000264,,,,typo_swap_adjacent
aug_product_info_0277_stg1_000090,могу ли я написать отзыв о вашей проодукции,могу ли я написать отзыв о вашей проодукции,product_info,product_info,ikshana|aug_typo_duplicate_char,False,True,False,product_info,stg1_000090,,,,typo_duplicate_char
aug_product_info_0278_stg1_000208,"хочу добавить офигенные товары в корзину, мне нужна помощь","хочу добавить офигенные товары в корзину, мне нужна помощь",product_info,product_info,bitext|aug_phrase_compression,False,True,False,product_info,stg1_000208,,,,phrase_compression
aug_product_info_0279_stg1_000199,помоги мне проверить наличие чертового товара!,помоги мне проверить наличие чертового товара!,product_info,product_info,bitext|aug_punctuation_variant,False,True,False,product_info,stg1_000199,,,,punctuation_variant
aug_product_info_0280_stg1_000049,"я ищу информцию о продукте, где я могу ее получить","я ищу информцию о продукте, где я могу ее получить",product_info,product_info,bitext|aug_typo_delete_char,False,True,False,product_info,stg1_000049,,,,typo_delete_char
aug_product_info_0281_stg1_000045,"Я хотел бы добавить чертовы товары в козрину, где мне это сделать?","я хотел бы добавить чертовы товары в козрину, где мне это сделать?",product_info,product_info,bitext|aug_typo_swap_adjacent,False,True,False,product_info,stg1_000045,,,,typo_swap_adjacent
aug_product_info_0282_stg1_000029,Мне нужна помоощь с добавлением чертовых товаров в корзину.,мне нужна помоощь с добавлением чертовых товаров в корзину.,product_info,product_info,bitext|aug_typo_duplicate_char,False,True,False,product_info,stg1_000029,,,,typo_duplicate_char
aug_product_info_0283_stg1_000182,"хочу увидеть наличие этого чертового предмета, не могли бы вы мне помочь?","хочу увидеть наличие этого чертового предмета, не могли бы вы мне помочь?",product_info,product_info,bitext|aug_phrase_compression,False,True,False,product_info,stg1_000182,,,,phrase_compression
aug_product_info_0284_stg1_000129,Могу ли я получить список акций олы и uber?!,могу ли я получить список акций олы и uber?!,product_info,product_info,runlu|aug_punctuation_variant,False,True,False,product_info,stg1_000129,,,,punctuation_variant
aug_product_info_0285_stg1_000144,"Пжалуйста, выясните цену акций Microsoft в Насдаке.","пжалуйста, выясните цену акций microsoft в насдаке.",product_info,product_info,runlu|aug_typo_delete_char,False,True,False,product_info,stg1_000144,,,,typo_delete_char
aug_product_info_0286_stg1_000193,"хочу провеирть наличие товара в магазине, как я могу это сделать","хочу провеирть наличие товара в магазине, как я могу это сделать",product_info,product_info,bitext|aug_typo_swap_adjacent,False,True,False,product_info,stg1_000193,,,,typo_swap_adjacent
aug_product_info_0287_stg1_000201,"Я хотел бы узнать боольше об этом чертовом продукте, можете ли вы дать мне некоторую информацию?","я хотел бы узнать боольше об этом чертовом продукте, можете ли вы дать мне некоторую информацию?",product_info,product_info,bitext|aug_typo_duplicate_char,False,True,False,product_info,stg1_000201,,,,typo_duplicate_char
aug_product_info_0288_stg1_000162,"хочу убрать долбанные продукты из корзины, помогите мне.","хочу убрать долбанные продукты из корзины, помогите мне.",product_info,product_info,bitext|aug_phrase_compression,False,True,False,product_info,stg1_000162,,,,phrase_compression
aug_product_info_0289_stg1_000203,Мне нужна помощь с добавлением чертового товара в корзину?,мне нужна помощь с добавлением чертового товара в корзину?,product_info,product_info,bitext|aug_punctuation_variant,False,True,False,product_info,stg1_000203,,,,punctuation_variant
aug_product_info_0290_stg1_000282,"Я хотел бы проверить налиие какого-то товара онлайн, как мне это сделать?","я хотел бы проверить налиие какого-то товара онлайн, как мне это сделать?",product_info,product_info,bitext|aug_typo_delete_char,False,True,False,product_info,stg1_000282,,,,typo_delete_char
aug_product_info_0291_stg1_000058,Я долежн отправить свой отзыв,я долежн отправить свой отзыв,product_info,product_info,ikshana|aug_typo_swap_adjacent,False,True,False,product_info,stg1_000058,,,,typo_swap_adjacent
aug_product_info_0292_stg1_000052,нужна помощь в отпрравке отзыва об услуге,нужна помощь в отпрравке отзыва об услуге,product_info,product_info,ikshana|aug_typo_duplicate_char,False,True,False,product_info,stg1_000052,,,,typo_duplicate_char
aug_product_info_0293_stg1_000230,где я могу посмотреть наличие товара??,где я могу посмотреть наличие товара??,product_info,product_info,bitext|aug_punctuation_variant,False,True,False,product_info,stg1_000230,,,,punctuation_variant
aug_product_info_0294_stg1_000223,Мне нужно просмотеть наличие товаров в Интернете. Вы мне поможете?,мне нужно просмотеть наличие товаров в интернете. вы мне поможете?,product_info,product_info,bitext|aug_typo_delete_char,False,True,False,product_info,stg1_000223,,,,typo_delete_char
aug_promo_loyalty_0001_stg1_002934,Почему промокод не примениляс?,почему промокод не примениляс?,promo_loyalty,promo_loyalty,synthetic_dataset|aug_typo_swap_adjacent,True,True,False,promo_loyalty,stg1_002934,,,,typo_swap_adjacent
aug_promo_loyalty_0002_stg1_002617,"Я хочу узнать больше о чертовой распродаже, не моогли бы вы дать мне некоторую информацию?","я хочу узнать больше о чертовой распродаже, не моогли бы вы дать мне некоторую информацию?",promo_loyalty,promo_loyalty,bitext|aug_typo_duplicate_char,False,True,False,promo_loyalty,stg1_002617,,,,typo_duplicate_char
aug_promo_loyalty_0003_stg1_002603,Ищу информацию о очередных распродажах мне нужна помощь,ищу информацию о очередных распродажах мне нужна помощь,promo_loyalty,promo_loyalty,bitext|aug_punctuation_variant,False,True,False,promo_loyalty,stg1_002603,,,,punctuation_variant
aug_promo_loyalty_0004_stg1_002380,"Я хотел бы узнать больше о чертовых продажах psirng, дай мне немного информации","я хотел бы узнать больше о чертовых продажах psirng, дай мне немного информации",promo_loyalty,promo_loyalty,bitext|aug_typo_swap_adjacent,False,True,False,promo_loyalty,stg1_002380,,,,typo_swap_adjacent
aug_promo_loyalty_0005_stg1_002457,"Мне нужна информация о следующих распродажах, как я могу ее получиить?","мне нужна информация о следующих распродажах, как я могу ее получиить?",promo_loyalty,promo_loyalty,bitext|aug_typo_duplicate_char,False,True,False,promo_loyalty,stg1_002457,,,,typo_duplicate_char
aug_promo_loyalty_0006_stg1_002413,дайте мне информацию о весенних распродажах?,дайте мне информацию о весенних распродажах?,promo_loyalty,promo_loyalty,bitext|aug_punctuation_variant,False,True,False,promo_loyalty,stg1_002413,,,,punctuation_variant
aug_promo_loyalty_0007_stg1_002405,"хочу узнать больше о чертовых весеннхи распродажах, можешь найти какую-нибудь информацию?","хочу узнать больше о чертовых весеннхи распродажах, можешь найти какую-нибудь информацию?",promo_loyalty,promo_loyalty,bitext|aug_typo_swap_adjacent,False,True,False,promo_loyalty,stg1_002405,,,,typo_swap_adjacent
aug_promo_loyalty_0008_stg1_002492,"хочу узнать больше о чертовых расппродажах, можешь ли ты найти какую-нибудь информацию?","хочу узнать больше о чертовых расппродажах, можешь ли ты найти какую-нибудь информацию?",promo_loyalty,promo_loyalty,bitext|aug_typo_duplicate_char,False,True,False,promo_loyalty,stg1_002492,,,,typo_duplicate_char
aug_promo_loyalty_0009_stg1_002548,"хочу узнать больше о чертовых распродажах, можете ли вы дать мне некоторую информацию?","хочу узнать больше о чертовых распродажах, можете ли вы дать мне некоторую информацию?",promo_loyalty,promo_loyalty,bitext|aug_phrase_compression,False,True,False,promo_loyalty,stg1_002548,,,,phrase_compression
aug_promo_loyalty_0010_stg1_002481,"Я хочу узнать больше о следующих распродажах, можешь ли ты найти какую-нибудь информацию??","я хочу узнать больше о следующих распродажах, можешь ли ты найти какую-нибудь информацию??",promo_loyalty,promo_loyalty,bitext|aug_punctuation_variant,False,True,False,promo_loyalty,stg1_002481,,,,punctuation_variant
aug_promo_loyalty_0011_stg1_002403,"мне нужна информация о распродажах, как я могу ее полуить","мне нужна информация о распродажах, как я могу ее полуить",promo_loyalty,promo_loyalty,bitext|aug_typo_delete_char,False,True,False,promo_loyalty,stg1_002403,,,,typo_delete_char
aug_promo_loyalty_0012_stg1_002572,Я ищу инфоормацию о следующих распродажах. Могу ли я получить помощь?,я ищу инфоормацию о следующих распродажах. могу ли я получить помощь?,promo_loyalty,promo_loyalty,bitext|aug_typo_duplicate_char,False,True,False,promo_loyalty,stg1_002572,,,,typo_duplicate_char
aug_promo_loyalty_0013_stg1_002402,Мне нужна информация о распродажах где я могу ее получить?,мне нужна информация о распродажах где я могу ее получить?,promo_loyalty,promo_loyalty,bitext|aug_punctuation_variant,False,True,False,promo_loyalty,stg1_002402,,,,punctuation_variant
aug_promo_loyalty_0014_stg1_002599,"Мне нужна информация о чертовых весенних распродажах, где ее можно найи?","мне нужна информация о чертовых весенних распродажах, где ее можно найи?",promo_loyalty,promo_loyalty,bitext|aug_typo_delete_char,False,True,False,promo_loyalty,stg1_002599,,,,typo_delete_char
aug_promo_loyalty_0015_stg1_002378,"Хотелось бы узнать подробнее о следуюищх распродажах, найдете ли вы какую-нибудь информацию?","хотелось бы узнать подробнее о следуюищх распродажах, найдете ли вы какую-нибудь информацию?",promo_loyalty,promo_loyalty,bitext|aug_typo_swap_adjacent,False,True,False,promo_loyalty,stg1_002378,,,,typo_swap_adjacent
aug_promo_loyalty_0016_stg1_002475,"Я ищу информацию о зимних распродажах, может мне пооможет","я ищу информацию о зимних распродажах, может мне пооможет",promo_loyalty,promo_loyalty,bitext|aug_typo_duplicate_char,False,True,False,promo_loyalty,stg1_002475,,,,typo_duplicate_char
aug_promo_loyalty_0017_stg1_002512,"Я ищу информацию о следующих распродажах, может мне помочь!","я ищу информацию о следующих распродажах, может мне помочь!",promo_loyalty,promo_loyalty,bitext|aug_punctuation_variant,False,True,False,promo_loyalty,stg1_002512,,,,punctuation_variant
aug_promo_loyalty_0018_stg1_002374,"мне нужна информация о следуюищх распродажах, как я могу ее получить","мне нужна информация о следуюищх распродажах, как я могу ее получить",promo_loyalty,promo_loyalty,bitext|aug_typo_swap_adjacent,False,True,False,promo_loyalty,stg1_002374,,,,typo_swap_adjacent
aug_promo_loyalty_0019_stg1_002556,"Я хочу узннать больше о весенних распродажах, можете ли вы найти какую-нибудь информацию?","я хочу узннать больше о весенних распродажах, можете ли вы найти какую-нибудь информацию?",promo_loyalty,promo_loyalty,bitext|aug_typo_duplicate_char,False,True,False,promo_loyalty,stg1_002556,,,,typo_duplicate_char
aug_promo_loyalty_0020_stg1_002398,"Я ищу информацию о ближайших распродажах, можете мне помочь?","я ищу информацию о ближайших распродажах, можете мне помочь?",promo_loyalty,promo_loyalty,bitext|aug_phrase_compression,False,True,False,promo_loyalty,stg1_002398,,,,phrase_compression
aug_promo_loyalty_0021_stg1_002455,"Я хотел бы узнать больше о чертовых зимних распродажах, мог бы дать мне некоторую информацию!","я хотел бы узнать больше о чертовых зимних распродажах, мог бы дать мне некоторую информацию!",promo_loyalty,promo_loyalty,bitext|aug_punctuation_variant,False,True,False,promo_loyalty,stg1_002455,,,,punctuation_variant
aug_promo_loyalty_0022_stg1_002461,"Я ищу информацию о чертовх распродажах, как мне ее найти?","я ищу информацию о чертовх распродажах, как мне ее найти?",promo_loyalty,promo_loyalty,bitext|aug_typo_delete_char,False,True,False,promo_loyalty,stg1_002461,,,,typo_delete_char
aug_promo_loyalty_0023_stg1_002460,"Я хотел бы узнтаь больше о распродажах, можете ли вы дать мне некоторую информацию?","я хотел бы узнтаь больше о распродажах, можете ли вы дать мне некоторую информацию?",promo_loyalty,promo_loyalty,bitext|aug_typo_swap_adjacent,False,True,False,promo_loyalty,stg1_002460,,,,typo_swap_adjacent
aug_promo_loyalty_0024_stg1_002488,"Мне нужна информация о чертовых веесенних распродажах, как я могу ее найти?","мне нужна информация о чертовых веесенних распродажах, как я могу ее найти?",promo_loyalty,promo_loyalty,bitext|aug_typo_duplicate_char,False,True,False,promo_loyalty,stg1_002488,,,,typo_duplicate_char
aug_promo_loyalty_0025_stg1_002489,"хочу узнать больше о распродажах, вы найдете какую-нибудь информацию?","хочу узнать больше о распродажах, вы найдете какую-нибудь информацию?",promo_loyalty,promo_loyalty,bitext|aug_phrase_compression,False,True,False,promo_loyalty,stg1_002489,,,,phrase_compression
aug_promo_loyalty_0026_stg1_002568,не могли бы вы дать мне информацию о распродажах??,не могли бы вы дать мне информацию о распродажах??,promo_loyalty,promo_loyalty,bitext|aug_punctuation_variant,False,True,False,promo_loyalty,stg1_002568,,,,punctuation_variant
aug_promo_loyalty_0027_stg1_002584,"Я хотел бы узнать больше о следующих распродажах, ты дашшь мне некоторую информацию?","я хотел бы узнать больше о следующих распродажах, ты дашшь мне некоторую информацию?",promo_loyalty,promo_loyalty,bitext|aug_typo_duplicate_char,False,True,False,promo_loyalty,stg1_002584,,,,typo_duplicate_char
aug_promo_loyalty_0028_stg1_002527,"мне нужна информация о продажах, как я могу ее получить?","мне нужна информация о продажах, как я могу ее получить?",promo_loyalty,promo_loyalty,bitext|aug_punctuation_variant,False,True,False,promo_loyalty,stg1_002527,,,,punctuation_variant
aug_promo_loyalty_0029_stg1_002467,"Мне нунжа информация о распродажах, где я могу ее найти?","мне нунжа информация о распродажах, где я могу ее найти?",promo_loyalty,promo_loyalty,bitext|aug_typo_swap_adjacent,False,True,False,promo_loyalty,stg1_002467,,,,typo_swap_adjacent
aug_promo_loyalty_0030_stg1_002451,"Я ищу информацию о чертовых зимних распродажах, могу ли я получить какую-нибуддь помощь?","я ищу информацию о чертовых зимних распродажах, могу ли я получить какую-нибуддь помощь?",promo_loyalty,promo_loyalty,bitext|aug_typo_duplicate_char,False,True,False,promo_loyalty,stg1_002451,,,,typo_duplicate_char
aug_promo_loyalty_0031_stg1_002396,"хочу узнать больше о чертовых продажах, можете ли вы дать мне некоторую информацию?","хочу узнать больше о чертовых продажах, можете ли вы дать мне некоторую информацию?",promo_loyalty,promo_loyalty,bitext|aug_phrase_compression,False,True,False,promo_loyalty,stg1_002396,,,,phrase_compression
aug_promo_loyalty_0032_stg1_002426,"Мне нужна информация о следующих чертовых распродажах, как мне ее найти","мне нужна информация о следующих чертовых распродажах, как мне ее найти",promo_loyalty,promo_loyalty,bitext|aug_punctuation_variant,False,True,False,promo_loyalty,stg1_002426,,,,punctuation_variant
aug_promo_loyalty_0033_stg1_002533,"Знаю ли я больше о чертовых зимних распродажах, можешшь ли ты найти какую-нибудь информацию?","знаю ли я больше о чертовых зимних распродажах, можешшь ли ты найти какую-нибудь информацию?",promo_loyalty,promo_loyalty,bitext|aug_typo_duplicate_char,False,True,False,promo_loyalty,stg1_002533,,,,typo_duplicate_char
aug_promo_loyalty_0034_stg1_002419,"Я ищу информацию о весенних распродажах, не могли бы вы мне помочь??","я ищу информацию о весенних распродажах, не могли бы вы мне помочь??",promo_loyalty,promo_loyalty,bitext|aug_punctuation_variant,False,True,False,promo_loyalty,stg1_002419,,,,punctuation_variant
aug_promo_loyalty_0035_stg1_002439,"Я хочу узнать больше о чертовых распродажах, можешь ли ты найти какую-нибудь инфомрацию?","я хочу узнать больше о чертовых распродажах, можешь ли ты найти какую-нибудь инфомрацию?",promo_loyalty,promo_loyalty,bitext|aug_typo_swap_adjacent,False,True,False,promo_loyalty,stg1_002439,,,,typo_swap_adjacent
aug_promo_loyalty_0036_stg1_002436,"Я хочу узнать большше о следующих распродажах, дайте мне немного информации.","я хочу узнать большше о следующих распродажах, дайте мне немного информации.",promo_loyalty,promo_loyalty,bitext|aug_typo_duplicate_char,False,True,False,promo_loyalty,stg1_002436,,,,typo_duplicate_char
aug_promo_loyalty_0037_stg1_002515,"хочу узнать больше о распродажах, дайте мне некоторую информацию.","хочу узнать больше о распродажах, дайте мне некоторую информацию.",promo_loyalty,promo_loyalty,bitext|aug_phrase_compression,False,True,False,promo_loyalty,stg1_002515,,,,phrase_compression
aug_promo_loyalty_0038_stg1_002358,"Мне нужна информация о чертовых весенних распродажах, как мне ее найти??","мне нужна информация о чертовых весенних распродажах, как мне ее найти??",promo_loyalty,promo_loyalty,bitext|aug_punctuation_variant,False,True,False,promo_loyalty,stg1_002358,,,,punctuation_variant
aug_promo_loyalty_0039_stg1_002411,"я ищу информацию о чертовых распроодажах, мне нужна помощь","я ищу информацию о чертовых распроодажах, мне нужна помощь",promo_loyalty,promo_loyalty,bitext|aug_typo_duplicate_char,False,True,False,promo_loyalty,stg1_002411,,,,typo_duplicate_char
aug_promo_loyalty_0040_stg1_002520,Я ищу информацию о чертовых распродажах. Можете ли вы мне помочь??,я ищу информацию о чертовых распродажах. можете ли вы мне помочь??,promo_loyalty,promo_loyalty,bitext|aug_punctuation_variant,False,True,False,promo_loyalty,stg1_002520,,,,punctuation_variant
aug_promo_loyalty_0041_stg1_002528,"Ищу информацию о чертовых вееснних распродажах, где ее взять","ищу информацию о чертовых вееснних распродажах, где ее взять",promo_loyalty,promo_loyalty,bitext|aug_typo_swap_adjacent,False,True,False,promo_loyalty,stg1_002528,,,,typo_swap_adjacent
aug_promo_loyalty_0042_stg1_002513,"Мне нравится информация о распродажах, как я моогу ее найти","мне нравится информация о распродажах, как я моогу ее найти",promo_loyalty,promo_loyalty,bitext|aug_typo_duplicate_char,False,True,False,promo_loyalty,stg1_002513,,,,typo_duplicate_char
aug_promo_loyalty_0043_stg1_002519,Я хочу узнать больше о следующих гребаных распродажах найти некоторую информацию.,я хочу узнать больше о следующих гребаных распродажах найти некоторую информацию.,promo_loyalty,promo_loyalty,bitext|aug_punctuation_variant,False,True,False,promo_loyalty,stg1_002519,,,,punctuation_variant
aug_promo_loyalty_0044_stg1_002387,"мне нужа информация о чертовых весенних распродажах, как мне ее найти","мне нужа информация о чертовых весенних распродажах, как мне ее найти",promo_loyalty,promo_loyalty,bitext|aug_typo_delete_char,False,True,False,promo_loyalty,stg1_002387,,,,typo_delete_char
aug_promo_loyalty_0045_stg1_002420,"Я хотел бы узнтаь больше о чертовых распродажах, не могли бы вы найти какую-нибудь информацию?","я хотел бы узнтаь больше о чертовых распродажах, не могли бы вы найти какую-нибудь информацию?",promo_loyalty,promo_loyalty,bitext|aug_typo_swap_adjacent,False,True,False,promo_loyalty,stg1_002420,,,,typo_swap_adjacent
aug_promo_loyalty_0046_stg1_002580,Я хотел бы узнать больше о чертовых распродажжах.,я хотел бы узнать больше о чертовых распродажжах.,promo_loyalty,promo_loyalty,bitext|aug_typo_duplicate_char,False,True,False,promo_loyalty,stg1_002580,,,,typo_duplicate_char
aug_promo_loyalty_0047_stg1_002574,можете дать мне информацию о продажах,можете дать мне информацию о продажах,promo_loyalty,promo_loyalty,bitext|aug_phrase_compression,False,True,False,promo_loyalty,stg1_002574,,,,phrase_compression
aug_promo_loyalty_0048_stg1_002593,"Я ищу информацию о весенних распродажах, где я могу ее найти","я ищу информацию о весенних распродажах, где я могу ее найти",promo_loyalty,promo_loyalty,bitext|aug_punctuation_variant,False,True,False,promo_loyalty,stg1_002593,,,,punctuation_variant
aug_promo_loyalty_0049_stg1_002904,Промокод СКИДКА10 не актвируется,промокод скидка10 не актвируется,promo_loyalty,promo_loyalty,synthetic_dataset|aug_typo_delete_char,True,True,False,promo_loyalty,stg1_002904,,,,typo_delete_char
aug_promo_loyalty_0050_stg1_002383,"Ищу информацию о чертовых распродажах, как мне ее нйати?","ищу информацию о чертовых распродажах, как мне ее нйати?",promo_loyalty,promo_loyalty,bitext|aug_typo_swap_adjacent,False,True,False,promo_loyalty,stg1_002383,,,,typo_swap_adjacent
aug_promo_loyalty_0051_stg1_003037,Прромокод не работает,прромокод не работает,promo_loyalty,promo_loyalty,synthetic_dataset|aug_typo_duplicate_char,True,True,False,promo_loyalty,stg1_003037,,,,typo_duplicate_char
aug_promo_loyalty_0052_stg1_002552,Я ищу информацию о следующих чертовых распродажах ты мне поможешь?,я ищу информацию о следующих чертовых распродажах ты мне поможешь?,promo_loyalty,promo_loyalty,bitext|aug_punctuation_variant,False,True,False,promo_loyalty,stg1_002552,,,,punctuation_variant
aug_promo_loyalty_0053_stg1_002581,"Я хотел бы узнать больше о веенних распродажах, найду некоторую информацию.","я хотел бы узнать больше о веенних распродажах, найду некоторую информацию.",promo_loyalty,promo_loyalty,bitext|aug_typo_delete_char,False,True,False,promo_loyalty,stg1_002581,,,,typo_delete_char
aug_promo_loyalty_0054_stg1_002484,"Я хотел бы узнать больше о чертовых зимних распродажах, ты найдеьш какую-нибудь информацию","я хотел бы узнать больше о чертовых зимних распродажах, ты найдеьш какую-нибудь информацию",promo_loyalty,promo_loyalty,bitext|aug_typo_swap_adjacent,False,True,False,promo_loyalty,stg1_002484,,,,typo_swap_adjacent
aug_promo_loyalty_0055_stg1_002594,"мне нужна информация о чертовых зимних распродажах, где я моггу ее получить","мне нужна информация о чертовых зимних распродажах, где я моггу ее получить",promo_loyalty,promo_loyalty,bitext|aug_typo_duplicate_char,False,True,False,promo_loyalty,stg1_002594,,,,typo_duplicate_char
aug_promo_loyalty_0056_stg1_002476,"Я ищу информацию о чертовых зимних распродажах, помогите?","я ищу информацию о чертовых зимних распродажах, помогите?",promo_loyalty,promo_loyalty,bitext|aug_phrase_compression,False,True,False,promo_loyalty,stg1_002476,,,,phrase_compression
aug_promo_loyalty_0057_stg1_002471,"мне нужна информация о чертовых распродажах, где я могу ее найти!","мне нужна информация о чертовых распродажах, где я могу ее найти!",promo_loyalty,promo_loyalty,bitext|aug_punctuation_variant,False,True,False,promo_loyalty,stg1_002471,,,,punctuation_variant
aug_promo_loyalty_0058_stg1_002578,"Мне нужна инормация о ближайших распродажах, где я могу ее получить?","мне нужна инормация о ближайших распродажах, где я могу ее получить?",promo_loyalty,promo_loyalty,bitext|aug_typo_delete_char,False,True,False,promo_loyalty,stg1_002578,,,,typo_delete_char
aug_promo_loyalty_0059_stg1_002368,"Ищу информацию о чертовых распродажах, мне нужнна помощь","ищу информацию о чертовых распродажах, мне нужнна помощь",promo_loyalty,promo_loyalty,bitext|aug_typo_duplicate_char,False,True,False,promo_loyalty,stg1_002368,,,,typo_duplicate_char
aug_promo_loyalty_0060_stg1_002394,мне нужна информация о продажах где я могу ее найти,мне нужна информация о продажах где я могу ее найти,promo_loyalty,promo_loyalty,bitext|aug_punctuation_variant,False,True,False,promo_loyalty,stg1_002394,,,,punctuation_variant
aug_promo_loyalty_0061_stg1_002490,Я ищу информацию о чертовых весенних расродажах. Можете мне помочь?,я ищу информацию о чертовых весенних расродажах. можете мне помочь?,promo_loyalty,promo_loyalty,bitext|aug_typo_delete_char,False,True,False,promo_loyalty,stg1_002490,,,,typo_delete_char
aug_promo_loyalty_0062_stg1_002555,"Я ищу информцаию о чертовых весенних распродажах, где я могу ее получить?","я ищу информцаию о чертовых весенних распродажах, где я могу ее получить?",promo_loyalty,promo_loyalty,bitext|aug_typo_swap_adjacent,False,True,False,promo_loyalty,stg1_002555,,,,typo_swap_adjacent
aug_promo_loyalty_0063_stg1_002622,"Мне нравиится информация о чертовых зимних распродажах, где я могу ее получить","мне нравиится информация о чертовых зимних распродажах, где я могу ее получить",promo_loyalty,promo_loyalty,bitext|aug_typo_duplicate_char,False,True,False,promo_loyalty,stg1_002622,,,,typo_duplicate_char
aug_promo_loyalty_0064_stg1_002449,"Мне нужна информация о чертовых распродажах, где я могу ее получить??","мне нужна информация о чертовых распродажах, где я могу ее получить??",promo_loyalty,promo_loyalty,bitext|aug_punctuation_variant,False,True,False,promo_loyalty,stg1_002449,,,,punctuation_variant
aug_promo_loyalty_0065_stg1_002614,"Мне нужна информация о зимнх распродажах, где я могу ее получить?","мне нужна информация о зимнх распродажах, где я могу ее получить?",promo_loyalty,promo_loyalty,bitext|aug_typo_delete_char,False,True,False,promo_loyalty,stg1_002614,,,,typo_delete_char
aug_promo_loyalty_0066_stg1_002494,Я хотел бы узнать больше о селдующих распродажах. Можете ли вы дать мне некоторую информацию?,я хотел бы узнать больше о селдующих распродажах. можете ли вы дать мне некоторую информацию?,promo_loyalty,promo_loyalty,bitext|aug_typo_swap_adjacent,False,True,False,promo_loyalty,stg1_002494,,,,typo_swap_adjacent
aug_promo_loyalty_0067_stg1_002531,"мне нуужна информация о следующих распродажах, могу ли я ее получить","мне нуужна информация о следующих распродажах, могу ли я ее получить",promo_loyalty,promo_loyalty,bitext|aug_typo_duplicate_char,False,True,False,promo_loyalty,stg1_002531,,,,typo_duplicate_char
aug_promo_loyalty_0068_stg1_002582,"Я ищу информацию о весенних распродажах, мистер?","я ищу информацию о весенних распродажах, мистер?",promo_loyalty,promo_loyalty,bitext|aug_punctuation_variant,False,True,False,promo_loyalty,stg1_002582,,,,punctuation_variant
aug_promo_loyalty_0069_stg1_002452,"Мне нужна информация о чертовых распродажах, как я могу ее полчить?","мне нужна информация о чертовых распродажах, как я могу ее полчить?",promo_loyalty,promo_loyalty,bitext|aug_typo_delete_char,False,True,False,promo_loyalty,stg1_002452,,,,typo_delete_char
aug_promo_loyalty_0070_stg1_002502,"Мне нунжа информация о чертовой распродаже, где я могу ее получить?","мне нунжа информация о чертовой распродаже, где я могу ее получить?",promo_loyalty,promo_loyalty,bitext|aug_typo_swap_adjacent,False,True,False,promo_loyalty,stg1_002502,,,,typo_swap_adjacent
aug_promo_loyalty_0071_stg1_002400,"Ищу информмацию о очередных охренительных распродажах, помогите мне","ищу информмацию о очередных охренительных распродажах, помогите мне",promo_loyalty,promo_loyalty,bitext|aug_typo_duplicate_char,False,True,False,promo_loyalty,stg1_002400,,,,typo_duplicate_char
aug_promo_loyalty_0072_stg1_002361,"Ищу информацию о следующих распродажах, помогите","ищу информацию о следующих распродажах, помогите",promo_loyalty,promo_loyalty,bitext|aug_phrase_compression,False,True,False,promo_loyalty,stg1_002361,,,,phrase_compression
aug_promo_loyalty_0073_stg1_002564,"Я ищу информацию о следующих распродажах, помогите мне!","я ищу информацию о следующих распродажах, помогите мне!",promo_loyalty,promo_loyalty,bitext|aug_punctuation_variant,False,True,False,promo_loyalty,stg1_002564,,,,punctuation_variant
aug_promo_loyalty_0074_stg1_002549,Я ищу информацию о чертовых весенних распрдажах. Не могли бы вы мне помочь?,я ищу информацию о чертовых весенних распрдажах. не могли бы вы мне помочь?,promo_loyalty,promo_loyalty,bitext|aug_typo_delete_char,False,True,False,promo_loyalty,stg1_002549,,,,typo_delete_char
aug_promo_loyalty_0075_stg1_002544,"Я хотел бы узнаьт больше о чертовых зимних распродажах, найдёте ли вы информацию?","я хотел бы узнаьт больше о чертовых зимних распродажах, найдёте ли вы информацию?",promo_loyalty,promo_loyalty,bitext|aug_typo_swap_adjacent,False,True,False,promo_loyalty,stg1_002544,,,,typo_swap_adjacent
aug_promo_loyalty_0076_stg1_002542,"Мне нужна информаация о зимних распродажах, как ее найти?","мне нужна информаация о зимних распродажах, как ее найти?",promo_loyalty,promo_loyalty,bitext|aug_typo_duplicate_char,False,True,False,promo_loyalty,stg1_002542,,,,typo_duplicate_char
aug_promo_loyalty_0077_stg1_002472,"Я ищу информацию о весенних распродажах, мне нужна помощь!","я ищу информацию о весенних распродажах, мне нужна помощь!",promo_loyalty,promo_loyalty,bitext|aug_punctuation_variant,False,True,False,promo_loyalty,stg1_002472,,,,punctuation_variant
aug_promo_loyalty_0078_stg1_002480,Я хотел бы узнать больше о чертовых зимних расродажах. Не могли бы вы дать мне некоторую информацию?,я хотел бы узнать больше о чертовых зимних расродажах. не могли бы вы дать мне некоторую информацию?,promo_loyalty,promo_loyalty,bitext|aug_typo_delete_char,False,True,False,promo_loyalty,stg1_002480,,,,typo_delete_char
aug_promo_loyalty_0079_stg1_002456,Я ищу информацию о весенних распродажах. Мжоете ли вы мне помочь?,я ищу информацию о весенних распродажах. мжоете ли вы мне помочь?,promo_loyalty,promo_loyalty,bitext|aug_typo_swap_adjacent,False,True,False,promo_loyalty,stg1_002456,,,,typo_swap_adjacent
aug_promo_loyalty_0080_stg1_002423,Я хотел бы узнать больше о чертовых весеннних распродажах. Можете ли вы дать мне некоторую информацию?,я хотел бы узнать больше о чертовых весеннних распродажах. можете ли вы дать мне некоторую информацию?,promo_loyalty,promo_loyalty,bitext|aug_typo_duplicate_char,False,True,False,promo_loyalty,stg1_002423,,,,typo_duplicate_char
aug_promo_loyalty_0081_stg1_002479,"хочу узнать больше о зимних распродажах, найду некоторую информацию","хочу узнать больше о зимних распродажах, найду некоторую информацию",promo_loyalty,promo_loyalty,bitext|aug_phrase_compression,False,True,False,promo_loyalty,stg1_002479,,,,phrase_compression
aug_promo_loyalty_0082_stg1_002464,когда будут распродажи!,когда будут распродажи!,promo_loyalty,promo_loyalty,bitext|aug_punctuation_variant,False,True,False,promo_loyalty,stg1_002464,,,,punctuation_variant
aug_promo_loyalty_0083_stg1_002560,"Я ищу информацию о следующх распродажах, могу ли я получить помощь?","я ищу информацию о следующх распродажах, могу ли я получить помощь?",promo_loyalty,promo_loyalty,bitext|aug_typo_delete_char,False,True,False,promo_loyalty,stg1_002560,,,,typo_delete_char
aug_promo_loyalty_0084_stg1_002433,"Я хочу узнать больше о следующих продаажх, дайте мне некоторую информацию","я хочу узнать больше о следующих продаажх, дайте мне некоторую информацию",promo_loyalty,promo_loyalty,bitext|aug_typo_swap_adjacent,False,True,False,promo_loyalty,stg1_002433,,,,typo_swap_adjacent
aug_promo_loyalty_0085_stg1_002388,"Я хоотел бы узнать больше о следующих распродажах, найти некоторую информацию.","я хоотел бы узнать больше о следующих распродажах, найти некоторую информацию.",promo_loyalty,promo_loyalty,bitext|aug_typo_duplicate_char,False,True,False,promo_loyalty,stg1_002388,,,,typo_duplicate_char
aug_promo_loyalty_0086_stg1_002571,"Я ищу информацию о зимних распродажах, как я могу ее получить??","я ищу информацию о зимних распродажах, как я могу ее получить??",promo_loyalty,promo_loyalty,bitext|aug_punctuation_variant,False,True,False,promo_loyalty,stg1_002571,,,,punctuation_variant
aug_promo_loyalty_0087_stg1_002414,"Я хотел бы узнть больше о чертовой распродаже, можете ли вы дать мне некоторую информацию?","я хотел бы узнть больше о чертовой распродаже, можете ли вы дать мне некоторую информацию?",promo_loyalty,promo_loyalty,bitext|aug_typo_delete_char,False,True,False,promo_loyalty,stg1_002414,,,,typo_delete_char
aug_promo_loyalty_0088_stg1_002511,"Я хотел бы узнать больше о чертовых распродажах, дайте мне немноог информации.","я хотел бы узнать больше о чертовых распродажах, дайте мне немноог информации.",promo_loyalty,promo_loyalty,bitext|aug_typo_swap_adjacent,False,True,False,promo_loyalty,stg1_002511,,,,typo_swap_adjacent
aug_promo_loyalty_0089_stg1_002501,"Я хотел бы получиить информацию о зимних распродажах, где я могу ее получить?","я хотел бы получиить информацию о зимних распродажах, где я могу ее получить?",promo_loyalty,promo_loyalty,bitext|aug_typo_duplicate_char,False,True,False,promo_loyalty,stg1_002501,,,,typo_duplicate_char
aug_promo_loyalty_0090_stg1_002561,Мне нужна информация о чертовых зимнх аслях.,мне нужна информация о чертовых зимнх аслях.,promo_loyalty,promo_loyalty,bitext|aug_typo_delete_char,False,True,False,promo_loyalty,stg1_002561,,,,typo_delete_char
aug_promo_loyalty_0091_stg1_002431,как мне найти информацию о чертовых зимних распродаажх,как мне найти информацию о чертовых зимних распродаажх,promo_loyalty,promo_loyalty,bitext|aug_typo_swap_adjacent,False,True,False,promo_loyalty,stg1_002431,,,,typo_swap_adjacent
aug_promo_loyalty_0092_stg1_002917,Промокод ВЕСНА не активвируется,промокод весна не активвируется,promo_loyalty,promo_loyalty,synthetic_dataset|aug_typo_duplicate_char,True,True,False,promo_loyalty,stg1_002917,,,,typo_duplicate_char
aug_promo_loyalty_0093_stg1_002570,"Мне бы хотелось получить информацию о следующих распродажах, можно ли ее найти?","мне бы хотелось получить информацию о следующих распродажах, можно ли ее найти?",promo_loyalty,promo_loyalty,bitext|aug_phrase_compression,False,True,False,promo_loyalty,stg1_002570,,,,phrase_compression
aug_promo_loyalty_0094_stg1_002579,дайте мне информацию о чертовых распродажах!,дайте мне информацию о чертовых распродажах!,promo_loyalty,promo_loyalty,bitext|aug_punctuation_variant,False,True,False,promo_loyalty,stg1_002579,,,,punctuation_variant
aug_promo_loyalty_0095_stg1_002540,"хочу узнаь больше о распродажах, могу дать мне некоторую информацию","хочу узнаь больше о распродажах, могу дать мне некоторую информацию",promo_loyalty,promo_loyalty,bitext|aug_typo_delete_char,False,True,False,promo_loyalty,stg1_002540,,,,typo_delete_char
aug_promo_loyalty_0096_stg1_002432,"Мне нужан информация о продажах, где я могу ее получить?","мне нужан информация о продажах, где я могу ее получить?",promo_loyalty,promo_loyalty,bitext|aug_typo_swap_adjacent,False,True,False,promo_loyalty,stg1_002432,,,,typo_swap_adjacent
aug_promo_loyalty_0097_stg1_002610,инфформация о продажах,инфформация о продажах,promo_loyalty,promo_loyalty,bitext|aug_typo_duplicate_char,False,True,False,promo_loyalty,stg1_002610,,,,typo_duplicate_char
aug_promo_loyalty_0098_stg1_002591,"хочу узнать больше о чертовых распродажах, не могли бы вы дать мне некоторую информацию","хочу узнать больше о чертовых распродажах, не могли бы вы дать мне некоторую информацию",promo_loyalty,promo_loyalty,bitext|aug_punctuation_variant,False,True,False,promo_loyalty,stg1_002591,,,,punctuation_variant
aug_promo_loyalty_0099_stg1_002418,"Я ищу информацию о вытавке, могу ли я ее получить?","я ищу информацию о вытавке, могу ли я ее получить?",promo_loyalty,promo_loyalty,bitext|aug_typo_delete_char,False,True,False,promo_loyalty,stg1_002418,,,,typo_delete_char
aug_promo_loyalty_0100_stg1_002453,"Я хотел бы узнать больше о вееснних распродажах, вы найдете какую-нибудь информацию?","я хотел бы узнать больше о вееснних распродажах, вы найдете какую-нибудь информацию?",promo_loyalty,promo_loyalty,bitext|aug_typo_swap_adjacent,False,True,False,promo_loyalty,stg1_002453,,,,typo_swap_adjacent
aug_promo_loyalty_0101_stg1_002507,"Я ищу информацию о веесенних распродажах, как мне ее найти?","я ищу информацию о веесенних распродажах, как мне ее найти?",promo_loyalty,promo_loyalty,bitext|aug_typo_duplicate_char,False,True,False,promo_loyalty,stg1_002507,,,,typo_duplicate_char
aug_promo_loyalty_0102_stg1_002607,"Я ищу информацию о чертовых распродажах, где я могу ее найти","я ищу информацию о чертовых распродажах, где я могу ее найти",promo_loyalty,promo_loyalty,bitext|aug_punctuation_variant,False,True,False,promo_loyalty,stg1_002607,,,,punctuation_variant
aug_promo_loyalty_0103_stg1_002421,"Я ищу информаию о следующих распродажах, как мне ее найти?","я ищу информаию о следующих распродажах, как мне ее найти?",promo_loyalty,promo_loyalty,bitext|aug_typo_delete_char,False,True,False,promo_loyalty,stg1_002421,,,,typo_delete_char
aug_promo_loyalty_0104_stg1_002510,"Я хотел бы узнать больше о чертовйо распродаже, можете ли вы найти какую-нибудь информацию?","я хотел бы узнать больше о чертовйо распродаже, можете ли вы найти какую-нибудь информацию?",promo_loyalty,promo_loyalty,bitext|aug_typo_swap_adjacent,False,True,False,promo_loyalty,stg1_002510,,,,typo_swap_adjacent
aug_promo_loyalty_0105_stg1_002536,"Мне бы хотелось узнать болььше о весенних распродажах, не могли бы вы дать мне некоторую информацию?","мне бы хотелось узнать болььше о весенних распродажах, не могли бы вы дать мне некоторую информацию?",promo_loyalty,promo_loyalty,bitext|aug_typo_duplicate_char,False,True,False,promo_loyalty,stg1_002536,,,,typo_duplicate_char
aug_promo_loyalty_0106_stg1_002559,сколько продлятся летние распродажи?!,сколько продлятся летние распродажи?!,promo_loyalty,promo_loyalty,bitext|aug_punctuation_variant,False,True,False,promo_loyalty,stg1_002559,,,,punctuation_variant
aug_promo_loyalty_0107_stg1_002498,"Я ищу инормацию о чертовых зимних распродажах, как мне ее найти?","я ищу инормацию о чертовых зимних распродажах, как мне ее найти?",promo_loyalty,promo_loyalty,bitext|aug_typo_delete_char,False,True,False,promo_loyalty,stg1_002498,,,,typo_delete_char
aug_promo_loyalty_0108_stg1_002392,Я хочу информаицю о продажах,я хочу информаицю о продажах,promo_loyalty,promo_loyalty,bitext|aug_typo_swap_adjacent,False,True,False,promo_loyalty,stg1_002392,,,,typo_swap_adjacent
aug_promo_loyalty_0109_stg1_002434,"Мне нужна информация о чертовых зимних распроддажах, как мне ее найти?","мне нужна информация о чертовых зимних распроддажах, как мне ее найти?",promo_loyalty,promo_loyalty,bitext|aug_typo_duplicate_char,False,True,False,promo_loyalty,stg1_002434,,,,typo_duplicate_char
aug_promo_loyalty_0110_stg1_002590,можете дать мне информацию о зимних распродажах?,можете дать мне информацию о зимних распродажах?,promo_loyalty,promo_loyalty,bitext|aug_phrase_compression,False,True,False,promo_loyalty,stg1_002590,,,,phrase_compression
aug_promo_loyalty_0111_stg1_002379,"Мне нужна информация о чертовых весенних распродажах, где я могу ее получить","мне нужна информация о чертовых весенних распродажах, где я могу ее получить",promo_loyalty,promo_loyalty,bitext|aug_punctuation_variant,False,True,False,promo_loyalty,stg1_002379,,,,punctuation_variant
aug_promo_loyalty_0112_stg1_002537,Я хотл бы получить информацию о продажах NetX,я хотл бы получить информацию о продажах netx,promo_loyalty,promo_loyalty,bitext|aug_typo_delete_char,False,True,False,promo_loyalty,stg1_002537,,,,typo_delete_char
aug_promo_loyalty_0113_stg1_002602,"Ищу информацию о чертовых весенних распродажах, помогтие.","ищу информацию о чертовых весенних распродажах, помогтие.",promo_loyalty,promo_loyalty,bitext|aug_typo_swap_adjacent,False,True,False,promo_loyalty,stg1_002602,,,,typo_swap_adjacent
aug_promo_loyalty_0114_stg1_002422,"хочу узнать больше о следующих распродажах, могу найти некоторую информаццию","хочу узнать больше о следующих распродажах, могу найти некоторую информаццию",promo_loyalty,promo_loyalty,bitext|aug_typo_duplicate_char,False,True,False,promo_loyalty,stg1_002422,,,,typo_duplicate_char
aug_promo_loyalty_0115_stg1_002416,"мне нужна информация о зимних распродажах, как ее получить","мне нужна информация о зимних распродажах, как ее получить",promo_loyalty,promo_loyalty,bitext|aug_phrase_compression,False,True,False,promo_loyalty,stg1_002416,,,,phrase_compression
aug_promo_loyalty_0116_stg1_002499,"Я хотел бы узнать больше о чертовых зимних распродажах, можете ли вы дать мне некоторую информацию","я хотел бы узнать больше о чертовых зимних распродажах, можете ли вы дать мне некоторую информацию",promo_loyalty,promo_loyalty,bitext|aug_punctuation_variant,False,True,False,promo_loyalty,stg1_002499,,,,punctuation_variant
aug_promo_loyalty_0117_stg1_002522,"Я хочу узнать боьше о продажах nrxt, вы найдете какую-нибудь информацию?","я хочу узнать боьше о продажах nrxt, вы найдете какую-нибудь информацию?",promo_loyalty,promo_loyalty,bitext|aug_typo_delete_char,False,True,False,promo_loyalty,stg1_002522,,,,typo_delete_char
aug_promo_loyalty_0118_stg1_002491,"Я хотел бы узнать больше о продажах inwter, дам мне некоторую информацию.","я хотел бы узнать больше о продажах inwter, дам мне некоторую информацию.",promo_loyalty,promo_loyalty,bitext|aug_typo_swap_adjacent,False,True,False,promo_loyalty,stg1_002491,,,,typo_swap_adjacent
aug_promo_loyalty_0119_stg1_002371,дааст мне информацию о следующих продажах,дааст мне информацию о следующих продажах,promo_loyalty,promo_loyalty,bitext|aug_typo_duplicate_char,False,True,False,promo_loyalty,stg1_002371,,,,typo_duplicate_char
aug_promo_loyalty_0120_stg1_002412,"мне нужна информация о зимних распродажах, где я могу ее получить!","мне нужна информация о зимних распродажах, где я могу ее получить!",promo_loyalty,promo_loyalty,bitext|aug_punctuation_variant,False,True,False,promo_loyalty,stg1_002412,,,,punctuation_variant
aug_promo_loyalty_0121_stg1_002576,"Я хотел бы узнать больше о следующих распродажах, могу дать мне некоторую информцию","я хотел бы узнать больше о следующих распродажах, могу дать мне некоторую информцию",promo_loyalty,promo_loyalty,bitext|aug_typo_delete_char,False,True,False,promo_loyalty,stg1_002576,,,,typo_delete_char
aug_promo_loyalty_0122_stg1_002437,"Я хочу узнать больше о распродажах, можете ли вы дать мне нектоорую информацию?","я хочу узнать больше о распродажах, можете ли вы дать мне нектоорую информацию?",promo_loyalty,promo_loyalty,bitext|aug_typo_swap_adjacent,False,True,False,promo_loyalty,stg1_002437,,,,typo_swap_adjacent
aug_promo_loyalty_0123_stg1_002554,можешь дать мне информацию о чертовыых весенних распродажах?,можешь дать мне информацию о чертовыых весенних распродажах?,promo_loyalty,promo_loyalty,bitext|aug_typo_duplicate_char,False,True,False,promo_loyalty,stg1_002554,,,,typo_duplicate_char
aug_promo_loyalty_0124_stg1_002567,"Я ищу информацию о весенних распродажах, где я могу ее получть?","я ищу информацию о весенних распродажах, где я могу ее получть?",promo_loyalty,promo_loyalty,bitext|aug_typo_delete_char,False,True,False,promo_loyalty,stg1_002567,,,,typo_delete_char
aug_promo_loyalty_0125_stg1_002585,"хочу узнать больше о следующих чертовых распродажах, давай нйадём какую-нибудь информацию","хочу узнать больше о следующих чертовых распродажах, давай нйадём какую-нибудь информацию",promo_loyalty,promo_loyalty,bitext|aug_typo_swap_adjacent,False,True,False,promo_loyalty,stg1_002585,,,,typo_swap_adjacent
aug_promo_loyalty_0126_stg1_002435,"Я ищу информацию о черттовых распродажах, мне нужна помощь.","я ищу информацию о черттовых распродажах, мне нужна помощь.",promo_loyalty,promo_loyalty,bitext|aug_typo_duplicate_char,False,True,False,promo_loyalty,stg1_002435,,,,typo_duplicate_char
aug_promo_loyalty_0127_stg1_002621,"Я ищу информацию о зимнх распродажах, можете мне помочь?","я ищу информацию о зимнх распродажах, можете мне помочь?",promo_loyalty,promo_loyalty,bitext|aug_typo_delete_char,False,True,False,promo_loyalty,stg1_002621,,,,typo_delete_char
aug_promo_loyalty_0128_stg1_002609,"Я ищу информаицю о зимних распродажах, помогите мне.","я ищу информаицю о зимних распродажах, помогите мне.",promo_loyalty,promo_loyalty,bitext|aug_typo_swap_adjacent,False,True,False,promo_loyalty,stg1_002609,,,,typo_swap_adjacent
aug_promo_loyalty_0129_stg1_002477,"ищу информацию о распродаже, где ее можнно получить","ищу информацию о распродаже, где ее можнно получить",promo_loyalty,promo_loyalty,bitext|aug_typo_duplicate_char,False,True,False,promo_loyalty,stg1_002477,,,,typo_duplicate_char
aug_promo_loyalty_0130_stg1_002389,мне нужна информация о следующих чертовых распродажах?,мне нужна информация о следующих чертовых распродажах?,promo_loyalty,promo_loyalty,bitext|aug_punctuation_variant,False,True,False,promo_loyalty,stg1_002389,,,,punctuation_variant
aug_promo_loyalty_0131_stg1_002478,Я ищу информацю о чертовых распродажах. Не могли бы вы мне помочь?,я ищу информацю о чертовых распродажах. не могли бы вы мне помочь?,promo_loyalty,promo_loyalty,bitext|aug_typo_delete_char,False,True,False,promo_loyalty,stg1_002478,,,,typo_delete_char
aug_promo_loyalty_0132_stg1_002601,Я хочу узнать больше о весенних распроаджах. Можете ли вы дать мне некоторую информацию?,я хочу узнать больше о весенних распроаджах. можете ли вы дать мне некоторую информацию?,promo_loyalty,promo_loyalty,bitext|aug_typo_swap_adjacent,False,True,False,promo_loyalty,stg1_002601,,,,typo_swap_adjacent
aug_promo_loyalty_0133_stg1_002573,Я хоччу узнать больше о распродаже Salex,я хоччу узнать больше о распродаже salex,promo_loyalty,promo_loyalty,bitext|aug_typo_duplicate_char,False,True,False,promo_loyalty,stg1_002573,,,,typo_duplicate_char
aug_promo_loyalty_0134_stg1_002458,можете дать мне информацию о следующих продажах?,можете дать мне информацию о следующих продажах?,promo_loyalty,promo_loyalty,bitext|aug_phrase_compression,False,True,False,promo_loyalty,stg1_002458,,,,phrase_compression
aug_promo_loyalty_0135_stg1_002583,информация о следующих распродажах!,информация о следующих распродажах!,promo_loyalty,promo_loyalty,bitext|aug_punctuation_variant,False,True,False,promo_loyalty,stg1_002583,,,,punctuation_variant
aug_promo_loyalty_0136_stg1_002438,"Я ищу информацию о распродаах, как мне ее найти?","я ищу информацию о распродаах, как мне ее найти?",promo_loyalty,promo_loyalty,bitext|aug_typo_delete_char,False,True,False,promo_loyalty,stg1_002438,,,,typo_delete_char
aug_promo_loyalty_0137_stg1_002363,"Мне нужна информация о чертовых распродажах, где я могу ее найит?","мне нужна информация о чертовых распродажах, где я могу ее найит?",promo_loyalty,promo_loyalty,bitext|aug_typo_swap_adjacent,False,True,False,promo_loyalty,stg1_002363,,,,typo_swap_adjacent
aug_promo_loyalty_0138_stg1_002469,"Я ищу инфоррмацию о зимних распродажах, где я могу ее получить?","я ищу инфоррмацию о зимних распродажах, где я могу ее получить?",promo_loyalty,promo_loyalty,bitext|aug_typo_duplicate_char,False,True,False,promo_loyalty,stg1_002469,,,,typo_duplicate_char
aug_promo_loyalty_0139_stg1_002551,мог бы дать мне информацию о чертовых распродажах?,мог бы дать мне информацию о чертовых распродажах?,promo_loyalty,promo_loyalty,bitext|aug_punctuation_variant,False,True,False,promo_loyalty,stg1_002551,,,,punctuation_variant
aug_promo_loyalty_0140_stg1_002546,"Я ищу информацию о чертовой распродае, где ее найти?","я ищу информацию о чертовой распродае, где ее найти?",promo_loyalty,promo_loyalty,bitext|aug_typo_delete_char,False,True,False,promo_loyalty,stg1_002546,,,,typo_delete_char
aug_promo_loyalty_0141_stg1_002619,"Я хочу узнать больше о чертовых распродажах, вы найедте какую-нибудь информацию?","я хочу узнать больше о чертовых распродажах, вы найедте какую-нибудь информацию?",promo_loyalty,promo_loyalty,bitext|aug_typo_swap_adjacent,False,True,False,promo_loyalty,stg1_002619,,,,typo_swap_adjacent
aug_promo_loyalty_0142_stg1_002470,"Я хочу узнать больше о весенних распродажах, можете ли вы даать мне некоторую информацию?","я хочу узнать больше о весенних распродажах, можете ли вы даать мне некоторую информацию?",promo_loyalty,promo_loyalty,bitext|aug_typo_duplicate_char,False,True,False,promo_loyalty,stg1_002470,,,,typo_duplicate_char
aug_promo_loyalty_0143_stg1_002443,"Мне нужна информация о весенних распродажах, где я могу ее получить?!","мне нужна информация о весенних распродажах, где я могу ее получить?!",promo_loyalty,promo_loyalty,bitext|aug_punctuation_variant,False,True,False,promo_loyalty,stg1_002443,,,,punctuation_variant
aug_promo_loyalty_0144_stg1_002440,"Мне нравится информация о зимних расподажах, как я могу ее получить?","мне нравится информация о зимних расподажах, как я могу ее получить?",promo_loyalty,promo_loyalty,bitext|aug_typo_delete_char,False,True,False,promo_loyalty,stg1_002440,,,,typo_delete_char
aug_promo_loyalty_0145_stg1_002504,"Мне нужна информация о весенних распродаажх, где я могу ее найти?","мне нужна информация о весенних распродаажх, где я могу ее найти?",promo_loyalty,promo_loyalty,bitext|aug_typo_swap_adjacent,False,True,False,promo_loyalty,stg1_002504,,,,typo_swap_adjacent
aug_promo_loyalty_0146_stg1_002508,"мне нужна информация о чертовых распродажах, как я моггу ее получить","мне нужна информация о чертовых распродажах, как я моггу ее получить",promo_loyalty,promo_loyalty,bitext|aug_typo_duplicate_char,False,True,False,promo_loyalty,stg1_002508,,,,typo_duplicate_char
aug_promo_loyalty_0147_stg1_002562,Вы дадите мне информацию о следующих продажах??,вы дадите мне информацию о следующих продажах??,promo_loyalty,promo_loyalty,bitext|aug_punctuation_variant,False,True,False,promo_loyalty,stg1_002562,,,,punctuation_variant
aug_promo_loyalty_0148_stg1_002526,как я мог получить инормацию о чертовых распродажах,как я мог получить инормацию о чертовых распродажах,promo_loyalty,promo_loyalty,bitext|aug_typo_delete_char,False,True,False,promo_loyalty,stg1_002526,,,,typo_delete_char
aug_promo_loyalty_0149_stg1_002428,"Я ищу информацию о чертовых весеннхи распродажах, как мне ее найти?","я ищу информацию о чертовых весеннхи распродажах, как мне ее найти?",promo_loyalty,promo_loyalty,bitext|aug_typo_swap_adjacent,False,True,False,promo_loyalty,stg1_002428,,,,typo_swap_adjacent
aug_promo_loyalty_0150_stg1_002397,"Мне нужна информация о чертовой распродаже, где ее наййти?","мне нужна информация о чертовой распродаже, где ее наййти?",promo_loyalty,promo_loyalty,bitext|aug_typo_duplicate_char,False,True,False,promo_loyalty,stg1_002397,,,,typo_duplicate_char
aug_promo_loyalty_0151_stg1_002386,Я пытаюсь найти информацию о чертовых распродажах?,я пытаюсь найти информацию о чертовых распродажах?,promo_loyalty,promo_loyalty,bitext|aug_punctuation_variant,False,True,False,promo_loyalty,stg1_002386,,,,punctuation_variant
aug_promo_loyalty_0152_stg1_002450,"Я ищу информацию о весенних распродажах, как я могу ее получть?","я ищу информацию о весенних распродажах, как я могу ее получть?",promo_loyalty,promo_loyalty,bitext|aug_typo_delete_char,False,True,False,promo_loyalty,stg1_002450,,,,typo_delete_char
aug_promo_loyalty_0153_stg1_002934,Поечму промокод не применился?,поечму промокод не применился?,promo_loyalty,promo_loyalty,synthetic_dataset|aug_typo_swap_adjacent,True,True,False,promo_loyalty,stg1_002934,,,,typo_swap_adjacent
aug_promo_loyalty_0154_stg1_002617,"Я хочу узнать больше о черртовой распродаже, не могли бы вы дать мне некоторую информацию?","я хочу узнать больше о черртовой распродаже, не могли бы вы дать мне некоторую информацию?",promo_loyalty,promo_loyalty,bitext|aug_typo_duplicate_char,False,True,False,promo_loyalty,stg1_002617,,,,typo_duplicate_char
aug_promo_loyalty_0155_stg1_002603,"Ищу информацию о очередных распродажах, мне нужна помощь?","ищу информацию о очередных распродажах, мне нужна помощь?",promo_loyalty,promo_loyalty,bitext|aug_punctuation_variant,False,True,False,promo_loyalty,stg1_002603,,,,punctuation_variant
aug_promo_loyalty_0156_stg1_002463,"Я ищу информацию о чртовых весенних распродажах, могу ли я получить помощь?","я ищу информацию о чртовых весенних распродажах, могу ли я получить помощь?",promo_loyalty,promo_loyalty,bitext|aug_typo_delete_char,False,True,False,promo_loyalty,stg1_002463,,,,typo_delete_char
aug_promo_loyalty_0157_stg1_002380,"Я хотел бы узнать больше о чертовых продажах psring, дай мне немного ифнормации","я хотел бы узнать больше о чертовых продажах psring, дай мне немного ифнормации",promo_loyalty,promo_loyalty,bitext|aug_typo_swap_adjacent,False,True,False,promo_loyalty,stg1_002380,,,,typo_swap_adjacent
aug_promo_loyalty_0158_stg1_002457,"Мне нужна информация о следующщих распродажах, как я могу ее получить?","мне нужна информация о следующщих распродажах, как я могу ее получить?",promo_loyalty,promo_loyalty,bitext|aug_typo_duplicate_char,False,True,False,promo_loyalty,stg1_002457,,,,typo_duplicate_char
aug_promo_loyalty_0159_stg1_002367,Я ищу информацию о чертовой распроаже. Могу ли я получить помощь?,я ищу информацию о чертовой распроаже. могу ли я получить помощь?,promo_loyalty,promo_loyalty,bitext|aug_typo_delete_char,False,True,False,promo_loyalty,stg1_002367,,,,typo_delete_char
aug_promo_loyalty_0160_stg1_002405,"хочу узнать больше о чертовых весенних распродажах, можешь найит какую-нибудь информацию?","хочу узнать больше о чертовых весенних распродажах, можешь найит какую-нибудь информацию?",promo_loyalty,promo_loyalty,bitext|aug_typo_swap_adjacent,False,True,False,promo_loyalty,stg1_002405,,,,typo_swap_adjacent
aug_promo_loyalty_0161_stg1_002492,"хочу узнать больше о чертовых распродажах, можешь ли ты найтти какую-нибудь информацию?","хочу узнать больше о чертовых распродажах, можешь ли ты найтти какую-нибудь информацию?",promo_loyalty,promo_loyalty,bitext|aug_typo_duplicate_char,False,True,False,promo_loyalty,stg1_002492,,,,typo_duplicate_char
aug_promo_loyalty_0162_stg1_002403,"мне нужна информция о распродажах, как я могу ее получить","мне нужна информция о распродажах, как я могу ее получить",promo_loyalty,promo_loyalty,bitext|aug_typo_delete_char,False,True,False,promo_loyalty,stg1_002403,,,,typo_delete_char
aug_promo_loyalty_0163_stg1_002547,"Я ищу информацию о следующих чертовых распродаажх, где я могу ее получить","я ищу информацию о следующих чертовых распродаажх, где я могу ее получить",promo_loyalty,promo_loyalty,bitext|aug_typo_swap_adjacent,False,True,False,promo_loyalty,stg1_002547,,,,typo_swap_adjacent
aug_promo_loyalty_0164_stg1_002572,Я ищу информацию о следующиих распродажах. Могу ли я получить помощь?,я ищу информацию о следующиих распродажах. могу ли я получить помощь?,promo_loyalty,promo_loyalty,bitext|aug_typo_duplicate_char,False,True,False,promo_loyalty,stg1_002572,,,,typo_duplicate_char
aug_promo_loyalty_0165_stg1_002402,"Мне нужна информация о распродажах, где я могу ее получить","мне нужна информация о распродажах, где я могу ее получить",promo_loyalty,promo_loyalty,bitext|aug_punctuation_variant,False,True,False,promo_loyalty,stg1_002402,,,,punctuation_variant
aug_promo_loyalty_0166_stg1_002599,"Мне нужна информация о чертовых весенних распродажх, где ее можно найти?","мне нужна информация о чертовых весенних распродажх, где ее можно найти?",promo_loyalty,promo_loyalty,bitext|aug_typo_delete_char,False,True,False,promo_loyalty,stg1_002599,,,,typo_delete_char
aug_promo_loyalty_0167_stg1_002378,"Хотелось бы узнать подробнее о следующих распродажах, найедте ли вы какую-нибудь информацию?","хотелось бы узнать подробнее о следующих распродажах, найедте ли вы какую-нибудь информацию?",promo_loyalty,promo_loyalty,bitext|aug_typo_swap_adjacent,False,True,False,promo_loyalty,stg1_002378,,,,typo_swap_adjacent
aug_promo_loyalty_0168_stg1_002475,"Я ищу информацию о зимнних распродажах, может мне поможет","я ищу информацию о зимнних распродажах, может мне поможет",promo_loyalty,promo_loyalty,bitext|aug_typo_duplicate_char,False,True,False,promo_loyalty,stg1_002475,,,,typo_duplicate_char
aug_promo_loyalty_0169_stg1_002512,Я ищу информацию о следующих распродажах может мне помочь.,я ищу информацию о следующих распродажах может мне помочь.,promo_loyalty,promo_loyalty,bitext|aug_punctuation_variant,False,True,False,promo_loyalty,stg1_002512,,,,punctuation_variant
aug_promo_loyalty_0170_stg1_002473,"Мне нужна инфорация об этих чертовых зимних распродажах, где ее можно найти?","мне нужна инфорация об этих чертовых зимних распродажах, где ее можно найти?",promo_loyalty,promo_loyalty,bitext|aug_typo_delete_char,False,True,False,promo_loyalty,stg1_002473,,,,typo_delete_char
aug_promo_loyalty_0171_stg1_002374,"мне нунжа информация о следующих распродажах, как я могу ее получить","мне нунжа информация о следующих распродажах, как я могу ее получить",promo_loyalty,promo_loyalty,bitext|aug_typo_swap_adjacent,False,True,False,promo_loyalty,stg1_002374,,,,typo_swap_adjacent
aug_promo_loyalty_0172_stg1_002556,"Я хоочу узнать больше о весенних распродажах, можете ли вы найти какую-нибудь информацию?","я хоочу узнать больше о весенних распродажах, можете ли вы найти какую-нибудь информацию?",promo_loyalty,promo_loyalty,bitext|aug_typo_duplicate_char,False,True,False,promo_loyalty,stg1_002556,,,,typo_duplicate_char
aug_promo_loyalty_0173_stg1_002455,"Я хотел бы узнать больше о чертовых зимних распродажах, мог бы дать мне некоторую информацию?","я хотел бы узнать больше о чертовых зимних распродажах, мог бы дать мне некоторую информацию?",promo_loyalty,promo_loyalty,bitext|aug_punctuation_variant,False,True,False,promo_loyalty,stg1_002455,,,,punctuation_variant
aug_promo_loyalty_0174_stg1_002460,"Я хотел бы узнать больше о распрдоажах, можете ли вы дать мне некоторую информацию?","я хотел бы узнать больше о распрдоажах, можете ли вы дать мне некоторую информацию?",promo_loyalty,promo_loyalty,bitext|aug_typo_swap_adjacent,False,True,False,promo_loyalty,stg1_002460,,,,typo_swap_adjacent
aug_promo_loyalty_0175_stg1_002488,"Мне нужна информация о чертовых весенних распродажах, как я моггу ее найти?","мне нужна информация о чертовых весенних распродажах, как я моггу ее найти?",promo_loyalty,promo_loyalty,bitext|aug_typo_duplicate_char,False,True,False,promo_loyalty,stg1_002488,,,,typo_duplicate_char
aug_promo_loyalty_0176_stg1_002568,не могли бы вы дать мне информацию о распродажах,не могли бы вы дать мне информацию о распродажах,promo_loyalty,promo_loyalty,bitext|aug_punctuation_variant,False,True,False,promo_loyalty,stg1_002568,,,,punctuation_variant
aug_promo_loyalty_0177_stg1_002534,Можее ли вы дать мне информацию о весенних распродажах?,можее ли вы дать мне информацию о весенних распродажах?,promo_loyalty,promo_loyalty,bitext|aug_typo_delete_char,False,True,False,promo_loyalty,stg1_002534,,,,typo_delete_char
aug_promo_loyalty_0178_stg1_002441,Я не хочу знаьт больше о продажах,я не хочу знаьт больше о продажах,promo_loyalty,promo_loyalty,bitext|aug_typo_swap_adjacent,False,True,False,promo_loyalty,stg1_002441,,,,typo_swap_adjacent
aug_promo_loyalty_0179_stg1_002584,"Я хотел бы узнать боольше о следующих распродажах, ты дашь мне некоторую информацию?","я хотел бы узнать боольше о следующих распродажах, ты дашь мне некоторую информацию?",promo_loyalty,promo_loyalty,bitext|aug_typo_duplicate_char,False,True,False,promo_loyalty,stg1_002584,,,,typo_duplicate_char
aug_promo_loyalty_0180_stg1_002373,где я могу найти инфорацию о распродажах?,где я могу найти инфорацию о распродажах?,promo_loyalty,promo_loyalty,bitext|aug_typo_delete_char,False,True,False,promo_loyalty,stg1_002373,,,,typo_delete_char
aug_promo_loyalty_0181_stg1_002467,"Мне нужна информация о распроджаах, где я могу ее найти?","мне нужна информация о распроджаах, где я могу ее найти?",promo_loyalty,promo_loyalty,bitext|aug_typo_swap_adjacent,False,True,False,promo_loyalty,stg1_002467,,,,typo_swap_adjacent
aug_promo_loyalty_0182_stg1_002451,"Я ищу информацию о чертовых зимних распродажах, могу ли я получить каккую-нибудь помощь?","я ищу информацию о чертовых зимних распродажах, могу ли я получить каккую-нибудь помощь?",promo_loyalty,promo_loyalty,bitext|aug_typo_duplicate_char,False,True,False,promo_loyalty,stg1_002451,,,,typo_duplicate_char
aug_promo_loyalty_0183_stg1_002426,Мне нужна информация о следующих чертовых распродажах как мне ее найти?,мне нужна информация о следующих чертовых распродажах как мне ее найти?,promo_loyalty,promo_loyalty,bitext|aug_punctuation_variant,False,True,False,promo_loyalty,stg1_002426,,,,punctuation_variant
aug_promo_loyalty_0184_stg1_003024,Промкод SALE2026 не активируется,промкод sale2026 не активируется,promo_loyalty,promo_loyalty,synthetic_dataset|aug_typo_delete_char,True,True,False,promo_loyalty,stg1_003024,,,,typo_delete_char
aug_promo_loyalty_0185_stg1_002538,"Я хочу узнать больше о следующих распродажха, можешь ли ты дать мне какую-нибудь информацию?","я хочу узнать больше о следующих распродажха, можешь ли ты дать мне какую-нибудь информацию?",promo_loyalty,promo_loyalty,bitext|aug_typo_swap_adjacent,False,True,False,promo_loyalty,stg1_002538,,,,typo_swap_adjacent
aug_promo_loyalty_0186_stg1_002533,"Знаю ли я больше о чертовых зимних распродажах, можешь ли ты найти какую-нибудь информаццию?","знаю ли я больше о чертовых зимних распродажах, можешь ли ты найти какую-нибудь информаццию?",promo_loyalty,promo_loyalty,bitext|aug_typo_duplicate_char,False,True,False,promo_loyalty,stg1_002533,,,,typo_duplicate_char
aug_promo_loyalty_0187_stg1_002612,"Мне нужа информация о продажах, как я могу ее найти?","мне нужа информация о продажах, как я могу ее найти?",promo_loyalty,promo_loyalty,bitext|aug_typo_delete_char,False,True,False,promo_loyalty,stg1_002612,,,,typo_delete_char
aug_promo_loyalty_0188_stg1_002439,"Я хочу узнать больше о чертовых распродажах, можшеь ли ты найти какую-нибудь информацию?","я хочу узнать больше о чертовых распродажах, можшеь ли ты найти какую-нибудь информацию?",promo_loyalty,promo_loyalty,bitext|aug_typo_swap_adjacent,False,True,False,promo_loyalty,stg1_002439,,,,typo_swap_adjacent
aug_promo_loyalty_0189_stg1_002436,"Я хочу узнать больше о следующих расспродажах, дайте мне немного информации.","я хочу узнать больше о следующих расспродажах, дайте мне немного информации.",promo_loyalty,promo_loyalty,bitext|aug_typo_duplicate_char,False,True,False,promo_loyalty,stg1_002436,,,,typo_duplicate_char
aug_promo_loyalty_0190_stg1_002605,"хочу узнать больше о весенних распроаджах, могу найти некоторую информацию","хочу узнать больше о весенних распроаджах, могу найти некоторую информацию",promo_loyalty,promo_loyalty,bitext|aug_typo_swap_adjacent,False,True,False,promo_loyalty,stg1_002605,,,,typo_swap_adjacent
aug_promo_loyalty_0191_stg1_002520,Я ищу информацию о чертовых распродажах. Можете ли вы мне помочь,я ищу информацию о чертовых распродажах. можете ли вы мне помочь,promo_loyalty,promo_loyalty,bitext|aug_punctuation_variant,False,True,False,promo_loyalty,stg1_002520,,,,punctuation_variant
aug_promo_loyalty_0192_stg1_002543,могу дать мне инфомацию о весенних распродажах,могу дать мне инфомацию о весенних распродажах,promo_loyalty,promo_loyalty,bitext|aug_typo_delete_char,False,True,False,promo_loyalty,stg1_002543,,,,typo_delete_char
aug_promo_loyalty_0193_stg1_002528,"Ищу информацию о чертоывх весенних распродажах, где ее взять","ищу информацию о чертоывх весенних распродажах, где ее взять",promo_loyalty,promo_loyalty,bitext|aug_typo_swap_adjacent,False,True,False,promo_loyalty,stg1_002528,,,,typo_swap_adjacent
aug_promo_loyalty_0194_stg1_002513,"Мне нравится иннформация о распродажах, как я могу ее найти","мне нравится иннформация о распродажах, как я могу ее найти",promo_loyalty,promo_loyalty,bitext|aug_typo_duplicate_char,False,True,False,promo_loyalty,stg1_002513,,,,typo_duplicate_char
aug_promo_loyalty_0195_stg1_002387,"мне нужна информация о чертовых весеннх распродажах, как мне ее найти","мне нужна информация о чертовых весеннх распродажах, как мне ее найти",promo_loyalty,promo_loyalty,bitext|aug_typo_delete_char,False,True,False,promo_loyalty,stg1_002387,,,,typo_delete_char
aug_promo_loyalty_0196_stg1_002420,"Я хотел бы узнать больше о чертовых распродажах, не могил бы вы найти какую-нибудь информацию?","я хотел бы узнать больше о чертовых распродажах, не могил бы вы найти какую-нибудь информацию?",promo_loyalty,promo_loyalty,bitext|aug_typo_swap_adjacent,False,True,False,promo_loyalty,stg1_002420,,,,typo_swap_adjacent
aug_promo_loyalty_0197_stg1_002580,Я хотел бы уззнать больше о чертовых распродажах.,я хотел бы уззнать больше о чертовых распродажах.,promo_loyalty,promo_loyalty,bitext|aug_typo_duplicate_char,False,True,False,promo_loyalty,stg1_002580,,,,typo_duplicate_char
aug_promo_loyalty_0198_stg1_002593,Я ищу информацию о весенних распродажах где я могу ее найти?,я ищу информацию о весенних распродажах где я могу ее найти?,promo_loyalty,promo_loyalty,bitext|aug_punctuation_variant,False,True,False,promo_loyalty,stg1_002593,,,,punctuation_variant
aug_promo_loyalty_0199_stg1_002904,Промокод СКИДА10 не активируется,промокод скида10 не активируется,promo_loyalty,promo_loyalty,synthetic_dataset|aug_typo_delete_char,True,True,False,promo_loyalty,stg1_002904,,,,typo_delete_char
aug_promo_loyalty_0200_stg1_002383,"Ищу информацию о чертовых распродажах, как мне ее натйи?","ищу информацию о чертовых распродажах, как мне ее натйи?",promo_loyalty,promo_loyalty,bitext|aug_typo_swap_adjacent,False,True,False,promo_loyalty,stg1_002383,,,,typo_swap_adjacent
aug_promo_loyalty_0201_stg1_003037,Промоккод не работает,промоккод не работает,promo_loyalty,promo_loyalty,synthetic_dataset|aug_typo_duplicate_char,True,True,False,promo_loyalty,stg1_003037,,,,typo_duplicate_char
aug_promo_loyalty_0202_stg1_002552,"Я ищу информацию о следующих чертовых распродажах, ты мне поможешь?!","я ищу информацию о следующих чертовых распродажах, ты мне поможешь?!",promo_loyalty,promo_loyalty,bitext|aug_punctuation_variant,False,True,False,promo_loyalty,stg1_002552,,,,punctuation_variant
aug_promo_loyalty_0203_stg1_002581,"Я хотел бы узнать больше о весенних распродажах, найу некоторую информацию.","я хотел бы узнать больше о весенних распродажах, найу некоторую информацию.",promo_loyalty,promo_loyalty,bitext|aug_typo_delete_char,False,True,False,promo_loyalty,stg1_002581,,,,typo_delete_char
aug_promo_loyalty_0204_stg1_002484,"Я хотел бы узнать больше о чертовхы зимних распродажах, ты найдешь какую-нибудь информацию","я хотел бы узнать больше о чертовхы зимних распродажах, ты найдешь какую-нибудь информацию",promo_loyalty,promo_loyalty,bitext|aug_typo_swap_adjacent,False,True,False,promo_loyalty,stg1_002484,,,,typo_swap_adjacent
aug_promo_loyalty_0205_stg1_002594,"мне нужна информация о чертовых зимних распродажжах, где я могу ее получить","мне нужна информация о чертовых зимних распродажжах, где я могу ее получить",promo_loyalty,promo_loyalty,bitext|aug_typo_duplicate_char,False,True,False,promo_loyalty,stg1_002594,,,,typo_duplicate_char
aug_promo_loyalty_0206_stg1_002471,мне нужна информация о чертовых распродажах где я могу ее найти,мне нужна информация о чертовых распродажах где я могу ее найти,promo_loyalty,promo_loyalty,bitext|aug_punctuation_variant,False,True,False,promo_loyalty,stg1_002471,,,,punctuation_variant
aug_promo_loyalty_0207_stg1_002578,"Мне нужна информация о ближайшх распродажах, где я могу ее получить?","мне нужна информация о ближайшх распродажах, где я могу ее получить?",promo_loyalty,promo_loyalty,bitext|aug_typo_delete_char,False,True,False,promo_loyalty,stg1_002578,,,,typo_delete_char
aug_promo_loyalty_0208_stg1_002516,хочу узанть больше о чертовых весенних распродажах,хочу узанть больше о чертовых весенних распродажах,promo_loyalty,promo_loyalty,bitext|aug_typo_swap_adjacent,False,True,False,promo_loyalty,stg1_002516,,,,typo_swap_adjacent
aug_promo_loyalty_0209_stg1_002368,"Ищу информацию о чертовых расспродажах, мне нужна помощь","ищу информацию о чертовых расспродажах, мне нужна помощь",promo_loyalty,promo_loyalty,bitext|aug_typo_duplicate_char,False,True,False,promo_loyalty,stg1_002368,,,,typo_duplicate_char
aug_promo_loyalty_0210_stg1_002394,"мне нужна информация о продажах, где я могу ее найти!","мне нужна информация о продажах, где я могу ее найти!",promo_loyalty,promo_loyalty,bitext|aug_punctuation_variant,False,True,False,promo_loyalty,stg1_002394,,,,punctuation_variant
aug_promo_loyalty_0211_stg1_002490,Я ищу информацию о чертовх весенних распродажах. Можете мне помочь?,я ищу информацию о чертовх весенних распродажах. можете мне помочь?,promo_loyalty,promo_loyalty,bitext|aug_typo_delete_char,False,True,False,promo_loyalty,stg1_002490,,,,typo_delete_char
aug_promo_loyalty_0212_stg1_002555,"Я ищу информацию о чертовых весеннхи распродажах, где я могу ее получить?","я ищу информацию о чертовых весеннхи распродажах, где я могу ее получить?",promo_loyalty,promo_loyalty,bitext|aug_typo_swap_adjacent,False,True,False,promo_loyalty,stg1_002555,,,,typo_swap_adjacent
aug_promo_loyalty_0213_stg1_002622,"Мне нравится информация о чертовых зимних распродажах, где я могу ее получиить","мне нравится информация о чертовых зимних распродажах, где я могу ее получиить",promo_loyalty,promo_loyalty,bitext|aug_typo_duplicate_char,False,True,False,promo_loyalty,stg1_002622,,,,typo_duplicate_char
aug_promo_loyalty_0214_stg1_002449,"Мне нужна информация о чертовых распродажах, где я могу ее получить?!","мне нужна информация о чертовых распродажах, где я могу ее получить?!",promo_loyalty,promo_loyalty,bitext|aug_punctuation_variant,False,True,False,promo_loyalty,stg1_002449,,,,punctuation_variant
aug_promo_loyalty_0215_stg1_002614,"Мне нужна информация о зимних распродажах, где я могу ее полчить?","мне нужна информация о зимних распродажах, где я могу ее полчить?",promo_loyalty,promo_loyalty,bitext|aug_typo_delete_char,False,True,False,promo_loyalty,stg1_002614,,,,typo_delete_char
aug_promo_loyalty_0216_stg1_002494,Я хотел бы узанть больше о следующих распродажах. Можете ли вы дать мне некоторую информацию?,я хотел бы узанть больше о следующих распродажах. можете ли вы дать мне некоторую информацию?,promo_loyalty,promo_loyalty,bitext|aug_typo_swap_adjacent,False,True,False,promo_loyalty,stg1_002494,,,,typo_swap_adjacent
aug_promo_loyalty_0217_stg1_002531,"мне нужна информация о слеедующих распродажах, могу ли я ее получить","мне нужна информация о слеедующих распродажах, могу ли я ее получить",promo_loyalty,promo_loyalty,bitext|aug_typo_duplicate_char,False,True,False,promo_loyalty,stg1_002531,,,,typo_duplicate_char
aug_promo_loyalty_0218_stg1_002582,Я ищу информацию о весенних распродажах мистер,я ищу информацию о весенних распродажах мистер,promo_loyalty,promo_loyalty,bitext|aug_punctuation_variant,False,True,False,promo_loyalty,stg1_002582,,,,punctuation_variant
aug_promo_loyalty_0219_stg1_002452,"Мне нужна информация о чертвых распродажах, как я могу ее получить?","мне нужна информация о чертвых распродажах, как я могу ее получить?",promo_loyalty,promo_loyalty,bitext|aug_typo_delete_char,False,True,False,promo_loyalty,stg1_002452,,,,typo_delete_char
aug_promo_loyalty_0220_stg1_002502,"Мне нужна информация о черотвой распродаже, где я могу ее получить?","мне нужна информация о черотвой распродаже, где я могу ее получить?",promo_loyalty,promo_loyalty,bitext|aug_typo_swap_adjacent,False,True,False,promo_loyalty,stg1_002502,,,,typo_swap_adjacent
aug_promo_loyalty_0221_stg1_002400,"Ищу информацию о очередных охренительнных распродажах, помогите мне","ищу информацию о очередных охренительнных распродажах, помогите мне",promo_loyalty,promo_loyalty,bitext|aug_typo_duplicate_char,False,True,False,promo_loyalty,stg1_002400,,,,typo_duplicate_char
aug_promo_loyalty_0222_stg1_002549,Я ищу информацю о чертовых весенних распродажах. Не могли бы вы мне помочь?,я ищу информацю о чертовых весенних распродажах. не могли бы вы мне помочь?,promo_loyalty,promo_loyalty,bitext|aug_typo_delete_char,False,True,False,promo_loyalty,stg1_002549,,,,typo_delete_char
aug_promo_loyalty_0223_stg1_002544,"Я хотле бы узнать больше о чертовых зимних распродажах, найдёте ли вы информацию?","я хотле бы узнать больше о чертовых зимних распродажах, найдёте ли вы информацию?",promo_loyalty,promo_loyalty,bitext|aug_typo_swap_adjacent,False,True,False,promo_loyalty,stg1_002544,,,,typo_swap_adjacent
aug_promo_loyalty_0224_stg1_002542,"Мне нужна информация о зимних распродажах, как ее найтти?","мне нужна информация о зимних распродажах, как ее найтти?",promo_loyalty,promo_loyalty,bitext|aug_typo_duplicate_char,False,True,False,promo_loyalty,stg1_002542,,,,typo_duplicate_char
aug_promo_loyalty_0225_stg1_002472,Я ищу информацию о весенних распродажах мне нужна помощь,я ищу информацию о весенних распродажах мне нужна помощь,promo_loyalty,promo_loyalty,bitext|aug_punctuation_variant,False,True,False,promo_loyalty,stg1_002472,,,,punctuation_variant
aug_promo_loyalty_0226_stg1_002480,Я хотел бы узнаь больше о чертовых зимних распродажах. Не могли бы вы дать мне некоторую информацию?,я хотел бы узнаь больше о чертовых зимних распродажах. не могли бы вы дать мне некоторую информацию?,promo_loyalty,promo_loyalty,bitext|aug_typo_delete_char,False,True,False,promo_loyalty,stg1_002480,,,,typo_delete_char
aug_promo_loyalty_0227_stg1_002456,Я ищу информацию о весенинх распродажах. Можете ли вы мне помочь?,я ищу информацию о весенинх распродажах. можете ли вы мне помочь?,promo_loyalty,promo_loyalty,bitext|aug_typo_swap_adjacent,False,True,False,promo_loyalty,stg1_002456,,,,typo_swap_adjacent
aug_promo_loyalty_0228_stg1_002423,Я хотел бы узнатть больше о чертовых весенних распродажах. Можете ли вы дать мне некоторую информацию?,я хотел бы узнатть больше о чертовых весенних распродажах. можете ли вы дать мне некоторую информацию?,promo_loyalty,promo_loyalty,bitext|aug_typo_duplicate_char,False,True,False,promo_loyalty,stg1_002423,,,,typo_duplicate_char
aug_promo_loyalty_0229_stg1_002560,"Я ищу инфрмацию о следующих распродажах, могу ли я получить помощь?","я ищу инфрмацию о следующих распродажах, могу ли я получить помощь?",promo_loyalty,promo_loyalty,bitext|aug_typo_delete_char,False,True,False,promo_loyalty,stg1_002560,,,,typo_delete_char
aug_promo_loyalty_0230_stg1_002433,"Я хочу узнать боьлше о следующих продажах, дайте мне некоторую информацию","я хочу узнать боьлше о следующих продажах, дайте мне некоторую информацию",promo_loyalty,promo_loyalty,bitext|aug_typo_swap_adjacent,False,True,False,promo_loyalty,stg1_002433,,,,typo_swap_adjacent
aug_promo_loyalty_0231_stg1_002388,"Я хотел бы узнать больше о следующих распродажах, наййти некоторую информацию.","я хотел бы узнать больше о следующих распродажах, наййти некоторую информацию.",promo_loyalty,promo_loyalty,bitext|aug_typo_duplicate_char,False,True,False,promo_loyalty,stg1_002388,,,,typo_duplicate_char
aug_promo_loyalty_0232_stg1_002571,"Я ищу информацию о зимних распродажах, как я могу ее получить","я ищу информацию о зимних распродажах, как я могу ее получить",promo_loyalty,promo_loyalty,bitext|aug_punctuation_variant,False,True,False,promo_loyalty,stg1_002571,,,,punctuation_variant
aug_promo_loyalty_0233_stg1_002414,"Я хотел бы узнать болше о чертовой распродаже, можете ли вы дать мне некоторую информацию?","я хотел бы узнать болше о чертовой распродаже, можете ли вы дать мне некоторую информацию?",promo_loyalty,promo_loyalty,bitext|aug_typo_delete_char,False,True,False,promo_loyalty,stg1_002414,,,,typo_delete_char
aug_promo_loyalty_0234_stg1_002511,"Я хотел бы узнать блоьше о чертовых распродажах, дайте мне немного информации.","я хотел бы узнать блоьше о чертовых распродажах, дайте мне немного информации.",promo_loyalty,promo_loyalty,bitext|aug_typo_swap_adjacent,False,True,False,promo_loyalty,stg1_002511,,,,typo_swap_adjacent
aug_promo_loyalty_0235_stg1_002501,"Я хотел бы получить информацию о зимнних распродажах, где я могу ее получить?","я хотел бы получить информацию о зимнних распродажах, где я могу ее получить?",promo_loyalty,promo_loyalty,bitext|aug_typo_duplicate_char,False,True,False,promo_loyalty,stg1_002501,,,,typo_duplicate_char
aug_promo_loyalty_0236_stg1_002500,Я ищу информацию о весенних распродажах где я могу ее получить,я ищу информацию о весенних распродажах где я могу ее получить,promo_loyalty,promo_loyalty,bitext|aug_punctuation_variant,False,True,False,promo_loyalty,stg1_002500,,,,punctuation_variant
aug_promo_loyalty_0237_stg1_002561,Мне нужна информция о чертовых зимних аслях.,мне нужна информция о чертовых зимних аслях.,promo_loyalty,promo_loyalty,bitext|aug_typo_delete_char,False,True,False,promo_loyalty,stg1_002561,,,,typo_delete_char
aug_promo_loyalty_0238_stg1_002431,как мне нйати информацию о чертовых зимних распродажах,как мне нйати информацию о чертовых зимних распродажах,promo_loyalty,promo_loyalty,bitext|aug_typo_swap_adjacent,False,True,False,promo_loyalty,stg1_002431,,,,typo_swap_adjacent
aug_promo_loyalty_0239_stg1_002917,Промокод ВЕССНА не активируется,промокод вессна не активируется,promo_loyalty,promo_loyalty,synthetic_dataset|aug_typo_duplicate_char,True,True,False,promo_loyalty,stg1_002917,,,,typo_duplicate_char
aug_promo_loyalty_0240_stg1_002579,дайте мне информацию о чертовых распродажах?,дайте мне информацию о чертовых распродажах?,promo_loyalty,promo_loyalty,bitext|aug_punctuation_variant,False,True,False,promo_loyalty,stg1_002579,,,,punctuation_variant
aug_promo_loyalty_0241_stg1_002540,"хочу узнать болье о распродажах, могу дать мне некоторую информацию","хочу узнать болье о распродажах, могу дать мне некоторую информацию",promo_loyalty,promo_loyalty,bitext|aug_typo_delete_char,False,True,False,promo_loyalty,stg1_002540,,,,typo_delete_char
aug_promo_loyalty_0242_stg1_002432,"Мне нжуна информация о продажах, где я могу ее получить?","мне нжуна информация о продажах, где я могу ее получить?",promo_loyalty,promo_loyalty,bitext|aug_typo_swap_adjacent,False,True,False,promo_loyalty,stg1_002432,,,,typo_swap_adjacent
aug_promo_loyalty_0243_stg1_002610,информация о продажаах,информация о продажаах,promo_loyalty,promo_loyalty,bitext|aug_typo_duplicate_char,False,True,False,promo_loyalty,stg1_002610,,,,typo_duplicate_char
aug_promo_loyalty_0244_stg1_002418,"Я ищу информацию о выставке, могу ли я ее полуить?","я ищу информацию о выставке, могу ли я ее полуить?",promo_loyalty,promo_loyalty,bitext|aug_typo_delete_char,False,True,False,promo_loyalty,stg1_002418,,,,typo_delete_char
aug_promo_loyalty_0245_stg1_002453,"Я хотел бы узнать больше о весенних распродажах, вы найдете какую-нибуьд информацию?","я хотел бы узнать больше о весенних распродажах, вы найдете какую-нибуьд информацию?",promo_loyalty,promo_loyalty,bitext|aug_typo_swap_adjacent,False,True,False,promo_loyalty,stg1_002453,,,,typo_swap_adjacent
aug_promo_loyalty_0246_stg1_002507,"Я ищу иннформацию о весенних распродажах, как мне ее найти?","я ищу иннформацию о весенних распродажах, как мне ее найти?",promo_loyalty,promo_loyalty,bitext|aug_typo_duplicate_char,False,True,False,promo_loyalty,stg1_002507,,,,typo_duplicate_char
aug_promo_loyalty_0247_stg1_002607,"Я ищу информацию о чертовых распродажах, где я могу ее найти?!","я ищу информацию о чертовых распродажах, где я могу ее найти?!",promo_loyalty,promo_loyalty,bitext|aug_punctuation_variant,False,True,False,promo_loyalty,stg1_002607,,,,punctuation_variant
aug_promo_loyalty_0248_stg1_002421,"Я ищу информацию о следующих рспродажах, как мне ее найти?","я ищу информацию о следующих рспродажах, как мне ее найти?",promo_loyalty,promo_loyalty,bitext|aug_typo_delete_char,False,True,False,promo_loyalty,stg1_002421,,,,typo_delete_char
aug_promo_loyalty_0249_stg1_002510,"Я хотел бы узнать больше о чертовой распродаже, моежте ли вы найти какую-нибудь информацию?","я хотел бы узнать больше о чертовой распродаже, моежте ли вы найти какую-нибудь информацию?",promo_loyalty,promo_loyalty,bitext|aug_typo_swap_adjacent,False,True,False,promo_loyalty,stg1_002510,,,,typo_swap_adjacent
aug_promo_loyalty_0250_stg1_002536,"Мне бы хотелоссь узнать больше о весенних распродажах, не могли бы вы дать мне некоторую информацию?","мне бы хотелоссь узнать больше о весенних распродажах, не могли бы вы дать мне некоторую информацию?",promo_loyalty,promo_loyalty,bitext|aug_typo_duplicate_char,False,True,False,promo_loyalty,stg1_002536,,,,typo_duplicate_char
aug_promo_loyalty_0251_stg1_002559,сколько продлятся летние распродажи??,сколько продлятся летние распродажи??,promo_loyalty,promo_loyalty,bitext|aug_punctuation_variant,False,True,False,promo_loyalty,stg1_002559,,,,punctuation_variant
aug_promo_loyalty_0252_stg1_002498,"Я ищу информацию о четовых зимних распродажах, как мне ее найти?","я ищу информацию о четовых зимних распродажах, как мне ее найти?",promo_loyalty,promo_loyalty,bitext|aug_typo_delete_char,False,True,False,promo_loyalty,stg1_002498,,,,typo_delete_char
aug_promo_loyalty_0253_stg1_002392,Я хочу информацию о проаджах,я хочу информацию о проаджах,promo_loyalty,promo_loyalty,bitext|aug_typo_swap_adjacent,False,True,False,promo_loyalty,stg1_002392,,,,typo_swap_adjacent
aug_promo_loyalty_0254_stg1_002434,"Мне нужна информация о черртовых зимних распродажах, как мне ее найти?","мне нужна информация о черртовых зимних распродажах, как мне ее найти?",promo_loyalty,promo_loyalty,bitext|aug_typo_duplicate_char,False,True,False,promo_loyalty,stg1_002434,,,,typo_duplicate_char
aug_promo_loyalty_0255_stg1_002602,"Ищу информацию о чертовых весенних распродажах, помгоите.","ищу информацию о чертовых весенних распродажах, помгоите.",promo_loyalty,promo_loyalty,bitext|aug_typo_swap_adjacent,False,True,False,promo_loyalty,stg1_002602,,,,typo_swap_adjacent
aug_promo_loyalty_0256_stg1_002422,"хочу узнать боольше о следующих распродажах, могу найти некоторую информацию","хочу узнать боольше о следующих распродажах, могу найти некоторую информацию",promo_loyalty,promo_loyalty,bitext|aug_typo_duplicate_char,False,True,False,promo_loyalty,stg1_002422,,,,typo_duplicate_char
aug_promo_loyalty_0257_stg1_002499,Я хотел бы узнать больше о чертовых зимних распродажах можете ли вы дать мне некоторую информацию?,я хотел бы узнать больше о чертовых зимних распродажах можете ли вы дать мне некоторую информацию?,promo_loyalty,promo_loyalty,bitext|aug_punctuation_variant,False,True,False,promo_loyalty,stg1_002499,,,,punctuation_variant
aug_promo_loyalty_0258_stg1_002491,"Я хотел бы узнать больше о продажха iwnter, дам мне некоторую информацию.","я хотел бы узнать больше о продажха iwnter, дам мне некоторую информацию.",promo_loyalty,promo_loyalty,bitext|aug_typo_swap_adjacent,False,True,False,promo_loyalty,stg1_002491,,,,typo_swap_adjacent
aug_promo_loyalty_0259_stg1_002371,даст мне информацию о следуующих продажах,даст мне информацию о следуующих продажах,promo_loyalty,promo_loyalty,bitext|aug_typo_duplicate_char,False,True,False,promo_loyalty,stg1_002371,,,,typo_duplicate_char
aug_promo_loyalty_0260_stg1_002412,мне нужна информация о зимних распродажах где я могу ее получить,мне нужна информация о зимних распродажах где я могу ее получить,promo_loyalty,promo_loyalty,bitext|aug_punctuation_variant,False,True,False,promo_loyalty,stg1_002412,,,,punctuation_variant
aug_promo_loyalty_0261_stg1_002576,"Я хотел бы узнать болше о следующих распродажах, могу дать мне некоторую информацию","я хотел бы узнать болше о следующих распродажах, могу дать мне некоторую информацию",promo_loyalty,promo_loyalty,bitext|aug_typo_delete_char,False,True,False,promo_loyalty,stg1_002576,,,,typo_delete_char
aug_promo_loyalty_0262_stg1_002437,"Я хочу узнать больше о распродажах, можете ли вы дать мне некоторую информцаию?","я хочу узнать больше о распродажах, можете ли вы дать мне некоторую информцаию?",promo_loyalty,promo_loyalty,bitext|aug_typo_swap_adjacent,False,True,False,promo_loyalty,stg1_002437,,,,typo_swap_adjacent
aug_promo_loyalty_0263_stg1_002554,можешь даать мне информацию о чертовых весенних распродажах?,можешь даать мне информацию о чертовых весенних распродажах?,promo_loyalty,promo_loyalty,bitext|aug_typo_duplicate_char,False,True,False,promo_loyalty,stg1_002554,,,,typo_duplicate_char
aug_promo_loyalty_0264_stg1_002567,"Я ищу инфомацию о весенних распродажах, где я могу ее получить?","я ищу инфомацию о весенних распродажах, где я могу ее получить?",promo_loyalty,promo_loyalty,bitext|aug_typo_delete_char,False,True,False,promo_loyalty,stg1_002567,,,,typo_delete_char
aug_promo_loyalty_0265_stg1_002585,"хочу узнать больше о следуюищх чертовых распродажах, давай найдём какую-нибудь информацию","хочу узнать больше о следуюищх чертовых распродажах, давай найдём какую-нибудь информацию",promo_loyalty,promo_loyalty,bitext|aug_typo_swap_adjacent,False,True,False,promo_loyalty,stg1_002585,,,,typo_swap_adjacent
aug_promo_loyalty_0266_stg1_002435,"Я ищу информацию о черртовых распродажах, мне нужна помощь.","я ищу информацию о черртовых распродажах, мне нужна помощь.",promo_loyalty,promo_loyalty,bitext|aug_typo_duplicate_char,False,True,False,promo_loyalty,stg1_002435,,,,typo_duplicate_char
aug_promo_loyalty_0267_stg1_002462,"Ищу информацию о чертовых весенних распродажах, где ее взять??","ищу информацию о чертовых весенних распродажах, где ее взять??",promo_loyalty,promo_loyalty,bitext|aug_punctuation_variant,False,True,False,promo_loyalty,stg1_002462,,,,punctuation_variant
aug_promo_loyalty_0268_stg1_002621,"Я ищу информацию о зимних распродажах, можете мне поочь?","я ищу информацию о зимних распродажах, можете мне поочь?",promo_loyalty,promo_loyalty,bitext|aug_typo_delete_char,False,True,False,promo_loyalty,stg1_002621,,,,typo_delete_char
aug_promo_loyalty_0269_stg1_002609,"Я ищу информцаию о зимних распродажах, помогите мне.","я ищу информцаию о зимних распродажах, помогите мне.",promo_loyalty,promo_loyalty,bitext|aug_typo_swap_adjacent,False,True,False,promo_loyalty,stg1_002609,,,,typo_swap_adjacent
aug_promo_loyalty_0270_stg1_002477,"ищу информаццию о распродаже, где ее можно получить","ищу информаццию о распродаже, где ее можно получить",promo_loyalty,promo_loyalty,bitext|aug_typo_duplicate_char,False,True,False,promo_loyalty,stg1_002477,,,,typo_duplicate_char
aug_promo_loyalty_0271_stg1_002389,мне нужна информация о следующих чертовых распродажах!,мне нужна информация о следующих чертовых распродажах!,promo_loyalty,promo_loyalty,bitext|aug_punctuation_variant,False,True,False,promo_loyalty,stg1_002389,,,,punctuation_variant
aug_promo_loyalty_0272_stg1_002478,Я ищу информацию о чертовых распродажах. Не могли бы вы мне пмочь?,я ищу информацию о чертовых распродажах. не могли бы вы мне пмочь?,promo_loyalty,promo_loyalty,bitext|aug_typo_delete_char,False,True,False,promo_loyalty,stg1_002478,,,,typo_delete_char
aug_promo_loyalty_0273_stg1_002573,Я хоочу узнать больше о распродаже Salex,я хоочу узнать больше о распродаже salex,promo_loyalty,promo_loyalty,bitext|aug_typo_duplicate_char,False,True,False,promo_loyalty,stg1_002573,,,,typo_duplicate_char
aug_promo_loyalty_0274_stg1_002583,информация о следующих распродажах?,информация о следующих распродажах?,promo_loyalty,promo_loyalty,bitext|aug_punctuation_variant,False,True,False,promo_loyalty,stg1_002583,,,,punctuation_variant
aug_promo_loyalty_0275_stg1_002363,"Мне нужна информация о чертовых рапсродажах, где я могу ее найти?","мне нужна информация о чертовых рапсродажах, где я могу ее найти?",promo_loyalty,promo_loyalty,bitext|aug_typo_swap_adjacent,False,True,False,promo_loyalty,stg1_002363,,,,typo_swap_adjacent
aug_promo_loyalty_0276_stg1_002469,"Я ищу информацию о зимних распродажах, где я могу ее полуучить?","я ищу информацию о зимних распродажах, где я могу ее полуучить?",promo_loyalty,promo_loyalty,bitext|aug_typo_duplicate_char,False,True,False,promo_loyalty,stg1_002469,,,,typo_duplicate_char
aug_promo_loyalty_0277_stg1_002551,мог бы дать мне информацию о чертовых распродажах!,мог бы дать мне информацию о чертовых распродажах!,promo_loyalty,promo_loyalty,bitext|aug_punctuation_variant,False,True,False,promo_loyalty,stg1_002551,,,,punctuation_variant
aug_promo_loyalty_0278_stg1_002546,"Я ищу информацию о четовой распродаже, где ее найти?","я ищу информацию о четовой распродаже, где ее найти?",promo_loyalty,promo_loyalty,bitext|aug_typo_delete_char,False,True,False,promo_loyalty,stg1_002546,,,,typo_delete_char
aug_promo_loyalty_0279_stg1_002470,"Я хочу узнать больше о весенних распродаажах, можете ли вы дать мне некоторую информацию?","я хочу узнать больше о весенних распродаажах, можете ли вы дать мне некоторую информацию?",promo_loyalty,promo_loyalty,bitext|aug_typo_duplicate_char,False,True,False,promo_loyalty,stg1_002470,,,,typo_duplicate_char
aug_promo_loyalty_0280_stg1_002443,"Мне нужна информация о весенних распродажах, где я могу ее получить??","мне нужна информация о весенних распродажах, где я могу ее получить??",promo_loyalty,promo_loyalty,bitext|aug_punctuation_variant,False,True,False,promo_loyalty,stg1_002443,,,,punctuation_variant
aug_promo_loyalty_0281_stg1_002440,"Мне нравится информация о зимних распродажах, как я могу ее получть?","мне нравится информация о зимних распродажах, как я могу ее получть?",promo_loyalty,promo_loyalty,bitext|aug_typo_delete_char,False,True,False,promo_loyalty,stg1_002440,,,,typo_delete_char
aug_promo_loyalty_0282_stg1_002504,"Мне нужна информация о весенинх распродажах, где я могу ее найти?","мне нужна информация о весенинх распродажах, где я могу ее найти?",promo_loyalty,promo_loyalty,bitext|aug_typo_swap_adjacent,False,True,False,promo_loyalty,stg1_002504,,,,typo_swap_adjacent
aug_promo_loyalty_0283_stg1_002508,"мне нужна информация о чертовых распродажах, как я моогу ее получить","мне нужна информация о чертовых распродажах, как я моогу ее получить",promo_loyalty,promo_loyalty,bitext|aug_typo_duplicate_char,False,True,False,promo_loyalty,stg1_002508,,,,typo_duplicate_char
aug_promo_loyalty_0284_stg1_002562,Вы дадите мне информацию о следующих продажах?!,вы дадите мне информацию о следующих продажах?!,promo_loyalty,promo_loyalty,bitext|aug_punctuation_variant,False,True,False,promo_loyalty,stg1_002562,,,,punctuation_variant
aug_promo_loyalty_0285_stg1_002526,как я мог получть информацию о чертовых распродажах,как я мог получть информацию о чертовых распродажах,promo_loyalty,promo_loyalty,bitext|aug_typo_delete_char,False,True,False,promo_loyalty,stg1_002526,,,,typo_delete_char
aug_promo_loyalty_0286_stg1_002428,"Я ищу информацию о чертовых весенних распродажах, как мне ее нйати?","я ищу информацию о чертовых весенних распродажах, как мне ее нйати?",promo_loyalty,promo_loyalty,bitext|aug_typo_swap_adjacent,False,True,False,promo_loyalty,stg1_002428,,,,typo_swap_adjacent
aug_promo_loyalty_0287_stg1_002397,"Мне нужна информация о чеертовой распродаже, где ее найти?","мне нужна информация о чеертовой распродаже, где ее найти?",promo_loyalty,promo_loyalty,bitext|aug_typo_duplicate_char,False,True,False,promo_loyalty,stg1_002397,,,,typo_duplicate_char
aug_promo_loyalty_0288_stg1_002617,"Я хочу узнать больше о чертовой распрродаже, не могли бы вы дать мне некоторую информацию?","я хочу узнать больше о чертовой распрродаже, не могли бы вы дать мне некоторую информацию?",promo_loyalty,promo_loyalty,bitext|aug_typo_duplicate_char,False,True,False,promo_loyalty,stg1_002617,,,,typo_duplicate_char
aug_promo_loyalty_0289_stg1_002603,"Ищу информацию о очередных распродажах, мне нужна помощь!","ищу информацию о очередных распродажах, мне нужна помощь!",promo_loyalty,promo_loyalty,bitext|aug_punctuation_variant,False,True,False,promo_loyalty,stg1_002603,,,,punctuation_variant
aug_promo_loyalty_0290_stg1_002463,"Я ищу информацию о чертовых весенних распродажах, могу ли я полуить помощь?","я ищу информацию о чертовых весенних распродажах, могу ли я полуить помощь?",promo_loyalty,promo_loyalty,bitext|aug_typo_delete_char,False,True,False,promo_loyalty,stg1_002463,,,,typo_delete_char
aug_promo_loyalty_0291_stg1_002380,"Я хотел бы узнать больше о чертовых прдоажах psring, дай мне немного информации","я хотел бы узнать больше о чертовых прдоажах psring, дай мне немного информации",promo_loyalty,promo_loyalty,bitext|aug_typo_swap_adjacent,False,True,False,promo_loyalty,stg1_002380,,,,typo_swap_adjacent
aug_promo_loyalty_0292_stg1_002457,"Мне нужнна информация о следующих распродажах, как я могу ее получить?","мне нужнна информация о следующих распродажах, как я могу ее получить?",promo_loyalty,promo_loyalty,bitext|aug_typo_duplicate_char,False,True,False,promo_loyalty,stg1_002457,,,,typo_duplicate_char
aug_promo_loyalty_0293_stg1_002413,дайте мне информацию о весенних распродажах!,дайте мне информацию о весенних распродажах!,promo_loyalty,promo_loyalty,bitext|aug_punctuation_variant,False,True,False,promo_loyalty,stg1_002413,,,,punctuation_variant
aug_promo_loyalty_0294_stg1_002367,Я ищу информацию о чертовй распродаже. Могу ли я получить помощь?,я ищу информацию о чертовй распродаже. могу ли я получить помощь?,promo_loyalty,promo_loyalty,bitext|aug_typo_delete_char,False,True,False,promo_loyalty,stg1_002367,,,,typo_delete_char
aug_promo_loyalty_0295_stg1_002405,"хочу узнать больше о чертовых весенних распродажах, можешь натйи какую-нибудь информацию?","хочу узнать больше о чертовых весенних распродажах, можешь натйи какую-нибудь информацию?",promo_loyalty,promo_loyalty,bitext|aug_typo_swap_adjacent,False,True,False,promo_loyalty,stg1_002405,,,,typo_swap_adjacent
aug_promo_loyalty_0296_stg1_002492,"хочу узнать больше о чеертовых распродажах, можешь ли ты найти какую-нибудь информацию?","хочу узнать больше о чеертовых распродажах, можешь ли ты найти какую-нибудь информацию?",promo_loyalty,promo_loyalty,bitext|aug_typo_duplicate_char,False,True,False,promo_loyalty,stg1_002492,,,,typo_duplicate_char
aug_promo_loyalty_0297_stg1_002403,"мне нужа информация о распродажах, как я могу ее получить","мне нужа информация о распродажах, как я могу ее получить",promo_loyalty,promo_loyalty,bitext|aug_typo_delete_char,False,True,False,promo_loyalty,stg1_002403,,,,typo_delete_char
aug_promo_loyalty_0298_stg1_002547,"Я ищу информацию о следующих чертовых распродажах, где я могу ее полуичть","я ищу информацию о следующих чертовых распродажах, где я могу ее полуичть",promo_loyalty,promo_loyalty,bitext|aug_typo_swap_adjacent,False,True,False,promo_loyalty,stg1_002547,,,,typo_swap_adjacent
aug_promo_loyalty_0299_stg1_002572,Я ищу информацию о слледующих распродажах. Могу ли я получить помощь?,я ищу информацию о слледующих распродажах. могу ли я получить помощь?,promo_loyalty,promo_loyalty,bitext|aug_typo_duplicate_char,False,True,False,promo_loyalty,stg1_002572,,,,typo_duplicate_char
aug_promo_loyalty_0300_stg1_002402,"Мне нужна информация о распродажах, где я могу ее получить??","мне нужна информация о распродажах, где я могу ее получить??",promo_loyalty,promo_loyalty,bitext|aug_punctuation_variant,False,True,False,promo_loyalty,stg1_002402,,,,punctuation_variant
aug_promo_loyalty_0301_stg1_002599,"Мне нужна информация о чертовых весенних распродажах, где ее можо найти?","мне нужна информация о чертовых весенних распродажах, где ее можо найти?",promo_loyalty,promo_loyalty,bitext|aug_typo_delete_char,False,True,False,promo_loyalty,stg1_002599,,,,typo_delete_char
aug_promo_loyalty_0302_stg1_002378,"Хотелось бы узнтаь подробнее о следующих распродажах, найдете ли вы какую-нибудь информацию?","хотелось бы узнтаь подробнее о следующих распродажах, найдете ли вы какую-нибудь информацию?",promo_loyalty,promo_loyalty,bitext|aug_typo_swap_adjacent,False,True,False,promo_loyalty,stg1_002378,,,,typo_swap_adjacent
aug_promo_loyalty_0303_stg1_002475,"Я ищу информацию о зимниих распродажах, может мне поможет","я ищу информацию о зимниих распродажах, может мне поможет",promo_loyalty,promo_loyalty,bitext|aug_typo_duplicate_char,False,True,False,promo_loyalty,stg1_002475,,,,typo_duplicate_char
aug_promo_loyalty_0304_stg1_002473,"Мне нужна информация об этих чертовых зимнх распродажах, где ее можно найти?","мне нужна информация об этих чертовых зимнх распродажах, где ее можно найти?",promo_loyalty,promo_loyalty,bitext|aug_typo_delete_char,False,True,False,promo_loyalty,stg1_002473,,,,typo_delete_char
aug_promo_loyalty_0305_stg1_002374,"мне нжуна информация о следующих распродажах, как я могу ее получить","мне нжуна информация о следующих распродажах, как я могу ее получить",promo_loyalty,promo_loyalty,bitext|aug_typo_swap_adjacent,False,True,False,promo_loyalty,stg1_002374,,,,typo_swap_adjacent
aug_promo_loyalty_0306_stg1_002556,"Я хочу узнать боольше о весенних распродажах, можете ли вы найти какую-нибудь информацию?","я хочу узнать боольше о весенних распродажах, можете ли вы найти какую-нибудь информацию?",promo_loyalty,promo_loyalty,bitext|aug_typo_duplicate_char,False,True,False,promo_loyalty,stg1_002556,,,,typo_duplicate_char
aug_promo_loyalty_0307_stg1_002461,"Я ищу информацию о чертовых распроджах, как мне ее найти?","я ищу информацию о чертовых распроджах, как мне ее найти?",promo_loyalty,promo_loyalty,bitext|aug_typo_delete_char,False,True,False,promo_loyalty,stg1_002461,,,,typo_delete_char
aug_promo_loyalty_0308_stg1_002460,"Я хотел бы унзать больше о распродажах, можете ли вы дать мне некоторую информацию?","я хотел бы унзать больше о распродажах, можете ли вы дать мне некоторую информацию?",promo_loyalty,promo_loyalty,bitext|aug_typo_swap_adjacent,False,True,False,promo_loyalty,stg1_002460,,,,typo_swap_adjacent
aug_promo_loyalty_0309_stg1_002488,"Мне нужна информация о чертовых весенних распродажах, как я могу ее наайти?","мне нужна информация о чертовых весенних распродажах, как я могу ее наайти?",promo_loyalty,promo_loyalty,bitext|aug_typo_duplicate_char,False,True,False,promo_loyalty,stg1_002488,,,,typo_duplicate_char
aug_promo_loyalty_0310_stg1_002441,Я не хочу знать болшье о продажах,я не хочу знать болшье о продажах,promo_loyalty,promo_loyalty,bitext|aug_typo_swap_adjacent,False,True,False,promo_loyalty,stg1_002441,,,,typo_swap_adjacent
aug_promo_loyalty_0311_stg1_002584,"Я хотел бы узнать больше о следующих распродажах, ты дашь мне некоторую информмацию?","я хотел бы узнать больше о следующих распродажах, ты дашь мне некоторую информмацию?",promo_loyalty,promo_loyalty,bitext|aug_typo_duplicate_char,False,True,False,promo_loyalty,stg1_002584,,,,typo_duplicate_char
aug_promo_loyalty_0312_stg1_002527,мне нужна информация о продажах как я могу ее получить,мне нужна информация о продажах как я могу ее получить,promo_loyalty,promo_loyalty,bitext|aug_punctuation_variant,False,True,False,promo_loyalty,stg1_002527,,,,punctuation_variant
aug_promo_loyalty_0313_stg1_002467,"Мне нужна информация о распроаджах, где я могу ее найти?","мне нужна информация о распроаджах, где я могу ее найти?",promo_loyalty,promo_loyalty,bitext|aug_typo_swap_adjacent,False,True,False,promo_loyalty,stg1_002467,,,,typo_swap_adjacent
aug_promo_loyalty_0314_stg1_002451,"Я ищу информацию о чертовых зиимних распродажах, могу ли я получить какую-нибудь помощь?","я ищу информацию о чертовых зиимних распродажах, могу ли я получить какую-нибудь помощь?",promo_loyalty,promo_loyalty,bitext|aug_typo_duplicate_char,False,True,False,promo_loyalty,stg1_002451,,,,typo_duplicate_char
aug_promo_loyalty_0315_stg1_002538,"Я хочу узнать больше о следующих распроджаах, можешь ли ты дать мне какую-нибудь информацию?","я хочу узнать больше о следующих распроджаах, можешь ли ты дать мне какую-нибудь информацию?",promo_loyalty,promo_loyalty,bitext|aug_typo_swap_adjacent,False,True,False,promo_loyalty,stg1_002538,,,,typo_swap_adjacent
aug_promo_loyalty_0316_stg1_002533,"Знаю ли я больше о чертовых зимних распродажах, можешь ли ты найти каккую-нибудь информацию?","знаю ли я больше о чертовых зимних распродажах, можешь ли ты найти каккую-нибудь информацию?",promo_loyalty,promo_loyalty,bitext|aug_typo_duplicate_char,False,True,False,promo_loyalty,stg1_002533,,,,typo_duplicate_char
aug_promo_loyalty_0317_stg1_002419,"Я ищу информацию о весенних распродажах, не могли бы вы мне помочь?!","я ищу информацию о весенних распродажах, не могли бы вы мне помочь?!",promo_loyalty,promo_loyalty,bitext|aug_punctuation_variant,False,True,False,promo_loyalty,stg1_002419,,,,punctuation_variant
aug_promo_loyalty_0318_stg1_002612,"Мне нжна информация о продажах, как я могу ее найти?","мне нжна информация о продажах, как я могу ее найти?",promo_loyalty,promo_loyalty,bitext|aug_typo_delete_char,False,True,False,promo_loyalty,stg1_002612,,,,typo_delete_char
aug_promo_loyalty_0319_stg1_002436,"Я хочу узнать боольше о следующих распродажах, дайте мне немного информации.","я хочу узнать боольше о следующих распродажах, дайте мне немного информации.",promo_loyalty,promo_loyalty,bitext|aug_typo_duplicate_char,False,True,False,promo_loyalty,stg1_002436,,,,typo_duplicate_char
aug_promo_loyalty_0320_stg1_002535,мне нужна информация об этих чертовых распродаах,мне нужна информация об этих чертовых распродаах,promo_loyalty,promo_loyalty,bitext|aug_typo_delete_char,False,True,False,promo_loyalty,stg1_002535,,,,typo_delete_char
aug_promo_loyalty_0321_stg1_002605,"хочу узнать больеш о весенних распродажах, могу найти некоторую информацию","хочу узнать больеш о весенних распродажах, могу найти некоторую информацию",promo_loyalty,promo_loyalty,bitext|aug_typo_swap_adjacent,False,True,False,promo_loyalty,stg1_002605,,,,typo_swap_adjacent
aug_promo_loyalty_0322_stg1_002411,"я ищу информацию о чертовых рааспродажах, мне нужна помощь","я ищу информацию о чертовых рааспродажах, мне нужна помощь",promo_loyalty,promo_loyalty,bitext|aug_typo_duplicate_char,False,True,False,promo_loyalty,stg1_002411,,,,typo_duplicate_char
aug_promo_loyalty_0323_stg1_002528,"Ищу информацию о чертовых весенних распродаажх, где ее взять","ищу информацию о чертовых весенних распродаажх, где ее взять",promo_loyalty,promo_loyalty,bitext|aug_typo_swap_adjacent,False,True,False,promo_loyalty,stg1_002528,,,,typo_swap_adjacent
aug_promo_loyalty_0324_stg1_002513,"Мне нравиится информация о распродажах, как я могу ее найти","мне нравиится информация о распродажах, как я могу ее найти",promo_loyalty,promo_loyalty,bitext|aug_typo_duplicate_char,False,True,False,promo_loyalty,stg1_002513,,,,typo_duplicate_char
aug_promo_loyalty_0325_stg1_002519,"Я хочу узнать больше о следующих гребаных распродажах, найти некоторую информацию!","я хочу узнать больше о следующих гребаных распродажах, найти некоторую информацию!",promo_loyalty,promo_loyalty,bitext|aug_punctuation_variant,False,True,False,promo_loyalty,stg1_002519,,,,punctuation_variant
aug_return_exchange_0001_stg1_001398,"Мне нжуно обменять купленные вещи, где это сделать?","мне нжуно обменять купленные вещи, где это сделать?",return_exchange,return_exchange,bitext|aug_typo_swap_adjacent,False,True,False,return_exchange,stg1_001398,,,,typo_swap_adjacent
aug_return_exchange_0002_stg1_001184,"чертов товар, котоорый я получил, неправильный","чертов товар, котоорый я получил, неправильный",return_exchange,return_exchange,bitext|aug_typo_duplicate_char,False,True,False,return_exchange,stg1_001184,,,,typo_duplicate_char
aug_return_exchange_0003_stg1_001223,"Товары, которые я заказал, неверны. Не могли бы вы помочь мне сообщить о них??","товары, которые я заказал, неверны. не могли бы вы помочь мне сообщить о них??",return_exchange,return_exchange,bitext|aug_punctuation_variant,False,True,False,return_exchange,stg1_001223,,,,punctuation_variant
aug_return_exchange_0004_stg1_001370,"Я хочу вернуть товары онлайн, мне нужна поощь","я хочу вернуть товары онлайн, мне нужна поощь",return_exchange,return_exchange,bitext|aug_typo_delete_char,False,True,False,return_exchange,stg1_001370,,,,typo_delete_char
aug_return_exchange_0005_stg1_001277,"Я хотел бы отправить товар обратно, где я могу это сдеалть","я хотел бы отправить товар обратно, где я могу это сдеалть",return_exchange,return_exchange,bitext|aug_typo_swap_adjacent,False,True,False,return_exchange,stg1_001277,,,,typo_swap_adjacent
aug_return_exchange_0006_stg1_001374,"Я бы хоттел вернуть деньги, где мне это сделать?","я бы хоттел вернуть деньги, где мне это сделать?",return_exchange,return_exchange,bitext|aug_typo_duplicate_char,False,True,False,return_exchange,stg1_001374,,,,typo_duplicate_char
aug_return_exchange_0007_stg1_001249,"нужно вернуть чертов заказ онлайн, помогите мне.","нужно вернуть чертов заказ онлайн, помогите мне.",return_exchange,return_exchange,bitext|aug_phrase_compression,False,True,False,return_exchange,stg1_001249,,,,phrase_compression
aug_return_exchange_0008_stg1_001378,"я купил товар, но он мне не нравится, могу ли я его вернуть","я купил товар, но он мне не нравится, могу ли я его вернуть",return_exchange,return_exchange,bitext|aug_punctuation_variant,False,True,False,return_exchange,stg1_001378,,,,punctuation_variant
aug_return_exchange_0009_stg1_001430,"Я хочу отправить товр обратно, вы мне поможете?","я хочу отправить товр обратно, вы мне поможете?",return_exchange,return_exchange,bitext|aug_typo_delete_char,False,True,False,return_exchange,stg1_001430,,,,typo_delete_char
aug_return_exchange_0010_stg1_003001,Как оформить вовзрат?,как оформить вовзрат?,return_exchange,return_exchange,synthetic_dataset|aug_typo_swap_adjacent,True,True,False,return_exchange,stg1_003001,,,,typo_swap_adjacent
aug_return_exchange_0011_stg1_001248,не могли бы вы помочь мне сообщить о чертовски неправильноом продукте?,не могли бы вы помочь мне сообщить о чертовски неправильноом продукте?,return_exchange,return_exchange,bitext|aug_typo_duplicate_char,False,True,False,return_exchange,stg1_001248,,,,typo_duplicate_char
aug_return_exchange_0012_stg1_001293,"нужно обменять гребаный заказ, который я купил, помогите мне","нужно обменять гребаный заказ, который я купил, помогите мне",return_exchange,return_exchange,bitext|aug_phrase_compression,False,True,False,return_exchange,stg1_001293,,,,phrase_compression
aug_return_exchange_0013_stg1_001347,Я бы хотел вернуть чертов товар онлайн?,я бы хотел вернуть чертов товар онлайн?,return_exchange,return_exchange,bitext|aug_punctuation_variant,False,True,False,return_exchange,stg1_001347,,,,punctuation_variant
aug_return_exchange_0014_stg1_001439,"Я хочу сообщить о чертовски неправильных товарах, мне нжна помощь","я хочу сообщить о чертовски неправильных товарах, мне нжна помощь",return_exchange,return_exchange,bitext|aug_typo_delete_char,False,True,False,return_exchange,stg1_001439,,,,typo_delete_char
aug_return_exchange_0015_stg1_001385,"мне нужно обменять кое-какие вещи, которые я купил, мне нужна помощщь","мне нужно обменять кое-какие вещи, которые я купил, мне нужна помощщь",return_exchange,return_exchange,bitext|aug_typo_duplicate_char,False,True,False,return_exchange,stg1_001385,,,,typo_duplicate_char
aug_return_exchange_0016_stg1_001196,"мне нужно вернуть онлайн-заказ, помогите","мне нужно вернуть онлайн-заказ, помогите",return_exchange,return_exchange,bitext|aug_phrase_compression,False,True,False,return_exchange,stg1_001196,,,,phrase_compression
aug_return_exchange_0017_stg1_001314,"т. е. если вы хотите сообщить о неправильном продукте, это может мне помочь?","т. е. если вы хотите сообщить о неправильном продукте, это может мне помочь?",return_exchange,return_exchange,bitext|aug_punctuation_variant,False,True,False,return_exchange,stg1_001314,,,,punctuation_variant
aug_return_exchange_0018_stg1_001447,куда отправить четров заказ обратно?,куда отправить четров заказ обратно?,return_exchange,return_exchange,bitext|aug_typo_swap_adjacent,False,True,False,return_exchange,stg1_001447,,,,typo_swap_adjacent
aug_return_exchange_0019_stg1_001417,Можно ли вернуть товвар в магазине?,можно ли вернуть товвар в магазине?,return_exchange,return_exchange,bitext|aug_typo_duplicate_char,False,True,False,return_exchange,stg1_001417,,,,typo_duplicate_char
aug_return_exchange_0020_stg1_001262,хочу проверить ваши правила возврата. Не могли бы вы мне помочь?,хочу проверить ваши правила возврата. не могли бы вы мне помочь?,return_exchange,return_exchange,bitext|aug_phrase_compression,False,True,False,return_exchange,stg1_001262,,,,phrase_compression
aug_return_exchange_0021_stg1_001356,"Я хотел бы обменять некачественный товар в магазине, где я могу это сделать?!","я хотел бы обменять некачественный товар в магазине, где я могу это сделать?!",return_exchange,return_exchange,bitext|aug_punctuation_variant,False,True,False,return_exchange,stg1_001356,,,,punctuation_variant
aug_return_exchange_0022_stg1_001299,"Мне нужна помощь, чтобы отправить обрано чертов товар.","мне нужна помощь, чтобы отправить обрано чертов товар.",return_exchange,return_exchange,bitext|aug_typo_delete_char,False,True,False,return_exchange,stg1_001299,,,,typo_delete_char
aug_return_exchange_0023_stg1_002908,Можно обменять на другой рамзер?,можно обменять на другой рамзер?,return_exchange,return_exchange,synthetic_dataset|aug_typo_swap_adjacent,True,True,False,return_exchange,stg1_002908,,,,typo_swap_adjacent
aug_return_exchange_0024_stg1_001278,"Я хотел бы вернууть чертов товар, который я купил в магазине онлайн, помогите мне.","я хотел бы вернууть чертов товар, который я купил в магазине онлайн, помогите мне.",return_exchange,return_exchange,bitext|aug_typo_duplicate_char,False,True,False,return_exchange,stg1_001278,,,,typo_duplicate_char
aug_return_exchange_0025_stg1_001468,"Я хотел бы вернуть товар, купленный в Интернете, в магазине, где это сделать!","я хотел бы вернуть товар, купленный в интернете, в магазине, где это сделать!",return_exchange,return_exchange,bitext|aug_punctuation_variant,False,True,False,return_exchange,stg1_001468,,,,punctuation_variant
aug_return_exchange_0026_stg1_001188,"Я ищу информацию о твоем чертовом процессе возвращения, где я могу ее получть?","я ищу информацию о твоем чертовом процессе возвращения, где я могу ее получть?",return_exchange,return_exchange,bitext|aug_typo_delete_char,False,True,False,return_exchange,stg1_001188,,,,typo_delete_char
aug_return_exchange_0027_stg1_001238,Не могли бы вы помочь мне вернуть твоары онлайн?,не могли бы вы помочь мне вернуть твоары онлайн?,return_exchange,return_exchange,bitext|aug_typo_swap_adjacent,False,True,False,return_exchange,stg1_001238,,,,typo_swap_adjacent
aug_return_exchange_0028_stg1_001369,"мне нужно запросить возмещение, можетте ли вы мне помочь?","мне нужно запросить возмещение, можетте ли вы мне помочь?",return_exchange,return_exchange,bitext|aug_typo_duplicate_char,False,True,False,return_exchange,stg1_001369,,,,typo_duplicate_char
aug_return_exchange_0029_stg1_003004,Обмен товара на аналогичный!,обмен товара на аналогичный!,return_exchange,return_exchange,synthetic_dataset|aug_punctuation_variant,True,True,False,return_exchange,stg1_003004,,,,punctuation_variant
aug_return_exchange_0030_stg1_002346,"Мне нуно посмотреть, в каких ситуациях я могу попросить возмещение","мне нуно посмотреть, в каких ситуациях я могу попросить возмещение",payment_refund,return_exchange,ikshana|aug_typo_delete_char,False,True,False,payment_refund,stg1_002346,,,,typo_delete_char
aug_return_exchange_0031_stg1_001271,куда я могу отправить обратно этот чретов товар?,куда я могу отправить обратно этот чретов товар?,return_exchange,return_exchange,bitext|aug_typo_swap_adjacent,False,True,False,return_exchange,stg1_001271,,,,typo_swap_adjacent
aug_return_exchange_0032_stg1_001444,"Мне нужжно сообщить о раздавленном продукте, могу ли я получить помощь?","мне нужжно сообщить о раздавленном продукте, могу ли я получить помощь?",return_exchange,return_exchange,bitext|aug_typo_duplicate_char,False,True,False,return_exchange,stg1_001444,,,,typo_duplicate_char
aug_return_exchange_0033_stg1_001240,"хочу вернуть чертовы заказы онлайн, где это сделать!","хочу вернуть чертовы заказы онлайн, где это сделать!",return_exchange,return_exchange,bitext|aug_punctuation_variant,False,True,False,return_exchange,stg1_001240,,,,punctuation_variant
aug_return_exchange_0034_stg1_001375,"Мне нужа чертова компенсация, помоги мне ее получить.","мне нужа чертова компенсация, помоги мне ее получить.",return_exchange,return_exchange,bitext|aug_typo_delete_char,False,True,False,return_exchange,stg1_001375,,,,typo_delete_char
aug_return_exchange_0035_stg1_001197,как поолучить чертову компенсацию,как поолучить чертову компенсацию,return_exchange,return_exchange,bitext|aug_typo_duplicate_char,False,True,False,return_exchange,stg1_001197,,,,typo_duplicate_char
aug_return_exchange_0036_stg1_001179,Я хочу обменять товар в магазине!,я хочу обменять товар в магазине!,return_exchange,return_exchange,bitext|aug_punctuation_variant,False,True,False,return_exchange,stg1_001179,,,,punctuation_variant
aug_return_exchange_0037_stg1_001392,"мне нужно проверить твою чертву политику возврата, как я могу это сделать","мне нужно проверить твою чертву политику возврата, как я могу это сделать",return_exchange,return_exchange,bitext|aug_typo_delete_char,False,True,False,return_exchange,stg1_001392,,,,typo_delete_char
aug_return_exchange_0038_stg1_001394,нужно обменять тоавр в магазине как это сделать,нужно обменять тоавр в магазине как это сделать,return_exchange,return_exchange,bitext|aug_typo_swap_adjacent,False,True,False,return_exchange,stg1_001394,,,,typo_swap_adjacent
aug_return_exchange_0039_stg1_001360,"можно ли вернуть некоторые товары, которые были по аккции","можно ли вернуть некоторые товары, которые были по аккции",return_exchange,return_exchange,bitext|aug_typo_duplicate_char,False,True,False,return_exchange,stg1_001360,,,,typo_duplicate_char
aug_return_exchange_0040_stg1_001448,"хочу вернуть товар онлайн, как я могу это сделать?","хочу вернуть товар онлайн, как я могу это сделать?",return_exchange,return_exchange,bitext|aug_phrase_compression,False,True,False,return_exchange,stg1_001448,,,,phrase_compression
aug_return_exchange_0041_stg1_001279,"мне нужно вернуть чертов товар, который я купил в магазине онлайн, как я могу это сделать!","мне нужно вернуть чертов товар, который я купил в магазине онлайн, как я могу это сделать!",return_exchange,return_exchange,bitext|aug_punctuation_variant,False,True,False,return_exchange,stg1_001279,,,,punctuation_variant
aug_return_exchange_0042_stg1_001199,"доставленные продукты Soem чертовски раздавлены, можее сообщить об этом","доставленные продукты soem чертовски раздавлены, можее сообщить об этом",return_exchange,return_exchange,bitext|aug_typo_delete_char,False,True,False,return_exchange,stg1_001199,,,,typo_delete_char
aug_return_exchange_0043_stg1_001400,"чертов продукт, который я получил, был поврежден, мне нужан помощь, чтобы сообщить об этом","чертов продукт, который я получил, был поврежден, мне нужан помощь, чтобы сообщить об этом",return_exchange,return_exchange,bitext|aug_typo_swap_adjacent,False,True,False,return_exchange,stg1_001400,,,,typo_swap_adjacent
aug_return_exchange_0044_stg1_001258,"мне нужно обменять чертову вещь, которую я купил в магазине, мне нуужна помощь","мне нужно обменять чертову вещь, которую я купил в магазине, мне нуужна помощь",return_exchange,return_exchange,bitext|aug_typo_duplicate_char,False,True,False,return_exchange,stg1_001258,,,,typo_duplicate_char
aug_return_exchange_0045_stg1_001183,"один из чертовых товаров, которые я получил, неправильный, помогите мне сообщить об этом?","один из чертовых товаров, которые я получил, неправильный, помогите мне сообщить об этом?",return_exchange,return_exchange,bitext|aug_punctuation_variant,False,True,False,return_exchange,stg1_001183,,,,punctuation_variant
aug_return_exchange_0046_stg1_001244,Я бы хотел врнуть чертовы товары онлайн,я бы хотел врнуть чертовы товары онлайн,return_exchange,return_exchange,bitext|aug_typo_delete_char,False,True,False,return_exchange,stg1_001244,,,,typo_delete_char
aug_return_exchange_0047_stg1_001442,"мне не нравится то, что я куипл, как я мог это увидеть","мне не нравится то, что я куипл, как я мог это увидеть",return_exchange,return_exchange,bitext|aug_typo_swap_adjacent,False,True,False,return_exchange,stg1_001442,,,,typo_swap_adjacent
aug_return_exchange_0048_stg1_001215,"Мне нужно обменять товар, который я купиил онлайн, в магазине. Как это сделать?","мне нужно обменять товар, который я купиил онлайн, в магазине. как это сделать?",return_exchange,return_exchange,bitext|aug_typo_duplicate_char,False,True,False,return_exchange,stg1_001215,,,,typo_duplicate_char
aug_return_exchange_0049_stg1_001437,мне нужно обменять товар!,мне нужно обменять товар!,return_exchange,return_exchange,bitext|aug_punctuation_variant,False,True,False,return_exchange,stg1_001437,,,,punctuation_variant
aug_return_exchange_0050_stg1_001388,"Я хочу обменять купленный мной чертов твар, где мне это сделать?","я хочу обменять купленный мной чертов твар, где мне это сделать?",return_exchange,return_exchange,bitext|aug_typo_delete_char,False,True,False,return_exchange,stg1_001388,,,,typo_delete_char
aug_return_exchange_0051_stg1_001403,"неокторые предметы сломаны, вы поможете мне сообщить о них?","неокторые предметы сломаны, вы поможете мне сообщить о них?",return_exchange,return_exchange,bitext|aug_typo_swap_adjacent,False,True,False,return_exchange,stg1_001403,,,,typo_swap_adjacent
aug_return_exchange_0052_stg1_001287,"Я хочу отправить обратно купленный товар, могу ли я получить поммощь?","я хочу отправить обратно купленный товар, могу ли я получить поммощь?",return_exchange,return_exchange,bitext|aug_typo_duplicate_char,False,True,False,return_exchange,stg1_001287,,,,typo_duplicate_char
aug_return_exchange_0053_stg1_001208,"Мне нужно обменять товар, купленный онлайн, в магазине. помогите?","мне нужно обменять товар, купленный онлайн, в магазине. помогите?",return_exchange,return_exchange,bitext|aug_phrase_compression,False,True,False,return_exchange,stg1_001208,,,,phrase_compression
aug_return_exchange_0054_stg1_001346,Мне нужно вернуть деньги помогите мне.,мне нужно вернуть деньги помогите мне.,return_exchange,return_exchange,bitext|aug_punctuation_variant,False,True,False,return_exchange,stg1_001346,,,,punctuation_variant
aug_return_exchange_0055_stg1_001453,"Мне нужна информация о товаре в магазине, где я могу ее полуить?","мне нужна информация о товаре в магазине, где я могу ее полуить?",return_exchange,return_exchange,bitext|aug_typo_delete_char,False,True,False,return_exchange,stg1_001453,,,,typo_delete_char
aug_return_exchange_0056_stg1_001201,"мне нужно обмнеять чертов товар, который я купил в магазине онлайн","мне нужно обмнеять чертов товар, который я купил в магазине онлайн",return_exchange,return_exchange,bitext|aug_typo_swap_adjacent,False,True,False,return_exchange,stg1_001201,,,,typo_swap_adjacent
aug_return_exchange_0057_stg1_001276,"Я хотел бы вернуть товар, купленный онллайн в магазине, вы мне поможете?","я хотел бы вернуть товар, купленный онллайн в магазине, вы мне поможете?",return_exchange,return_exchange,bitext|aug_typo_duplicate_char,False,True,False,return_exchange,stg1_001276,,,,typo_duplicate_char
aug_return_exchange_0058_stg1_001393,чертовы продукты в моей доставке неверны. можете помочь мне сообщить о них?,чертовы продукты в моей доставке неверны. можете помочь мне сообщить о них?,return_exchange,return_exchange,bitext|aug_phrase_compression,False,True,False,return_exchange,stg1_001393,,,,phrase_compression
aug_return_exchange_0059_stg1_001234,Заказанная мной посылка была раздавлена. Не могли бы вы помочь мне сообщить об этом??,заказанная мной посылка была раздавлена. не могли бы вы помочь мне сообщить об этом??,return_exchange,return_exchange,bitext|aug_punctuation_variant,False,True,False,return_exchange,stg1_001234,,,,punctuation_variant
aug_return_exchange_0060_stg1_001255,"один из предметов в моей посылке неправильный, как мне об этом сообить?","один из предметов в моей посылке неправильный, как мне об этом сообить?",return_exchange,return_exchange,bitext|aug_typo_delete_char,False,True,False,return_exchange,stg1_001255,,,,typo_delete_char
aug_return_exchange_0061_stg1_001272,"Мне нужно чертвоо возмещение, могу ли я его запросить?","мне нужно чертвоо возмещение, могу ли я его запросить?",return_exchange,return_exchange,bitext|aug_typo_swap_adjacent,False,True,False,return_exchange,stg1_001272,,,,typo_swap_adjacent
aug_return_exchange_0062_stg1_001265,"мне нужно вернуть чертов товар онлайн, как я могу это сдеелать","мне нужно вернуть чертов товар онлайн, как я могу это сдеелать",return_exchange,return_exchange,bitext|aug_typo_duplicate_char,False,True,False,return_exchange,stg1_001265,,,,typo_duplicate_char
aug_return_exchange_0063_stg1_001320,чертов товар который я заказал неправильный мне нужна помощь чтобы сообщить об этом,чертов товар который я заказал неправильный мне нужна помощь чтобы сообщить об этом,return_exchange,return_exchange,bitext|aug_punctuation_variant,False,True,False,return_exchange,stg1_001320,,,,punctuation_variant
aug_return_exchange_0064_stg1_001425,"Я хотел бы вернуть товар, купленный в Интернете, в мгазине, где я могу это сделать","я хотел бы вернуть товар, купленный в интернете, в мгазине, где я могу это сделать",return_exchange,return_exchange,bitext|aug_typo_delete_char,False,True,False,return_exchange,stg1_001425,,,,typo_delete_char
aug_return_exchange_0065_stg1_001225,"Я хотел бы вернуть товар онлайн, могу ли я получитть помощь?","я хотел бы вернуть товар онлайн, могу ли я получитть помощь?",return_exchange,return_exchange,bitext|aug_typo_duplicate_char,False,True,False,return_exchange,stg1_001225,,,,typo_duplicate_char
aug_return_exchange_0066_stg1_001205,"Я хочу обменять купленные мной чертовы товары, можно ли получить помощь?","я хочу обменять купленные мной чертовы товары, можно ли получить помощь?",return_exchange,return_exchange,bitext|aug_phrase_compression,False,True,False,return_exchange,stg1_001205,,,,phrase_compression
aug_return_exchange_0067_stg1_001290,Мне нужна помощь в обмене чертовой вещи в магазине!,мне нужна помощь в обмене чертовой вещи в магазине!,return_exchange,return_exchange,bitext|aug_punctuation_variant,False,True,False,return_exchange,stg1_001290,,,,punctuation_variant
aug_return_exchange_0068_stg1_001449,"мне нужно отправить заказ обрато, я получу помощь","мне нужно отправить заказ обрато, я получу помощь",return_exchange,return_exchange,bitext|aug_typo_delete_char,False,True,False,return_exchange,stg1_001449,,,,typo_delete_char
aug_return_exchange_0069_stg1_001436,"Мне нужно обменять в магазине чертову вещь, купленную в Интернете, как я могу это сдлеать?","мне нужно обменять в магазине чертову вещь, купленную в интернете, как я могу это сдлеать?",return_exchange,return_exchange,bitext|aug_typo_swap_adjacent,False,True,False,return_exchange,stg1_001436,,,,typo_swap_adjacent
aug_return_exchange_0070_stg1_001326,"какие чертовы вещи, которые я получил, неправильные, вы поможете мне соообщить о них?","какие чертовы вещи, которые я получил, неправильные, вы поможете мне соообщить о них?",return_exchange,return_exchange,bitext|aug_typo_duplicate_char,False,True,False,return_exchange,stg1_001326,,,,typo_duplicate_char
aug_return_exchange_0071_stg1_001470,Я должен сообщить о чертовски неправильных товарах мне нужна помощь,я должен сообщить о чертовски неправильных товарах мне нужна помощь,return_exchange,return_exchange,bitext|aug_punctuation_variant,False,True,False,return_exchange,stg1_001470,,,,punctuation_variant
aug_return_exchange_0072_stg1_001432,"Я хотл бы обменять товар, купленный онлайн, в магазине, где я могу это сделать?","я хотл бы обменять товар, купленный онлайн, в магазине, где я могу это сделать?",return_exchange,return_exchange,bitext|aug_typo_delete_char,False,True,False,return_exchange,stg1_001432,,,,typo_delete_char
aug_return_exchange_0073_stg1_001267,"некоторые продукты в моей посылке указаны неверно, мне нужан помощь, чтобы сообщить о них","некоторые продукты в моей посылке указаны неверно, мне нужан помощь, чтобы сообщить о них",return_exchange,return_exchange,bitext|aug_typo_swap_adjacent,False,True,False,return_exchange,stg1_001267,,,,typo_swap_adjacent
aug_return_exchange_0074_stg1_001371,"Я хочу вернуть заказы онллайн, где мне это сделать?","я хочу вернуть заказы онллайн, где мне это сделать?",return_exchange,return_exchange,bitext|aug_typo_duplicate_char,False,True,False,return_exchange,stg1_001371,,,,typo_duplicate_char
aug_return_exchange_0075_stg1_001259,"нужно отправить обратно чертов товар, где это сделать","нужно отправить обратно чертов товар, где это сделать",return_exchange,return_exchange,bitext|aug_phrase_compression,False,True,False,return_exchange,stg1_001259,,,,phrase_compression
aug_return_exchange_0076_stg1_002951,Как вернуть некачественный товар,как вернуть некачественный товар,return_exchange,return_exchange,synthetic_dataset|aug_punctuation_variant,True,True,False,return_exchange,stg1_002951,,,,punctuation_variant
aug_return_exchange_0077_stg1_001313,"Я хотел бы плучить чертову компенсацию, где я могу это сделать?","я хотел бы плучить чертову компенсацию, где я могу это сделать?",return_exchange,return_exchange,bitext|aug_typo_delete_char,False,True,False,return_exchange,stg1_001313,,,,typo_delete_char
aug_return_exchange_0078_stg1_001301,Мне нужна помощь для обмена купленынх мной товаров,мне нужна помощь для обмена купленынх мной товаров,return_exchange,return_exchange,bitext|aug_typo_swap_adjacent,False,True,False,return_exchange,stg1_001301,,,,typo_swap_adjacent
aug_return_exchange_0079_stg1_001355,"Я бы хотел вернуть этот чертов закааз, мне нужна помощь.","я бы хотел вернуть этот чертов закааз, мне нужна помощь.",return_exchange,return_exchange,bitext|aug_typo_duplicate_char,False,True,False,return_exchange,stg1_001355,,,,typo_duplicate_char
aug_return_exchange_0080_stg1_001198,"мне нужно вернуть чертов заказ онлайн, как я могу это сделать!","мне нужно вернуть чертов заказ онлайн, как я могу это сделать!",return_exchange,return_exchange,bitext|aug_punctuation_variant,False,True,False,return_exchange,stg1_001198,,,,punctuation_variant
aug_return_exchange_0081_stg1_001291,"мне нужно вернуть чертов товар, который я купил в магазине, где я могу это сделть","мне нужно вернуть чертов товар, который я купил в магазине, где я могу это сделть",return_exchange,return_exchange,bitext|aug_typo_delete_char,False,True,False,return_exchange,stg1_001291,,,,typo_delete_char
aug_return_exchange_0082_stg1_001181,"Я хотел бы вернуть чертовы товары онлайн, могу ли я получтиь помощь?","я хотел бы вернуть чертовы товары онлайн, могу ли я получтиь помощь?",return_exchange,return_exchange,bitext|aug_typo_swap_adjacent,False,True,False,return_exchange,stg1_001181,,,,typo_swap_adjacent
aug_return_exchange_0083_stg1_001232,"Я хочу верннуть купленный товар, что мне делать?","я хочу верннуть купленный товар, что мне делать?",return_exchange,return_exchange,bitext|aug_typo_duplicate_char,False,True,False,return_exchange,stg1_001232,,,,typo_duplicate_char
aug_return_exchange_0084_stg1_001200,"нужно отправить чертов товар обратно, где я могу это сделать?","нужно отправить чертов товар обратно, где я могу это сделать?",return_exchange,return_exchange,bitext|aug_phrase_compression,False,True,False,return_exchange,stg1_001200,,,,phrase_compression
aug_return_exchange_0085_stg1_001217,"мне нужна информация о чертовом товаре в магазине, где я могу его найти!","мне нужна информация о чертовом товаре в магазине, где я могу его найти!",return_exchange,return_exchange,bitext|aug_punctuation_variant,False,True,False,return_exchange,stg1_001217,,,,punctuation_variant
aug_return_exchange_0086_stg1_001389,"Я хочу сообщить о сломнном товаре, как мне это сделать?","я хочу сообщить о сломнном товаре, как мне это сделать?",return_exchange,return_exchange,bitext|aug_typo_delete_char,False,True,False,return_exchange,stg1_001389,,,,typo_delete_char
aug_return_exchange_0087_stg1_001352,"моя посылка прибыла четровски поврежденной, не могли бы вы помочь мне сообщить об этом?","моя посылка прибыла четровски поврежденной, не могли бы вы помочь мне сообщить об этом?",return_exchange,return_exchange,bitext|aug_typo_swap_adjacent,False,True,False,return_exchange,stg1_001352,,,,typo_swap_adjacent
aug_return_exchange_0088_stg1_001282,"один из продуктов, которые я купил, был чертовски раздавлен, можнно ли сообщить об этом?","один из продуктов, которые я купил, был чертовски раздавлен, можнно ли сообщить об этом?",return_exchange,return_exchange,bitext|aug_typo_duplicate_char,False,True,False,return_exchange,stg1_001282,,,,typo_duplicate_char
aug_return_exchange_0089_stg1_001252,не могли бы вы помочь мне обменять чертов товар который я купил в магазине онлайн?,не могли бы вы помочь мне обменять чертов товар который я купил в магазине онлайн?,return_exchange,return_exchange,bitext|aug_punctuation_variant,False,True,False,return_exchange,stg1_001252,,,,punctuation_variant
aug_return_exchange_0090_stg1_001409,"Я хотел бы обменять купленный товар, не могли бы вы мне помчь?","я хотел бы обменять купленный товар, не могли бы вы мне помчь?",return_exchange,return_exchange,bitext|aug_typo_delete_char,False,True,False,return_exchange,stg1_001409,,,,typo_delete_char
aug_return_exchange_0091_stg1_001254,"Мне нужно вернуть заказ онлайн, мне нужна поммощь","мне нужно вернуть заказ онлайн, мне нужна поммощь",return_exchange,return_exchange,bitext|aug_typo_duplicate_char,False,True,False,return_exchange,stg1_001254,,,,typo_duplicate_char
aug_return_exchange_0092_stg1_001450,необходимо запросить возмещение?,необходимо запросить возмещение?,return_exchange,return_exchange,bitext|aug_punctuation_variant,False,True,False,return_exchange,stg1_001450,,,,punctuation_variant
aug_return_exchange_0093_stg1_001257,ты поможешь мне отпраить обратно этот чертов заказ?,ты поможешь мне отпраить обратно этот чертов заказ?,return_exchange,return_exchange,bitext|aug_typo_delete_char,False,True,False,return_exchange,stg1_001257,,,,typo_delete_char
aug_return_exchange_0094_stg1_001414,"некоторые товары поврежедны, сообщите об этом","некоторые товары поврежедны, сообщите об этом",return_exchange,return_exchange,bitext|aug_typo_swap_adjacent,False,True,False,return_exchange,stg1_001414,,,,typo_swap_adjacent
aug_return_exchange_0095_stg1_001452,У меня черртов предмет не того размера.,у меня черртов предмет не того размера.,return_exchange,return_exchange,bitext|aug_typo_duplicate_char,False,True,False,return_exchange,stg1_001452,,,,typo_duplicate_char
aug_return_exchange_0096_stg1_002914,Условия возврата товара!,условия возврата товара!,return_exchange,return_exchange,synthetic_dataset|aug_punctuation_variant,True,True,False,return_exchange,stg1_002914,,,,punctuation_variant
aug_return_exchange_0097_stg1_001458,"один из продуктов неправильный, можно ли об этом собщить?","один из продуктов неправильный, можно ли об этом собщить?",return_exchange,return_exchange,bitext|aug_typo_delete_char,False,True,False,return_exchange,stg1_001458,,,,typo_delete_char
aug_return_exchange_0098_stg1_001285,"Я хочу получить возмещенеи, вы мне поможете?","я хочу получить возмещенеи, вы мне поможете?",return_exchange,return_exchange,bitext|aug_typo_swap_adjacent,False,True,False,return_exchange,stg1_001285,,,,typo_swap_adjacent
aug_return_exchange_0099_stg1_001309,"Я бы хотел вернуть чертов товар онлаййн, где мне это сделать?","я бы хотел вернуть чертов товар онлаййн, где мне это сделать?",return_exchange,return_exchange,bitext|aug_typo_duplicate_char,False,True,False,return_exchange,stg1_001309,,,,typo_duplicate_char
aug_return_exchange_0100_stg1_001368,"я купил товар, но хочу вернуть его, помогите","я купил товар, но хочу вернуть его, помогите",return_exchange,return_exchange,bitext|aug_phrase_compression,False,True,False,return_exchange,stg1_001368,,,,phrase_compression
aug_return_exchange_0101_stg1_001456,"Мне нужно обменять товары, как я могу это сделать","мне нужно обменять товары, как я могу это сделать",return_exchange,return_exchange,bitext|aug_punctuation_variant,False,True,False,return_exchange,stg1_001456,,,,punctuation_variant
aug_return_exchange_0102_stg1_001350,"я длжен сообщить о неправильном товаре, вы мне поможете?","я длжен сообщить о неправильном товаре, вы мне поможете?",return_exchange,return_exchange,bitext|aug_typo_delete_char,False,True,False,return_exchange,stg1_001350,,,,typo_delete_char
aug_return_exchange_0103_stg1_001328,Можеет ли вы помочь мне проверить вашу политику возврата?,можеет ли вы помочь мне проверить вашу политику возврата?,return_exchange,return_exchange,bitext|aug_typo_swap_adjacent,False,True,False,return_exchange,stg1_001328,,,,typo_swap_adjacent
aug_return_exchange_0104_stg1_001330,как я могу наайти информацию о товаре в магазине,как я могу наайти информацию о товаре в магазине,return_exchange,return_exchange,bitext|aug_typo_duplicate_char,False,True,False,return_exchange,stg1_001330,,,,typo_duplicate_char
aug_return_exchange_0105_stg1_001367,как мне увидеть твою чертову политику возврата,как мне увидеть твою чертову политику возврата,return_exchange,return_exchange,bitext|aug_punctuation_variant,False,True,False,return_exchange,stg1_001367,,,,punctuation_variant
aug_return_exchange_0106_stg1_001233,"мне нжно потребовать вернуть деньги, как я мог это сделать","мне нжно потребовать вернуть деньги, как я мог это сделать",return_exchange,return_exchange,bitext|aug_typo_delete_char,False,True,False,return_exchange,stg1_001233,,,,typo_delete_char
aug_return_exchange_0107_stg1_001351,"Я хотел бы вернуть твоар, который я купил в магазине онлайн","я хотел бы вернуть твоар, который я купил в магазине онлайн",return_exchange,return_exchange,bitext|aug_typo_swap_adjacent,False,True,False,return_exchange,stg1_001351,,,,typo_swap_adjacent
aug_return_exchange_0108_stg1_001317,"нужно обменять черттову вещь, как я могу это сделать","нужно обменять черттову вещь, как я могу это сделать",return_exchange,return_exchange,bitext|aug_typo_duplicate_char,False,True,False,return_exchange,stg1_001317,,,,typo_duplicate_char
aug_return_exchange_0109_stg1_001310,"хочу отправить чертов заказ обратно, ты мне поможешь?","хочу отправить чертов заказ обратно, ты мне поможешь?",return_exchange,return_exchange,bitext|aug_phrase_compression,False,True,False,return_exchange,stg1_001310,,,,phrase_compression
aug_return_exchange_0110_stg1_001384,один из купленных мною предметов был чертовски раздавлен. Вы поможете мне сообщить об этом??,один из купленных мною предметов был чертовски раздавлен. вы поможете мне сообщить об этом??,return_exchange,return_exchange,bitext|aug_punctuation_variant,False,True,False,return_exchange,stg1_001384,,,,punctuation_variant
aug_return_exchange_0111_stg1_001383,"некоторые чертовы вещи в моей поылке неправильные, не могли бы вы сообщить о них?","некоторые чертовы вещи в моей поылке неправильные, не могли бы вы сообщить о них?",return_exchange,return_exchange,bitext|aug_typo_delete_char,False,True,False,return_exchange,stg1_001383,,,,typo_delete_char
aug_return_exchange_0112_stg1_001459,"как я могу вернуть товар, купленный олнайн, в магазине?","как я могу вернуть товар, купленный олнайн, в магазине?",return_exchange,return_exchange,bitext|aug_typo_swap_adjacent,False,True,False,return_exchange,stg1_001459,,,,typo_swap_adjacent
aug_return_exchange_0113_stg1_001270,как мне вернуть некоторые товарры в магазин?,как мне вернуть некоторые товарры в магазин?,return_exchange,return_exchange,bitext|aug_typo_duplicate_char,False,True,False,return_exchange,stg1_001270,,,,typo_duplicate_char
aug_return_exchange_0114_stg1_001344,"нужно обменять купленные мной чертовы заказы, как это сделать?","нужно обменять купленные мной чертовы заказы, как это сделать?",return_exchange,return_exchange,bitext|aug_phrase_compression,False,True,False,return_exchange,stg1_001344,,,,phrase_compression
aug_return_exchange_0115_stg1_001435,"Я хочу вернуть заказы онлайн, где я могу это сделать?!","я хочу вернуть заказы онлайн, где я могу это сделать?!",return_exchange,return_exchange,bitext|aug_punctuation_variant,False,True,False,return_exchange,stg1_001435,,,,punctuation_variant
aug_return_exchange_0116_stg1_001345,"Я хочу вернуть чертову вещь, купленную в интернет-магазине, мне нужна помоь","я хочу вернуть чертову вещь, купленную в интернет-магазине, мне нужна помоь",return_exchange,return_exchange,bitext|aug_typo_delete_char,False,True,False,return_exchange,stg1_001345,,,,typo_delete_char
aug_return_exchange_0117_stg1_001342,"Я хотел бы вернуьт чертовы товары из Интернета, мне нужна помощь","я хотел бы вернуьт чертовы товары из интернета, мне нужна помощь",return_exchange,return_exchange,bitext|aug_typo_swap_adjacent,False,True,False,return_exchange,stg1_001342,,,,typo_swap_adjacent
aug_return_exchange_0118_stg1_002106,Я хотел бы увидеть статус моего возврата. Вы мне помоожете?,я хотел бы увидеть статус моего возврата. вы мне помоожете?,payment_refund,return_exchange,bitext|aug_typo_duplicate_char,False,True,False,payment_refund,stg1_002106,,,,typo_duplicate_char
aug_return_exchange_0119_stg1_001231,"Я бы хотел отправить чертов заказ обратно, как мне это сделать??","я бы хотел отправить чертов заказ обратно, как мне это сделать??",return_exchange,return_exchange,bitext|aug_punctuation_variant,False,True,False,return_exchange,stg1_001231,,,,punctuation_variant
aug_return_exchange_0120_stg1_001418,помогите мне вернуть чертов тоар,помогите мне вернуть чертов тоар,return_exchange,return_exchange,bitext|aug_typo_delete_char,False,True,False,return_exchange,stg1_001418,,,,typo_delete_char
aug_return_exchange_0121_stg1_001263,"Я пытаюсь найти чертову компенасцию, помогите мне.","я пытаюсь найти чертову компенасцию, помогите мне.",return_exchange,return_exchange,bitext|aug_typo_swap_adjacent,False,True,False,return_exchange,stg1_001263,,,,typo_swap_adjacent
aug_return_exchange_0122_stg1_002915,Хочу вернуть тоовар,хочу вернуть тоовар,return_exchange,return_exchange,synthetic_dataset|aug_typo_duplicate_char,True,True,False,return_exchange,stg1_002915,,,,typo_duplicate_char
aug_return_exchange_0123_stg1_001340,"Я ищу информацию о чертовом товаре в магазине, помогите.","я ищу информацию о чертовом товаре в магазине, помогите.",return_exchange,return_exchange,bitext|aug_phrase_compression,False,True,False,return_exchange,stg1_001340,,,,phrase_compression
aug_return_exchange_0124_stg1_001210,один из заказанных мной товаров был чертовски поврежден при доставке сообщите об этом,один из заказанных мной товаров был чертовски поврежден при доставке сообщите об этом,return_exchange,return_exchange,bitext|aug_punctuation_variant,False,True,False,return_exchange,stg1_001210,,,,punctuation_variant
aug_return_exchange_0125_stg1_001402,"Мне нужно обменять твар в магазине, вы мне поможете?","мне нужно обменять твар в магазине, вы мне поможете?",return_exchange,return_exchange,bitext|aug_typo_delete_char,False,True,False,return_exchange,stg1_001402,,,,typo_delete_char
aug_return_exchange_0126_stg1_001274,"моя чертова доставка неправильная, я хочу сообищть об этом","моя чертова доставка неправильная, я хочу сообищть об этом",return_exchange,return_exchange,bitext|aug_typo_swap_adjacent,False,True,False,return_exchange,stg1_001274,,,,typo_swap_adjacent
aug_return_exchange_0127_stg1_001227,где мне обменятть эту чертову вещь,где мне обменятть эту чертову вещь,return_exchange,return_exchange,bitext|aug_typo_duplicate_char,False,True,False,return_exchange,stg1_001227,,,,typo_duplicate_char
aug_return_exchange_0128_stg1_001348,как вернуть некоторые чертовы товары вне срока возврата?,как вернуть некоторые чертовы товары вне срока возврата?,return_exchange,return_exchange,bitext|aug_phrase_compression,False,True,False,return_exchange,stg1_001348,,,,phrase_compression
aug_return_exchange_0129_stg1_001329,"моя посылка была чертовски повреждена при доставке, можете ли вы сообщить об этом?!","моя посылка была чертовски повреждена при доставке, можете ли вы сообщить об этом?!",return_exchange,return_exchange,bitext|aug_punctuation_variant,False,True,False,return_exchange,stg1_001329,,,,punctuation_variant
aug_return_exchange_0130_stg1_001440,Мне нужно обмнять купленный товар,мне нужно обмнять купленный товар,return_exchange,return_exchange,bitext|aug_typo_delete_char,False,True,False,return_exchange,stg1_001440,,,,typo_delete_char
aug_return_exchange_0131_stg1_001195,"мне нужно обменять товар, который я купил онлайн, в магазине, где мне это сдлеать","мне нужно обменять товар, который я купил онлайн, в магазине, где мне это сдлеать",return_exchange,return_exchange,bitext|aug_typo_swap_adjacent,False,True,False,return_exchange,stg1_001195,,,,typo_swap_adjacent
aug_return_exchange_0132_stg1_001302,"продукт, который я заказал, неправильный, помогите мне соообщить об этом","продукт, который я заказал, неправильный, помогите мне соообщить об этом",return_exchange,return_exchange,bitext|aug_typo_duplicate_char,False,True,False,return_exchange,stg1_001302,,,,typo_duplicate_char
aug_return_exchange_0133_stg1_001364,"нужно увидеть твою чертову обратную почту, как я могу это сделать?","нужно увидеть твою чертову обратную почту, как я могу это сделать?",return_exchange,return_exchange,bitext|aug_phrase_compression,False,True,False,return_exchange,stg1_001364,,,,phrase_compression
aug_return_exchange_0134_stg1_001469,"Мне нужно вернуть в магазин чертов товар, который я купил в Интернете. Вы мне поможете?!","мне нужно вернуть в магазин чертов товар, который я купил в интернете. вы мне поможете?!",return_exchange,return_exchange,bitext|aug_punctuation_variant,False,True,False,return_exchange,stg1_001469,,,,punctuation_variant
aug_return_exchange_0135_stg1_001204,"нужжно отправить обратный заказ, не могли бы вы мне помочь?","нужжно отправить обратный заказ, не могли бы вы мне помочь?",return_exchange,return_exchange,bitext|aug_typo_duplicate_char,False,True,False,return_exchange,stg1_001204,,,,typo_duplicate_char
aug_return_exchange_0136_stg1_001211,"Я требую возврата денег, мне нужна помощь!","я требую возврата денег, мне нужна помощь!",return_exchange,return_exchange,bitext|aug_punctuation_variant,False,True,False,return_exchange,stg1_001211,,,,punctuation_variant
aug_return_exchange_0137_stg1_001428,"Я хочу обменять товр, купленный онлайн, в магазине, как мне это сделать?","я хочу обменять товр, купленный онлайн, в магазине, как мне это сделать?",return_exchange,return_exchange,bitext|aug_typo_delete_char,False,True,False,return_exchange,stg1_001428,,,,typo_delete_char
aug_return_exchange_0138_stg1_001335,"Я хотел бы вернуть в магазин чертов твоар, купленный в Интернете, где я могу это сделать?","я хотел бы вернуть в магазин чертов твоар, купленный в интернете, где я могу это сделать?",return_exchange,return_exchange,bitext|aug_typo_swap_adjacent,False,True,False,return_exchange,stg1_001335,,,,typo_swap_adjacent
aug_return_exchange_0139_stg1_001283,"мне нужно посмоттреть твои правила возврата, где мне это сделать","мне нужно посмоттреть твои правила возврата, где мне это сделать",return_exchange,return_exchange,bitext|aug_typo_duplicate_char,False,True,False,return_exchange,stg1_001283,,,,typo_duplicate_char
aug_return_exchange_0140_stg1_001343,"Мне нужно отправить тоар обратно, могу ли я получить помощь?","мне нужно отправить тоар обратно, могу ли я получить помощь?",return_exchange,return_exchange,bitext|aug_typo_delete_char,False,True,False,return_exchange,stg1_001343,,,,typo_delete_char
aug_return_exchange_0141_stg1_001289,как мне вернуть некоторые чертовы вещи вне периода вовзрата?,как мне вернуть некоторые чертовы вещи вне периода вовзрата?,return_exchange,return_exchange,bitext|aug_typo_swap_adjacent,False,True,False,return_exchange,stg1_001289,,,,typo_swap_adjacent
aug_return_exchange_0142_stg1_001327,неккоторые предметы сломаны. Можете ли вы помочь мне сообщить о них?,неккоторые предметы сломаны. можете ли вы помочь мне сообщить о них?,return_exchange,return_exchange,bitext|aug_typo_duplicate_char,False,True,False,return_exchange,stg1_001327,,,,typo_duplicate_char
aug_return_exchange_0143_stg1_001307,отправленный товар чертовски раздавлен могу ли я сообщить об этом?,отправленный товар чертовски раздавлен могу ли я сообщить об этом?,return_exchange,return_exchange,bitext|aug_punctuation_variant,False,True,False,return_exchange,stg1_001307,,,,punctuation_variant
aug_return_exchange_0144_stg1_001422,"Мне нужа информация о твоем чертовом процессе возвращения, как я могу ее получить?","мне нужа информация о твоем чертовом процессе возвращения, как я могу ее получить?",return_exchange,return_exchange,bitext|aug_typo_delete_char,False,True,False,return_exchange,stg1_001422,,,,typo_delete_char
aug_return_exchange_0145_stg1_001306,"чертов товар в моей посылке непраивльный, сообщите об этом","чертов товар в моей посылке непраивльный, сообщите об этом",return_exchange,return_exchange,bitext|aug_typo_swap_adjacent,False,True,False,return_exchange,stg1_001306,,,,typo_swap_adjacent
aug_return_exchange_0146_stg1_001387,"Я хочу вернуть товар онлаайн, где я могу это сделать?","я хочу вернуть товар онлаайн, где я могу это сделать?",return_exchange,return_exchange,bitext|aug_typo_duplicate_char,False,True,False,return_exchange,stg1_001387,,,,typo_duplicate_char
aug_return_exchange_0147_stg1_001295,"нужно обменять чертову вещь, которую я купил в магазине, где мне это сделать","нужно обменять чертову вещь, которую я купил в магазине, где мне это сделать",return_exchange,return_exchange,bitext|aug_phrase_compression,False,True,False,return_exchange,stg1_001295,,,,phrase_compression
aug_return_exchange_0148_stg1_001218,Я хочу отправить обратно чертову вещь. Не могли бы вы мне помочь,я хочу отправить обратно чертову вещь. не могли бы вы мне помочь,return_exchange,return_exchange,bitext|aug_punctuation_variant,False,True,False,return_exchange,stg1_001218,,,,punctuation_variant
aug_return_exchange_0149_stg1_001339,"мне нужно вернуть закз, только где мне это сделать","мне нужно вернуть закз, только где мне это сделать",return_exchange,return_exchange,bitext|aug_typo_delete_char,False,True,False,return_exchange,stg1_001339,,,,typo_delete_char
aug_return_exchange_0150_stg1_001245,"мне нужна информация о твоем четровом процессе возврата, могу я ее получить","мне нужна информация о твоем четровом процессе возврата, могу я ее получить",return_exchange,return_exchange,bitext|aug_typo_swap_adjacent,False,True,False,return_exchange,stg1_001245,,,,typo_swap_adjacent
aug_return_exchange_0151_stg1_001433,"мне нужно обменять купленные вещи, как я моогу это сделать","мне нужно обменять купленные вещи, как я моогу это сделать",return_exchange,return_exchange,bitext|aug_typo_duplicate_char,False,True,False,return_exchange,stg1_001433,,,,typo_duplicate_char
aug_return_exchange_0152_stg1_001381,"Товар, который я получил, неправильный, помогите, чтобы сообщить об этом","товар, который я получил, неправильный, помогите, чтобы сообщить об этом",return_exchange,return_exchange,bitext|aug_phrase_compression,False,True,False,return_exchange,stg1_001381,,,,phrase_compression
aug_return_exchange_0153_stg1_001457,не могли бы вы помочь мне отправить товар обратно?!,не могли бы вы помочь мне отправить товар обратно?!,return_exchange,return_exchange,bitext|aug_punctuation_variant,False,True,False,return_exchange,stg1_001457,,,,punctuation_variant
aug_return_exchange_0154_stg1_001331,"Я хочу обменять эти чертовы заказы, которе я купил, где мне это сделать?","я хочу обменять эти чертовы заказы, которе я купил, где мне это сделать?",return_exchange,return_exchange,bitext|aug_typo_delete_char,False,True,False,return_exchange,stg1_001331,,,,typo_delete_char
aug_return_exchange_0155_stg1_001401,Я ищу информацию о твоем чертовом порцессе возврата.,я ищу информацию о твоем чертовом порцессе возврата.,return_exchange,return_exchange,bitext|aug_typo_swap_adjacent,False,True,False,return_exchange,stg1_001401,,,,typo_swap_adjacent
aug_return_exchange_0156_stg1_001298,"Мне нужна помощь в обмене товара, который я куупил онлайн в магазине.","мне нужна помощь в обмене товара, который я куупил онлайн в магазине.",return_exchange,return_exchange,bitext|aug_typo_duplicate_char,False,True,False,return_exchange,stg1_001298,,,,typo_duplicate_char
aug_return_exchange_0157_stg1_002974,Пришёл бракованный товар?,пришёл бракованный товар?,return_exchange,return_exchange,synthetic_dataset|aug_punctuation_variant,True,True,False,return_exchange,stg1_002974,,,,punctuation_variant
aug_return_exchange_0158_stg1_001264,"нужно отправить этот чертов товар обртно, где я могу это сделать","нужно отправить этот чертов товар обртно, где я могу это сделать",return_exchange,return_exchange,bitext|aug_typo_delete_char,False,True,False,return_exchange,stg1_001264,,,,typo_delete_char
aug_return_exchange_0159_stg1_001219,"Мне нравится информация о товрае в магазине, где я могу его получить","мне нравится информация о товрае в магазине, где я могу его получить",return_exchange,return_exchange,bitext|aug_typo_swap_adjacent,False,True,False,return_exchange,stg1_001219,,,,typo_swap_adjacent
aug_return_exchange_0160_stg1_001361,"Я хочу обменять в магазине чертоов товар, купленный онлайн, как мне это сделать?","я хочу обменять в магазине чертоов товар, купленный онлайн, как мне это сделать?",return_exchange,return_exchange,bitext|aug_typo_duplicate_char,False,True,False,return_exchange,stg1_001361,,,,typo_duplicate_char
aug_return_exchange_0161_stg1_001407,"нужно вернуть товар, купленный онлайн, в магазин, где мне это сделать?","нужно вернуть товар, купленный онлайн, в магазин, где мне это сделать?",return_exchange,return_exchange,bitext|aug_phrase_compression,False,True,False,return_exchange,stg1_001407,,,,phrase_compression
aug_return_exchange_0162_stg1_002930,Какие сроки возврата??,какие сроки возврата??,return_exchange,return_exchange,synthetic_dataset|aug_punctuation_variant,True,True,False,return_exchange,stg1_002930,,,,punctuation_variant
aug_return_exchange_0163_stg1_001379,"Я хочу вернуть купленный товар, мне нужна помщь","я хочу вернуть купленный товар, мне нужна помщь",return_exchange,return_exchange,bitext|aug_typo_delete_char,False,True,False,return_exchange,stg1_001379,,,,typo_delete_char
aug_return_exchange_0164_stg1_001312,"Я хочу возмещение, вы поможете мне его зарпосить?","я хочу возмещение, вы поможете мне его зарпосить?",return_exchange,return_exchange,bitext|aug_typo_swap_adjacent,False,True,False,return_exchange,stg1_001312,,,,typo_swap_adjacent
aug_return_exchange_0165_stg1_001465,"Этот чертов товар, который я получил, неправильный, можете ли вы помочь мне сообщить об эттом?","этот чертов товар, который я получил, неправильный, можете ли вы помочь мне сообщить об эттом?",return_exchange,return_exchange,bitext|aug_typo_duplicate_char,False,True,False,return_exchange,stg1_001465,,,,typo_duplicate_char
aug_return_exchange_0166_stg1_001191,"помогите мне вернуть товар, который я купил онлайн в магазине?","помогите мне вернуть товар, который я купил онлайн в магазине?",return_exchange,return_exchange,bitext|aug_punctuation_variant,False,True,False,return_exchange,stg1_001191,,,,punctuation_variant
aug_return_exchange_0167_stg1_001427,"могу ли я обменять эти чертовы заказы, которые куил?","могу ли я обменять эти чертовы заказы, которые куил?",return_exchange,return_exchange,bitext|aug_typo_delete_char,False,True,False,return_exchange,stg1_001427,,,,typo_delete_char
aug_return_exchange_0168_stg1_001236,мне нужна помощь в обмене эотго чертового товара,мне нужна помощь в обмене эотго чертового товара,return_exchange,return_exchange,bitext|aug_typo_swap_adjacent,False,True,False,return_exchange,stg1_001236,,,,typo_swap_adjacent
aug_return_exchange_0169_stg1_001397,"Мне нужно вернуть товар онлаайн, где я могу это сделать?","мне нужно вернуть товар онлаайн, где я могу это сделать?",return_exchange,return_exchange,bitext|aug_typo_duplicate_char,False,True,False,return_exchange,stg1_001397,,,,typo_duplicate_char
aug_return_exchange_0170_stg1_001261,можете помочь мне получить гребаный возврат денег?,можете помочь мне получить гребаный возврат денег?,return_exchange,return_exchange,bitext|aug_phrase_compression,False,True,False,return_exchange,stg1_001261,,,,phrase_compression
aug_return_exchange_0171_stg1_001372,"если я хочу обменять то, что купил, это поможет мне?","если я хочу обменять то, что купил, это поможет мне?",return_exchange,return_exchange,bitext|aug_punctuation_variant,False,True,False,return_exchange,stg1_001372,,,,punctuation_variant
aug_return_exchange_0172_stg1_001406,"Мне нужно получить возмещенеи, мне нужна помощь","мне нужно получить возмещенеи, мне нужна помощь",return_exchange,return_exchange,bitext|aug_typo_swap_adjacent,False,True,False,return_exchange,stg1_001406,,,,typo_swap_adjacent
aug_return_exchange_0173_stg1_001315,"Я хочу, чтобы хелп веернул чертов товар","я хочу, чтобы хелп веернул чертов товар",return_exchange,return_exchange,bitext|aug_typo_duplicate_char,False,True,False,return_exchange,stg1_001315,,,,typo_duplicate_char
aug_return_exchange_0174_stg1_001338,"мне нужно вернуть товары онлайн, можно ли получить помощь","мне нужно вернуть товары онлайн, можно ли получить помощь",return_exchange,return_exchange,bitext|aug_phrase_compression,False,True,False,return_exchange,stg1_001338,,,,phrase_compression
aug_return_exchange_0175_stg1_001207,"чертов продукт, который я получил, неправильный, не могли бы вы помочь мне сообщить об этом?!","чертов продукт, который я получил, неправильный, не могли бы вы помочь мне сообщить об этом?!",return_exchange,return_exchange,bitext|aug_punctuation_variant,False,True,False,return_exchange,stg1_001207,,,,punctuation_variant
aug_return_exchange_0176_stg1_001398,"Мне нужно обменять купленные вещи, где это седлать?","мне нужно обменять купленные вещи, где это седлать?",return_exchange,return_exchange,bitext|aug_typo_swap_adjacent,False,True,False,return_exchange,stg1_001398,,,,typo_swap_adjacent
aug_return_exchange_0177_stg1_001184,"черртов товар, который я получил, неправильный","черртов товар, который я получил, неправильный",return_exchange,return_exchange,bitext|aug_typo_duplicate_char,False,True,False,return_exchange,stg1_001184,,,,typo_duplicate_char
aug_return_exchange_0178_stg1_001370,"Я хочу вернуть товары онлайн, мне нужна пмощь","я хочу вернуть товары онлайн, мне нужна пмощь",return_exchange,return_exchange,bitext|aug_typo_delete_char,False,True,False,return_exchange,stg1_001370,,,,typo_delete_char
aug_return_exchange_0179_stg1_001277,"Я хотел бы отправтиь товар обратно, где я могу это сделать","я хотел бы отправтиь товар обратно, где я могу это сделать",return_exchange,return_exchange,bitext|aug_typo_swap_adjacent,False,True,False,return_exchange,stg1_001277,,,,typo_swap_adjacent
aug_return_exchange_0180_stg1_001374,"Я бы хотел вернууть деньги, где мне это сделать?","я бы хотел вернууть деньги, где мне это сделать?",return_exchange,return_exchange,bitext|aug_typo_duplicate_char,False,True,False,return_exchange,stg1_001374,,,,typo_duplicate_char
aug_return_exchange_0181_stg1_001378,"я купил товар, но он мне не нравится, могу ли я его вернуть?!","я купил товар, но он мне не нравится, могу ли я его вернуть?!",return_exchange,return_exchange,bitext|aug_punctuation_variant,False,True,False,return_exchange,stg1_001378,,,,punctuation_variant
aug_return_exchange_0182_stg1_001430,"Я хочу отправить товар обратно, вы мне поможее?","я хочу отправить товар обратно, вы мне поможее?",return_exchange,return_exchange,bitext|aug_typo_delete_char,False,True,False,return_exchange,stg1_001430,,,,typo_delete_char
aug_return_exchange_0183_stg1_003001,Как оформить взоврат?,как оформить взоврат?,return_exchange,return_exchange,synthetic_dataset|aug_typo_swap_adjacent,True,True,False,return_exchange,stg1_003001,,,,typo_swap_adjacent
aug_return_exchange_0184_stg1_001248,не могли бы вы помочь мне сообщить о чертовски неправильном продуктте?,не могли бы вы помочь мне сообщить о чертовски неправильном продуктте?,return_exchange,return_exchange,bitext|aug_typo_duplicate_char,False,True,False,return_exchange,stg1_001248,,,,typo_duplicate_char
aug_return_exchange_0185_stg1_001439,"Я хочу сообщить о чертовски неправльных товарах, мне нужна помощь","я хочу сообщить о чертовски неправльных товарах, мне нужна помощь",return_exchange,return_exchange,bitext|aug_typo_delete_char,False,True,False,return_exchange,stg1_001439,,,,typo_delete_char
aug_return_exchange_0186_stg1_001362,"Я хтоел бы обменять товар в магазине, могу ли я получить помощь?","я хтоел бы обменять товар в магазине, могу ли я получить помощь?",return_exchange,return_exchange,bitext|aug_typo_swap_adjacent,False,True,False,return_exchange,stg1_001362,,,,typo_swap_adjacent
aug_return_exchange_0187_stg1_001385,"мне нужно оббменять кое-какие вещи, которые я купил, мне нужна помощь","мне нужно оббменять кое-какие вещи, которые я купил, мне нужна помощь",return_exchange,return_exchange,bitext|aug_typo_duplicate_char,False,True,False,return_exchange,stg1_001385,,,,typo_duplicate_char
aug_return_exchange_0188_stg1_001314,"т. е. если вы хотите сообщить о неправильном продукте, это может мне помочь!","т. е. если вы хотите сообщить о неправильном продукте, это может мне помочь!",return_exchange,return_exchange,bitext|aug_punctuation_variant,False,True,False,return_exchange,stg1_001314,,,,punctuation_variant
aug_return_exchange_0189_stg1_001280,"Я получил продут не той модели, мне нужна помощь, чтобы сообщить об этом","я получил продут не той модели, мне нужна помощь, чтобы сообщить об этом",return_exchange,return_exchange,bitext|aug_typo_delete_char,False,True,False,return_exchange,stg1_001280,,,,typo_delete_char
aug_return_exchange_0190_stg1_001447,куда отпарвить чертов заказ обратно?,куда отпарвить чертов заказ обратно?,return_exchange,return_exchange,bitext|aug_typo_swap_adjacent,False,True,False,return_exchange,stg1_001447,,,,typo_swap_adjacent
aug_return_exchange_0191_stg1_001417,Можно ли вернуть товар в магаззине?,можно ли вернуть товар в магаззине?,return_exchange,return_exchange,bitext|aug_typo_duplicate_char,False,True,False,return_exchange,stg1_001417,,,,typo_duplicate_char
aug_return_exchange_0192_stg1_001262,Я хотел бы проверить ваши правила возврата. можете мне помочь?,я хотел бы проверить ваши правила возврата. можете мне помочь?,return_exchange,return_exchange,bitext|aug_phrase_compression,False,True,False,return_exchange,stg1_001262,,,,phrase_compression
aug_return_exchange_0193_stg1_001356,"Я хотел бы обменять некачественный товар в магазине, где я могу это сделать","я хотел бы обменять некачественный товар в магазине, где я могу это сделать",return_exchange,return_exchange,bitext|aug_punctuation_variant,False,True,False,return_exchange,stg1_001356,,,,punctuation_variant
aug_return_exchange_0194_stg1_001299,"Мне нужна помощь, чтобы отпавить обратно чертов товар.","мне нужна помощь, чтобы отпавить обратно чертов товар.",return_exchange,return_exchange,bitext|aug_typo_delete_char,False,True,False,return_exchange,stg1_001299,,,,typo_delete_char
aug_return_exchange_0195_stg1_002908,Монжо обменять на другой размер?,монжо обменять на другой размер?,return_exchange,return_exchange,synthetic_dataset|aug_typo_swap_adjacent,True,True,False,return_exchange,stg1_002908,,,,typo_swap_adjacent
aug_return_exchange_0196_stg1_001278,"Я хотел бы вернутть чертов товар, который я купил в магазине онлайн, помогите мне.","я хотел бы вернутть чертов товар, который я купил в магазине онлайн, помогите мне.",return_exchange,return_exchange,bitext|aug_typo_duplicate_char,False,True,False,return_exchange,stg1_001278,,,,typo_duplicate_char
aug_return_exchange_0197_stg1_001468,"Я хотел бы вернуть товар, купленный в Интернете, в магазине, где это сделать?","я хотел бы вернуть товар, купленный в интернете, в магазине, где это сделать?",return_exchange,return_exchange,bitext|aug_punctuation_variant,False,True,False,return_exchange,stg1_001468,,,,punctuation_variant
aug_return_exchange_0198_stg1_001238,Не могли бы вы помочь мне вернуть товары олнайн?,не могли бы вы помочь мне вернуть товары олнайн?,return_exchange,return_exchange,bitext|aug_typo_swap_adjacent,False,True,False,return_exchange,stg1_001238,,,,typo_swap_adjacent
aug_return_exchange_0199_stg1_001369,"мне нужно запросить возмещение, можете ли вы мне поомочь?","мне нужно запросить возмещение, можете ли вы мне поомочь?",return_exchange,return_exchange,bitext|aug_typo_duplicate_char,False,True,False,return_exchange,stg1_001369,,,,typo_duplicate_char
aug_return_exchange_0200_stg1_003004,Обмен товара на аналогичный?,обмен товара на аналогичный?,return_exchange,return_exchange,synthetic_dataset|aug_punctuation_variant,True,True,False,return_exchange,stg1_003004,,,,punctuation_variant
aug_return_exchange_0201_stg1_002346,"Мне нужно посмотреть, в какх ситуациях я могу попросить возмещение","мне нужно посмотреть, в какх ситуациях я могу попросить возмещение",payment_refund,return_exchange,ikshana|aug_typo_delete_char,False,True,False,payment_refund,stg1_002346,,,,typo_delete_char
aug_return_exchange_0202_stg1_001444,"Мне нужно сообщить о раздаввленном продукте, могу ли я получить помощь?","мне нужно сообщить о раздаввленном продукте, могу ли я получить помощь?",return_exchange,return_exchange,bitext|aug_typo_duplicate_char,False,True,False,return_exchange,stg1_001444,,,,typo_duplicate_char
aug_return_exchange_0203_stg1_001240,хочу вернуть чертовы заказы онлайн где это сделать,хочу вернуть чертовы заказы онлайн где это сделать,return_exchange,return_exchange,bitext|aug_punctuation_variant,False,True,False,return_exchange,stg1_001240,,,,punctuation_variant
aug_return_exchange_0204_stg1_001375,"Мне нуна чертова компенсация, помоги мне ее получить.","мне нуна чертова компенсация, помоги мне ее получить.",return_exchange,return_exchange,bitext|aug_typo_delete_char,False,True,False,return_exchange,stg1_001375,,,,typo_delete_char
aug_return_exchange_0205_stg1_001395,"Мне нужно вернуть товар онланй, как я могу это сделать?","мне нужно вернуть товар онланй, как я могу это сделать?",return_exchange,return_exchange,bitext|aug_typo_swap_adjacent,False,True,False,return_exchange,stg1_001395,,,,typo_swap_adjacent
aug_return_exchange_0206_stg1_001197,как получить чеертову компенсацию,как получить чеертову компенсацию,return_exchange,return_exchange,bitext|aug_typo_duplicate_char,False,True,False,return_exchange,stg1_001197,,,,typo_duplicate_char
aug_return_exchange_0207_stg1_001394,нужно обменять товар в магазине как это сдлеать,нужно обменять товар в магазине как это сдлеать,return_exchange,return_exchange,bitext|aug_typo_swap_adjacent,False,True,False,return_exchange,stg1_001394,,,,typo_swap_adjacent
aug_return_exchange_0208_stg1_001360,"можно ли вернууть некоторые товары, которые были по акции","можно ли вернууть некоторые товары, которые были по акции",return_exchange,return_exchange,bitext|aug_typo_duplicate_char,False,True,False,return_exchange,stg1_001360,,,,typo_duplicate_char
aug_return_exchange_0209_stg1_001448,"Я хотел бы вернуть товар онлайн, как это сделать?","я хотел бы вернуть товар онлайн, как это сделать?",return_exchange,return_exchange,bitext|aug_phrase_compression,False,True,False,return_exchange,stg1_001448,,,,phrase_compression
aug_return_exchange_0210_stg1_001279,мне нужно вернуть чертов товар который я купил в магазине онлайн как я могу это сделать,мне нужно вернуть чертов товар который я купил в магазине онлайн как я могу это сделать,return_exchange,return_exchange,bitext|aug_punctuation_variant,False,True,False,return_exchange,stg1_001279,,,,punctuation_variant
aug_return_exchange_0211_stg1_001400,"чертов продукт, который я получил, был поврежедн, мне нужна помощь, чтобы сообщить об этом","чертов продукт, который я получил, был поврежедн, мне нужна помощь, чтобы сообщить об этом",return_exchange,return_exchange,bitext|aug_typo_swap_adjacent,False,True,False,return_exchange,stg1_001400,,,,typo_swap_adjacent
aug_return_exchange_0212_stg1_001258,"мне нужно обменять чертову вещь, которую я куупил в магазине, мне нужна помощь","мне нужно обменять чертову вещь, которую я куупил в магазине, мне нужна помощь",return_exchange,return_exchange,bitext|aug_typo_duplicate_char,False,True,False,return_exchange,stg1_001258,,,,typo_duplicate_char
aug_return_exchange_0213_stg1_001183,один из чертовых товаров которые я получил неправильный помогите мне сообщить об этом,один из чертовых товаров которые я получил неправильный помогите мне сообщить об этом,return_exchange,return_exchange,bitext|aug_punctuation_variant,False,True,False,return_exchange,stg1_001183,,,,punctuation_variant
aug_return_exchange_0214_stg1_001244,Я бы хотел вернуть чертовы товары онайн,я бы хотел вернуть чертовы товары онайн,return_exchange,return_exchange,bitext|aug_typo_delete_char,False,True,False,return_exchange,stg1_001244,,,,typo_delete_char
aug_return_exchange_0215_stg1_001442,"мне не нарвится то, что я купил, как я мог это увидеть","мне не нарвится то, что я купил, как я мог это увидеть",return_exchange,return_exchange,bitext|aug_typo_swap_adjacent,False,True,False,return_exchange,stg1_001442,,,,typo_swap_adjacent
aug_return_exchange_0216_stg1_001215,"Мне нужнно обменять товар, который я купил онлайн, в магазине. Как это сделать?","мне нужнно обменять товар, который я купил онлайн, в магазине. как это сделать?",return_exchange,return_exchange,bitext|aug_typo_duplicate_char,False,True,False,return_exchange,stg1_001215,,,,typo_duplicate_char
aug_return_exchange_0217_stg1_001388,"Я хочу обменять купленный мной чртов товар, где мне это сделать?","я хочу обменять купленный мной чртов товар, где мне это сделать?",return_exchange,return_exchange,bitext|aug_typo_delete_char,False,True,False,return_exchange,stg1_001388,,,,typo_delete_char
aug_return_exchange_0218_stg1_001403,"некоторые предметы слмоаны, вы поможете мне сообщить о них?","некоторые предметы слмоаны, вы поможете мне сообщить о них?",return_exchange,return_exchange,bitext|aug_typo_swap_adjacent,False,True,False,return_exchange,stg1_001403,,,,typo_swap_adjacent
aug_return_exchange_0219_stg1_001287,"Я хочу отправить обратно купленный товар, моогу ли я получить помощь?","я хочу отправить обратно купленный товар, моогу ли я получить помощь?",return_exchange,return_exchange,bitext|aug_typo_duplicate_char,False,True,False,return_exchange,stg1_001287,,,,typo_duplicate_char
aug_return_exchange_0220_stg1_001208,"Мне нужно обменять товар, купленный онлайн, в магазине. можно ли получить помощь?","мне нужно обменять товар, купленный онлайн, в магазине. можно ли получить помощь?",return_exchange,return_exchange,bitext|aug_phrase_compression,False,True,False,return_exchange,stg1_001208,,,,phrase_compression
aug_return_exchange_0221_stg1_001201,"мне нужно обменять четров товар, который я купил в магазине онлайн","мне нужно обменять четров товар, который я купил в магазине онлайн",return_exchange,return_exchange,bitext|aug_typo_swap_adjacent,False,True,False,return_exchange,stg1_001201,,,,typo_swap_adjacent
aug_return_exchange_0222_stg1_001276,"Я хотел бы веррнуть товар, купленный онлайн в магазине, вы мне поможете?","я хотел бы веррнуть товар, купленный онлайн в магазине, вы мне поможете?",return_exchange,return_exchange,bitext|aug_typo_duplicate_char,False,True,False,return_exchange,stg1_001276,,,,typo_duplicate_char
aug_return_exchange_0223_stg1_001272,"Мне нужно чертоов возмещение, могу ли я его запросить?","мне нужно чертоов возмещение, могу ли я его запросить?",return_exchange,return_exchange,bitext|aug_typo_swap_adjacent,False,True,False,return_exchange,stg1_001272,,,,typo_swap_adjacent
aug_return_exchange_0224_stg1_001265,"мне нужно вернуть чертов товар онлайн, как я могу это сдделать","мне нужно вернуть чертов товар онлайн, как я могу это сдделать",return_exchange,return_exchange,bitext|aug_typo_duplicate_char,False,True,False,return_exchange,stg1_001265,,,,typo_duplicate_char
aug_return_exchange_0225_stg1_001425,"Я хотел бы вернуть товар, купленный в Интернете, в магазине, где я могу это сделаь","я хотел бы вернуть товар, купленный в интернете, в магазине, где я могу это сделаь",return_exchange,return_exchange,bitext|aug_typo_delete_char,False,True,False,return_exchange,stg1_001425,,,,typo_delete_char
aug_return_exchange_0226_stg1_001373,"в моей досатвке поврежденный товар, не могли бы вы помочь мне сообщить об этом?","в моей досатвке поврежденный товар, не могли бы вы помочь мне сообщить об этом?",return_exchange,return_exchange,bitext|aug_typo_swap_adjacent,False,True,False,return_exchange,stg1_001373,,,,typo_swap_adjacent
aug_return_exchange_0227_stg1_001225,"Я хотел бы вернуть товар онлайн, могу ли я поолучить помощь?","я хотел бы вернуть товар онлайн, могу ли я поолучить помощь?",return_exchange,return_exchange,bitext|aug_typo_duplicate_char,False,True,False,return_exchange,stg1_001225,,,,typo_duplicate_char
aug_return_exchange_0228_stg1_001205,"Я хочу обменять купленные мной чертовы товары, помогите?","я хочу обменять купленные мной чертовы товары, помогите?",return_exchange,return_exchange,bitext|aug_phrase_compression,False,True,False,return_exchange,stg1_001205,,,,phrase_compression
aug_return_exchange_0229_stg1_001290,Мне нужна помощь в обмене чертовой вещи в магазине?,мне нужна помощь в обмене чертовой вещи в магазине?,return_exchange,return_exchange,bitext|aug_punctuation_variant,False,True,False,return_exchange,stg1_001290,,,,punctuation_variant
aug_return_exchange_0230_stg1_001449,"мне нужно отправть заказ обратно, я получу помощь","мне нужно отправть заказ обратно, я получу помощь",return_exchange,return_exchange,bitext|aug_typo_delete_char,False,True,False,return_exchange,stg1_001449,,,,typo_delete_char
aug_return_exchange_0231_stg1_001326,"какие чертовы вещи, которые я получил, неправиильные, вы поможете мне сообщить о них?","какие чертовы вещи, которые я получил, неправиильные, вы поможете мне сообщить о них?",return_exchange,return_exchange,bitext|aug_typo_duplicate_char,False,True,False,return_exchange,stg1_001326,,,,typo_duplicate_char
aug_return_exchange_0232_stg1_001470,"Я должен сообщить о чертовски неправильных товарах, мне нужна помощь?","я должен сообщить о чертовски неправильных товарах, мне нужна помощь?",return_exchange,return_exchange,bitext|aug_punctuation_variant,False,True,False,return_exchange,stg1_001470,,,,punctuation_variant
aug_return_exchange_0233_stg1_001432,"Я хотел бы обменять товар, кпленный онлайн, в магазине, где я могу это сделать?","я хотел бы обменять товар, кпленный онлайн, в магазине, где я могу это сделать?",return_exchange,return_exchange,bitext|aug_typo_delete_char,False,True,False,return_exchange,stg1_001432,,,,typo_delete_char
aug_return_exchange_0234_stg1_001267,"некоторые продукты в моей посылке указаын неверно, мне нужна помощь, чтобы сообщить о них","некоторые продукты в моей посылке указаын неверно, мне нужна помощь, чтобы сообщить о них",return_exchange,return_exchange,bitext|aug_typo_swap_adjacent,False,True,False,return_exchange,stg1_001267,,,,typo_swap_adjacent
aug_return_exchange_0235_stg1_001371,"Я хоочу вернуть заказы онлайн, где мне это сделать?","я хоочу вернуть заказы онлайн, где мне это сделать?",return_exchange,return_exchange,bitext|aug_typo_duplicate_char,False,True,False,return_exchange,stg1_001371,,,,typo_duplicate_char
aug_return_exchange_0236_stg1_002951,Как вернуть некачественный товар?!,как вернуть некачественный товар?!,return_exchange,return_exchange,synthetic_dataset|aug_punctuation_variant,True,True,False,return_exchange,stg1_002951,,,,punctuation_variant
aug_return_exchange_0237_stg1_001313,"Я хотел бы получить чертову компенацию, где я могу это сделать?","я хотел бы получить чертову компенацию, где я могу это сделать?",return_exchange,return_exchange,bitext|aug_typo_delete_char,False,True,False,return_exchange,stg1_001313,,,,typo_delete_char
aug_return_exchange_0238_stg1_001355,"Я бы хотел вернуть этот чертов заказ, мне нужжна помощь.","я бы хотел вернуть этот чертов заказ, мне нужжна помощь.",return_exchange,return_exchange,bitext|aug_typo_duplicate_char,False,True,False,return_exchange,stg1_001355,,,,typo_duplicate_char
aug_return_exchange_0239_stg1_001198,мне нужно вернуть чертов заказ онлайн как я могу это сделать,мне нужно вернуть чертов заказ онлайн как я могу это сделать,return_exchange,return_exchange,bitext|aug_punctuation_variant,False,True,False,return_exchange,stg1_001198,,,,punctuation_variant
aug_return_exchange_0240_stg1_001291,"мне нужно вернуть черов товар, который я купил в магазине, где я могу это сделать","мне нужно вернуть черов товар, который я купил в магазине, где я могу это сделать",return_exchange,return_exchange,bitext|aug_typo_delete_char,False,True,False,return_exchange,stg1_001291,,,,typo_delete_char
aug_return_exchange_0241_stg1_001232,"Я хочу вернуть купленный тоовар, что мне делать?","я хочу вернуть купленный тоовар, что мне делать?",return_exchange,return_exchange,bitext|aug_typo_duplicate_char,False,True,False,return_exchange,stg1_001232,,,,typo_duplicate_char
aug_return_exchange_0242_stg1_001389,"Я хочу собщить о сломанном товаре, как мне это сделать?","я хочу собщить о сломанном товаре, как мне это сделать?",return_exchange,return_exchange,bitext|aug_typo_delete_char,False,True,False,return_exchange,stg1_001389,,,,typo_delete_char
aug_return_exchange_0243_stg1_001352,"моя посылка прибыла чертовски поврежденной, не могли бы вы помочь мне соощбить об этом?","моя посылка прибыла чертовски поврежденной, не могли бы вы помочь мне соощбить об этом?",return_exchange,return_exchange,bitext|aug_typo_swap_adjacent,False,True,False,return_exchange,stg1_001352,,,,typo_swap_adjacent
aug_return_exchange_0244_stg1_001282,"один из продуктов, которые я купил, был чертовски разздавлен, можно ли сообщить об этом?","один из продуктов, которые я купил, был чертовски разздавлен, можно ли сообщить об этом?",return_exchange,return_exchange,bitext|aug_typo_duplicate_char,False,True,False,return_exchange,stg1_001282,,,,typo_duplicate_char
aug_return_exchange_0245_stg1_001409,"Я хотел бы обменять купленный тоар, не могли бы вы мне помочь?","я хотел бы обменять купленный тоар, не могли бы вы мне помочь?",return_exchange,return_exchange,bitext|aug_typo_delete_char,False,True,False,return_exchange,stg1_001409,,,,typo_delete_char
aug_return_exchange_0246_stg1_001413,"один из купленных мной товаров был чертовски поврежден, могу ли я соощбить об этом?","один из купленных мной товаров был чертовски поврежден, могу ли я соощбить об этом?",return_exchange,return_exchange,bitext|aug_typo_swap_adjacent,False,True,False,return_exchange,stg1_001413,,,,typo_swap_adjacent
aug_return_exchange_0247_stg1_001254,"Мне нужно вернуть закказ онлайн, мне нужна помощь","мне нужно вернуть закказ онлайн, мне нужна помощь",return_exchange,return_exchange,bitext|aug_typo_duplicate_char,False,True,False,return_exchange,stg1_001254,,,,typo_duplicate_char
aug_return_exchange_0248_stg1_001257,ты поможешь мне отправть обратно этот чертов заказ?,ты поможешь мне отправть обратно этот чертов заказ?,return_exchange,return_exchange,bitext|aug_typo_delete_char,False,True,False,return_exchange,stg1_001257,,,,typo_delete_char
aug_return_exchange_0249_stg1_001452,У мення чертов предмет не того размера.,у мення чертов предмет не того размера.,return_exchange,return_exchange,bitext|aug_typo_duplicate_char,False,True,False,return_exchange,stg1_001452,,,,typo_duplicate_char
aug_return_exchange_0250_stg1_002914,Условия возврата товара?,условия возврата товара?,return_exchange,return_exchange,synthetic_dataset|aug_punctuation_variant,True,True,False,return_exchange,stg1_002914,,,,punctuation_variant
aug_return_exchange_0251_stg1_001285,"Я хочу полчуить возмещение, вы мне поможете?","я хочу полчуить возмещение, вы мне поможете?",return_exchange,return_exchange,bitext|aug_typo_swap_adjacent,False,True,False,return_exchange,stg1_001285,,,,typo_swap_adjacent
aug_return_exchange_0252_stg1_001309,"Я бы хотел вернуть чертов товар онлайн, где мне это сдделать?","я бы хотел вернуть чертов товар онлайн, где мне это сдделать?",return_exchange,return_exchange,bitext|aug_typo_duplicate_char,False,True,False,return_exchange,stg1_001309,,,,typo_duplicate_char
aug_return_exchange_0253_stg1_001456,"Мне нужно обменять товары, как я могу это сделать??","мне нужно обменять товары, как я могу это сделать??",return_exchange,return_exchange,bitext|aug_punctuation_variant,False,True,False,return_exchange,stg1_001456,,,,punctuation_variant
aug_return_exchange_0254_stg1_001350,"я должен сообщить о неправильном товаре, вы мне поможее?","я должен сообщить о неправильном товаре, вы мне поможее?",return_exchange,return_exchange,bitext|aug_typo_delete_char,False,True,False,return_exchange,stg1_001350,,,,typo_delete_char
aug_return_exchange_0255_stg1_001330,как я могу найти информацию о товаре в маггазине,как я могу найти информацию о товаре в маггазине,return_exchange,return_exchange,bitext|aug_typo_duplicate_char,False,True,False,return_exchange,stg1_001330,,,,typo_duplicate_char
aug_return_exchange_0256_stg1_001367,как мне увидеть твою чертову политику возврата??,как мне увидеть твою чертову политику возврата??,return_exchange,return_exchange,bitext|aug_punctuation_variant,False,True,False,return_exchange,stg1_001367,,,,punctuation_variant
aug_return_exchange_0257_stg1_001233,"мне нужно потребовать вернуть деньги, как я мог это сдеать","мне нужно потребовать вернуть деньги, как я мог это сдеать",return_exchange,return_exchange,bitext|aug_typo_delete_char,False,True,False,return_exchange,stg1_001233,,,,typo_delete_char
aug_return_exchange_0258_stg1_001351,"Я хотел бы вернуть товар, который я купли в магазине онлайн","я хотел бы вернуть товар, который я купли в магазине онлайн",return_exchange,return_exchange,bitext|aug_typo_swap_adjacent,False,True,False,return_exchange,stg1_001351,,,,typo_swap_adjacent
aug_return_exchange_0259_stg1_001317,"нужно обменять чертову веещь, как я могу это сделать","нужно обменять чертову веещь, как я могу это сделать",return_exchange,return_exchange,bitext|aug_typo_duplicate_char,False,True,False,return_exchange,stg1_001317,,,,typo_duplicate_char
aug_return_exchange_0260_stg1_001384,один из купленных мною предметов был чертовски раздавлен. Вы поможете мне сообщить об этом?!,один из купленных мною предметов был чертовски раздавлен. вы поможете мне сообщить об этом?!,return_exchange,return_exchange,bitext|aug_punctuation_variant,False,True,False,return_exchange,stg1_001384,,,,punctuation_variant
aug_return_exchange_0261_stg1_001459,"как я могу вернуть товар, купленный онлйан, в магазине?","как я могу вернуть товар, купленный онлйан, в магазине?",return_exchange,return_exchange,bitext|aug_typo_swap_adjacent,False,True,False,return_exchange,stg1_001459,,,,typo_swap_adjacent
aug_return_exchange_0262_stg1_001270,как мне вернуть некотторые товары в магазин?,как мне вернуть некотторые товары в магазин?,return_exchange,return_exchange,bitext|aug_typo_duplicate_char,False,True,False,return_exchange,stg1_001270,,,,typo_duplicate_char
aug_return_exchange_0263_stg1_001435,"Я хочу вернуть заказы онлайн, где я могу это сделать","я хочу вернуть заказы онлайн, где я могу это сделать",return_exchange,return_exchange,bitext|aug_punctuation_variant,False,True,False,return_exchange,stg1_001435,,,,punctuation_variant
aug_return_exchange_0264_stg1_001345,"Я хочу вернуть чертову вещь, купленную в интерет-магазине, мне нужна помощь","я хочу вернуть чертову вещь, купленную в интерет-магазине, мне нужна помощь",return_exchange,return_exchange,bitext|aug_typo_delete_char,False,True,False,return_exchange,stg1_001345,,,,typo_delete_char
aug_return_exchange_0265_stg1_001342,"Я хотле бы вернуть чертовы товары из Интернета, мне нужна помощь","я хотле бы вернуть чертовы товары из интернета, мне нужна помощь",return_exchange,return_exchange,bitext|aug_typo_swap_adjacent,False,True,False,return_exchange,stg1_001342,,,,typo_swap_adjacent
aug_return_exchange_0266_stg1_002106,Я хотел бы увидетть статус моего возврата. Вы мне поможете?,я хотел бы увидетть статус моего возврата. вы мне поможете?,payment_refund,return_exchange,bitext|aug_typo_duplicate_char,False,True,False,payment_refund,stg1_002106,,,,typo_duplicate_char
aug_return_exchange_0267_stg1_001231,"Я бы хотел отправить чертов заказ обратно, как мне это сделать?!","я бы хотел отправить чертов заказ обратно, как мне это сделать?!",return_exchange,return_exchange,bitext|aug_punctuation_variant,False,True,False,return_exchange,stg1_001231,,,,punctuation_variant
aug_return_exchange_0268_stg1_001418,помогите мне вернть чертов товар,помогите мне вернть чертов товар,return_exchange,return_exchange,bitext|aug_typo_delete_char,False,True,False,return_exchange,stg1_001418,,,,typo_delete_char
aug_return_exchange_0269_stg1_001263,"Я пытаюсь нйати чертову компенсацию, помогите мне.","я пытаюсь нйати чертову компенсацию, помогите мне.",return_exchange,return_exchange,bitext|aug_typo_swap_adjacent,False,True,False,return_exchange,stg1_001263,,,,typo_swap_adjacent
aug_return_exchange_0270_stg1_002915,Хочу вернуть товаар,хочу вернуть товаар,return_exchange,return_exchange,synthetic_dataset|aug_typo_duplicate_char,True,True,False,return_exchange,stg1_002915,,,,typo_duplicate_char
aug_return_exchange_0271_stg1_001402,"Мне нужно обменять товар в магзине, вы мне поможете?","мне нужно обменять товар в магзине, вы мне поможете?",return_exchange,return_exchange,bitext|aug_typo_delete_char,False,True,False,return_exchange,stg1_001402,,,,typo_delete_char
aug_return_exchange_0272_stg1_001274,"моя четрова доставка неправильная, я хочу сообщить об этом","моя четрова доставка неправильная, я хочу сообщить об этом",return_exchange,return_exchange,bitext|aug_typo_swap_adjacent,False,True,False,return_exchange,stg1_001274,,,,typo_swap_adjacent
aug_return_exchange_0273_stg1_001227,где мне обменять эту черртову вещь,где мне обменять эту черртову вещь,return_exchange,return_exchange,bitext|aug_typo_duplicate_char,False,True,False,return_exchange,stg1_001227,,,,typo_duplicate_char
aug_return_exchange_0274_stg1_001329,моя посылка была чертовски повреждена при доставке можете ли вы сообщить об этом?,моя посылка была чертовски повреждена при доставке можете ли вы сообщить об этом?,return_exchange,return_exchange,bitext|aug_punctuation_variant,False,True,False,return_exchange,stg1_001329,,,,punctuation_variant
aug_return_exchange_0275_stg1_001440,Мне нужно обменять куленный товар,мне нужно обменять куленный товар,return_exchange,return_exchange,bitext|aug_typo_delete_char,False,True,False,return_exchange,stg1_001440,,,,typo_delete_char
aug_return_exchange_0276_stg1_001195,"мне нужон обменять товар, который я купил онлайн, в магазине, где мне это сделать","мне нужон обменять товар, который я купил онлайн, в магазине, где мне это сделать",return_exchange,return_exchange,bitext|aug_typo_swap_adjacent,False,True,False,return_exchange,stg1_001195,,,,typo_swap_adjacent
aug_return_exchange_0277_stg1_001302,"продукт, которыый я заказал, неправильный, помогите мне сообщить об этом","продукт, которыый я заказал, неправильный, помогите мне сообщить об этом",return_exchange,return_exchange,bitext|aug_typo_duplicate_char,False,True,False,return_exchange,stg1_001302,,,,typo_duplicate_char
aug_return_exchange_0278_stg1_001364,"Мне нужно увидеть твою чертову обратную почту, как это сделать?","мне нужно увидеть твою чертову обратную почту, как это сделать?",return_exchange,return_exchange,bitext|aug_phrase_compression,False,True,False,return_exchange,stg1_001364,,,,phrase_compression
aug_return_exchange_0279_stg1_001469,"Мне нужно вернуть в магазин чертов товар, который я купил в Интернете. Вы мне поможете","мне нужно вернуть в магазин чертов товар, который я купил в интернете. вы мне поможете",return_exchange,return_exchange,bitext|aug_punctuation_variant,False,True,False,return_exchange,stg1_001469,,,,punctuation_variant
aug_return_exchange_0280_stg1_001186,"Мне нужно обменять чертов тоар в магазине, как я могу это сделать?","мне нужно обменять чертов тоар в магазине, как я могу это сделать?",return_exchange,return_exchange,bitext|aug_typo_delete_char,False,True,False,return_exchange,stg1_001186,,,,typo_delete_char
aug_return_exchange_0281_stg1_001357,"мне нжуно обменять товар в магазине, как я могу это сделать","мне нжуно обменять товар в магазине, как я могу это сделать",return_exchange,return_exchange,bitext|aug_typo_swap_adjacent,False,True,False,return_exchange,stg1_001357,,,,typo_swap_adjacent
aug_return_exchange_0282_stg1_001204,"нужно отправить обратный заказ, не могли бы вы мне помоочь?","нужно отправить обратный заказ, не могли бы вы мне помоочь?",return_exchange,return_exchange,bitext|aug_typo_duplicate_char,False,True,False,return_exchange,stg1_001204,,,,typo_duplicate_char
aug_return_exchange_0283_stg1_001211,Я требую возврата денег мне нужна помощь.,я требую возврата денег мне нужна помощь.,return_exchange,return_exchange,bitext|aug_punctuation_variant,False,True,False,return_exchange,stg1_001211,,,,punctuation_variant
aug_return_exchange_0284_stg1_001428,"Я хочу обменять товар, купленный онлйн, в магазине, как мне это сделать?","я хочу обменять товар, купленный онлйн, в магазине, как мне это сделать?",return_exchange,return_exchange,bitext|aug_typo_delete_char,False,True,False,return_exchange,stg1_001428,,,,typo_delete_char
aug_return_exchange_0285_stg1_001335,"Я хотел бы вернуть в магазин чертов товра, купленный в Интернете, где я могу это сделать?","я хотел бы вернуть в магазин чертов товра, купленный в интернете, где я могу это сделать?",return_exchange,return_exchange,bitext|aug_typo_swap_adjacent,False,True,False,return_exchange,stg1_001335,,,,typo_swap_adjacent
aug_return_exchange_0286_stg1_001283,"мне нужно посмотреть твои правила возвраата, где мне это сделать","мне нужно посмотреть твои правила возвраата, где мне это сделать",return_exchange,return_exchange,bitext|aug_typo_duplicate_char,False,True,False,return_exchange,stg1_001283,,,,typo_duplicate_char
aug_return_exchange_0287_stg1_001343,"Мне нужно отправить товар обрано, могу ли я получить помощь?","мне нужно отправить товар обрано, могу ли я получить помощь?",return_exchange,return_exchange,bitext|aug_typo_delete_char,False,True,False,return_exchange,stg1_001343,,,,typo_delete_char
aug_return_exchange_0288_stg1_001289,как мне вернуть некоторые чертоыв вещи вне периода возврата?,как мне вернуть некоторые чертоыв вещи вне периода возврата?,return_exchange,return_exchange,bitext|aug_typo_swap_adjacent,False,True,False,return_exchange,stg1_001289,,,,typo_swap_adjacent
aug_return_exchange_0289_stg1_001327,некоторые предметы сломаны. Можете ли вы помочь мне соообщить о них?,некоторые предметы сломаны. можете ли вы помочь мне соообщить о них?,return_exchange,return_exchange,bitext|aug_typo_duplicate_char,False,True,False,return_exchange,stg1_001327,,,,typo_duplicate_char
aug_return_exchange_0290_stg1_001306,"чертов товра в моей посылке неправильный, сообщите об этом","чертов товра в моей посылке неправильный, сообщите об этом",return_exchange,return_exchange,bitext|aug_typo_swap_adjacent,False,True,False,return_exchange,stg1_001306,,,,typo_swap_adjacent
aug_return_exchange_0291_stg1_001218,Я хочу отправить обратно чертову вещь. Не могли бы вы мне помочь?!,я хочу отправить обратно чертову вещь. не могли бы вы мне помочь?!,return_exchange,return_exchange,bitext|aug_punctuation_variant,False,True,False,return_exchange,stg1_001218,,,,punctuation_variant
aug_return_exchange_0292_stg1_001339,"мне нужно вернуть заказ, тлько где мне это сделать","мне нужно вернуть заказ, тлько где мне это сделать",return_exchange,return_exchange,bitext|aug_typo_delete_char,False,True,False,return_exchange,stg1_001339,,,,typo_delete_char
aug_return_exchange_0293_stg1_001245,"мне нужна информация о твеом чертовом процессе возврата, могу я ее получить","мне нужна информация о твеом чертовом процессе возврата, могу я ее получить",return_exchange,return_exchange,bitext|aug_typo_swap_adjacent,False,True,False,return_exchange,stg1_001245,,,,typo_swap_adjacent
aug_return_exchange_0294_stg1_001433,"мне нужно обмменять купленные вещи, как я могу это сделать","мне нужно обмменять купленные вещи, как я могу это сделать",return_exchange,return_exchange,bitext|aug_typo_duplicate_char,False,True,False,return_exchange,stg1_001433,,,,typo_duplicate_char
aug_return_exchange_0295_stg1_001457,не могли бы вы помочь мне отправить товар обратно,не могли бы вы помочь мне отправить товар обратно,return_exchange,return_exchange,bitext|aug_punctuation_variant,False,True,False,return_exchange,stg1_001457,,,,punctuation_variant
aug_return_exchange_0296_stg1_001331,"Я хочу обменять эти чертовы заказы, которые я куил, где мне это сделать?","я хочу обменять эти чертовы заказы, которые я куил, где мне это сделать?",return_exchange,return_exchange,bitext|aug_typo_delete_char,False,True,False,return_exchange,stg1_001331,,,,typo_delete_char
aug_return_exchange_0297_stg1_001401,Я ищу информацию о товем чертовом процессе возврата.,я ищу информацию о товем чертовом процессе возврата.,return_exchange,return_exchange,bitext|aug_typo_swap_adjacent,False,True,False,return_exchange,stg1_001401,,,,typo_swap_adjacent
aug_return_exchange_0298_stg1_001298,"Мне нужна помощь в обммене товара, который я купил онлайн в магазине.","мне нужна помощь в обммене товара, который я купил онлайн в магазине.",return_exchange,return_exchange,bitext|aug_typo_duplicate_char,False,True,False,return_exchange,stg1_001298,,,,typo_duplicate_char
aug_return_exchange_0299_stg1_002974,Пришёл бракованный товар!,пришёл бракованный товар!,return_exchange,return_exchange,synthetic_dataset|aug_punctuation_variant,True,True,False,return_exchange,stg1_002974,,,,punctuation_variant
aug_return_exchange_0300_stg1_001264,"нужно отправть этот чертов товар обратно, где я могу это сделать","нужно отправть этот чертов товар обратно, где я могу это сделать",return_exchange,return_exchange,bitext|aug_typo_delete_char,False,True,False,return_exchange,stg1_001264,,,,typo_delete_char
aug_return_exchange_0301_stg1_001219,"Мне нравится информаиця о товаре в магазине, где я могу его получить","мне нравится информаиця о товаре в магазине, где я могу его получить",return_exchange,return_exchange,bitext|aug_typo_swap_adjacent,False,True,False,return_exchange,stg1_001219,,,,typo_swap_adjacent
aug_return_exchange_0302_stg1_001361,"Я хочу обменять в магазине чертов товар, купленнный онлайн, как мне это сделать?","я хочу обменять в магазине чертов товар, купленнный онлайн, как мне это сделать?",return_exchange,return_exchange,bitext|aug_typo_duplicate_char,False,True,False,return_exchange,stg1_001361,,,,typo_duplicate_char
aug_return_exchange_0303_stg1_002930,Какие сроки возврата?!,какие сроки возврата?!,return_exchange,return_exchange,synthetic_dataset|aug_punctuation_variant,True,True,False,return_exchange,stg1_002930,,,,punctuation_variant
aug_return_exchange_0304_stg1_001379,"Я хочу вернуть купленный товар, мне нужна помоь","я хочу вернуть купленный товар, мне нужна помоь",return_exchange,return_exchange,bitext|aug_typo_delete_char,False,True,False,return_exchange,stg1_001379,,,,typo_delete_char
aug_return_exchange_0305_stg1_001191,помогите мне вернуть товар который я купил онлайн в магазине,помогите мне вернуть товар который я купил онлайн в магазине,return_exchange,return_exchange,bitext|aug_punctuation_variant,False,True,False,return_exchange,stg1_001191,,,,punctuation_variant
aug_return_exchange_0306_stg1_001427,"могу ли я обменять эти чертовы зказы, которые купил?","могу ли я обменять эти чертовы зказы, которые купил?",return_exchange,return_exchange,bitext|aug_typo_delete_char,False,True,False,return_exchange,stg1_001427,,,,typo_delete_char
aug_return_exchange_0307_stg1_001236,мне нужна пмоощь в обмене этого чертового товара,мне нужна пмоощь в обмене этого чертового товара,return_exchange,return_exchange,bitext|aug_typo_swap_adjacent,False,True,False,return_exchange,stg1_001236,,,,typo_swap_adjacent
aug_return_exchange_0308_stg1_001397,"Мне нужно вернутть товар онлайн, где я могу это сделать?","мне нужно вернутть товар онлайн, где я могу это сделать?",return_exchange,return_exchange,bitext|aug_typo_duplicate_char,False,True,False,return_exchange,stg1_001397,,,,typo_duplicate_char
aug_return_exchange_0309_stg1_001461,"Я хотел бы обменять товар в магазине, где я могу это сделаь?","я хотел бы обменять товар в магазине, где я могу это сделаь?",return_exchange,return_exchange,bitext|aug_typo_delete_char,False,True,False,return_exchange,stg1_001461,,,,typo_delete_char
aug_return_exchange_0310_stg1_001406,"Мне нужон получить возмещение, мне нужна помощь","мне нужон получить возмещение, мне нужна помощь",return_exchange,return_exchange,bitext|aug_typo_swap_adjacent,False,True,False,return_exchange,stg1_001406,,,,typo_swap_adjacent
aug_return_exchange_0311_stg1_001315,"Я хочу, чттобы хелп вернул чертов товар","я хочу, чттобы хелп вернул чертов товар",return_exchange,return_exchange,bitext|aug_typo_duplicate_char,False,True,False,return_exchange,stg1_001315,,,,typo_duplicate_char
aug_return_exchange_0312_stg1_001338,"нужно вернуть товары онлайн, могу ли я получить помощь","нужно вернуть товары онлайн, могу ли я получить помощь",return_exchange,return_exchange,bitext|aug_phrase_compression,False,True,False,return_exchange,stg1_001338,,,,phrase_compression
aug_return_exchange_0313_stg1_001207,чертов продукт который я получил неправильный не могли бы вы помочь мне сообщить об этом?,чертов продукт который я получил неправильный не могли бы вы помочь мне сообщить об этом?,return_exchange,return_exchange,bitext|aug_punctuation_variant,False,True,False,return_exchange,stg1_001207,,,,punctuation_variant
aug_return_exchange_0314_stg1_001443,"некоторые элеметы у меня неправильные, я хочу сообщить о них","некоторые элеметы у меня неправильные, я хочу сообщить о них",return_exchange,return_exchange,bitext|aug_typo_delete_char,False,True,False,return_exchange,stg1_001443,,,,typo_delete_char
aug_technical_issue_0001_stg1_002808,Веб-сайт не работает на моем мобильном телефоне. Можете ли вы пмоочь мне сообщить об ошибке?,веб-сайт не работает на моем мобильном телефоне. можете ли вы пмоочь мне сообщить об ошибке?,technical_issue,technical_issue,bitext|aug_typo_swap_adjacent,False,True,False,technical_issue,stg1_002808,,,,typo_swap_adjacent
aug_technical_issue_0002_stg1_002813,сайт не работает на моем устройстве. Моожете ли вы помочь мне сообщить о проблеме?,сайт не работает на моем устройстве. моожете ли вы помочь мне сообщить о проблеме?,technical_issue,technical_issue,bitext|aug_typo_duplicate_char,False,True,False,technical_issue,stg1_002813,,,,typo_duplicate_char
aug_technical_issue_0003_stg1_002879,"Я не могу заставить приложение работать на своем мобильном телефоне, помогите мне сообщить о чертовой проблеме?","я не могу заставить приложение работать на своем мобильном телефоне, помогите мне сообщить о чертовой проблеме?",technical_issue,technical_issue,bitext|aug_punctuation_variant,False,True,False,technical_issue,stg1_002879,,,,punctuation_variant
aug_technical_issue_0004_stg1_002760,"Я бы хотел воспользоваться твоим чертоым приложением, где мне это сделать?","я бы хотел воспользоваться твоим чертоым приложением, где мне это сделать?",technical_issue,technical_issue,bitext|aug_typo_delete_char,False,True,False,technical_issue,stg1_002760,,,,typo_delete_char
aug_technical_issue_0005_stg1_002855,"Аунна, воспользуйся твоим чертовым приложением, могу ли я получить помоьщ?","аунна, воспользуйся твоим чертовым приложением, могу ли я получить помоьщ?",technical_issue,technical_issue,bitext|aug_typo_swap_adjacent,False,True,False,technical_issue,stg1_002855,,,,typo_swap_adjacent
aug_technical_issue_0006_stg1_002665,"сайт не работает на мооем мобильном телефоне, помогите мне сообщить о проблеме","сайт не работает на мооем мобильном телефоне, помогите мне сообщить о проблеме",technical_issue,technical_issue,bitext|aug_typo_duplicate_char,False,True,False,technical_issue,stg1_002665,,,,typo_duplicate_char
aug_technical_issue_0007_stg1_002860,"нужно сообщить о проблеме с приложением, где это сделать?","нужно сообщить о проблеме с приложением, где это сделать?",technical_issue,technical_issue,bitext|aug_phrase_compression,False,True,False,technical_issue,stg1_002860,,,,phrase_compression
aug_technical_issue_0008_stg1_002744,"Я бы хотел использовать твое мобильное приложение, как я могу это сделать?!","я бы хотел использовать твое мобильное приложение, как я могу это сделать?!",technical_issue,technical_issue,bitext|aug_punctuation_variant,False,True,False,technical_issue,stg1_002744,,,,punctuation_variant
aug_technical_issue_0009_stg1_002747,"мобильное приложение не работает, мне нужна помощь, чтобы сообщить об этой чертовой прблеме","мобильное приложение не работает, мне нужна помощь, чтобы сообщить об этой чертовой прблеме",technical_issue,technical_issue,bitext|aug_typo_delete_char,False,True,False,technical_issue,stg1_002747,,,,typo_delete_char
aug_technical_issue_0010_stg1_002858,"Я бы хотел использовать ваше мобильное приолжение, могу ли я получить помощь?","я бы хотел использовать ваше мобильное приолжение, могу ли я получить помощь?",technical_issue,technical_issue,bitext|aug_typo_swap_adjacent,False,True,False,technical_issue,stg1_002858,,,,typo_swap_adjacent
aug_technical_issue_0011_stg1_002685,"сайт не работает на моем мобильном телефоне, помоггите мне сообщить о чертовой проблеме","сайт не работает на моем мобильном телефоне, помоггите мне сообщить о чертовой проблеме",technical_issue,technical_issue,bitext|aug_typo_duplicate_char,False,True,False,technical_issue,stg1_002685,,,,typo_duplicate_char
aug_technical_issue_0012_stg1_002877,"я не могу заставить приложение работать на своем компьютере, можно ли сообщить о проблеме","я не могу заставить приложение работать на своем компьютере, можно ли сообщить о проблеме",technical_issue,technical_issue,bitext|aug_phrase_compression,False,True,False,technical_issue,stg1_002877,,,,phrase_compression
aug_technical_issue_0013_stg1_002652,как пользоваться вашим мобильным приложением??,как пользоваться вашим мобильным приложением??,technical_issue,technical_issue,bitext|aug_punctuation_variant,False,True,False,technical_issue,stg1_002652,,,,punctuation_variant
aug_technical_issue_0014_stg1_002815,"Я бы хотел исппользовать ваше мобильное приложение, помогите мне.","я бы хотел исппользовать ваше мобильное приложение, помогите мне.",technical_issue,technical_issue,bitext|aug_typo_duplicate_char,False,True,False,technical_issue,stg1_002815,,,,typo_duplicate_char
aug_technical_issue_0015_stg1_002830,"мобильное приложение не работает на моем компьютере, можете помочь мне сообщить об ошибке?","мобильное приложение не работает на моем компьютере, можете помочь мне сообщить об ошибке?",technical_issue,technical_issue,bitext|aug_phrase_compression,False,True,False,technical_issue,stg1_002830,,,,phrase_compression
aug_technical_issue_0016_stg1_002724,"сайт не работает на моем компьютере, мне нужна помощь, чтобы сообщить об ошибке?","сайт не работает на моем компьютере, мне нужна помощь, чтобы сообщить об ошибке?",technical_issue,technical_issue,bitext|aug_punctuation_variant,False,True,False,technical_issue,stg1_002724,,,,punctuation_variant
aug_technical_issue_0017_stg1_002676,"Я хотел бы использовать ваше мобильное приложеие, вы можете мне помочь?","я хотел бы использовать ваше мобильное приложеие, вы можете мне помочь?",technical_issue,technical_issue,bitext|aug_typo_delete_char,False,True,False,technical_issue,stg1_002676,,,,typo_delete_char
aug_technical_issue_0018_stg1_002810,"приложение не работает на моем планшете, можно ли сообщить о прболеме?","приложение не работает на моем планшете, можно ли сообщить о прболеме?",technical_issue,technical_issue,bitext|aug_typo_swap_adjacent,False,True,False,technical_issue,stg1_002810,,,,typo_swap_adjacent
aug_technical_issue_0019_stg1_002835,"мне нужно сообщить о проблеме на сайте, где мне это сдделать","мне нужно сообщить о проблеме на сайте, где мне это сдделать",technical_issue,technical_issue,bitext|aug_typo_duplicate_char,False,True,False,technical_issue,stg1_002835,,,,typo_duplicate_char
aug_technical_issue_0020_stg1_002805,"нужно использовать ваше приложение, где это сделать?","нужно использовать ваше приложение, где это сделать?",technical_issue,technical_issue,bitext|aug_punctuation_variant,False,True,False,technical_issue,stg1_002805,,,,punctuation_variant
aug_technical_issue_0021_stg1_002643,"сайт не работает на моем утройстве, мне нужно сообщить о проблеме","сайт не работает на моем утройстве, мне нужно сообщить о проблеме",technical_issue,technical_issue,bitext|aug_typo_delete_char,False,True,False,technical_issue,stg1_002643,,,,typo_delete_char
aug_technical_issue_0022_stg1_002895,"Я хочу воспользоваться твоим чертовым приложением, черт взоьми.","я хочу воспользоваться твоим чертовым приложением, черт взоьми.",technical_issue,technical_issue,bitext|aug_typo_swap_adjacent,False,True,False,technical_issue,stg1_002895,,,,typo_swap_adjacent
aug_technical_issue_0023_stg1_002825,"Я бы хотел использоввать твое чертово мобильное приложение, можешь мне помочь?","я бы хотел использоввать твое чертово мобильное приложение, можешь мне помочь?",technical_issue,technical_issue,bitext|aug_typo_duplicate_char,False,True,False,technical_issue,stg1_002825,,,,typo_duplicate_char
aug_technical_issue_0024_stg1_002726,хочу воспользоваться этим чертовым приложением,хочу воспользоваться этим чертовым приложением,technical_issue,technical_issue,bitext|aug_phrase_compression,False,True,False,technical_issue,stg1_002726,,,,phrase_compression
aug_technical_issue_0025_stg1_002649,"Я хочу воспользоваться твоим чертовым приложением, как это сделать??","я хочу воспользоваться твоим чертовым приложением, как это сделать??",technical_issue,technical_issue,bitext|aug_punctuation_variant,False,True,False,technical_issue,stg1_002649,,,,punctuation_variant
aug_technical_issue_0026_stg1_002863,"я не могу заставить приложение работать на своем компьютере, мне нужо сообщить о чертовой проблеме","я не могу заставить приложение работать на своем компьютере, мне нужо сообщить о чертовой проблеме",technical_issue,technical_issue,bitext|aug_typo_delete_char,False,True,False,technical_issue,stg1_002863,,,,typo_delete_char
aug_technical_issue_0027_stg1_002737,"Я бы хотел воспользоваться твоим чертовым мобильным приложением, монжо мне помочь?","я бы хотел воспользоваться твоим чертовым мобильным приложением, монжо мне помочь?",technical_issue,technical_issue,bitext|aug_typo_swap_adjacent,False,True,False,technical_issue,stg1_002737,,,,typo_swap_adjacent
aug_technical_issue_0028_stg1_002881,"Я не моггу заставить сайт работать на своем телефоне, мне нужна помощь, чтобы сообщить об ошибке","я не моггу заставить сайт работать на своем телефоне, мне нужна помощь, чтобы сообщить об ошибке",technical_issue,technical_issue,bitext|aug_typo_duplicate_char,False,True,False,technical_issue,stg1_002881,,,,typo_duplicate_char
aug_technical_issue_0029_stg1_002894,"приложение не работает на моем компьютере, помогите, чтобы повторить ошибку","приложение не работает на моем компьютере, помогите, чтобы повторить ошибку",technical_issue,technical_issue,bitext|aug_phrase_compression,False,True,False,technical_issue,stg1_002894,,,,phrase_compression
aug_technical_issue_0030_stg1_002694,"Мне нужно использовать ваше мобильное приложение, где мне это сделать","мне нужно использовать ваше мобильное приложение, где мне это сделать",technical_issue,technical_issue,bitext|aug_punctuation_variant,False,True,False,technical_issue,stg1_002694,,,,punctuation_variant
aug_technical_issue_0031_stg1_002901,мобильное приложение не работает на моем устройстве. Помогите мне соощить о проблеме.,мобильное приложение не работает на моем устройстве. помогите мне соощить о проблеме.,technical_issue,technical_issue,bitext|aug_typo_delete_char,False,True,False,technical_issue,stg1_002901,,,,typo_delete_char
aug_technical_issue_0032_stg1_002627,Я бы хотел воспользоваться твоим чертовым мобильнмы приложением.,я бы хотел воспользоваться твоим чертовым мобильнмы приложением.,technical_issue,technical_issue,bitext|aug_typo_swap_adjacent,False,True,False,technical_issue,stg1_002627,,,,typo_swap_adjacent
aug_technical_issue_0033_stg1_002768,я не могу застаавить приложение работать на моем компьютере сообщить о чертовой проблеме,я не могу застаавить приложение работать на моем компьютере сообщить о чертовой проблеме,technical_issue,technical_issue,bitext|aug_typo_duplicate_char,False,True,False,technical_issue,stg1_002768,,,,typo_duplicate_char
aug_technical_issue_0034_stg1_002638,"хочу воспользоваться твоим чертовым мобильным приложением, можно ли получить помощь?","хочу воспользоваться твоим чертовым мобильным приложением, можно ли получить помощь?",technical_issue,technical_issue,bitext|aug_phrase_compression,False,True,False,technical_issue,stg1_002638,,,,phrase_compression
aug_technical_issue_0035_stg1_002690,"приложение не работает на моем телефоне, я должен сообщить об этой чертовой проблеме!","приложение не работает на моем телефоне, я должен сообщить об этой чертовой проблеме!",technical_issue,technical_issue,bitext|aug_punctuation_variant,False,True,False,technical_issue,stg1_002690,,,,punctuation_variant
aug_technical_issue_0036_stg1_002816,"сайт не работает на моем мобильном телефоне, как мне сообщить об этой четовой проблеме?","сайт не работает на моем мобильном телефоне, как мне сообщить об этой четовой проблеме?",technical_issue,technical_issue,bitext|aug_typo_delete_char,False,True,False,technical_issue,stg1_002816,,,,typo_delete_char
aug_technical_issue_0037_stg1_002876,"я не могу заставить приложение работать на своеем компьютере, мне нужно сообщить о проблеме","я не могу заставить приложение работать на своеем компьютере, мне нужно сообщить о проблеме",technical_issue,technical_issue,bitext|aug_typo_duplicate_char,False,True,False,technical_issue,stg1_002876,,,,typo_duplicate_char
aug_technical_issue_0038_stg1_002779,"хочу воспользоваться твоим чертовым мобильным приложением, ты мне поможешь?","хочу воспользоваться твоим чертовым мобильным приложением, ты мне поможешь?",technical_issue,technical_issue,bitext|aug_phrase_compression,False,True,False,technical_issue,stg1_002779,,,,phrase_compression
aug_technical_issue_0039_stg1_002865,"сайт не работает на моем телефоне, как сообщить о проблеме!","сайт не работает на моем телефоне, как сообщить о проблеме!",technical_issue,technical_issue,bitext|aug_punctuation_variant,False,True,False,technical_issue,stg1_002865,,,,punctuation_variant
aug_technical_issue_0040_stg1_002658,"Мне нужно вспользоваться твоим чертовым мобильным приложением, как мне это сделать?","мне нужно вспользоваться твоим чертовым мобильным приложением, как мне это сделать?",technical_issue,technical_issue,bitext|aug_typo_delete_char,False,True,False,technical_issue,stg1_002658,,,,typo_delete_char
aug_technical_issue_0041_stg1_002875,"сайт не работаает на моем мобильном телефоне, как я могу сообщить о проблеме?","сайт не работаает на моем мобильном телефоне, как я могу сообщить о проблеме?",technical_issue,technical_issue,bitext|aug_typo_duplicate_char,False,True,False,technical_issue,stg1_002875,,,,typo_duplicate_char
aug_technical_issue_0042_stg1_002716,"Я хочу использовать ваше приложение, можете мне помочь?","я хочу использовать ваше приложение, можете мне помочь?",technical_issue,technical_issue,bitext|aug_phrase_compression,False,True,False,technical_issue,stg1_002716,,,,phrase_compression
aug_technical_issue_0043_stg1_002867,"приложение не работает, мне нужна помощь, чтобы сообщить о чертовой проблеме!","приложение не работает, мне нужна помощь, чтобы сообщить о чертовой проблеме!",technical_issue,technical_issue,bitext|aug_punctuation_variant,False,True,False,technical_issue,stg1_002867,,,,punctuation_variant
aug_technical_issue_0044_stg1_002804,"Я хочу воспользоваться твоим чертовым мобильным прилжением, где мне это сделать?","я хочу воспользоваться твоим чертовым мобильным прилжением, где мне это сделать?",technical_issue,technical_issue,bitext|aug_typo_delete_char,False,True,False,technical_issue,stg1_002804,,,,typo_delete_char
aug_technical_issue_0045_stg1_002755,"Мне бы хотелось воспользоваться твоим чертовым мобильным приложнеием, ты мне поможешь?","мне бы хотелось воспользоваться твоим чертовым мобильным приложнеием, ты мне поможешь?",technical_issue,technical_issue,bitext|aug_typo_swap_adjacent,False,True,False,technical_issue,stg1_002755,,,,typo_swap_adjacent
aug_technical_issue_0046_stg1_002682,приложение не работает на моем Mac. Не моггли бы вы помочь мне сообщить о проблеме?,приложение не работает на моем mac. не моггли бы вы помочь мне сообщить о проблеме?,technical_issue,technical_issue,bitext|aug_typo_duplicate_char,False,True,False,technical_issue,stg1_002682,,,,typo_duplicate_char
aug_technical_issue_0047_stg1_002688,Я не могу заставить сайт работать на своем компьютере. Не могли бы вы помочь мне сообщить о чертовой проблеме??,я не могу заставить сайт работать на своем компьютере. не могли бы вы помочь мне сообщить о чертовой проблеме??,technical_issue,technical_issue,bitext|aug_punctuation_variant,False,True,False,technical_issue,stg1_002688,,,,punctuation_variant
aug_technical_issue_0048_stg1_002708,"Я хотел бы сообщить о проблеме с приложением, помоогите мне.","я хотел бы сообщить о проблеме с приложением, помоогите мне.",technical_issue,technical_issue,bitext|aug_typo_duplicate_char,False,True,False,technical_issue,stg1_002708,,,,typo_duplicate_char
aug_technical_issue_0049_stg1_002697,"я не могу заставить сайт работать, как мне сообщить об ошибке!","я не могу заставить сайт работать, как мне сообщить об ошибке!",technical_issue,technical_issue,bitext|aug_punctuation_variant,False,True,False,technical_issue,stg1_002697,,,,punctuation_variant
aug_technical_issue_0050_stg1_002847,"Я бы хотел воспользоваться твоим чертовым приложением, нужно ли это делаь?","я бы хотел воспользоваться твоим чертовым приложением, нужно ли это делаь?",technical_issue,technical_issue,bitext|aug_typo_delete_char,False,True,False,technical_issue,stg1_002847,,,,typo_delete_char
aug_technical_issue_0051_stg1_002870,"сайт не работает, я хотел бы сообщить о пробблеме","сайт не работает, я хотел бы сообщить о пробблеме",technical_issue,technical_issue,bitext|aug_typo_duplicate_char,False,True,False,technical_issue,stg1_002870,,,,typo_duplicate_char
aug_technical_issue_0052_stg1_002720,"мобильное приложение не работает на моем телефоне, можно ли сообщить о проблеме?","мобильное приложение не работает на моем телефоне, можно ли сообщить о проблеме?",technical_issue,technical_issue,bitext|aug_phrase_compression,False,True,False,technical_issue,stg1_002720,,,,phrase_compression
aug_technical_issue_0053_stg1_002648,"сайт не работает на моем мобильном телефоне, мне нужна помощь, чтобы исправить ошибку?","сайт не работает на моем мобильном телефоне, мне нужна помощь, чтобы исправить ошибку?",technical_issue,technical_issue,bitext|aug_punctuation_variant,False,True,False,technical_issue,stg1_002648,,,,punctuation_variant
aug_technical_issue_0054_stg1_002660,"у меня чертовски техническая проблема с приложением на моем устройсте, мне нужна помощь, чтобы сообщить об этом","у меня чертовски техническая проблема с приложением на моем устройсте, мне нужна помощь, чтобы сообщить об этом",technical_issue,technical_issue,bitext|aug_typo_delete_char,False,True,False,technical_issue,stg1_002660,,,,typo_delete_char
aug_technical_issue_0055_stg1_002838,"Я хотел бы испольозвать ваше мобильное приложение, не могли бы вы мне помочь?","я хотел бы испольозвать ваше мобильное приложение, не могли бы вы мне помочь?",technical_issue,technical_issue,bitext|aug_typo_swap_adjacent,False,True,False,technical_issue,stg1_002838,,,,typo_swap_adjacent
aug_technical_issue_0056_stg1_002769,"хочу использовать твое мобильное приложениие, помоги мне","хочу использовать твое мобильное приложениие, помоги мне",technical_issue,technical_issue,bitext|aug_typo_duplicate_char,False,True,False,technical_issue,stg1_002769,,,,typo_duplicate_char
aug_technical_issue_0057_stg1_002782,"я не могу заставить сайт работать на своем компьютере, помогите, чтобы сообщить о чертовой проблеме","я не могу заставить сайт работать на своем компьютере, помогите, чтобы сообщить о чертовой проблеме",technical_issue,technical_issue,bitext|aug_phrase_compression,False,True,False,technical_issue,stg1_002782,,,,phrase_compression
aug_technical_issue_0058_stg1_002898,хочу использовать твой azpp где мне это сделать?,хочу использовать твой azpp где мне это сделать?,technical_issue,technical_issue,bitext|aug_punctuation_variant,False,True,False,technical_issue,stg1_002898,,,,punctuation_variant
aug_technical_issue_0059_stg1_002678,"мобильное приложение не работает на моем Mac, мне нужна помощь, чтоыб сообщить об этой чертовой ошибке","мобильное приложение не работает на моем mac, мне нужна помощь, чтоыб сообщить об этой чертовой ошибке",technical_issue,technical_issue,bitext|aug_typo_swap_adjacent,False,True,False,technical_issue,stg1_002678,,,,typo_swap_adjacent
aug_technical_issue_0060_stg1_002864,"приложение не работает на мооем мобильном телефоне, могу ли я сообщить об этой чертовой проблеме?","приложение не работает на мооем мобильном телефоне, могу ли я сообщить об этой чертовой проблеме?",technical_issue,technical_issue,bitext|aug_typo_duplicate_char,False,True,False,technical_issue,stg1_002864,,,,typo_duplicate_char
aug_technical_issue_0061_stg1_002712,"Я хотел бы использовать ваше приложение, могу ли я получить помощь?!","я хотел бы использовать ваше приложение, могу ли я получить помощь?!",technical_issue,technical_issue,bitext|aug_punctuation_variant,False,True,False,technical_issue,stg1_002712,,,,punctuation_variant
aug_technical_issue_0062_stg1_002734,"я бы хотел исопльзовать приложение ru, как это сделать","я бы хотел исопльзовать приложение ru, как это сделать",technical_issue,technical_issue,bitext|aug_typo_swap_adjacent,False,True,False,technical_issue,stg1_002734,,,,typo_swap_adjacent
aug_technical_issue_0063_stg1_002892,"Я не могу заставить сайт работаать на своем телефоне, мне нужна помощь, чтобы сообщить о проблеме","я не могу заставить сайт работаать на своем телефоне, мне нужна помощь, чтобы сообщить о проблеме",technical_issue,technical_issue,bitext|aug_typo_duplicate_char,False,True,False,technical_issue,stg1_002892,,,,typo_duplicate_char
aug_technical_issue_0064_stg1_002791,"хочу использовать твое приложение, может мне помочь!","хочу использовать твое приложение, может мне помочь!",technical_issue,technical_issue,bitext|aug_punctuation_variant,False,True,False,technical_issue,stg1_002791,,,,punctuation_variant
aug_technical_issue_0065_stg1_003016,Приложение вылетет,приложение вылетет,technical_issue,technical_issue,synthetic_dataset|aug_typo_delete_char,True,True,False,technical_issue,stg1_003016,,,,typo_delete_char
aug_technical_issue_0066_stg1_002846,"Я бы хотел воспользоваться твоим чертовым пирложением, как мне это сделать?","я бы хотел воспользоваться твоим чертовым пирложением, как мне это сделать?",technical_issue,technical_issue,bitext|aug_typo_swap_adjacent,False,True,False,technical_issue,stg1_002846,,,,typo_swap_adjacent
aug_technical_issue_0067_stg1_002845,"я не могу заставить саййт работать на своем компьютере, могу ли я сообщить об ошибке","я не могу заставить саййт работать на своем компьютере, могу ли я сообщить об ошибке",technical_issue,technical_issue,bitext|aug_typo_duplicate_char,False,True,False,technical_issue,stg1_002845,,,,typo_duplicate_char
aug_technical_issue_0068_stg1_002764,Я бы хотел использовать ваше мобильное приложение?,я бы хотел использовать ваше мобильное приложение?,technical_issue,technical_issue,bitext|aug_punctuation_variant,False,True,False,technical_issue,stg1_002764,,,,punctuation_variant
aug_technical_issue_0069_stg1_002662,"Я бы хотел восользоваться твоим чертовым мобильным приложением, могу ли я получить помощь?","я бы хотел восользоваться твоим чертовым мобильным приложением, могу ли я получить помощь?",technical_issue,technical_issue,bitext|aug_typo_delete_char,False,True,False,technical_issue,stg1_002662,,,,typo_delete_char
aug_technical_issue_0070_stg1_002821,"Мне нужно использовать ваше мобилньое приложение, как это сделать?","мне нужно использовать ваше мобилньое приложение, как это сделать?",technical_issue,technical_issue,bitext|aug_typo_swap_adjacent,False,True,False,technical_issue,stg1_002821,,,,typo_swap_adjacent
aug_technical_issue_0071_stg1_002702,"Я хотел бы использовать ваше мообильное приложение, как мне это сделать?","я хотел бы использовать ваше мообильное приложение, как мне это сделать?",technical_issue,technical_issue,bitext|aug_typo_duplicate_char,False,True,False,technical_issue,stg1_002702,,,,typo_duplicate_char
aug_technical_issue_0072_stg1_002818,"я получаю сообщение об ошибке в приложении на своем компьютере, как мне сообщить об этом?","я получаю сообщение об ошибке в приложении на своем компьютере, как мне сообщить об этом?",technical_issue,technical_issue,bitext|aug_punctuation_variant,False,True,False,technical_issue,stg1_002818,,,,punctuation_variant
aug_technical_issue_0073_stg1_002866,мобильное приложение не работает на моем компютере. Не могли бы вы помочь мне сообщить о проблеме?,мобильное приложение не работает на моем компютере. не могли бы вы помочь мне сообщить о проблеме?,technical_issue,technical_issue,bitext|aug_typo_delete_char,False,True,False,technical_issue,stg1_002866,,,,typo_delete_char
aug_technical_issue_0074_stg1_002897,"я не могу заставвить приложение работать на своем планшете, можно ли сообщить об ошибке","я не могу заставвить приложение работать на своем планшете, можно ли сообщить об ошибке",technical_issue,technical_issue,bitext|aug_typo_duplicate_char,False,True,False,technical_issue,stg1_002897,,,,typo_duplicate_char
aug_technical_issue_0075_stg1_002785,Я хочу сообщить о технической проблеме с приложением. помогите.,я хочу сообщить о технической проблеме с приложением. помогите.,technical_issue,technical_issue,bitext|aug_phrase_compression,False,True,False,technical_issue,stg1_002785,,,,phrase_compression
aug_technical_issue_0076_stg1_002888,я не могу заставить сайт работать мне нужно сообщить об ошибке,я не могу заставить сайт работать мне нужно сообщить об ошибке,technical_issue,technical_issue,bitext|aug_punctuation_variant,False,True,False,technical_issue,stg1_002888,,,,punctuation_variant
aug_technical_issue_0077_stg1_002650,"сайт не работает на моем планете, помогите, сообщите об ошибке","сайт не работает на моем планете, помогите, сообщите об ошибке",technical_issue,technical_issue,bitext|aug_typo_delete_char,False,True,False,technical_issue,stg1_002650,,,,typo_delete_char
aug_technical_issue_0078_stg1_002727,"Мобильное приложение не работает на моем Mac, мне нужон сообщить о чертовой проблеме","мобильное приложение не работает на моем mac, мне нужон сообщить о чертовой проблеме",technical_issue,technical_issue,bitext|aug_typo_swap_adjacent,False,True,False,technical_issue,stg1_002727,,,,typo_swap_adjacent
aug_technical_issue_0079_stg1_002889,У мееня возникла техническая проблема с приложением на моем ПК. Не могли бы вы сообщить об этом?,у мееня возникла техническая проблема с приложением на моем пк. не могли бы вы сообщить об этом?,technical_issue,technical_issue,bitext|aug_typo_duplicate_char,False,True,False,technical_issue,stg1_002889,,,,typo_duplicate_char
aug_technical_issue_0080_stg1_002661,"приложение не работает на моем компьютере, помогите, чтобы сообщить о проблеме","приложение не работает на моем компьютере, помогите, чтобы сообщить о проблеме",technical_issue,technical_issue,bitext|aug_phrase_compression,False,True,False,technical_issue,stg1_002661,,,,phrase_compression
aug_technical_issue_0081_stg1_002780,"Я бы хотел использовать ваше приложение, мы поможем мне!","я бы хотел использовать ваше приложение, мы поможем мне!",technical_issue,technical_issue,bitext|aug_punctuation_variant,False,True,False,technical_issue,stg1_002780,,,,punctuation_variant
aug_technical_issue_0082_stg1_002885,как испоьзовать ваше приложение,как испоьзовать ваше приложение,technical_issue,technical_issue,bitext|aug_typo_delete_char,False,True,False,technical_issue,stg1_002885,,,,typo_delete_char
aug_technical_issue_0083_stg1_002824,"Мобильное приложение не работает на моем Mac, можно ли сообщить об этой чертовой пролбеме?","мобильное приложение не работает на моем mac, можно ли сообщить об этой чертовой пролбеме?",technical_issue,technical_issue,bitext|aug_typo_swap_adjacent,False,True,False,technical_issue,stg1_002824,,,,typo_swap_adjacent
aug_technical_issue_0084_stg1_002683,"Я бы хотел вооспользоваться твоим чертовым приложением, можешь мне помочь.","я бы хотел вооспользоваться твоим чертовым приложением, можешь мне помочь.",technical_issue,technical_issue,bitext|aug_typo_duplicate_char,False,True,False,technical_issue,stg1_002683,,,,typo_duplicate_char
aug_technical_issue_0085_stg1_002911,Баг при оформлении заказа?,баг при оформлении заказа?,technical_issue,technical_issue,synthetic_dataset|aug_punctuation_variant,True,True,False,technical_issue,stg1_002911,,,,punctuation_variant
aug_technical_issue_0086_stg1_002679,"Я бы хотел воспользоваться твоим чертовым приожением, мне нужна помощь","я бы хотел воспользоваться твоим чертовым приожением, мне нужна помощь",technical_issue,technical_issue,bitext|aug_typo_delete_char,False,True,False,technical_issue,stg1_002679,,,,typo_delete_char
aug_technical_issue_0087_stg1_002703,приложнеие не работает на моем мобильном телефоне. Не могли бы вы помочь мне сообщить об ошибке?,приложнеие не работает на моем мобильном телефоне. не могли бы вы помочь мне сообщить об ошибке?,technical_issue,technical_issue,bitext|aug_typo_swap_adjacent,False,True,False,technical_issue,stg1_002703,,,,typo_swap_adjacent
aug_technical_issue_0088_stg1_002761,"Я не могу заставить сайт работатть на своем компьютере, как сообщить о проблеме?","я не могу заставить сайт работатть на своем компьютере, как сообщить о проблеме?",technical_issue,technical_issue,bitext|aug_typo_duplicate_char,False,True,False,technical_issue,stg1_002761,,,,typo_duplicate_char
aug_technical_issue_0089_stg1_002696,"я не могу заставить сайт работать на своем планшете, нужно сообщить об ошибке","я не могу заставить сайт работать на своем планшете, нужно сообщить об ошибке",technical_issue,technical_issue,bitext|aug_phrase_compression,False,True,False,technical_issue,stg1_002696,,,,phrase_compression
aug_technical_issue_0090_stg1_002899,"сайт не работает, помогите мне сообщить об ошибке?","сайт не работает, помогите мне сообщить об ошибке?",technical_issue,technical_issue,bitext|aug_punctuation_variant,False,True,False,technical_issue,stg1_002899,,,,punctuation_variant
aug_technical_issue_0091_stg1_002820,"приложение не рабтает на моем мобильном телефоне, можно ли сообщить о проблеме","приложение не рабтает на моем мобильном телефоне, можно ли сообщить о проблеме",technical_issue,technical_issue,bitext|aug_typo_delete_char,False,True,False,technical_issue,stg1_002820,,,,typo_delete_char
aug_technical_issue_0092_stg1_002896,"приложение не работает на моем мобильном телефоне, можете ли вы помчоь мне сообщить об ошибке?","приложение не работает на моем мобильном телефоне, можете ли вы помчоь мне сообщить об ошибке?",technical_issue,technical_issue,bitext|aug_typo_swap_adjacent,False,True,False,technical_issue,stg1_002896,,,,typo_swap_adjacent
aug_technical_issue_0093_stg1_002762,"приложение не работает на моем устройстве, мне нужно сообщщить о проблеме","приложение не работает на моем устройстве, мне нужно сообщщить о проблеме",technical_issue,technical_issue,bitext|aug_typo_duplicate_char,False,True,False,technical_issue,stg1_002762,,,,typo_duplicate_char
aug_technical_issue_0094_stg1_002843,"хочу использовать твое чертово мобильное приложение, как мне это сделать?","хочу использовать твое чертово мобильное приложение, как мне это сделать?",technical_issue,technical_issue,bitext|aug_phrase_compression,False,True,False,technical_issue,stg1_002843,,,,phrase_compression
aug_technical_issue_0095_stg1_003013,Ошибка при регистрации?,ошибка при регистрации?,technical_issue,technical_issue,synthetic_dataset|aug_punctuation_variant,True,True,False,technical_issue,stg1_003013,,,,punctuation_variant
aug_technical_issue_0096_stg1_002878,"веб-сайт не работает на моем устройстве, мне нужна помощь, чтобы сообщить об оибке","веб-сайт не работает на моем устройстве, мне нужна помощь, чтобы сообщить об оибке",technical_issue,technical_issue,bitext|aug_typo_delete_char,False,True,False,technical_issue,stg1_002878,,,,typo_delete_char
aug_technical_issue_0097_stg1_002828,"Я не могу зсатавить сайт работать на своем планшете, сообщите об ошибке","я не могу зсатавить сайт работать на своем планшете, сообщите об ошибке",technical_issue,technical_issue,bitext|aug_typo_swap_adjacent,False,True,False,technical_issue,stg1_002828,,,,typo_swap_adjacent
aug_technical_issue_0098_stg1_002850,"мне нужно сообщить о чертовой проблеме на саййте, как мне это сделать?","мне нужно сообщить о чертовой проблеме на саййте, как мне это сделать?",technical_issue,technical_issue,bitext|aug_typo_duplicate_char,False,True,False,technical_issue,stg1_002850,,,,typo_duplicate_char
aug_technical_issue_0099_stg1_002803,"сайт не работает на моем мобильном телефоне, нужно сообщить о проблеме","сайт не работает на моем мобильном телефоне, нужно сообщить о проблеме",technical_issue,technical_issue,bitext|aug_phrase_compression,False,True,False,technical_issue,stg1_002803,,,,phrase_compression
aug_technical_issue_0100_stg1_002874,сайт не работает на моем компьютере можно ли сообщить об этой проблеме?,сайт не работает на моем компьютере можно ли сообщить об этой проблеме?,technical_issue,technical_issue,bitext|aug_punctuation_variant,False,True,False,technical_issue,stg1_002874,,,,punctuation_variant
aug_technical_issue_0101_stg1_002772,приложение не работает на моем мобильном теефоне. Помогите мне сообщить о чертовой проблеме.,приложение не работает на моем мобильном теефоне. помогите мне сообщить о чертовой проблеме.,technical_issue,technical_issue,bitext|aug_typo_delete_char,False,True,False,technical_issue,stg1_002772,,,,typo_delete_char
aug_technical_issue_0102_stg1_002742,"Я хотел бы использовать ваше мобильное прилжоение, мне нужна помощь","я хотел бы использовать ваше мобильное прилжоение, мне нужна помощь",technical_issue,technical_issue,bitext|aug_typo_swap_adjacent,False,True,False,technical_issue,stg1_002742,,,,typo_swap_adjacent
aug_technical_issue_0103_stg1_002797,"мобильное приложение не работает на моем устройстве, мне нужна помощь, чтообы сообщить о проблеме","мобильное приложение не работает на моем устройстве, мне нужна помощь, чтообы сообщить о проблеме",technical_issue,technical_issue,bitext|aug_typo_duplicate_char,False,True,False,technical_issue,stg1_002797,,,,typo_duplicate_char
aug_technical_issue_0104_stg1_002717,Я бы хотел использовать твое чертово мобильное приложение оно мне поможет,я бы хотел использовать твое чертово мобильное приложение оно мне поможет,technical_issue,technical_issue,bitext|aug_punctuation_variant,False,True,False,technical_issue,stg1_002717,,,,punctuation_variant
aug_technical_issue_0105_stg1_002715,"Я не могу заставить приложенние работать на своем планшете, как мне сообщить об ошибке?","я не могу заставить приложенние работать на своем планшете, как мне сообщить об ошибке?",technical_issue,technical_issue,bitext|aug_typo_duplicate_char,False,True,False,technical_issue,stg1_002715,,,,typo_duplicate_char
aug_technical_issue_0106_stg1_002833,мобильное приложение не работает на моем компьютере как мне сообщить о проблеме,мобильное приложение не работает на моем компьютере как мне сообщить о проблеме,technical_issue,technical_issue,bitext|aug_punctuation_variant,False,True,False,technical_issue,stg1_002833,,,,punctuation_variant
aug_technical_issue_0107_stg1_002681,можо ли использовать ваше приложение?,можо ли использовать ваше приложение?,technical_issue,technical_issue,bitext|aug_typo_delete_char,False,True,False,technical_issue,stg1_002681,,,,typo_delete_char
aug_technical_issue_0108_stg1_002714,"я бы хотле использовать твое чертово приложение, где это сделать","я бы хотле использовать твое чертово приложение, где это сделать",technical_issue,technical_issue,bitext|aug_typo_swap_adjacent,False,True,False,technical_issue,stg1_002714,,,,typo_swap_adjacent
aug_technical_issue_0109_stg1_002745,Я получаю чертову ошибку в приложении на свооем телефоне. Можете ли вы помочь мне сообщить об этом?,я получаю чертову ошибку в приложении на свооем телефоне. можете ли вы помочь мне сообщить об этом?,technical_issue,technical_issue,bitext|aug_typo_duplicate_char,False,True,False,technical_issue,stg1_002745,,,,typo_duplicate_char
aug_technical_issue_0110_stg1_002831,"Я хочу воспользоваться твоим чертовым мобильным приложением, как я могу это сделать??","я хочу воспользоваться твоим чертовым мобильным приложением, как я могу это сделать??",technical_issue,technical_issue,bitext|aug_punctuation_variant,False,True,False,technical_issue,stg1_002831,,,,punctuation_variant
aug_technical_issue_0111_stg1_003035,Ошибка 500 на странце,ошибка 500 на странце,technical_issue,technical_issue,synthetic_dataset|aug_typo_delete_char,True,True,False,technical_issue,stg1_003035,,,,typo_delete_char
aug_technical_issue_0112_stg1_002636,как мне скачать ебаное прилоежние,как мне скачать ебаное прилоежние,technical_issue,technical_issue,bitext|aug_typo_swap_adjacent,False,True,False,technical_issue,stg1_002636,,,,typo_swap_adjacent
aug_technical_issue_0113_stg1_002669,можно ли купить через ваш саййт,можно ли купить через ваш саййт,technical_issue,technical_issue,bitext|aug_typo_duplicate_char,False,True,False,technical_issue,stg1_002669,,,,typo_duplicate_char
aug_technical_issue_0114_stg1_002675,"Я хотел бы сообщить о чертовой технической проблеме, помогите?","я хотел бы сообщить о чертовой технической проблеме, помогите?",technical_issue,technical_issue,bitext|aug_phrase_compression,False,True,False,technical_issue,stg1_002675,,,,phrase_compression
aug_technical_issue_0115_stg1_002753,мне нужна помощь в сообщении о технической проблеме с мобильным приложением!,мне нужна помощь в сообщении о технической проблеме с мобильным приложением!,technical_issue,technical_issue,bitext|aug_punctuation_variant,False,True,False,technical_issue,stg1_002753,,,,punctuation_variant
aug_technical_issue_0116_stg1_002653,"Я хочу испольовать ваше приложение, как это сделать?","я хочу испольовать ваше приложение, как это сделать?",technical_issue,technical_issue,bitext|aug_typo_delete_char,False,True,False,technical_issue,stg1_002653,,,,typo_delete_char
aug_technical_issue_0117_stg1_002700,"приложение не работает на моем устройстве, помогите мне сообщить о пробелме","приложение не работает на моем устройстве, помогите мне сообщить о пробелме",technical_issue,technical_issue,bitext|aug_typo_swap_adjacent,False,True,False,technical_issue,stg1_002700,,,,typo_swap_adjacent
aug_technical_issue_0118_stg1_002789,"нужно сообщить о технической проблеме с мобильным приложениием, мне поможет","нужно сообщить о технической проблеме с мобильным приложениием, мне поможет",technical_issue,technical_issue,bitext|aug_typo_duplicate_char,False,True,False,technical_issue,stg1_002789,,,,typo_duplicate_char
aug_technical_issue_0119_stg1_002689,Мне нужно использовать твое чертово мобильное приложение я получу помощь,мне нужно использовать твое чертово мобильное приложение я получу помощь,technical_issue,technical_issue,bitext|aug_punctuation_variant,False,True,False,technical_issue,stg1_002689,,,,punctuation_variant
aug_technical_issue_0120_stg1_002671,"веб-сайт не работает на моем Mac, мне нужна помощь, чтобы сообщить о порблеме","веб-сайт не работает на моем mac, мне нужна помощь, чтобы сообщить о порблеме",technical_issue,technical_issue,bitext|aug_typo_swap_adjacent,False,True,False,technical_issue,stg1_002671,,,,typo_swap_adjacent
aug_technical_issue_0121_stg1_002868,"мобильное приложение не работает на моем коммпьютере, можете ли вы помочь мне сообщить о проблеме?","мобильное приложение не работает на моем коммпьютере, можете ли вы помочь мне сообщить о проблеме?",technical_issue,technical_issue,bitext|aug_typo_duplicate_char,False,True,False,technical_issue,stg1_002868,,,,typo_duplicate_char
aug_technical_issue_0122_stg1_002672,"приложение не работает на моем мобильном телефоне, можете помочь мне сообщить о проблеме?","приложение не работает на моем мобильном телефоне, можете помочь мне сообщить о проблеме?",technical_issue,technical_issue,bitext|aug_phrase_compression,False,True,False,technical_issue,stg1_002672,,,,phrase_compression
aug_technical_issue_0123_stg1_002625,могу ли я использовать твое чертово мобильное приложение,могу ли я использовать твое чертово мобильное приложение,technical_issue,technical_issue,bitext|aug_punctuation_variant,False,True,False,technical_issue,stg1_002625,,,,punctuation_variant
aug_technical_issue_0124_stg1_002827,"Я не могу заставить приложение работаь на своем компьютере, мне нужно сообщить об ошибке","я не могу заставить приложение работаь на своем компьютере, мне нужно сообщить об ошибке",technical_issue,technical_issue,bitext|aug_typo_delete_char,False,True,False,technical_issue,stg1_002827,,,,typo_delete_char
aug_technical_issue_0125_stg1_002774,Сайт не работает на моем мобильном телефоне. Можетте ли вы помочь мне сообщить о проблеме?,сайт не работает на моем мобильном телефоне. можетте ли вы помочь мне сообщить о проблеме?,technical_issue,technical_issue,bitext|aug_typo_duplicate_char,False,True,False,technical_issue,stg1_002774,,,,typo_duplicate_char
aug_technical_issue_0126_stg1_002794,Я бы хотел использовать ваше мобильное приложение где мне это сделать?,я бы хотел использовать ваше мобильное приложение где мне это сделать?,technical_issue,technical_issue,bitext|aug_punctuation_variant,False,True,False,technical_issue,stg1_002794,,,,punctuation_variant
aug_technical_issue_0127_stg1_002893,Я бы хотл использовать ваше приложение,я бы хотл использовать ваше приложение,technical_issue,technical_issue,bitext|aug_typo_delete_char,False,True,False,technical_issue,stg1_002893,,,,typo_delete_char
aug_technical_issue_0128_stg1_002639,"Я хотел бы использовать ваше мобильное прилжоение, могу ли я получить помощь?","я хотел бы использовать ваше мобильное прилжоение, могу ли я получить помощь?",technical_issue,technical_issue,bitext|aug_typo_swap_adjacent,False,True,False,technical_issue,stg1_002639,,,,typo_swap_adjacent
aug_technical_issue_0129_stg1_002759,"Я хотел бы использовать вааше мобильное приложение, как это сделать?","я хотел бы использовать вааше мобильное приложение, как это сделать?",technical_issue,technical_issue,bitext|aug_typo_duplicate_char,False,True,False,technical_issue,stg1_002759,,,,typo_duplicate_char
aug_technical_issue_0130_stg1_002746,"Веб-сайт не работает, хочу сообщить о проблеме","веб-сайт не работает, хочу сообщить о проблеме",technical_issue,technical_issue,bitext|aug_phrase_compression,False,True,False,technical_issue,stg1_002746,,,,phrase_compression
aug_technical_issue_0131_stg1_002752,Мне нужно воспользоваться твоим чертовым мобильным приложением как я могу это сделать?,мне нужно воспользоваться твоим чертовым мобильным приложением как я могу это сделать?,technical_issue,technical_issue,bitext|aug_punctuation_variant,False,True,False,technical_issue,stg1_002752,,,,punctuation_variant
aug_technical_issue_0132_stg1_002802,"Мне нужо воспользоваться твоим чертовым мобильным приложением, где мне это сделать?","мне нужо воспользоваться твоим чертовым мобильным приложением, где мне это сделать?",technical_issue,technical_issue,bitext|aug_typo_delete_char,False,True,False,technical_issue,stg1_002802,,,,typo_delete_char
aug_technical_issue_0133_stg1_002725,"хочу воспользвоаться твоим чертовым приложением, ты мне поможешь?","хочу воспользвоаться твоим чертовым приложением, ты мне поможешь?",technical_issue,technical_issue,bitext|aug_typo_swap_adjacent,False,True,False,technical_issue,stg1_002725,,,,typo_swap_adjacent
aug_technical_issue_0134_stg1_002635,"приложение не работает на моем планшете, могу ли я сооббщить об этой чертовой проблеме","приложение не работает на моем планшете, могу ли я сооббщить об этой чертовой проблеме",technical_issue,technical_issue,bitext|aug_typo_duplicate_char,False,True,False,technical_issue,stg1_002635,,,,typo_duplicate_char
aug_technical_issue_0135_stg1_002891,"сайт не работает на моем компьютере, хочу сообщить о проблеме","сайт не работает на моем компьютере, хочу сообщить о проблеме",technical_issue,technical_issue,bitext|aug_phrase_compression,False,True,False,technical_issue,stg1_002891,,,,phrase_compression
aug_technical_issue_0136_stg1_002848,хочу использовать твое приложение где это сделать,хочу использовать твое приложение где это сделать,technical_issue,technical_issue,bitext|aug_punctuation_variant,False,True,False,technical_issue,stg1_002848,,,,punctuation_variant
aug_technical_issue_0137_stg1_002887,как купить черзе ваше приложение?,как купить черзе ваше приложение?,technical_issue,technical_issue,bitext|aug_typo_swap_adjacent,False,True,False,technical_issue,stg1_002887,,,,typo_swap_adjacent
aug_technical_issue_0138_stg1_002748,как я могу использоввать твое мобильное приложение,как я могу использоввать твое мобильное приложение,technical_issue,technical_issue,bitext|aug_typo_duplicate_char,False,True,False,technical_issue,stg1_002748,,,,typo_duplicate_char
aug_technical_issue_0139_stg1_002837,"Я хочу использовать ваше мобильное приложение, где мне это сделать?!","я хочу использовать ваше мобильное приложение, где мне это сделать?!",technical_issue,technical_issue,bitext|aug_punctuation_variant,False,True,False,technical_issue,stg1_002837,,,,punctuation_variant
aug_technical_issue_0140_stg1_002646,"Приложение не работает на моем устройстве, мне нужно собощить об ошибке","приложение не работает на моем устройстве, мне нужно собощить об ошибке",technical_issue,technical_issue,bitext|aug_typo_swap_adjacent,False,True,False,technical_issue,stg1_002646,,,,typo_swap_adjacent
aug_technical_issue_0141_stg1_002711,можно ли использовать вааше мобильное приложение,можно ли использовать вааше мобильное приложение,technical_issue,technical_issue,bitext|aug_typo_duplicate_char,False,True,False,technical_issue,stg1_002711,,,,typo_duplicate_char
aug_technical_issue_0142_stg1_002695,"Я не могу заставить сайт работать на моем Mac, нужно сообщить об ошибке","я не могу заставить сайт работать на моем mac, нужно сообщить об ошибке",technical_issue,technical_issue,bitext|aug_phrase_compression,False,True,False,technical_issue,stg1_002695,,,,phrase_compression
aug_technical_issue_0143_stg1_002763,Я не хочу использовать твое чертово приложение?,я не хочу использовать твое чертово приложение?,technical_issue,technical_issue,bitext|aug_punctuation_variant,False,True,False,technical_issue,stg1_002763,,,,punctuation_variant
aug_technical_issue_0144_stg1_002647,Я хотел бы использоваь ваше приложение,я хотел бы использоваь ваше приложение,technical_issue,technical_issue,bitext|aug_typo_delete_char,False,True,False,technical_issue,stg1_002647,,,,typo_delete_char
aug_technical_issue_0145_stg1_002853,"нужно использовать твое чертово мобильное приолжение, можешь мне помочь?","нужно использовать твое чертово мобильное приолжение, можешь мне помочь?",technical_issue,technical_issue,bitext|aug_typo_swap_adjacent,False,True,False,technical_issue,stg1_002853,,,,typo_swap_adjacent
aug_technical_issue_0146_stg1_002719,"сайт не работает на моем мобильном телефоне, как сообщить об ошшибке","сайт не работает на моем мобильном телефоне, как сообщить об ошшибке",technical_issue,technical_issue,bitext|aug_typo_duplicate_char,False,True,False,technical_issue,stg1_002719,,,,typo_duplicate_char
aug_technical_issue_0147_stg1_002668,"мобильное приложение не работает на моем компьютере, помогите мне сообщить о проблеме?","мобильное приложение не работает на моем компьютере, помогите мне сообщить о проблеме?",technical_issue,technical_issue,bitext|aug_punctuation_variant,False,True,False,technical_issue,stg1_002668,,,,punctuation_variant
aug_technical_issue_0148_stg1_002736,"Я хотл бы использовать ваше приложение, где я могу это сделать?","я хотл бы использовать ваше приложение, где я могу это сделать?",technical_issue,technical_issue,bitext|aug_typo_delete_char,False,True,False,technical_issue,stg1_002736,,,,typo_delete_char
aug_technical_issue_0149_stg1_002687,"Мне нужно воспользоваться твоим чертовым мобильным приложением, где я могу это сделаьт?","мне нужно воспользоваться твоим чертовым мобильным приложением, где я могу это сделаьт?",technical_issue,technical_issue,bitext|aug_typo_swap_adjacent,False,True,False,technical_issue,stg1_002687,,,,typo_swap_adjacent
aug_technical_issue_0150_stg1_002832,"прриложение не работает на моем устройстве, помогите мне сообщить об ошибке","прриложение не работает на моем устройстве, помогите мне сообщить об ошибке",technical_issue,technical_issue,bitext|aug_typo_duplicate_char,False,True,False,technical_issue,stg1_002832,,,,typo_duplicate_char
aug_technical_issue_0151_stg1_002829,"мобильное приложение не работает, можно ли сообщить об ошибке?","мобильное приложение не работает, можно ли сообщить об ошибке?",technical_issue,technical_issue,bitext|aug_phrase_compression,False,True,False,technical_issue,stg1_002829,,,,phrase_compression
aug_technical_issue_0152_stg1_002906,Сайт не работает!,сайт не работает!,technical_issue,technical_issue,synthetic_dataset|aug_punctuation_variant,True,True,False,technical_issue,stg1_002906,,,,punctuation_variant
aug_technical_issue_0153_stg1_002757,"У меня не работает сайт на моем Mac, помогите мне сообить о чертовой проблеме.","у меня не работает сайт на моем mac, помогите мне сообить о чертовой проблеме.",technical_issue,technical_issue,bitext|aug_typo_delete_char,False,True,False,technical_issue,stg1_002757,,,,typo_delete_char
aug_technical_issue_0154_stg1_002738,"Я бы хотел воспользоваться твоим чертовым прилоежнием, ты можешь мне помочь?","я бы хотел воспользоваться твоим чертовым прилоежнием, ты можешь мне помочь?",technical_issue,technical_issue,bitext|aug_typo_swap_adjacent,False,True,False,technical_issue,stg1_002738,,,,typo_swap_adjacent
aug_technical_issue_0155_stg1_002849,"я не могу заставить сайт работать на своем планшете, могу ли я соообщить о проблеме","я не могу заставить сайт работать на своем планшете, могу ли я соообщить о проблеме",technical_issue,technical_issue,bitext|aug_typo_duplicate_char,False,True,False,technical_issue,stg1_002849,,,,typo_duplicate_char
aug_technical_issue_0156_stg1_002634,мобильное приложение не работает на моем устройстве мне нужна помощь чтобы сообщить об ошибке,мобильное приложение не работает на моем устройстве мне нужна помощь чтобы сообщить об ошибке,technical_issue,technical_issue,bitext|aug_punctuation_variant,False,True,False,technical_issue,stg1_002634,,,,punctuation_variant
aug_technical_issue_0157_stg1_002795,"приложение не работает, сообите о проблеме","приложение не работает, сообите о проблеме",technical_issue,technical_issue,bitext|aug_typo_delete_char,False,True,False,technical_issue,stg1_002795,,,,typo_delete_char
aug_technical_issue_0158_stg1_002735,"приложение не работает на моем усторйстве, мне нужна помощь, чтобы сообщить об ошибке","приложение не работает на моем усторйстве, мне нужна помощь, чтобы сообщить об ошибке",technical_issue,technical_issue,bitext|aug_typo_swap_adjacent,False,True,False,technical_issue,stg1_002735,,,,typo_swap_adjacent
aug_technical_issue_0159_stg1_002856,"нужнно использовать твое чертово мобильное приложение, где я могу это сделать","нужнно использовать твое чертово мобильное приложение, где я могу это сделать",technical_issue,technical_issue,bitext|aug_typo_duplicate_char,False,True,False,technical_issue,stg1_002856,,,,typo_duplicate_char
aug_technical_issue_0160_stg1_002861,"Я бы хотел использовать ваше приложение, как это сделать?","я бы хотел использовать ваше приложение, как это сделать?",technical_issue,technical_issue,bitext|aug_phrase_compression,False,True,False,technical_issue,stg1_002861,,,,phrase_compression
aug_technical_issue_0161_stg1_002884,"хочу использовать твое чертово мобильное приложение, мне нужна помощь!","хочу использовать твое чертово мобильное приложение, мне нужна помощь!",technical_issue,technical_issue,bitext|aug_punctuation_variant,False,True,False,technical_issue,stg1_002884,,,,punctuation_variant
aug_technical_issue_0162_stg1_002872,"мобилное приложение не работает на моем телефоне, я хочу сообщить о проблеме","мобилное приложение не работает на моем телефоне, я хочу сообщить о проблеме",technical_issue,technical_issue,bitext|aug_typo_delete_char,False,True,False,technical_issue,stg1_002872,,,,typo_delete_char
aug_technical_issue_0163_stg1_002677,"Я хочу воспользоваться твоим чертовыым мобильным приложением, помоги мне.","я хочу воспользоваться твоим чертовыым мобильным приложением, помоги мне.",technical_issue,technical_issue,bitext|aug_typo_duplicate_char,False,True,False,technical_issue,stg1_002677,,,,typo_duplicate_char
aug_technical_issue_0164_stg1_002781,"нужно воспользоваться твоим чертовым приложением, могу ли я получить помощь?","нужно воспользоваться твоим чертовым приложением, могу ли я получить помощь?",technical_issue,technical_issue,bitext|aug_phrase_compression,False,True,False,technical_issue,stg1_002781,,,,phrase_compression
aug_technical_issue_0165_stg1_002722,где мне скачать твое приложение!,где мне скачать твое приложение!,technical_issue,technical_issue,bitext|aug_punctuation_variant,False,True,False,technical_issue,stg1_002722,,,,punctuation_variant
aug_technical_issue_0166_stg1_002811,"приложене не работает на моем компьютере, как я могу сообщить о проблеме?","приложене не работает на моем компьютере, как я могу сообщить о проблеме?",technical_issue,technical_issue,bitext|aug_typo_delete_char,False,True,False,technical_issue,stg1_002811,,,,typo_delete_char
aug_technical_issue_0167_stg1_002673,"я получаю сообщение об ошибке в приложении на своем планшеет, помогите мне сообщить об этом","я получаю сообщение об ошибке в приложении на своем планшеет, помогите мне сообщить об этом",technical_issue,technical_issue,bitext|aug_typo_swap_adjacent,False,True,False,technical_issue,stg1_002673,,,,typo_swap_adjacent
aug_technical_issue_0168_stg1_002767,"Я хоотел бы использовать ваше приложение, где мне это сделать?","я хоотел бы использовать ваше приложение, где мне это сделать?",technical_issue,technical_issue,bitext|aug_typo_duplicate_char,False,True,False,technical_issue,stg1_002767,,,,typo_duplicate_char
aug_technical_issue_0169_stg1_002808,Веб-сайт не работает на моем мобильном телефоне. Можете ли вы помочь мне сообщить об ошибке,веб-сайт не работает на моем мобильном телефоне. можете ли вы помочь мне сообщить об ошибке,technical_issue,technical_issue,bitext|aug_punctuation_variant,False,True,False,technical_issue,stg1_002808,,,,punctuation_variant
aug_technical_issue_0170_stg1_002813,сайт не работает на моем устройсве. Можете ли вы помочь мне сообщить о проблеме?,сайт не работает на моем устройсве. можете ли вы помочь мне сообщить о проблеме?,technical_issue,technical_issue,bitext|aug_typo_delete_char,False,True,False,technical_issue,stg1_002813,,,,typo_delete_char
aug_technical_issue_0171_stg1_002806,"хочу использовать твое приложение, ты мне пмоожешь?","хочу использовать твое приложение, ты мне пмоожешь?",technical_issue,technical_issue,bitext|aug_typo_swap_adjacent,False,True,False,technical_issue,stg1_002806,,,,typo_swap_adjacent
aug_technical_issue_0172_stg1_002879,"Я не могу заставить приложение работать на своем мобиильном телефоне, помогите мне сообщить о чертовой проблеме.","я не могу заставить приложение работать на своем мобиильном телефоне, помогите мне сообщить о чертовой проблеме.",technical_issue,technical_issue,bitext|aug_typo_duplicate_char,False,True,False,technical_issue,stg1_002879,,,,typo_duplicate_char
aug_technical_issue_0173_stg1_002760,"хочу воспользоваться твоим чертовым приложением, где мне это сделать?","хочу воспользоваться твоим чертовым приложением, где мне это сделать?",technical_issue,technical_issue,bitext|aug_phrase_compression,False,True,False,technical_issue,stg1_002760,,,,phrase_compression
aug_technical_issue_0174_stg1_002855,"Аунна, воспользуйся твоим чертовым приложением, могу ли я получить помощь?!","аунна, воспользуйся твоим чертовым приложением, могу ли я получить помощь?!",technical_issue,technical_issue,bitext|aug_punctuation_variant,False,True,False,technical_issue,stg1_002855,,,,punctuation_variant
aug_technical_issue_0175_stg1_002665,"сайт не работает на моем мобильном теефоне, помогите мне сообщить о проблеме","сайт не работает на моем мобильном теефоне, помогите мне сообщить о проблеме",technical_issue,technical_issue,bitext|aug_typo_delete_char,False,True,False,technical_issue,stg1_002665,,,,typo_delete_char
aug_technical_issue_0176_stg1_002860,"Мне нужно сообщить о пробелме с приложением, где это сделать?","мне нужно сообщить о пробелме с приложением, где это сделать?",technical_issue,technical_issue,bitext|aug_typo_swap_adjacent,False,True,False,technical_issue,stg1_002860,,,,typo_swap_adjacent
aug_technical_issue_0177_stg1_002744,"Я бы хотел использовать твое мобильное приложеение, как я могу это сделать?","я бы хотел использовать твое мобильное приложеение, как я могу это сделать?",technical_issue,technical_issue,bitext|aug_typo_duplicate_char,False,True,False,technical_issue,stg1_002744,,,,typo_duplicate_char
aug_technical_issue_0178_stg1_002747,"мобильное приложение не работает, помогите, чтобы сообщить об этой чертовой проблеме","мобильное приложение не работает, помогите, чтобы сообщить об этой чертовой проблеме",technical_issue,technical_issue,bitext|aug_phrase_compression,False,True,False,technical_issue,stg1_002747,,,,phrase_compression
aug_technical_issue_0179_stg1_002858,"Я бы хотел использовать ваше мобильное приложение, могу ли я получить помощь?!","я бы хотел использовать ваше мобильное приложение, могу ли я получить помощь?!",technical_issue,technical_issue,bitext|aug_punctuation_variant,False,True,False,technical_issue,stg1_002858,,,,punctuation_variant
aug_technical_issue_0180_stg1_002685,"сайт не работает на моем мобильном телефоне, помогите мне сообщить о чертвой проблеме","сайт не работает на моем мобильном телефоне, помогите мне сообщить о чертвой проблеме",technical_issue,technical_issue,bitext|aug_typo_delete_char,False,True,False,technical_issue,stg1_002685,,,,typo_delete_char
aug_technical_issue_0181_stg1_002877,"я не могу заставить приложение рабоатть на своем компьютере, могу ли я сообщить о проблеме","я не могу заставить приложение рабоатть на своем компьютере, могу ли я сообщить о проблеме",technical_issue,technical_issue,bitext|aug_typo_swap_adjacent,False,True,False,technical_issue,stg1_002877,,,,typo_swap_adjacent
aug_technical_issue_0182_stg1_002652,как пользоваться вашим мобиильным приложением?,как пользоваться вашим мобиильным приложением?,technical_issue,technical_issue,bitext|aug_typo_duplicate_char,False,True,False,technical_issue,stg1_002652,,,,typo_duplicate_char
aug_technical_issue_0183_stg1_002796,как я могу купить через ваше мобильное приложение?!,как я могу купить через ваше мобильное приложение?!,technical_issue,technical_issue,bitext|aug_punctuation_variant,False,True,False,technical_issue,stg1_002796,,,,punctuation_variant
aug_technical_issue_0184_stg1_002830,"мобильное приложение не работает на моем компьютере, не могли бы вы помочь мне собощить об ошибке?","мобильное приложение не работает на моем компьютере, не могли бы вы помочь мне собощить об ошибке?",technical_issue,technical_issue,bitext|aug_typo_swap_adjacent,False,True,False,technical_issue,stg1_002830,,,,typo_swap_adjacent
aug_technical_issue_0185_stg1_002724,"сайт не работает на мооем компьютере, мне нужна помощь, чтобы сообщить об ошибке","сайт не работает на мооем компьютере, мне нужна помощь, чтобы сообщить об ошибке",technical_issue,technical_issue,bitext|aug_typo_duplicate_char,False,True,False,technical_issue,stg1_002724,,,,typo_duplicate_char
aug_technical_issue_0186_stg1_002676,"хочу использовать ваше мобильное приложение, вы можете мне помочь?","хочу использовать ваше мобильное приложение, вы можете мне помочь?",technical_issue,technical_issue,bitext|aug_phrase_compression,False,True,False,technical_issue,stg1_002676,,,,phrase_compression
aug_technical_issue_0187_stg1_002810,приложение не работает на моем планшете можно ли сообщить о проблеме?,приложение не работает на моем планшете можно ли сообщить о проблеме?,technical_issue,technical_issue,bitext|aug_punctuation_variant,False,True,False,technical_issue,stg1_002810,,,,punctuation_variant
aug_technical_issue_0188_stg1_002835,"мне нужно сообщть о проблеме на сайте, где мне это сделать","мне нужно сообщть о проблеме на сайте, где мне это сделать",technical_issue,technical_issue,bitext|aug_typo_delete_char,False,True,False,technical_issue,stg1_002835,,,,typo_delete_char
aug_technical_issue_0189_stg1_002698,"я не могу заставить сайт работать на моем Mac, помогите мне сообищть о проблеме","я не могу заставить сайт работать на моем mac, помогите мне сообищть о проблеме",technical_issue,technical_issue,bitext|aug_typo_swap_adjacent,False,True,False,technical_issue,stg1_002698,,,,typo_swap_adjacent
aug_technical_issue_0190_stg1_002805,"нужно испоользовать ваше приложение, где это сделать","нужно испоользовать ваше приложение, где это сделать",technical_issue,technical_issue,bitext|aug_typo_duplicate_char,False,True,False,technical_issue,stg1_002805,,,,typo_duplicate_char
aug_technical_issue_0191_stg1_002643,"сайт не работает на моем устройстве, нужно сообщить о проблеме","сайт не работает на моем устройстве, нужно сообщить о проблеме",technical_issue,technical_issue,bitext|aug_phrase_compression,False,True,False,technical_issue,stg1_002643,,,,phrase_compression
aug_technical_issue_0192_stg1_002895,"Я хочу воспользоваться твоим чертовым приложением, черт возьми!","я хочу воспользоваться твоим чертовым приложением, черт возьми!",technical_issue,technical_issue,bitext|aug_punctuation_variant,False,True,False,technical_issue,stg1_002895,,,,punctuation_variant
aug_technical_issue_0193_stg1_002825,"Я бы хтел использовать твое чертово мобильное приложение, можешь мне помочь?","я бы хтел использовать твое чертово мобильное приложение, можешь мне помочь?",technical_issue,technical_issue,bitext|aug_typo_delete_char,False,True,False,technical_issue,stg1_002825,,,,typo_delete_char
aug_technical_issue_0194_stg1_002726,Я бы хотел воспользоваться этим чертвоым приложением,я бы хотел воспользоваться этим чертвоым приложением,technical_issue,technical_issue,bitext|aug_typo_swap_adjacent,False,True,False,technical_issue,stg1_002726,,,,typo_swap_adjacent
aug_technical_issue_0195_stg1_002649,"Я хочу воспользоватться твоим чертовым приложением, как это сделать?","я хочу воспользоватться твоим чертовым приложением, как это сделать?",technical_issue,technical_issue,bitext|aug_typo_duplicate_char,False,True,False,technical_issue,stg1_002649,,,,typo_duplicate_char
aug_technical_issue_0196_stg1_002863,"я не могу заставить приложение работать на своем компьютере, нужно сообщить о чертовой проблеме","я не могу заставить приложение работать на своем компьютере, нужно сообщить о чертовой проблеме",technical_issue,technical_issue,bitext|aug_phrase_compression,False,True,False,technical_issue,stg1_002863,,,,phrase_compression
aug_technical_issue_0197_stg1_002737,"Я бы хотел воспользоваться твоим чертовым мобильным приложением, можно мне помочь","я бы хотел воспользоваться твоим чертовым мобильным приложением, можно мне помочь",technical_issue,technical_issue,bitext|aug_punctuation_variant,False,True,False,technical_issue,stg1_002737,,,,punctuation_variant
aug_technical_issue_0198_stg1_002881,"Я не могу заставить сайт работать на свем телефоне, мне нужна помощь, чтобы сообщить об ошибке","я не могу заставить сайт работать на свем телефоне, мне нужна помощь, чтобы сообщить об ошибке",technical_issue,technical_issue,bitext|aug_typo_delete_char,False,True,False,technical_issue,stg1_002881,,,,typo_delete_char
aug_technical_issue_0199_stg1_002894,"приложение не работает на моем компьютере, мне нужна помощь, чтобы повторить оишбку","приложение не работает на моем компьютере, мне нужна помощь, чтобы повторить оишбку",technical_issue,technical_issue,bitext|aug_typo_swap_adjacent,False,True,False,technical_issue,stg1_002894,,,,typo_swap_adjacent
aug_technical_issue_0200_stg1_002694,"Мне нужно использовать ваше мообильное приложение, где мне это сделать?","мне нужно использовать ваше мообильное приложение, где мне это сделать?",technical_issue,technical_issue,bitext|aug_typo_duplicate_char,False,True,False,technical_issue,stg1_002694,,,,typo_duplicate_char
aug_technical_issue_0201_stg1_002627,Я бы хотел воспользоваться твоим чертовым мобильным приложением?,я бы хотел воспользоваться твоим чертовым мобильным приложением?,technical_issue,technical_issue,bitext|aug_punctuation_variant,False,True,False,technical_issue,stg1_002627,,,,punctuation_variant
aug_technical_issue_0202_stg1_002638,"хочу воспользоваться твоим черотвым мобильным приложением, могу ли я получить помощь?","хочу воспользоваться твоим черотвым мобильным приложением, могу ли я получить помощь?",technical_issue,technical_issue,bitext|aug_typo_swap_adjacent,False,True,False,technical_issue,stg1_002638,,,,typo_swap_adjacent
aug_technical_issue_0203_stg1_002690,"приложение не работает на моем телефоне, я должен сообщить об этой чертовоой проблеме","приложение не работает на моем телефоне, я должен сообщить об этой чертовоой проблеме",technical_issue,technical_issue,bitext|aug_typo_duplicate_char,False,True,False,technical_issue,stg1_002690,,,,typo_duplicate_char
aug_technical_issue_0204_stg1_002798,"сайт не работает, сообщите о проблеме?","сайт не работает, сообщите о проблеме?",technical_issue,technical_issue,bitext|aug_punctuation_variant,False,True,False,technical_issue,stg1_002798,,,,punctuation_variant
aug_technical_issue_0205_stg1_002876,"я не могу заставить приложение работать на своем компьютере, мне нужно сообщиь о проблеме","я не могу заставить приложение работать на своем компьютере, мне нужно сообщиь о проблеме",technical_issue,technical_issue,bitext|aug_typo_delete_char,False,True,False,technical_issue,stg1_002876,,,,typo_delete_char
aug_technical_issue_0206_stg1_002779,"Я бы хотел воспользоваться твиом чертовым мобильным приложением, ты мне поможешь?","я бы хотел воспользоваться твиом чертовым мобильным приложением, ты мне поможешь?",technical_issue,technical_issue,bitext|aug_typo_swap_adjacent,False,True,False,technical_issue,stg1_002779,,,,typo_swap_adjacent
aug_technical_issue_0207_stg1_002865,"сайт не работает на моеем телефоне, как сообщить о проблеме","сайт не работает на моеем телефоне, как сообщить о проблеме",technical_issue,technical_issue,bitext|aug_typo_duplicate_char,False,True,False,technical_issue,stg1_002865,,,,typo_duplicate_char
aug_technical_issue_0208_stg1_002658,"нужно воспользоваться твоим чертовым мобильным приложением, как мне это сделать?","нужно воспользоваться твоим чертовым мобильным приложением, как мне это сделать?",technical_issue,technical_issue,bitext|aug_phrase_compression,False,True,False,technical_issue,stg1_002658,,,,phrase_compression
aug_technical_issue_0209_stg1_002778,"Я хочу воспользоваться твоим чертовым мобильным приложением, мне нужна помощь!","я хочу воспользоваться твоим чертовым мобильным приложением, мне нужна помощь!",technical_issue,technical_issue,bitext|aug_punctuation_variant,False,True,False,technical_issue,stg1_002778,,,,punctuation_variant
aug_technical_issue_0210_stg1_002716,"Я хочу использовать ваше прлиожение, не могли бы вы мне помочь?","я хочу использовать ваше прлиожение, не могли бы вы мне помочь?",technical_issue,technical_issue,bitext|aug_typo_swap_adjacent,False,True,False,technical_issue,stg1_002716,,,,typo_swap_adjacent
aug_technical_issue_0211_stg1_002867,"приложение не работает, мне нужна помощь, чтобы сообщитть о чертовой проблеме","приложение не работает, мне нужна помощь, чтобы сообщитть о чертовой проблеме",technical_issue,technical_issue,bitext|aug_typo_duplicate_char,False,True,False,technical_issue,stg1_002867,,,,typo_duplicate_char
aug_technical_issue_0212_stg1_002755,"Мне бы хотелось воспользоваться твоим чертовым мобильным приложением, ты мне поможешь?!","мне бы хотелось воспользоваться твоим чертовым мобильным приложением, ты мне поможешь?!",technical_issue,technical_issue,bitext|aug_punctuation_variant,False,True,False,technical_issue,stg1_002755,,,,punctuation_variant
aug_technical_issue_0213_stg1_002682,приложение не работает на моем Mac. Не могли бы вы поочь мне сообщить о проблеме?,приложение не работает на моем mac. не могли бы вы поочь мне сообщить о проблеме?,technical_issue,technical_issue,bitext|aug_typo_delete_char,False,True,False,technical_issue,stg1_002682,,,,typo_delete_char
aug_technical_issue_0214_stg1_002713,"У меня в приложении появляется ошибка, можно ли об этом соощбить?","у меня в приложении появляется ошибка, можно ли об этом соощбить?",technical_issue,technical_issue,bitext|aug_typo_swap_adjacent,False,True,False,technical_issue,stg1_002713,,,,typo_swap_adjacent
aug_technical_issue_0215_stg1_002688,Я не могу заставить сайт работать на своем компьюттере. Не могли бы вы помочь мне сообщить о чертовой проблеме?,я не могу заставить сайт работать на своем компьюттере. не могли бы вы помочь мне сообщить о чертовой проблеме?,technical_issue,technical_issue,bitext|aug_typo_duplicate_char,False,True,False,technical_issue,stg1_002688,,,,typo_duplicate_char
aug_technical_issue_0216_stg1_002718,могу ли я купить через твое приложение,могу ли я купить через твое приложение,technical_issue,technical_issue,bitext|aug_punctuation_variant,False,True,False,technical_issue,stg1_002718,,,,punctuation_variant
aug_technical_issue_0217_stg1_002708,"Я хотел бы сообщить о проблеме с приложением, помоите мне.","я хотел бы сообщить о проблеме с приложением, помоите мне.",technical_issue,technical_issue,bitext|aug_typo_delete_char,False,True,False,technical_issue,stg1_002708,,,,typo_delete_char
aug_technical_issue_0218_stg1_002654,"сайт не работает на моем устройстве, помогите мне сообщить об этой чретовой проблеме","сайт не работает на моем устройстве, помогите мне сообщить об этой чретовой проблеме",technical_issue,technical_issue,bitext|aug_typo_swap_adjacent,False,True,False,technical_issue,stg1_002654,,,,typo_swap_adjacent
aug_technical_issue_0219_stg1_002697,"я не могу заставить сайт работаать, как мне сообщить об ошибке","я не могу заставить сайт работаать, как мне сообщить об ошибке",technical_issue,technical_issue,bitext|aug_typo_duplicate_char,False,True,False,technical_issue,stg1_002697,,,,typo_duplicate_char
aug_technical_issue_0220_stg1_002847,"хочу воспользоваться твоим чертовым приложением, нужно ли это делать?","хочу воспользоваться твоим чертовым приложением, нужно ли это делать?",technical_issue,technical_issue,bitext|aug_phrase_compression,False,True,False,technical_issue,stg1_002847,,,,phrase_compression
aug_technical_issue_0221_stg1_002902,"сайт не работает на моем мобильном телефоне, могу ли я сообщить о проблеме","сайт не работает на моем мобильном телефоне, могу ли я сообщить о проблеме",technical_issue,technical_issue,bitext|aug_punctuation_variant,False,True,False,technical_issue,stg1_002902,,,,punctuation_variant
aug_technical_issue_0222_stg1_002870,"сайт не раотает, я хотел бы сообщить о проблеме","сайт не раотает, я хотел бы сообщить о проблеме",technical_issue,technical_issue,bitext|aug_typo_delete_char,False,True,False,technical_issue,stg1_002870,,,,typo_delete_char
aug_technical_issue_0223_stg1_002648,"сайт не работает на моем мобильном телефоне, мне нужна помощщь, чтобы исправить ошибку","сайт не работает на моем мобильном телефоне, мне нужна помощщь, чтобы исправить ошибку",technical_issue,technical_issue,bitext|aug_typo_duplicate_char,False,True,False,technical_issue,stg1_002648,,,,typo_duplicate_char
aug_technical_issue_0224_stg1_002660,"у меня чертовски техническая проблема с приложением на моем устройстве, помогите, чтобы сообщить об этом","у меня чертовски техническая проблема с приложением на моем устройстве, помогите, чтобы сообщить об этом",technical_issue,technical_issue,bitext|aug_phrase_compression,False,True,False,technical_issue,stg1_002660,,,,phrase_compression
aug_technical_issue_0225_stg1_002838,"Я хотел бы использовать ваше мобильное приложение, не могли бы вы мне помочь??","я хотел бы использовать ваше мобильное приложение, не могли бы вы мне помочь??",technical_issue,technical_issue,bitext|aug_punctuation_variant,False,True,False,technical_issue,stg1_002838,,,,punctuation_variant
aug_technical_issue_0226_stg1_002769,"хочу испольовать твое мобильное приложение, помоги мне","хочу испольовать твое мобильное приложение, помоги мне",technical_issue,technical_issue,bitext|aug_typo_delete_char,False,True,False,technical_issue,stg1_002769,,,,typo_delete_char
aug_technical_issue_0227_stg1_002782,"я не могу заставить сайт рабтоать на своем компьютере, мне нужна помощь, чтобы сообщить о чертовой проблеме","я не могу заставить сайт рабтоать на своем компьютере, мне нужна помощь, чтобы сообщить о чертовой проблеме",technical_issue,technical_issue,bitext|aug_typo_swap_adjacent,False,True,False,technical_issue,stg1_002782,,,,typo_swap_adjacent
aug_technical_issue_0228_stg1_002898,"хочу использовать твоой azpp, где мне это сделать?","хочу использовать твоой azpp, где мне это сделать?",technical_issue,technical_issue,bitext|aug_typo_duplicate_char,False,True,False,technical_issue,stg1_002898,,,,typo_duplicate_char
aug_technical_issue_0229_stg1_002641,как использовать ваше приложение?,как использовать ваше приложение?,technical_issue,technical_issue,bitext|aug_phrase_compression,False,True,False,technical_issue,stg1_002641,,,,phrase_compression
aug_technical_issue_0230_stg1_002678,мобильное приложение не работает на моем Mac мне нужна помощь чтобы сообщить об этой чертовой ошибке,мобильное приложение не работает на моем mac мне нужна помощь чтобы сообщить об этой чертовой ошибке,technical_issue,technical_issue,bitext|aug_punctuation_variant,False,True,False,technical_issue,stg1_002678,,,,punctuation_variant
aug_technical_issue_0231_stg1_002864,"приложение не работает на моем мобильном телефоне, могу ли я соощить об этой чертовой проблеме?","приложение не работает на моем мобильном телефоне, могу ли я соощить об этой чертовой проблеме?",technical_issue,technical_issue,bitext|aug_typo_delete_char,False,True,False,technical_issue,stg1_002864,,,,typo_delete_char
aug_technical_issue_0232_stg1_002990,Не могу добавить товар в коризну,не могу добавить товар в коризну,technical_issue,technical_issue,synthetic_dataset|aug_typo_swap_adjacent,True,True,False,technical_issue,stg1_002990,,,,typo_swap_adjacent
aug_technical_issue_0233_stg1_002712,"Я хотел бы использовать ваше приложение, могу ли я получиить помощь?","я хотел бы использовать ваше приложение, могу ли я получиить помощь?",technical_issue,technical_issue,bitext|aug_typo_duplicate_char,False,True,False,technical_issue,stg1_002712,,,,typo_duplicate_char
aug_technical_issue_0234_stg1_002731,как купить через ваше мобильное приложение,как купить через ваше мобильное приложение,technical_issue,technical_issue,bitext|aug_phrase_compression,False,True,False,technical_issue,stg1_002731,,,,phrase_compression
aug_technical_issue_0235_stg1_002734,"я бы хотел использовать приложение ru, как это сделать!","я бы хотел использовать приложение ru, как это сделать!",technical_issue,technical_issue,bitext|aug_punctuation_variant,False,True,False,technical_issue,stg1_002734,,,,punctuation_variant
aug_technical_issue_0236_stg1_002626,"сайт не рбаотает на моем планшете, я хочу сообщить о проблеме","сайт не рбаотает на моем планшете, я хочу сообщить о проблеме",technical_issue,technical_issue,bitext|aug_typo_swap_adjacent,False,True,False,technical_issue,stg1_002626,,,,typo_swap_adjacent
aug_technical_issue_0237_stg1_002791,"хочу исполльзовать твое приложение, может мне помочь","хочу исполльзовать твое приложение, может мне помочь",technical_issue,technical_issue,bitext|aug_typo_duplicate_char,False,True,False,technical_issue,stg1_002791,,,,typo_duplicate_char
aug_technical_issue_0238_stg1_002846,Я бы хотел воспользоваться твоим чертовым приложением как мне это сделать?,я бы хотел воспользоваться твоим чертовым приложением как мне это сделать?,technical_issue,technical_issue,bitext|aug_punctuation_variant,False,True,False,technical_issue,stg1_002846,,,,punctuation_variant
aug_technical_issue_0239_stg1_002845,"я не могу затавить сайт работать на своем компьютере, могу ли я сообщить об ошибке","я не могу затавить сайт работать на своем компьютере, могу ли я сообщить об ошибке",technical_issue,technical_issue,bitext|aug_typo_delete_char,False,True,False,technical_issue,stg1_002845,,,,typo_delete_char
aug_technical_issue_0240_stg1_002823,можно ли буедт купить через ваше приложение?,можно ли буедт купить через ваше приложение?,technical_issue,technical_issue,bitext|aug_typo_swap_adjacent,False,True,False,technical_issue,stg1_002823,,,,typo_swap_adjacent
aug_technical_issue_0241_stg1_002764,Я бы хоотел использовать ваше мобильное приложение,я бы хоотел использовать ваше мобильное приложение,technical_issue,technical_issue,bitext|aug_typo_duplicate_char,False,True,False,technical_issue,stg1_002764,,,,typo_duplicate_char
aug_technical_issue_0242_stg1_002821,"Мне нужно использовать ваше мобильное приложение, как это сделать","мне нужно использовать ваше мобильное приложение, как это сделать",technical_issue,technical_issue,bitext|aug_punctuation_variant,False,True,False,technical_issue,stg1_002821,,,,punctuation_variant
aug_technical_issue_0243_stg1_002702,"Я хотел бы использовать ваше мобильное пиложение, как мне это сделать?","я хотел бы использовать ваше мобильное пиложение, как мне это сделать?",technical_issue,technical_issue,bitext|aug_typo_delete_char,False,True,False,technical_issue,stg1_002702,,,,typo_delete_char
aug_technical_issue_0244_stg1_002667,как пользовтаься приложением ру,как пользовтаься приложением ру,technical_issue,technical_issue,bitext|aug_typo_swap_adjacent,False,True,False,technical_issue,stg1_002667,,,,typo_swap_adjacent
aug_technical_issue_0245_stg1_002818,"я получаю соообщение об ошибке в приложении на своем компьютере, как мне сообщить об этом","я получаю соообщение об ошибке в приложении на своем компьютере, как мне сообщить об этом",technical_issue,technical_issue,bitext|aug_typo_duplicate_char,False,True,False,technical_issue,stg1_002818,,,,typo_duplicate_char
aug_technical_issue_0246_stg1_002866,мобильное приложение не работает на моем компьютере. можете помочь мне сообщить о проблеме?,мобильное приложение не работает на моем компьютере. можете помочь мне сообщить о проблеме?,technical_issue,technical_issue,bitext|aug_phrase_compression,False,True,False,technical_issue,stg1_002866,,,,phrase_compression
aug_technical_issue_0247_stg1_002857,нужно использовать ваше приложение где мне это сделать,нужно использовать ваше приложение где мне это сделать,technical_issue,technical_issue,bitext|aug_punctuation_variant,False,True,False,technical_issue,stg1_002857,,,,punctuation_variant
aug_technical_issue_0248_stg1_002897,"я не могу заставить прложение работать на своем планшете, можно ли сообщить об ошибке","я не могу заставить прложение работать на своем планшете, можно ли сообщить об ошибке",technical_issue,technical_issue,bitext|aug_typo_delete_char,False,True,False,technical_issue,stg1_002897,,,,typo_delete_char
aug_technical_issue_0249_stg1_002785,Я хочу сообщить о технической проблеме с приложением. Мне нунжа помощь.,я хочу сообщить о технической проблеме с приложением. мне нунжа помощь.,technical_issue,technical_issue,bitext|aug_typo_swap_adjacent,False,True,False,technical_issue,stg1_002785,,,,typo_swap_adjacent
aug_technical_issue_0250_stg1_002888,"я не могу заставить саайт работать, мне нужно сообщить об ошибке","я не могу заставить саайт работать, мне нужно сообщить об ошибке",technical_issue,technical_issue,bitext|aug_typo_duplicate_char,False,True,False,technical_issue,stg1_002888,,,,typo_duplicate_char
aug_technical_issue_0251_stg1_002727,"Мобильное приложение не работает на моем Mac, мне нужно сообщить о чертовой проблеме?","мобильное приложение не работает на моем mac, мне нужно сообщить о чертовой проблеме?",technical_issue,technical_issue,bitext|aug_punctuation_variant,False,True,False,technical_issue,stg1_002727,,,,punctuation_variant
aug_technical_issue_0252_stg1_002889,У меня возникла техническая проблема с приложенем на моем ПК. Не могли бы вы сообщить об этом?,у меня возникла техническая проблема с приложенем на моем пк. не могли бы вы сообщить об этом?,technical_issue,technical_issue,bitext|aug_typo_delete_char,False,True,False,technical_issue,stg1_002889,,,,typo_delete_char
aug_technical_issue_0253_stg1_002780,"Я бы хотел использоваать ваше приложение, мы поможем мне","я бы хотел использоваать ваше приложение, мы поможем мне",technical_issue,technical_issue,bitext|aug_typo_duplicate_char,False,True,False,technical_issue,stg1_002780,,,,typo_duplicate_char
aug_technical_issue_0254_stg1_002824,"Мобильное приложение не работает на моем Mac, можно ли сообщить об этой чертовой проблеме?!","мобильное приложение не работает на моем mac, можно ли сообщить об этой чертовой проблеме?!",technical_issue,technical_issue,bitext|aug_punctuation_variant,False,True,False,technical_issue,stg1_002824,,,,punctuation_variant
aug_technical_issue_0255_stg1_002683,"Я бы хтел воспользоваться твоим чертовым приложением, можешь мне помочь.","я бы хтел воспользоваться твоим чертовым приложением, можешь мне помочь.",technical_issue,technical_issue,bitext|aug_typo_delete_char,False,True,False,technical_issue,stg1_002683,,,,typo_delete_char
aug_technical_issue_0256_stg1_002773,мобильное приложение не работает на моем планшете. Можтее ли вы помочь мне сообщить о проблеме?,мобильное приложение не работает на моем планшете. можтее ли вы помочь мне сообщить о проблеме?,technical_issue,technical_issue,bitext|aug_typo_swap_adjacent,False,True,False,technical_issue,stg1_002773,,,,typo_swap_adjacent
aug_technical_issue_0257_stg1_002911,Баг при оформлении заказза,баг при оформлении заказза,technical_issue,technical_issue,synthetic_dataset|aug_typo_duplicate_char,True,True,False,technical_issue,stg1_002911,,,,typo_duplicate_char
aug_technical_issue_0258_stg1_002679,"Я бы хотел воспользоваться твоим чертовым приложением, помогите","я бы хотел воспользоваться твоим чертовым приложением, помогите",technical_issue,technical_issue,bitext|aug_phrase_compression,False,True,False,technical_issue,stg1_002679,,,,phrase_compression
aug_technical_issue_0259_stg1_002703,приложение не работает на моем мобильном телефоне. Не могли бы вы помочь мне сообщить об ошибке,приложение не работает на моем мобильном телефоне. не могли бы вы помочь мне сообщить об ошибке,technical_issue,technical_issue,bitext|aug_punctuation_variant,False,True,False,technical_issue,stg1_002703,,,,punctuation_variant
aug_technical_issue_0260_stg1_002761,"Я не могу заставить сайт работать на своем компьютере, как сообщить о прблеме?","я не могу заставить сайт работать на своем компьютере, как сообщить о прблеме?",technical_issue,technical_issue,bitext|aug_typo_delete_char,False,True,False,technical_issue,stg1_002761,,,,typo_delete_char
aug_technical_issue_0261_stg1_002696,"я не могу заставить сайт работать на своем планшете, мне нужно сообщить об ошбике","я не могу заставить сайт работать на своем планшете, мне нужно сообщить об ошбике",technical_issue,technical_issue,bitext|aug_typo_swap_adjacent,False,True,False,technical_issue,stg1_002696,,,,typo_swap_adjacent
aug_technical_issue_0262_stg1_002899,"сайт не работает, помогите мне сообщить об ошибкке","сайт не работает, помогите мне сообщить об ошибкке",technical_issue,technical_issue,bitext|aug_typo_duplicate_char,False,True,False,technical_issue,stg1_002899,,,,typo_duplicate_char
aug_technical_issue_0263_stg1_002896,"приложение не работает на моем мобильном телефоне, можете ли вы помочь мне сообщить об ошибке","приложение не работает на моем мобильном телефоне, можете ли вы помочь мне сообщить об ошибке",technical_issue,technical_issue,bitext|aug_punctuation_variant,False,True,False,technical_issue,stg1_002896,,,,punctuation_variant
aug_technical_issue_0264_stg1_002762,"приложение не работает на моем устройстве, мне нужо сообщить о проблеме","приложение не работает на моем устройстве, мне нужо сообщить о проблеме",technical_issue,technical_issue,bitext|aug_typo_delete_char,False,True,False,technical_issue,stg1_002762,,,,typo_delete_char
aug_technical_issue_0265_stg1_002843,"Я бы хотел использовать твое чертово мобильное прилоежние, как мне это сделать?","я бы хотел использовать твое чертово мобильное прилоежние, как мне это сделать?",technical_issue,technical_issue,bitext|aug_typo_swap_adjacent,False,True,False,technical_issue,stg1_002843,,,,typo_swap_adjacent
aug_technical_issue_0266_stg1_003013,Ошибка при регистрацции,ошибка при регистрацции,technical_issue,technical_issue,synthetic_dataset|aug_typo_duplicate_char,True,True,False,technical_issue,stg1_003013,,,,typo_duplicate_char
aug_technical_issue_0267_stg1_002878,"веб-сайт не работает на моем устройстве, помогите, чтобы сообщить об ошибке","веб-сайт не работает на моем устройстве, помогите, чтобы сообщить об ошибке",technical_issue,technical_issue,bitext|aug_phrase_compression,False,True,False,technical_issue,stg1_002878,,,,phrase_compression
aug_technical_issue_0268_stg1_002828,"Я не могу заставить сайт работать на своем планшете, сообщите об ошибке?","я не могу заставить сайт работать на своем планшете, сообщите об ошибке?",technical_issue,technical_issue,bitext|aug_punctuation_variant,False,True,False,technical_issue,stg1_002828,,,,punctuation_variant
aug_technical_issue_0269_stg1_002850,"мне нужно сообщить о чертовой пролеме на сайте, как мне это сделать?","мне нужно сообщить о чертовой пролеме на сайте, как мне это сделать?",technical_issue,technical_issue,bitext|aug_typo_delete_char,False,True,False,technical_issue,stg1_002850,,,,typo_delete_char
aug_technical_issue_0270_stg1_002803,"сайт не работает на моем мобильном телефоне, мне нунжо сообщить о проблеме","сайт не работает на моем мобильном телефоне, мне нунжо сообщить о проблеме",technical_issue,technical_issue,bitext|aug_typo_swap_adjacent,False,True,False,technical_issue,stg1_002803,,,,typo_swap_adjacent
aug_technical_issue_0271_stg1_002874,"сайт не работает на моем компьютере, моожно ли сообщить об этой проблеме?","сайт не работает на моем компьютере, моожно ли сообщить об этой проблеме?",technical_issue,technical_issue,bitext|aug_typo_duplicate_char,False,True,False,technical_issue,stg1_002874,,,,typo_duplicate_char
aug_technical_issue_0272_stg1_002742,"Я хотел бы использовать ваше мобильное приложение, мне нужна помощь!","я хотел бы использовать ваше мобильное приложение, мне нужна помощь!",technical_issue,technical_issue,bitext|aug_punctuation_variant,False,True,False,technical_issue,stg1_002742,,,,punctuation_variant
aug_technical_issue_0273_stg1_002797,"мбильное приложение не работает на моем устройстве, мне нужна помощь, чтобы сообщить о проблеме","мбильное приложение не работает на моем устройстве, мне нужна помощь, чтобы сообщить о проблеме",technical_issue,technical_issue,bitext|aug_typo_delete_char,False,True,False,technical_issue,stg1_002797,,,,typo_delete_char
aug_technical_issue_0274_stg1_002900,"Я хочу воспользоваться твоим чертовым мобильнмы приложением, как мне это сделать?","я хочу воспользоваться твоим чертовым мобильнмы приложением, как мне это сделать?",technical_issue,technical_issue,bitext|aug_typo_swap_adjacent,False,True,False,technical_issue,stg1_002900,,,,typo_swap_adjacent
aug_technical_issue_0275_stg1_002717,"Я бы хотел использовать твое чертово мобильное приложение, оно мне помможет","я бы хотел использовать твое чертово мобильное приложение, оно мне помможет",technical_issue,technical_issue,bitext|aug_typo_duplicate_char,False,True,False,technical_issue,stg1_002717,,,,typo_duplicate_char
aug_technical_issue_0276_stg1_002645,как купить через urwebsite,как купить через urwebsite,technical_issue,technical_issue,bitext|aug_phrase_compression,False,True,False,technical_issue,stg1_002645,,,,phrase_compression
aug_technical_issue_0277_stg1_002686,Я хочу использовать ваше мобильное приложение где я могу это сделать?,я хочу использовать ваше мобильное приложение где я могу это сделать?,technical_issue,technical_issue,bitext|aug_punctuation_variant,False,True,False,technical_issue,stg1_002686,,,,punctuation_variant
aug_technical_issue_0278_stg1_002715,"Я не могу заставить приложение работать на своем планшете, как мне сообщить об оибке?","я не могу заставить приложение работать на своем планшете, как мне сообщить об оибке?",technical_issue,technical_issue,bitext|aug_typo_delete_char,False,True,False,technical_issue,stg1_002715,,,,typo_delete_char
aug_technical_issue_0279_stg1_002691,как пользоваться твоим мобильным приложенеим,как пользоваться твоим мобильным приложенеим,technical_issue,technical_issue,bitext|aug_typo_swap_adjacent,False,True,False,technical_issue,stg1_002691,,,,typo_swap_adjacent
aug_technical_issue_0280_stg1_002833,"мобильное приложение не рааботает на моем компьютере, как мне сообщить о проблеме","мобильное приложение не рааботает на моем компьютере, как мне сообщить о проблеме",technical_issue,technical_issue,bitext|aug_typo_duplicate_char,False,True,False,technical_issue,stg1_002833,,,,typo_duplicate_char
aug_technical_issue_0281_stg1_002714,"я бы хотел использовать твое чертово приложение, где это сделать!","я бы хотел использовать твое чертово приложение, где это сделать!",technical_issue,technical_issue,bitext|aug_punctuation_variant,False,True,False,technical_issue,stg1_002714,,,,punctuation_variant
aug_technical_issue_0282_stg1_002745,Я получаю чертову ошибку в приложении на свом телефоне. Можете ли вы помочь мне сообщить об этом?,я получаю чертову ошибку в приложении на свом телефоне. можете ли вы помочь мне сообщить об этом?,technical_issue,technical_issue,bitext|aug_typo_delete_char,False,True,False,technical_issue,stg1_002745,,,,typo_delete_char
aug_technical_issue_0283_stg1_002628,у меня возникла техническая порблема с приложением на моем мобильном телефоне. Помогите мне сообщить об этом.,у меня возникла техническая порблема с приложением на моем мобильном телефоне. помогите мне сообщить об этом.,technical_issue,technical_issue,bitext|aug_typo_swap_adjacent,False,True,False,technical_issue,stg1_002628,,,,typo_swap_adjacent
aug_technical_issue_0284_stg1_002831,"Я хочу воспользоваться твоим чертовым мобильным прилоожением, как я могу это сделать?","я хочу воспользоваться твоим чертовым мобильным прилоожением, как я могу это сделать?",technical_issue,technical_issue,bitext|aug_typo_duplicate_char,False,True,False,technical_issue,stg1_002831,,,,typo_duplicate_char
aug_technical_issue_0285_stg1_002636,как мне скачать ебаное приложение!,как мне скачать ебаное приложение!,technical_issue,technical_issue,bitext|aug_punctuation_variant,False,True,False,technical_issue,stg1_002636,,,,punctuation_variant
aug_technical_issue_0286_stg1_002675,"Я хотел бы сообщить о чертовой технической проблеме, могу ли я поулчить помощь?","я хотел бы сообщить о чертовой технической проблеме, могу ли я поулчить помощь?",technical_issue,technical_issue,bitext|aug_typo_swap_adjacent,False,True,False,technical_issue,stg1_002675,,,,typo_swap_adjacent
aug_technical_issue_0287_stg1_002753,мне нужна помощщь в сообщении о технической проблеме с мобильным приложением,мне нужна помощщь в сообщении о технической проблеме с мобильным приложением,technical_issue,technical_issue,bitext|aug_typo_duplicate_char,False,True,False,technical_issue,stg1_002753,,,,typo_duplicate_char
aug_technical_issue_0288_stg1_002700,"приложение не работает на моем устройстве, помогите мне сообщить о проблеме!","приложение не работает на моем устройстве, помогите мне сообщить о проблеме!",technical_issue,technical_issue,bitext|aug_punctuation_variant,False,True,False,technical_issue,stg1_002700,,,,punctuation_variant
aug_technical_issue_0289_stg1_002789,"нужно соощить о технической проблеме с мобильным приложением, мне поможет","нужно соощить о технической проблеме с мобильным приложением, мне поможет",technical_issue,technical_issue,bitext|aug_typo_delete_char,False,True,False,technical_issue,stg1_002789,,,,typo_delete_char
aug_technical_issue_0290_stg1_002859,монжо ли купить через ваше приложение?,монжо ли купить через ваше приложение?,technical_issue,technical_issue,bitext|aug_typo_swap_adjacent,False,True,False,technical_issue,stg1_002859,,,,typo_swap_adjacent
aug_technical_issue_0291_stg1_002689,"Мне нужно использовать твое чертовво мобильное приложение, я получу помощь","мне нужно использовать твое чертовво мобильное приложение, я получу помощь",technical_issue,technical_issue,bitext|aug_typo_duplicate_char,False,True,False,technical_issue,stg1_002689,,,,typo_duplicate_char
aug_technical_issue_0292_stg1_002886,можно ли купить через ваш сайт?,можно ли купить через ваш сайт?,technical_issue,technical_issue,bitext|aug_phrase_compression,False,True,False,technical_issue,stg1_002886,,,,phrase_compression
aug_technical_issue_0293_stg1_002671,"веб-сайт не работает на моем Mac, мне нужна помощь, чтобы сообщить о проблеме!","веб-сайт не работает на моем mac, мне нужна помощь, чтобы сообщить о проблеме!",technical_issue,technical_issue,bitext|aug_punctuation_variant,False,True,False,technical_issue,stg1_002671,,,,punctuation_variant
aug_technical_issue_0294_stg1_002868,"мобильное приложение не работает на моем компьютере, можете ли вы помочь мне сообщить о пролеме?","мобильное приложение не работает на моем компьютере, можете ли вы помочь мне сообщить о пролеме?",technical_issue,technical_issue,bitext|aug_typo_delete_char,False,True,False,technical_issue,stg1_002868,,,,typo_delete_char
aug_technical_issue_0295_stg1_002672,"приложение не работает на моем мобильном телефоне, не могли бы вы поомчь мне сообщить о проблеме?","приложение не работает на моем мобильном телефоне, не могли бы вы поомчь мне сообщить о проблеме?",technical_issue,technical_issue,bitext|aug_typo_swap_adjacent,False,True,False,technical_issue,stg1_002672,,,,typo_swap_adjacent
aug_technical_issue_0296_stg1_002625,моогу ли я использовать твое чертово мобильное приложение?,моогу ли я использовать твое чертово мобильное приложение?,technical_issue,technical_issue,bitext|aug_typo_duplicate_char,False,True,False,technical_issue,stg1_002625,,,,typo_duplicate_char
aug_technical_issue_0297_stg1_002827,"Я не могу заставить приложение работать на своем компьютере, нужно сообщить об ошибке","я не могу заставить приложение работать на своем компьютере, нужно сообщить об ошибке",technical_issue,technical_issue,bitext|aug_phrase_compression,False,True,False,technical_issue,stg1_002827,,,,phrase_compression
aug_technical_issue_0298_stg1_002629,как скачать твое чертово приложение?!,как скачать твое чертово приложение?!,technical_issue,technical_issue,bitext|aug_punctuation_variant,False,True,False,technical_issue,stg1_002629,,,,punctuation_variant
aug_technical_issue_0299_stg1_002774,Сайт не работат на моем мобильном телефоне. Можете ли вы помочь мне сообщить о проблеме?,сайт не работат на моем мобильном телефоне. можете ли вы помочь мне сообщить о проблеме?,technical_issue,technical_issue,bitext|aug_typo_delete_char,False,True,False,technical_issue,stg1_002774,,,,typo_delete_char
aug_technical_issue_0300_stg1_002812,"нужно сообщить о технической проблмее, приложение поможет мне","нужно сообщить о технической проблмее, приложение поможет мне",technical_issue,technical_issue,bitext|aug_typo_swap_adjacent,False,True,False,technical_issue,stg1_002812,,,,typo_swap_adjacent
aug_technical_issue_0301_stg1_002794,"Я бы хотел использовать ваше мобиильное приложение, где мне это сделать?","я бы хотел использовать ваше мобиильное приложение, где мне это сделать?",technical_issue,technical_issue,bitext|aug_typo_duplicate_char,False,True,False,technical_issue,stg1_002794,,,,typo_duplicate_char
aug_technical_issue_0302_stg1_002893,хочу использовать ваше приложение,хочу использовать ваше приложение,technical_issue,technical_issue,bitext|aug_phrase_compression,False,True,False,technical_issue,stg1_002893,,,,phrase_compression
aug_technical_issue_0303_stg1_002639,"Я хотел бы использовать ваше мобильное приложение, могу ли я получить помощь?!","я хотел бы использовать ваше мобильное приложение, могу ли я получить помощь?!",technical_issue,technical_issue,bitext|aug_punctuation_variant,False,True,False,technical_issue,stg1_002639,,,,punctuation_variant
aug_technical_issue_0304_stg1_002752,"Мне нужно воспользоваться тввоим чертовым мобильным приложением, как я могу это сделать?","мне нужно воспользоваться тввоим чертовым мобильным приложением, как я могу это сделать?",technical_issue,technical_issue,bitext|aug_typo_duplicate_char,False,True,False,technical_issue,stg1_002752,,,,typo_duplicate_char
aug_technical_issue_0305_stg1_002802,"нужно воспользоваться твоим чертовым мобильным приложением, где мне это сделать?","нужно воспользоваться твоим чертовым мобильным приложением, где мне это сделать?",technical_issue,technical_issue,bitext|aug_phrase_compression,False,True,False,technical_issue,stg1_002802,,,,phrase_compression
aug_technical_issue_0306_stg1_002725,"хочу воспользоваться твоим чертовым приложением, ты мне поможешь?!","хочу воспользоваться твоим чертовым приложением, ты мне поможешь?!",technical_issue,technical_issue,bitext|aug_punctuation_variant,False,True,False,technical_issue,stg1_002725,,,,punctuation_variant
aug_technical_issue_0307_stg1_002635,"приложение не рабтает на моем планшете, могу ли я сообщить об этой чертовой проблеме","приложение не рабтает на моем планшете, могу ли я сообщить об этой чертовой проблеме",technical_issue,technical_issue,bitext|aug_typo_delete_char,False,True,False,technical_issue,stg1_002635,,,,typo_delete_char
aug_technical_issue_0308_stg1_002848,"хочу использоввать твое приложение, где это сделать","хочу использоввать твое приложение, где это сделать",technical_issue,technical_issue,bitext|aug_typo_duplicate_char,False,True,False,technical_issue,stg1_002848,,,,typo_duplicate_char
aug_technical_issue_0309_stg1_002887,как купить через ваше приложение,как купить через ваше приложение,technical_issue,technical_issue,bitext|aug_punctuation_variant,False,True,False,technical_issue,stg1_002887,,,,punctuation_variant
aug_technical_issue_0310_stg1_002837,"Я хоочу использовать ваше мобильное приложение, где мне это сделать?","я хоочу использовать ваше мобильное приложение, где мне это сделать?",technical_issue,technical_issue,bitext|aug_typo_duplicate_char,False,True,False,technical_issue,stg1_002837,,,,typo_duplicate_char
aug_technical_issue_0311_stg1_002723,"мобильное приложение не работает на моем Mac, помогите, чтобы сообщить о проблеме","мобильное приложение не работает на моем mac, помогите, чтобы сообщить о проблеме",technical_issue,technical_issue,bitext|aug_phrase_compression,False,True,False,technical_issue,stg1_002723,,,,phrase_compression
aug_technical_issue_0312_stg1_002646,"Приложение не работает на моем устройстве, мне нужно сообщить об ошибке!","приложение не работает на моем устройстве, мне нужно сообщить об ошибке!",technical_issue,technical_issue,bitext|aug_punctuation_variant,False,True,False,technical_issue,stg1_002646,,,,punctuation_variant
aug_technical_issue_0313_stg1_002711,можно ли испольовать ваше мобильное приложение,можно ли испольовать ваше мобильное приложение,technical_issue,technical_issue,bitext|aug_typo_delete_char,False,True,False,technical_issue,stg1_002711,,,,typo_delete_char
aug_technical_issue_0314_stg1_002695,"Я не могу заставить сайт работать на моем Mac, мне нужно соощбить об ошибке","я не могу заставить сайт работать на моем mac, мне нужно соощбить об ошибке",technical_issue,technical_issue,bitext|aug_typo_swap_adjacent,False,True,False,technical_issue,stg1_002695,,,,typo_swap_adjacent
aug_technical_issue_0315_stg1_002763,Я не хочу использовать твое черттово приложение,я не хочу использовать твое черттово приложение,technical_issue,technical_issue,bitext|aug_typo_duplicate_char,False,True,False,technical_issue,stg1_002763,,,,typo_duplicate_char
aug_technical_issue_0316_stg1_002853,"нужно использовать твое чертово мобильное приложение, можешь мне помочь??","нужно использовать твое чертово мобильное приложение, можешь мне помочь??",technical_issue,technical_issue,bitext|aug_punctuation_variant,False,True,False,technical_issue,stg1_002853,,,,punctuation_variant
aug_technical_issue_0317_stg1_002668,"мобильное приложение не рааботает на моем компьютере, помогите мне сообщить о проблеме","мобильное приложение не рааботает на моем компьютере, помогите мне сообщить о проблеме",technical_issue,technical_issue,bitext|aug_typo_duplicate_char,False,True,False,technical_issue,stg1_002668,,,,typo_duplicate_char
