sample_id,text_original,text_normalized,raw_label,label,source,is_synthetic,is_augmented,is_hard_negative,label_before_review
stg1_002843,"Я бы хотел использовать твое чертово мобильное приложение, как мне это сделать?","я бы хотел использовать твое чертово мобильное приложение, как мне это сделать?",technical_issue,technical_issue,bitext,False,False,False,technical_issue
stg1_000201,"Я хотел бы узнать больше об этом чертовом продукте, можете ли вы дать мне некоторую информацию?","я хотел бы узнать больше об этом чертовом продукте, можете ли вы дать мне некоторую информацию?",product_info,product_info,bitext,False,False,False,product_info
stg1_002023,"Я хотел бы поговорить с чертовым агентом-человеком, могу ли я получить помощь?","я хотел бы поговорить с чертовым агентом-человеком, могу ли я получить помощь?",other,other,bitext,False,False,False,other
stg1_002564,"Я ищу информацию о следующих распродажах, помогите мне.","я ищу информацию о следующих распродажах, помогите мне.",promo_loyalty,promo_loyalty,bitext,False,False,False,promo_loyalty
stg1_002351,помогите мне сообщить об ошибках при онлайн-платеже,помогите мне сообщить об ошибках при онлайн-платеже,payment_refund,payment_refund,ikshana,False,False,False,payment_refund
stg1_000865,"Мне нужно найти то, что я купил, мне нужна помощь в проверке моей гребаной истории покупок.","мне нужно найти то, что я купил, мне нужна помощь в проверке моей гребаной истории покупок.",account,account,bitext,False,False,False,account
stg1_000472,"Я хотел бы проверить чертов статус моей замены, могу ли я получить некоторую помощь?","я хотел бы проверить чертов статус моей замены, могу ли я получить некоторую помощь?",order_status,order_status,bitext,False,False,False,order_status
stg1_000480,"Я хотел бы отменить заказ, вы можете мне помочь?","я хотел бы отменить заказ, вы можете мне помочь?",order_status,order_status,bitext,False,False,False,order_status
stg1_001562,Можете ли вы помочь мне настроить другой адрес доставки?,можете ли вы помочь мне настроить другой адрес доставки?,delivery,delivery,ikshana,False,False,False,delivery
stg1_002149,"Я не знаю, что мне нужно сделать, чтобы получить счет #85632","я не знаю, что мне нужно сделать, чтобы получить счет #85632",payment_refund,payment_refund,ikshana,False,False,False,payment_refund
stg1_002363,"Мне нужна информация о чертовых распродажах, где я могу ее найти?","мне нужна информация о чертовых распродажах, где я могу ее найти?",promo_loyalty,promo_loyalty,bitext,False,False,False,promo_loyalty
stg1_000899,"Мне нужна информация о часах работы вашего магазина, где я могу ее получить?","мне нужна информация о часах работы вашего магазина, где я могу ее получить?",general_info,general_info,bitext,False,False,False,general_info
stg1_002906,Сайт не работает,сайт не работает,technical_issue,technical_issue,synthetic_dataset,True,False,False,technical_issue
stg1_002984,Возврат средств на карту,возврат средств на карту,payment_refund,payment_refund,synthetic_dataset,True,False,False,payment_refund
stg1_001368,"я купил товар, но хочу вернуть его, мне нужна помощь","я купил товар, но хочу вернуть его, мне нужна помощь",return_exchange,return_exchange,bitext,False,False,False,return_exchange
stg1_000351,можно ли будет проверить статус моего заменяющего продукта?,можно ли будет проверить статус моего заменяющего продукта?,order_status,order_status,bitext,False,False,False,order_status
stg1_001580,У вас есть билеты на поезд?,у вас есть билеты на поезд?,delivery,delivery,runlu,False,False,False,delivery
stg1_001738,"хочу узнать больше о сроках доставки моей покупки, могу найти некоторую информацию","хочу узнать больше о сроках доставки моей покупки, могу найти некоторую информацию",delivery,delivery,bitext,False,False,False,delivery
stg1_001671,"хочу проверить время доставки моей покупки, мне нужна помощь","хочу проверить время доставки моей покупки, мне нужна помощь",delivery,delivery,bitext,False,False,False,delivery
stg1_000091,помогите оставить блин отзыв о товарах ру,помогите оставить блин отзыв о товарах ру,product_info,product_info,ikshana,False,False,False,product_info
stg1_001736,"Я бы хотел узнать о сроках доставки моего заказа, могу дать мне некоторую информацию.","я бы хотел узнать о сроках доставки моего заказа, могу дать мне некоторую информацию.",delivery,delivery,bitext,False,False,False,delivery
stg1_002845,"я не могу заставить сайт работать на своем компьютере, могу ли я сообщить об ошибке","я не могу заставить сайт работать на своем компьютере, могу ли я сообщить об ошибке",technical_issue,technical_issue,bitext,False,False,False,technical_issue
stg1_002753,мне нужна помощь в сообщении о технической проблеме с мобильным приложением,мне нужна помощь в сообщении о технической проблеме с мобильным приложением,technical_issue,technical_issue,bitext,False,False,False,technical_issue
stg1_000117,Что такое акции Apple,что такое акции apple,product_info,product_info,runlu,False,False,False,product_info
stg1_003037,Промокод не работает,промокод не работает,promo_loyalty,promo_loyalty,synthetic_dataset,True,False,False,promo_loyalty
stg1_002973,Какой статус заказа 511865?,какой статус заказа 511865?,order_status,order_status,synthetic_dataset,True,False,False,order_status
stg1_002507,"Я ищу информацию о весенних распродажах, как мне ее найти?","я ищу информацию о весенних распродажах, как мне ее найти?",promo_loyalty,promo_loyalty,bitext,False,False,False,promo_loyalty
stg1_002449,"Мне нужна информация о чертовых распродажах, где я могу ее получить?","мне нужна информация о чертовых распродажах, где я могу ее получить?",promo_loyalty,promo_loyalty,bitext,False,False,False,promo_loyalty
stg1_001056,"PDA отправляет почту на компаст, что их сервис отстой.","pda отправляет почту на компаст, что их сервис отстой.",general_info,general_info,runlu,False,False,False,general_info
stg1_002140,можно ли получить возмещение моих денег,можно ли получить возмещение моих денег,payment_refund,payment_refund,ikshana,False,False,False,payment_refund
stg1_000446,"что мне нужно сделать, чтобы отменить покупку PAOLFJT6?","что мне нужно сделать, чтобы отменить покупку paolfjt6?",order_status,order_status,ikshana,False,False,False,order_status
stg1_000204,"хочу сообщить о чертовых проблемах с полученным мной продуктом, мне поможет","хочу сообщить о чертовых проблемах с полученным мной продуктом, мне поможет",product_info,product_info,bitext,False,False,False,product_info
stg1_001943,Мне нужно отправить чертов отзыв о твоем бренде. Можете мне помочь?,мне нужно отправить чертов отзыв о твоем бренде. можете мне помочь?,other,other,bitext,False,False,False,other
stg1_001004,Есть какие-нибудь новые письма от...?,есть какие-нибудь новые письма от...?,general_info,general_info,runlu,False,False,False,general_info
stg1_000110,Какова цена AMD на фондовом рынке?,какова цена amd на фондовом рынке?,product_info,product_info,runlu,False,False,False,product_info
stg1_000337,"Мне нужно изменить свой чертов заказ перед отправкой, где это сделать?","мне нужно изменить свой чертов заказ перед отправкой, где это сделать?",order_status,order_status,bitext,False,False,False,order_status
stg1_001005,"PDA, География, пожалуйста?","pda, география, пожалуйста?",general_info,general_info,runlu,False,False,False,general_info
stg1_002130,мне нужна помощь в проверке способов оплаты,мне нужна помощь в проверке способов оплаты,payment_refund,payment_refund,ikshana,False,False,False,payment_refund
stg1_001941,"Я тебя не понимаю, мне нужна помощь, чтобы поговорить с кем-нибудь, блядь,","я тебя не понимаю, мне нужна помощь, чтобы поговорить с кем-нибудь, блядь,",other,other,bitext,False,False,False,other
stg1_002373,где я могу найти информацию о распродажах?,где я могу найти информацию о распродажах?,promo_loyalty,promo_loyalty,bitext,False,False,False,promo_loyalty
stg1_002211,Я хотел бы увидеть чертов статус моего возмещения. Не могли бы вы мне помочь?,я хотел бы увидеть чертов статус моего возмещения. не могли бы вы мне помочь?,payment_refund,payment_refund,bitext,False,False,False,payment_refund
stg1_001660,можно ли сделать заказ из Индии?,можно ли сделать заказ из индии?,delivery,delivery,ikshana,False,False,False,delivery
stg1_001801,могу ли я предложить чертовски продукт?,могу ли я предложить чертовски продукт?,other,other,bitext,False,False,False,other
stg1_001581,Во сколько поезд отправляется в Айову?,во сколько поезд отправляется в айову?,delivery,delivery,runlu,False,False,False,delivery
stg1_000550,проблемы с исправлением порядка WGFN46EY,проблемы с исправлением порядка wgfn46ey,order_status,order_status,ikshana,False,False,False,order_status
stg1_000664,"Мне нужно изменить свою учетную запись пользователя, где я могу это сделать?","мне нужно изменить свою учетную запись пользователя, где я могу это сделать?",account,account,bitext,False,False,False,account
stg1_001219,"Мне нравится информация о товаре в магазине, где я могу его получить","мне нравится информация о товаре в магазине, где я могу его получить",return_exchange,return_exchange,bitext,False,False,False,return_exchange
stg1_001998,"Я хотел бы предложить идеи по улучшению продукта, где мне это сделать?","я хотел бы предложить идеи по улучшению продукта, где мне это сделать?",other,other,bitext,False,False,False,other
stg1_000589,где я могу проверить плату за прекращение?,где я могу проверить плату за прекращение?,order_status,order_status,ikshana,False,False,False,order_status
stg1_001079,"мне нужно посмотреть часы твоих покупок, мне нужна помощь","мне нужно посмотреть часы твоих покупок, мне нужна помощь",general_info,general_info,bitext,False,False,False,general_info
stg1_000872,мне нужно уведомлять об ошибках при регистрации,мне нужно уведомлять об ошибках при регистрации,account,account,ikshana,False,False,False,account
stg1_000420,Можете ли вы помочь мне увидеть плату за отмену?,можете ли вы помочь мне увидеть плату за отмену?,order_status,order_status,ikshana,False,False,False,order_status
stg1_001432,"Я хотел бы обменять товар, купленный онлайн, в магазине, где я могу это сделать?","я хотел бы обменять товар, купленный онлайн, в магазине, где я могу это сделать?",return_exchange,return_exchange,bitext,False,False,False,return_exchange
stg1_001263,"Я пытаюсь найти чертову компенсацию, помогите мне.","я пытаюсь найти чертову компенсацию, помогите мне.",return_exchange,return_exchange,bitext,False,False,False,return_exchange
stg1_001254,"Мне нужно вернуть заказ онлайн, мне нужна помощь","мне нужно вернуть заказ онлайн, мне нужна помощь",return_exchange,return_exchange,bitext,False,False,False,return_exchange
stg1_000468,"Я хотел бы отменить онлайн-заказ, можете ли вы мне помочь?","я хотел бы отменить онлайн-заказ, можете ли вы мне помочь?",order_status,order_status,bitext,False,False,False,order_status
stg1_000747,"Мне нужна чертова учетная запись пользователя, да!","мне нужна чертова учетная запись пользователя, да!",account,account,bitext,False,False,False,account
stg1_001488,"мне нужно сообщить о чертовой проблеме с доставкой, где я могу это сделать","мне нужно сообщить о чертовой проблеме с доставкой, где я могу это сделать",delivery,delivery,bitext,False,False,False,delivery
stg1_000288,"Я хотел бы удалить офигенные товары из корзины, где это сделать?","я хотел бы удалить офигенные товары из корзины, где это сделать?",product_info,product_info,bitext,False,False,False,product_info
stg1_002172,"Если у меня есть 5 долларов, сколько это стоит в AUD?","если у меня есть 5 долларов, сколько это стоит в aud?",payment_refund,payment_refund,runlu,False,False,False,payment_refund
stg1_002555,"Я ищу информацию о чертовых весенних распродажах, где я могу ее получить?","я ищу информацию о чертовых весенних распродажах, где я могу ее получить?",promo_loyalty,promo_loyalty,bitext,False,False,False,promo_loyalty
stg1_002128,Я ожидаю скидку 10 долларов,я ожидаю скидку 10 долларов,payment_refund,payment_refund,ikshana,False,False,False,payment_refund
stg1_001095,помогите мне поговорить с чертовой службой поддержки,помогите мне поговорить с чертовой службой поддержки,general_info,general_info,bitext,False,False,False,general_info
stg1_002683,"Я бы хотел воспользоваться твоим чертовым приложением, можешь мне помочь.","я бы хотел воспользоваться твоим чертовым приложением, можешь мне помочь.",technical_issue,technical_issue,bitext,False,False,False,technical_issue
stg1_001127,помоги мне посмотреть часы работы твоего чертового магазина,помоги мне посмотреть часы работы твоего чертового магазина,general_info,general_info,bitext,False,False,False,general_info
stg1_000393,можно ли обменять некоторые купленные товары KTA0PRFG,можно ли обменять некоторые купленные товары kta0prfg,order_status,order_status,ikshana,False,False,False,order_status
stg1_002688,Я не могу заставить сайт работать на своем компьютере. Не могли бы вы помочь мне сообщить о чертовой проблеме?,я не могу заставить сайт работать на своем компьютере. не могли бы вы помочь мне сообщить о чертовой проблеме?,technical_issue,technical_issue,bitext,False,False,False,technical_issue
stg1_000454,"мне нужна информация о статусе моего обмена, как я могу ее найти","мне нужна информация о статусе моего обмена, как я могу ее найти",order_status,order_status,bitext,False,False,False,order_status
stg1_002434,"Мне нужна информация о чертовых зимних распродажах, как мне ее найти?","мне нужна информация о чертовых зимних распродажах, как мне ее найти?",promo_loyalty,promo_loyalty,bitext,False,False,False,promo_loyalty
stg1_001503,"хочу знать о чертовых расходах на пересылку, найдешь ли ты какую-нибудь информацию?","хочу знать о чертовых расходах на пересылку, найдешь ли ты какую-нибудь информацию?",delivery,delivery,bitext,False,False,False,delivery
stg1_000035,Я хотел бы сообщить о проблеме с приобретенным мной продуктом. Могу ли я получить помощь?,я хотел бы сообщить о проблеме с приобретенным мной продуктом. могу ли я получить помощь?,product_info,product_info,bitext,False,False,False,product_info
stg1_000755,как отказаться от подписки на корпоративную рассылку,как отказаться от подписки на корпоративную рассылку,account,account,ikshana,False,False,False,account
stg1_002133,Нужна помощь в проверке разрешенных способов оплаты,нужна помощь в проверке разрешенных способов оплаты,payment_refund,payment_refund,ikshana,False,False,False,payment_refund
stg1_001442,"мне не нравится то, что я купил, как я мог это увидеть","мне не нравится то, что я купил, как я мог это увидеть",return_exchange,return_exchange,bitext,False,False,False,return_exchange
stg1_001781,"Я хочу подать жалобу на продукцию, как мне это сделать?","я хочу подать жалобу на продукцию, как мне это сделать?",other,other,bitext,False,False,False,other
stg1_001152,могу ли я поговорить со службой поддержки клиентов,могу ли я поговорить со службой поддержки клиентов,general_info,general_info,ikshana,False,False,False,general_info
stg1_002780,"Я бы хотел использовать ваше приложение, мы поможем мне","я бы хотел использовать ваше приложение, мы поможем мне",technical_issue,technical_issue,bitext,False,False,False,technical_issue
stg1_000687,могу ли я перейти на платиновый аккаунт,могу ли я перейти на платиновый аккаунт,account,account,ikshana,False,False,False,account
stg1_002499,"Я хотел бы узнать больше о чертовых зимних распродажах, можете ли вы дать мне некоторую информацию?","я хотел бы узнать больше о чертовых зимних распродажах, можете ли вы дать мне некоторую информацию?",promo_loyalty,promo_loyalty,bitext,False,False,False,promo_loyalty
stg1_002481,"Я хочу узнать больше о следующих распродажах, можешь ли ты найти какую-нибудь информацию?","я хочу узнать больше о следующих распродажах, можешь ли ты найти какую-нибудь информацию?",promo_loyalty,promo_loyalty,bitext,False,False,False,promo_loyalty
stg1_001282,"один из продуктов, которые я купил, был чертовски раздавлен, можно ли сообщить об этом?","один из продуктов, которые я купил, был чертовски раздавлен, можно ли сообщить об этом?",return_exchange,return_exchange,bitext,False,False,False,return_exchange
stg1_002452,"Мне нужна информация о чертовых распродажах, как я могу ее получить?","мне нужна информация о чертовых распродажах, как я могу ее получить?",promo_loyalty,promo_loyalty,bitext,False,False,False,promo_loyalty
stg1_000989,Просьба представить географическую информацию о X.,просьба представить географическую информацию о x.,general_info,general_info,runlu,False,False,False,general_info
stg1_001072,"Пожалуйста, отправьте письмо моей маме.","пожалуйста, отправьте письмо моей маме.",general_info,general_info,runlu,False,False,False,general_info
stg1_002922,Как сменить пароль?,как сменить пароль?,account,account,synthetic_dataset,True,False,False,account
stg1_000222,"Я хочу удалить товары из корзины, где я могу это сделать?","я хочу удалить товары из корзины, где я могу это сделать?",product_info,product_info,bitext,False,False,False,product_info
stg1_000514,"хочу обновить свой заказ перед отправкой, как мне это сделать?","хочу обновить свой заказ перед отправкой, как мне это сделать?",order_status,order_status,bitext,False,False,False,order_status
stg1_002959,Какие сейчас акции?,какие сейчас акции?,promo_loyalty,promo_loyalty,synthetic_dataset,True,False,False,promo_loyalty
stg1_002139,я не вижу твоей политики возврата денег,я не вижу твоей политики возврата денег,payment_refund,payment_refund,ikshana,False,False,False,payment_refund
stg1_000779,"Мне не нужен мой чертов профиль, мне нужна помощь, чтобы его закрыть.","мне не нужен мой чертов профиль, мне нужна помощь, чтобы его закрыть.",account,account,bitext,False,False,False,account
stg1_001832,"хочу подать жалобу на свой бренд, где это сделать","хочу подать жалобу на свой бренд, где это сделать",other,other,bitext,False,False,False,other
stg1_000097,"нужно написать комментарий о ваших услугах, как я могу это сделать","нужно написать комментарий о ваших услугах, как я могу это сделать",product_info,product_info,ikshana,False,False,False,product_info
stg1_002385,"я ищу информацию о чертовых распродажах, как мне ее найти","я ищу информацию о чертовых распродажах, как мне ее найти",promo_loyalty,promo_loyalty,bitext,False,False,False,promo_loyalty
stg1_002522,"Я хочу узнать больше о продажах nrxt, вы найдете какую-нибудь информацию?","я хочу узнать больше о продажах nrxt, вы найдете какую-нибудь информацию?",promo_loyalty,promo_loyalty,bitext,False,False,False,promo_loyalty
stg1_001702,"Я ищу информацию о дате доставки моей покупки, где я могу ее получить?","я ищу информацию о дате доставки моей покупки, где я могу ее получить?",delivery,delivery,bitext,False,False,False,delivery
stg1_001766,хочу отправить обзор продукта,хочу отправить обзор продукта,other,other,bitext,False,False,False,other
stg1_000767,"что мне нужно сделать, чтобы восстановить ключ доступа к моему профилю пользователя","что мне нужно сделать, чтобы восстановить ключ доступа к моему профилю пользователя",account,account,ikshana,False,False,False,account
stg1_001639,"мне нужно посмотреть, сколько времени потребуется, чтобы доставить мою посылку","мне нужно посмотреть, сколько времени потребуется, чтобы доставить мою посылку",delivery,delivery,ikshana,False,False,False,delivery
stg1_000367,Я хотел бы обновить свой заказ перед отправкой. Можете ли вы мне помочь?,я хотел бы обновить свой заказ перед отправкой. можете ли вы мне помочь?,order_status,order_status,bitext,False,False,False,order_status
stg1_001566,"как я могу увидеть, сколько времени занимает доставка?","как я могу увидеть, сколько времени занимает доставка?",delivery,delivery,ikshana,False,False,False,delivery
stg1_001907,пообщаться с помощником,пообщаться с помощником,other,other,ikshana,False,False,False,other
stg1_002052,"Мне нужно подать жалобу, могу ли я получить помощь?","мне нужно подать жалобу, могу ли я получить помощь?",other,other,ikshana,False,False,False,other
stg1_001892,"Я звоню, чтобы подать жалобу клиента на вашу компанию.","я звоню, чтобы подать жалобу клиента на вашу компанию.",other,other,ikshana,False,False,False,other
stg1_001496,"Я хочу узнать стоимость доставки, где мне это сделать?","я хочу узнать стоимость доставки, где мне это сделать?",delivery,delivery,bitext,False,False,False,delivery
stg1_001985,Нужна помощь в подаче иска клиента против вашей организации,нужна помощь в подаче иска клиента против вашей организации,other,other,ikshana,False,False,False,other
stg1_002397,"Мне нужна информация о чертовой распродаже, где ее найти?","мне нужна информация о чертовой распродаже, где ее найти?",promo_loyalty,promo_loyalty,bitext,False,False,False,promo_loyalty
stg1_002625,могу ли я использовать твое чертово мобильное приложение?,могу ли я использовать твое чертово мобильное приложение?,technical_issue,technical_issue,bitext,False,False,False,technical_issue
stg1_000878,"мне не нужно переходить на стандартную учетную запись, как мне это сделать","мне не нужно переходить на стандартную учетную запись, как мне это сделать",account,account,ikshana,False,False,False,account
stg1_000333,Мне нужна помощь в поиске моей гребаной посылки,мне нужна помощь в поиске моей гребаной посылки,order_status,order_status,bitext,False,False,False,order_status
stg1_001716,произошла ошибка при отправке адреса доставки,произошла ошибка при отправке адреса доставки,delivery,delivery,ikshana,False,False,False,delivery
stg1_002639,"Я хотел бы использовать ваше мобильное приложение, могу ли я получить помощь?","я хотел бы использовать ваше мобильное приложение, могу ли я получить помощь?",technical_issue,technical_issue,bitext,False,False,False,technical_issue
stg1_000999,Что такое Johnzena,что такое johnzena,general_info,general_info,runlu,False,False,False,general_info
stg1_002813,сайт не работает на моем устройстве. Можете ли вы помочь мне сообщить о проблеме?,сайт не работает на моем устройстве. можете ли вы помочь мне сообщить о проблеме?,technical_issue,technical_issue,bitext,False,False,False,technical_issue
stg1_000750,"мне не нужен мой чертов профиль, ох, можно я его закрою","мне не нужен мой чертов профиль, ох, можно я его закрою",account,account,bitext,False,False,False,account
stg1_001743,Я пытаюсь найти информацию об изменении адреса,я пытаюсь найти информацию об изменении адреса,delivery,delivery,ikshana,False,False,False,delivery
stg1_001195,"мне нужно обменять товар, который я купил онлайн, в магазине, где мне это сделать","мне нужно обменять товар, который я купил онлайн, в магазине, где мне это сделать",return_exchange,return_exchange,bitext,False,False,False,return_exchange
stg1_000168,"Я хочу удалить товары из корзины, как мне это сделать?","я хочу удалить товары из корзины, как мне это сделать?",product_info,product_info,bitext,False,False,False,product_info
stg1_001592,"Поезд в 5 вечера в среду до Роквилла, вы вовремя?","поезд в 5 вечера в среду до роквилла, вы вовремя?",delivery,delivery,runlu,False,False,False,delivery
stg1_000834,"Мне не нужен мой профиль, помогите мне удалить его.","мне не нужен мой профиль, помогите мне удалить его.",account,account,bitext,False,False,False,account
stg1_002286,Я хочу сообщить об ошибках с оплатой,я хочу сообщить об ошибках с оплатой,payment_refund,payment_refund,ikshana,False,False,False,payment_refund
stg1_000823,Можете ли вы помочь мне восстановить PIN-код моей учетной записи?,можете ли вы помочь мне восстановить pin-код моей учетной записи?,account,account,ikshana,False,False,False,account
stg1_000029,Мне нужна помощь с добавлением чертовых товаров в корзину.,мне нужна помощь с добавлением чертовых товаров в корзину.,product_info,product_info,bitext,False,False,False,product_info
stg1_000141,Сколько стоит акции Старбака?,сколько стоит акции старбака?,product_info,product_info,runlu,False,False,False,product_info
stg1_000678,уведомлять об ошибках при регистрации,уведомлять об ошибках при регистрации,account,account,ikshana,False,False,False,account
stg1_000527,"Я запросил товар на замену, но не получил его. Я хотел бы отслеживать статус товара на замену.","я запросил товар на замену, но не получил его. я хотел бы отслеживать статус товара на замену.",order_status,order_status,bitext,False,False,False,order_status
stg1_000200,"Я хочу узнать больше о продукте, дайте мне некоторую информацию","я хочу узнать больше о продукте, дайте мне некоторую информацию",product_info,product_info,bitext,False,False,False,product_info
stg1_000005,Я хотел бы сообщить о дефектах заказанного товара. Можете ли вы мне помочь?,я хотел бы сообщить о дефектах заказанного товара. можете ли вы мне помочь?,product_info,product_info,bitext,False,False,False,product_info
stg1_000403,Мне нужна помощь в приобретении некоторых ваших продуктов,мне нужна помощь в приобретении некоторых ваших продуктов,order_status,order_status,ikshana,False,False,False,order_status
stg1_001085,"Мне нужно поискать гребаные магазины рядом со мной, мне нужна помощь.","мне нужно поискать гребаные магазины рядом со мной, мне нужна помощь.",general_info,general_info,bitext,False,False,False,general_info
stg1_002932,Политика конфиденциальности,политика конфиденциальности,general_info,general_info,synthetic_dataset,True,False,False,general_info
stg1_001672,"Мне нужна информация о стоимости доставки, как ее найти?","мне нужна информация о стоимости доставки, как ее найти?",delivery,delivery,bitext,False,False,False,delivery
stg1_000241,хочу сообщить об ошибках в приобретенном мной продукте,хочу сообщить об ошибках в приобретенном мной продукте,product_info,product_info,bitext,False,False,False,product_info
stg1_000733,отменить подписку на рассылку,отменить подписку на рассылку,account,account,ikshana,False,False,False,account
stg1_002965,Какой статус заказа 296884?,какой статус заказа 296884?,order_status,order_status,synthetic_dataset,True,False,False,order_status
stg1_000934,"Я бы хотел найти магазин поблизости, мог бы мне помочь","я бы хотел найти магазин поблизости, мог бы мне помочь",general_info,general_info,bitext,False,False,False,general_info
stg1_001498,"моя посылка была отправлена ​​не на тот адрес, я должен сообщить о чертовых проблемах с доставкой","моя посылка была отправлена ​​не на тот адрес, я должен сообщить о чертовых проблемах с доставкой",delivery,delivery,bitext,False,False,False,delivery
stg1_001146,как я могу связаться со службой поддержки клиентов,как я могу связаться со службой поддержки клиентов,general_info,general_info,ikshana,False,False,False,general_info
stg1_003028,Доставляете ли в Краснодар?,доставляете ли в краснодар?,delivery,delivery,synthetic_dataset,True,False,False,delivery
stg1_003038,Где найти промокоды?,где найти промокоды?,promo_loyalty,promo_loyalty,synthetic_dataset,True,False,False,promo_loyalty
stg1_002141,нужна помощь в получении вызова #12588,нужна помощь в получении вызова #12588,payment_refund,payment_refund,ikshana,False,False,False,payment_refund
stg1_000676,открытие нового аккаунта Titanium,открытие нового аккаунта titanium,account,account,ikshana,False,False,False,account
stg1_000421,"что мне нужно сделать, чтобы отменить покупку K20X0TB0?","что мне нужно сделать, чтобы отменить покупку k20x0tb0?",order_status,order_status,ikshana,False,False,False,order_status
stg1_002617,"Я хочу узнать больше о чертовой распродаже, не могли бы вы дать мне некоторую информацию?","я хочу узнать больше о чертовой распродаже, не могли бы вы дать мне некоторую информацию?",promo_loyalty,promo_loyalty,bitext,False,False,False,promo_loyalty
stg1_002412,"мне нужна информация о зимних распродажах, где я могу ее получить","мне нужна информация о зимних распродажах, где я могу ее получить",promo_loyalty,promo_loyalty,bitext,False,False,False,promo_loyalty
stg1_000405,"Я не знаю, что делать, чтобы увидеть плату за отмену бронирования.","я не знаю, что делать, чтобы увидеть плату за отмену бронирования.",order_status,order_status,ikshana,False,False,False,order_status
stg1_001820,"хочу отправить чертов отзыв, где мне это сделать?","хочу отправить чертов отзыв, где мне это сделать?",other,other,bitext,False,False,False,other
stg1_002326,как сообщить об ошибках с оплатой,как сообщить об ошибках с оплатой,payment_refund,payment_refund,ikshana,False,False,False,payment_refund
stg1_000820,Я хотел бы проверить историю покупок,я хотел бы проверить историю покупок,account,account,bitext,False,False,False,account
stg1_002492,"хочу узнать больше о чертовых распродажах, можешь ли ты найти какую-нибудь информацию?","хочу узнать больше о чертовых распродажах, можешь ли ты найти какую-нибудь информацию?",promo_loyalty,promo_loyalty,bitext,False,False,False,promo_loyalty
stg1_002584,"Я хотел бы узнать больше о следующих распродажах, ты дашь мне некоторую информацию?","я хотел бы узнать больше о следующих распродажах, ты дашь мне некоторую информацию?",promo_loyalty,promo_loyalty,bitext,False,False,False,promo_loyalty
stg1_001353,как я могу вернуть товар в магазин,как я могу вернуть товар в магазин,return_exchange,return_exchange,bitext,False,False,False,return_exchange
stg1_000806,"кто-то взломал моего пользователя, помогите мне восстановить пароль","кто-то взломал моего пользователя, помогите мне восстановить пароль",account,account,bitext,False,False,False,account
stg1_002144,я ожидаю возмещения 10 долларов,я ожидаю возмещения 10 долларов,payment_refund,payment_refund,ikshana,False,False,False,payment_refund
stg1_002335,"Я заплатил 10 долларов за этот товар, пытаюсь получить скидку","я заплатил 10 долларов за этот товар, пытаюсь получить скидку",payment_refund,payment_refund,ikshana,False,False,False,payment_refund
stg1_001184,"чертов товар, который я получил, неправильный","чертов товар, который я получил, неправильный",return_exchange,return_exchange,bitext,False,False,False,return_exchange
stg1_000409,Помогите мне удалить несколько статей из заказа J9I05GWN.,помогите мне удалить несколько статей из заказа j9i05gwn.,order_status,order_status,ikshana,False,False,False,order_status
stg1_002696,"я не могу заставить сайт работать на своем планшете, мне нужно сообщить об ошибке","я не могу заставить сайт работать на своем планшете, мне нужно сообщить об ошибке",technical_issue,technical_issue,bitext,False,False,False,technical_issue
stg1_001858,"нужна помощь, чтобы поговорить с живым агентом","нужна помощь, чтобы поговорить с живым агентом",other,other,ikshana,False,False,False,other
stg1_000746,"Мне нужно удалить свой аккаунт, где это сделать?","мне нужно удалить свой аккаунт, где это сделать?",account,account,bitext,False,False,False,account
stg1_001499,"Я получил не все купленные товары, куда сообщить о недостающих товарах?","я получил не все купленные товары, куда сообщить о недостающих товарах?",delivery,delivery,bitext,False,False,False,delivery
stg1_002485,"Я бы соврал, чтобы узнать больше о зимних распродажах, найти некоторую информацию","я бы соврал, чтобы узнать больше о зимних распродажах, найти некоторую информацию",promo_loyalty,promo_loyalty,bitext,False,False,False,promo_loyalty
stg1_001424,"не мог бы ты помочь мне обменять некоторые чертовы вещи, которые я купил?","не мог бы ты помочь мне обменять некоторые чертовы вещи, которые я купил?",return_exchange,return_exchange,bitext,False,False,False,return_exchange
stg1_002112,как мне сообщить о проблемах с оплатой?,как мне сообщить о проблемах с оплатой?,payment_refund,payment_refund,ikshana,False,False,False,payment_refund
stg1_000426,"мне нужно купить кое-какие чертовы продукты, как я могу это сделать?","мне нужно купить кое-какие чертовы продукты, как я могу это сделать?",order_status,order_status,ikshana,False,False,False,order_status
stg1_000789,редактирование платинового аккаунта,редактирование платинового аккаунта,account,account,ikshana,False,False,False,account
stg1_002727,"Мобильное приложение не работает на моем Mac, мне нужно сообщить о чертовой проблеме","мобильное приложение не работает на моем mac, мне нужно сообщить о чертовой проблеме",technical_issue,technical_issue,bitext,False,False,False,technical_issue
stg1_000353,"Я хотел бы отследить свою посылку, где я могу это сделать?","я хотел бы отследить свою посылку, где я могу это сделать?",order_status,order_status,bitext,False,False,False,order_status
stg1_000345,"Мне нужно отменить товар, где это сделать?","мне нужно отменить товар, где это сделать?",order_status,order_status,bitext,False,False,False,order_status
stg1_001217,"мне нужна информация о чертовом товаре в магазине, где я могу его найти","мне нужна информация о чертовом товаре в магазине, где я могу его найти",return_exchange,return_exchange,bitext,False,False,False,return_exchange
stg1_001689,"мне нужна помощь, чтобы настроить адрес доставки","мне нужна помощь, чтобы настроить адрес доставки",delivery,delivery,ikshana,False,False,False,delivery
stg1_000164,"хочу удалить товар из корзины, могу ли я это сделать","хочу удалить товар из корзины, могу ли я это сделать",product_info,product_info,bitext,False,False,False,product_info
stg1_002262,помощь в загрузке моих счетов от Джона,помощь в загрузке моих счетов от джона,payment_refund,payment_refund,ikshana,False,False,False,payment_refund
stg1_002660,"у меня чертовски техническая проблема с приложением на моем устройстве, мне нужна помощь, чтобы сообщить об этом","у меня чертовски техническая проблема с приложением на моем устройстве, мне нужна помощь, чтобы сообщить об этом",technical_issue,technical_issue,bitext,False,False,False,technical_issue
stg1_001276,"Я хотел бы вернуть товар, купленный онлайн в магазине, вы мне поможете?","я хотел бы вернуть товар, купленный онлайн в магазине, вы мне поможете?",return_exchange,return_exchange,bitext,False,False,False,return_exchange
stg1_000776,"хочу зарегистрироваться, мне нужна помощь","хочу зарегистрироваться, мне нужна помощь",account,account,bitext,False,False,False,account
stg1_000274,"Я хотел бы добавить чертов товар в корзину, могу ли я получить помощь?","я хотел бы добавить чертов товар в корзину, могу ли я получить помощь?",product_info,product_info,bitext,False,False,False,product_info
stg1_002759,"Я хотел бы использовать ваше мобильное приложение, как это сделать?","я хотел бы использовать ваше мобильное приложение, как это сделать?",technical_issue,technical_issue,bitext,False,False,False,technical_issue
stg1_001644,Я хочу получить информацию о стоимости пересылки,я хочу получить информацию о стоимости пересылки,delivery,delivery,bitext,False,False,False,delivery
stg1_002566,"я ищу информацию о чертовых распродажах, помогите мне","я ищу информацию о чертовых распродажах, помогите мне",promo_loyalty,promo_loyalty,bitext,False,False,False,promo_loyalty
stg1_000894,"Мне нужно найти ближайший магазин, как это сделать?","мне нужно найти ближайший магазин, как это сделать?",general_info,general_info,bitext,False,False,False,general_info
stg1_000813,проблема со сбросом ключа доступа,проблема со сбросом ключа доступа,account,account,ikshana,False,False,False,account
stg1_000737,"Я не знаю, что мне нужно сделать, чтобы перейти на Платиновый аккаунт.","я не знаю, что мне нужно сделать, чтобы перейти на платиновый аккаунт.",account,account,ikshana,False,False,False,account
stg1_001211,"Я требую возврата денег, мне нужна помощь.","я требую возврата денег, мне нужна помощь.",return_exchange,return_exchange,bitext,False,False,False,return_exchange
stg1_000739,изменение бесплатного аккаунта,изменение бесплатного аккаунта,account,account,ikshana,False,False,False,account
stg1_002147,я заплатил 10 долларов за товар и хочу вернуть свои деньги,я заплатил 10 долларов за товар и хочу вернуть свои деньги,payment_refund,payment_refund,ikshana,False,False,False,payment_refund
stg1_001758,"Мне нужно увидеть чертову дату доставки моей покупки, мне нужна помощь.","мне нужно увидеть чертову дату доставки моей покупки, мне нужна помощь.",delivery,delivery,bitext,False,False,False,delivery
stg1_002471,"мне нужна информация о чертовых распродажах, где я могу ее найти","мне нужна информация о чертовых распродажах, где я могу ее найти",promo_loyalty,promo_loyalty,bitext,False,False,False,promo_loyalty
stg1_001611,Во сколько поезд покидает Филадельфию?,во сколько поезд покидает филадельфию?,delivery,delivery,runlu,False,False,False,delivery
stg1_001950,Мне нужно подать жалобу на ваш бренд. Вы мне поможете?,мне нужно подать жалобу на ваш бренд. вы мне поможете?,other,other,bitext,False,False,False,other
stg1_002558,"Я ищу информацию о будущих распродажах, где я могу ее найти?","я ищу информацию о будущих распродажах, где я могу ее найти?",promo_loyalty,promo_loyalty,bitext,False,False,False,promo_loyalty
stg1_001808,"Я тебя не понимаю, можешь помочь мне поговорить с кем-то, черт возьми?","я тебя не понимаю, можешь помочь мне поговорить с кем-то, черт возьми?",other,other,bitext,False,False,False,other
stg1_001788,"Я хотел бы отправить идею продукта, вы мне поможете?","я хотел бы отправить идею продукта, вы мне поможете?",other,other,bitext,False,False,False,other
stg1_002489,"Я хотел бы узнать больше о распродажах, вы найдете какую-нибудь информацию?","я хотел бы узнать больше о распродажах, вы найдете какую-нибудь информацию?",promo_loyalty,promo_loyalty,bitext,False,False,False,promo_loyalty
stg1_001594,Где вокзал?,где вокзал?,delivery,delivery,runlu,False,False,False,delivery
stg1_001020,"Посмотри, что это слово значит.","посмотри, что это слово значит.",general_info,general_info,runlu,False,False,False,general_info
stg1_001992,"хочу оставить чертов отзыв, ты мне поможешь?","хочу оставить чертов отзыв, ты мне поможешь?",other,other,bitext,False,False,False,other
stg1_000836,"Мне нужно создать учетную запись пользователя, мне нужна помощь","мне нужно создать учетную запись пользователя, мне нужна помощь",account,account,bitext,False,False,False,account
stg1_002811,"приложение не работает на моем компьютере, как я могу сообщить о проблеме?","приложение не работает на моем компьютере, как я могу сообщить о проблеме?",technical_issue,technical_issue,bitext,False,False,False,technical_issue
stg1_001315,"Я хочу, чтобы хелп вернул чертов товар","я хочу, чтобы хелп вернул чертов товар",return_exchange,return_exchange,bitext,False,False,False,return_exchange
stg1_003005,Как зарегистрироваться?,как зарегистрироваться?,account,account,synthetic_dataset,True,False,False,account
stg1_001960,"у меня есть отзыв о продукте, помогите, мистер, отправьте его","у меня есть отзыв о продукте, помогите, мистер, отправьте его",other,other,bitext,False,False,False,other
stg1_000898,"мне нужно отправить электронное письмо в службу поддержки клиентов, как я могу это сделать","мне нужно отправить электронное письмо в службу поддержки клиентов, как я могу это сделать",general_info,general_info,bitext,False,False,False,general_info
stg1_002808,Веб-сайт не работает на моем мобильном телефоне. Можете ли вы помочь мне сообщить об ошибке?,веб-сайт не работает на моем мобильном телефоне. можете ли вы помочь мне сообщить об ошибке?,technical_issue,technical_issue,bitext,False,False,False,technical_issue
stg1_003022,Статус доставки заказа 941391,статус доставки заказа 941391,order_status,order_status,synthetic_dataset,True,False,False,order_status
stg1_001000,Показать все электронные сообщения о контрактах,показать все электронные сообщения о контрактах,general_info,general_info,runlu,False,False,False,general_info
stg1_001969,Я хочу подать жалобу на вашу компанию,я хочу подать жалобу на вашу компанию,other,other,bitext,False,False,False,other
stg1_001398,"Мне нужно обменять купленные вещи, где это сделать?","мне нужно обменять купленные вещи, где это сделать?",return_exchange,return_exchange,bitext,False,False,False,return_exchange
stg1_000659,"мой аккаунт украли, не могли бы вы помочь мне сбросить мой чертов пароль?","мой аккаунт украли, не могли бы вы помочь мне сбросить мой чертов пароль?",account,account,bitext,False,False,False,account
stg1_002908,Можно обменять на другой размер?,можно обменять на другой размер?,return_exchange,return_exchange,synthetic_dataset,True,False,False,return_exchange
stg1_001954,подача потребительского иска против вашего бизнеса,подача потребительского иска против вашего бизнеса,other,other,ikshana,False,False,False,other
stg1_001997,"Мне нужно поговорить с чертовым агентом, могу ли я получить помощь?","мне нужно поговорить с чертовым агентом, могу ли я получить помощь?",other,other,bitext,False,False,False,other
stg1_002895,"Я хочу воспользоваться твоим чертовым приложением, черт возьми.","я хочу воспользоваться твоим чертовым приложением, черт возьми.",technical_issue,technical_issue,bitext,False,False,False,technical_issue
stg1_002019,Я пытаюсь поговорить с кем-то,я пытаюсь поговорить с кем-то,other,other,ikshana,False,False,False,other
stg1_002725,"хочу воспользоваться твоим чертовым приложением, ты мне поможешь?","хочу воспользоваться твоим чертовым приложением, ты мне поможешь?",technical_issue,technical_issue,bitext,False,False,False,technical_issue
stg1_000773,где я мог подписаться на чертову корпоративную рассылку?,где я мог подписаться на чертову корпоративную рассылку?,account,account,ikshana,False,False,False,account
stg1_002815,"Я бы хотел использовать ваше мобильное приложение, помогите мне.","я бы хотел использовать ваше мобильное приложение, помогите мне.",technical_issue,technical_issue,bitext,False,False,False,technical_issue
stg1_000920,"Я хочу знать о самых дорогих магазинах, где мне найти дополнительную информацию?","я хочу знать о самых дорогих магазинах, где мне найти дополнительную информацию?",general_info,general_info,bitext,False,False,False,general_info
stg1_000932,"Мне нравится информация о часах работы вашего магазина, где я могу ее получить","мне нравится информация о часах работы вашего магазина, где я могу ее получить",general_info,general_info,bitext,False,False,False,general_info
stg1_002388,"Я хотел бы узнать больше о следующих распродажах, найти некоторую информацию.","я хотел бы узнать больше о следующих распродажах, найти некоторую информацию.",promo_loyalty,promo_loyalty,bitext,False,False,False,promo_loyalty
stg1_002867,"приложение не работает, мне нужна помощь, чтобы сообщить о чертовой проблеме","приложение не работает, мне нужна помощь, чтобы сообщить о чертовой проблеме",technical_issue,technical_issue,bitext,False,False,False,technical_issue
stg1_002167,Сколько песо за американский доллар?,сколько песо за американский доллар?,payment_refund,payment_refund,runlu,False,False,False,payment_refund
stg1_001733,"Я хотел бы проверить чертову стоимость доставки, где я могу это сделать","я хотел бы проверить чертову стоимость доставки, где я могу это сделать",delivery,delivery,bitext,False,False,False,delivery
stg1_000313,"хочу проверить, где моя посылка, может мне помочь","хочу проверить, где моя посылка, может мне помочь",order_status,order_status,bitext,False,False,False,order_status
stg1_000157,"мне нужно подтвердить наличие чертовых товаров в магазине, поможет мне","мне нужно подтвердить наличие чертовых товаров в магазине, поможет мне",product_info,product_info,bitext,False,False,False,product_info
stg1_002111,"помогите мне понять, при каких обстоятельствах я могу запросить возврат средств","помогите мне понять, при каких обстоятельствах я могу запросить возврат средств",payment_refund,payment_refund,ikshana,False,False,False,payment_refund
stg1_000549,"что мне нужно сделать, чтобы проверить комиссию за досрочный выход?","что мне нужно сделать, чтобы проверить комиссию за досрочный выход?",order_status,order_status,ikshana,False,False,False,order_status
stg1_000972,"помогите мне узнать, в какое время доступна служба поддержки клиентов","помогите мне узнать, в какое время доступна служба поддержки клиентов",general_info,general_info,ikshana,False,False,False,general_info
stg1_002905,Есть ли этот товар в другом цвете?,есть ли этот товар в другом цвете?,product_info,product_info,synthetic_dataset,True,False,False,product_info
stg1_001905,могу ли я связаться с помощником?,могу ли я связаться с помощником?,other,other,ikshana,False,False,False,other
stg1_002799,как я могу использовать ваше приложение,как я могу использовать ваше приложение,technical_issue,technical_issue,bitext,False,False,False,technical_issue
stg1_000619,"мой аккаунт украли, помогите мне восстановить пароль","мой аккаунт украли, помогите мне восстановить пароль",account,account,bitext,False,False,False,account
stg1_000515,"мне нужно отслеживать свой замененный продукт, могу ли я получить помощь?","мне нужно отслеживать свой замененный продукт, могу ли я получить помощь?",order_status,order_status,bitext,False,False,False,order_status
stg1_000798,"я потерял свой чертов пароль, я хочу его восстановить","я потерял свой чертов пароль, я хочу его восстановить",account,account,bitext,False,False,False,account
stg1_002108,"Мне нужна помощь, чтобы сообщить о чертовых проблемах с оплатой","мне нужна помощь, чтобы сообщить о чертовых проблемах с оплатой",payment_refund,payment_refund,bitext,False,False,False,payment_refund
stg1_000051,"Звоню, чтобы оставить отзыв о вашей продукции.","звоню, чтобы оставить отзыв о вашей продукции.",product_info,product_info,ikshana,False,False,False,product_info
stg1_001931,"Я не знаю, как подать жалобу от потребителя.","я не знаю, как подать жалобу от потребителя.",other,other,ikshana,False,False,False,other
stg1_001178,"чертовы продукты в моей доставке неверны, помогите мне сообщить о них","чертовы продукты в моей доставке неверны, помогите мне сообщить о них",return_exchange,return_exchange,bitext,False,False,False,return_exchange
stg1_001876,куда я могу подать жалобу клиента на вашу компанию,куда я могу подать жалобу клиента на вашу компанию,other,other,ikshana,False,False,False,other
stg1_002574,не могли бы вы дать мне информацию о продажах,не могли бы вы дать мне информацию о продажах,promo_loyalty,promo_loyalty,bitext,False,False,False,promo_loyalty
stg1_000662,"мой профиль взломали, мне нужна помощь в сбросе пароля","мой профиль взломали, мне нужна помощь в сбросе пароля",account,account,bitext,False,False,False,account
stg1_002853,"нужно использовать твое чертово мобильное приложение, можешь мне помочь?","нужно использовать твое чертово мобильное приложение, можешь мне помочь?",technical_issue,technical_issue,bitext,False,False,False,technical_issue
stg1_000312,"Я купил товар, но выбрал неправильный размер. Как я могу изменить свой онлайн-заказ?","я купил товар, но выбрал неправильный размер. как я могу изменить свой онлайн-заказ?",order_status,order_status,bitext,False,False,False,order_status
stg1_000641,"Я хотел бы закрыть свою чертову учетную запись пользователя, как я могу это сделать?","я хотел бы закрыть свою чертову учетную запись пользователя, как я могу это сделать?",account,account,bitext,False,False,False,account
stg1_000330,"я купил чертов товар, но он мне не нужен, я не могу отменить этот чертов заказ","я купил чертов товар, но он мне не нужен, я не могу отменить этот чертов заказ",order_status,order_status,bitext,False,False,False,order_status
stg1_002897,"я не могу заставить приложение работать на своем планшете, можно ли сообщить об ошибке","я не могу заставить приложение работать на своем планшете, можно ли сообщить об ошибке",technical_issue,technical_issue,bitext,False,False,False,technical_issue
stg1_002138,ищу счет от Джона,ищу счет от джона,payment_refund,payment_refund,ikshana,False,False,False,payment_refund
stg1_000727,Я хочу подписаться на вашу корпоративную рассылку,я хочу подписаться на вашу корпоративную рассылку,account,account,ikshana,False,False,False,account
stg1_001909,Я не могу поговорить с ассистентом,я не могу поговорить с ассистентом,other,other,ikshana,False,False,False,other
stg1_002691,как пользоваться твоим мобильным приложением,как пользоваться твоим мобильным приложением,technical_issue,technical_issue,bitext,False,False,False,technical_issue
stg1_001949,я не могу говорить с агентом,я не могу говорить с агентом,other,other,ikshana,False,False,False,other
stg1_000796,где я могу подписаться на вашу корпоративную рассылку?,где я могу подписаться на вашу корпоративную рассылку?,account,account,ikshana,False,False,False,account
stg1_001535,могу ли я разместить чертов заказ из Дели?,могу ли я разместить чертов заказ из дели?,delivery,delivery,ikshana,False,False,False,delivery
stg1_000357,"Я бы хотел найти свою чертову посылку, может мне помочь.","я бы хотел найти свою чертову посылку, может мне помочь.",order_status,order_status,bitext,False,False,False,order_status
stg1_000063,"Я не знаю, что сделать, чтобы оставить мнение","я не знаю, что сделать, чтобы оставить мнение",product_info,product_info,ikshana,False,False,False,product_info
stg1_002658,"Мне нужно воспользоваться твоим чертовым мобильным приложением, как мне это сделать?","мне нужно воспользоваться твоим чертовым мобильным приложением, как мне это сделать?",technical_issue,technical_issue,bitext,False,False,False,technical_issue
stg1_001108,"Мне нужно найти ближайший ко мне магазин, как это сделать?","мне нужно найти ближайший ко мне магазин, как это сделать?",general_info,general_info,bitext,False,False,False,general_info
stg1_002182,Сколько стоит доллар США против рупии?,сколько стоит доллар сша против рупии?,payment_refund,payment_refund,runlu,False,False,False,payment_refund
stg1_001703,"где я могу увидеть, когда мой товар прибудет?","где я могу увидеть, когда мой товар прибудет?",delivery,delivery,ikshana,False,False,False,delivery
stg1_000988,"Проверить, есть ли новые сообщения по электронной почте","проверить, есть ли новые сообщения по электронной почте",general_info,general_info,runlu,False,False,False,general_info
stg1_002622,"Мне нравится информация о чертовых зимних распродажах, где я могу ее получить","мне нравится информация о чертовых зимних распродажах, где я могу ее получить",promo_loyalty,promo_loyalty,bitext,False,False,False,promo_loyalty
stg1_002313,"Я не получил подтверждение платежа. Мне нужна помощь, чтобы сообщить о проблеме с оплатой.","я не получил подтверждение платежа. мне нужна помощь, чтобы сообщить о проблеме с оплатой.",payment_refund,payment_refund,bitext,False,False,False,payment_refund
stg1_002423,Я хотел бы узнать больше о чертовых весенних распродажах. Можете ли вы дать мне некоторую информацию?,я хотел бы узнать больше о чертовых весенних распродажах. можете ли вы дать мне некоторую информацию?,promo_loyalty,promo_loyalty,bitext,False,False,False,promo_loyalty
stg1_000419,"Мне нужна помощь, чтобы увидеть плату за отмену","мне нужна помощь, чтобы увидеть плату за отмену",order_status,order_status,ikshana,False,False,False,order_status
stg1_001686,"мой адрес изменился, мне нужна помощь в его изменении","мой адрес изменился, мне нужна помощь в его изменении",delivery,delivery,ikshana,False,False,False,delivery
stg1_002535,мне нужна информация об этих чертовых распродажах,мне нужна информация об этих чертовых распродажах,promo_loyalty,promo_loyalty,bitext,False,False,False,promo_loyalty
stg1_002455,"Я хотел бы узнать больше о чертовых зимних распродажах, мог бы дать мне некоторую информацию","я хотел бы узнать больше о чертовых зимних распродажах, мог бы дать мне некоторую информацию",promo_loyalty,promo_loyalty,bitext,False,False,False,promo_loyalty
stg1_000291,не могли бы вы помочь мне добавить чертовы товары в корзину?,не могли бы вы помочь мне добавить чертовы товары в корзину?,product_info,product_info,bitext,False,False,False,product_info
stg1_001501,"мне бы хотелось увидеть чертов срок доставки моего заказа, где это сделать","мне бы хотелось увидеть чертов срок доставки моего заказа, где это сделать",delivery,delivery,bitext,False,False,False,delivery
stg1_002945,"Спасибо, всё отлично!","спасибо, всё отлично!",other,other,synthetic_dataset,True,False,False,other
stg1_000332,"нужно найти мою посылку, как я могу это сделать","нужно найти мою посылку, как я могу это сделать",order_status,order_status,bitext,False,False,False,order_status
stg1_000699,"мне нужна помощь, чтобы перейти на платиновый аккаунт","мне нужна помощь, чтобы перейти на платиновый аккаунт",account,account,ikshana,False,False,False,account
stg1_001734,можно ли сделать заказ из Дели?,можно ли сделать заказ из дели?,delivery,delivery,ikshana,False,False,False,delivery
stg1_000711,мне нужна помощь в создании платиновой учетной записи,мне нужна помощь в создании платиновой учетной записи,account,account,ikshana,False,False,False,account
stg1_002715,"Я не могу заставить приложение работать на своем планшете, как мне сообщить об ошибке?","я не могу заставить приложение работать на своем планшете, как мне сообщить об ошибке?",technical_issue,technical_issue,bitext,False,False,False,technical_issue
stg1_000703,"что мне нужно сделать, чтобы удалить премиум-аккаунт","что мне нужно сделать, чтобы удалить премиум-аккаунт",account,account,ikshana,False,False,False,account
stg1_000633,Мне нужно просмотреть историю покупок. Как я могу это сделать?,мне нужно просмотреть историю покупок. как я могу это сделать?,account,account,bitext,False,False,False,account
stg1_001598,Во сколько поезд отправляется в Лагос?,во сколько поезд отправляется в лагос?,delivery,delivery,runlu,False,False,False,delivery
stg1_000399,статус заказа 41T2OL87,статус заказа 41t2ol87,order_status,order_status,ikshana,False,False,False,order_status
stg1_002928,Когда доставят заказ?,когда доставят заказ?,order_status,order_status,synthetic_dataset,True,False,False,order_status
stg1_001691,"Мне нужно посмотреть, когда придет моя статья","мне нужно посмотреть, когда придет моя статья",delivery,delivery,ikshana,False,False,False,delivery
stg1_000009,заказанный мной продукт не работает должным образом. Можете ли вы мне помочь сообщить о проблеме с продуктом?,заказанный мной продукт не работает должным образом. можете ли вы мне помочь сообщить о проблеме с продуктом?,product_info,product_info,bitext,False,False,False,product_info
stg1_002528,"Ищу информацию о чертовых весенних распродажах, где ее взять","ищу информацию о чертовых весенних распродажах, где ее взять",promo_loyalty,promo_loyalty,bitext,False,False,False,promo_loyalty
stg1_001674,проблема с вводом моего нового адреса доставки,проблема с вводом моего нового адреса доставки,delivery,delivery,ikshana,False,False,False,delivery
stg1_002955,Какой статус заказа 941391?,какой статус заказа 941391?,order_status,order_status,synthetic_dataset,True,False,False,order_status
stg1_000145,Дайте мне цену акций Intel,дайте мне цену акций intel,product_info,product_info,runlu,False,False,False,product_info
stg1_002614,"Мне нужна информация о зимних распродажах, где я могу ее получить?","мне нужна информация о зимних распродажах, где я могу ее получить?",promo_loyalty,promo_loyalty,bitext,False,False,False,promo_loyalty
stg1_000343,"Мне нужно проверить, где находится моя чертова посылка, где я могу это сделать?","мне нужно проверить, где находится моя чертова посылка, где я могу это сделать?",order_status,order_status,bitext,False,False,False,order_status
stg1_002368,"Ищу информацию о чертовых распродажах, мне нужна помощь","ищу информацию о чертовых распродажах, мне нужна помощь",promo_loyalty,promo_loyalty,bitext,False,False,False,promo_loyalty
stg1_001666,"мне нужно увидеть дату покупки, как я могу это сделать","мне нужно увидеть дату покупки, как я могу это сделать",delivery,delivery,bitext,False,False,False,delivery
stg1_002392,Я хочу информацию о продажах,я хочу информацию о продажах,promo_loyalty,promo_loyalty,bitext,False,False,False,promo_loyalty
stg1_000847,изменение данных на платиновом аккаунте,изменение данных на платиновом аккаунте,account,account,ikshana,False,False,False,account
stg1_002225,как исправить проблемы с онлайн оплатой,как исправить проблемы с онлайн оплатой,payment_refund,payment_refund,ikshana,False,False,False,payment_refund
stg1_002533,"Знаю ли я больше о чертовых зимних распродажах, можешь ли ты найти какую-нибудь информацию?","знаю ли я больше о чертовых зимних распродажах, можешь ли ты найти какую-нибудь информацию?",promo_loyalty,promo_loyalty,bitext,False,False,False,promo_loyalty
stg1_001385,"мне нужно обменять кое-какие вещи, которые я купил, мне нужна помощь","мне нужно обменять кое-какие вещи, которые я купил, мне нужна помощь",return_exchange,return_exchange,bitext,False,False,False,return_exchange
stg1_001400,"чертов продукт, который я получил, был поврежден, мне нужна помощь, чтобы сообщить об этом","чертов продукт, который я получил, был поврежден, мне нужна помощь, чтобы сообщить об этом",return_exchange,return_exchange,bitext,False,False,False,return_exchange
stg1_001074,"Мне нужна информация о часах работы вашего магазина, как ее найти?","мне нужна информация о часах работы вашего магазина, как ее найти?",general_info,general_info,bitext,False,False,False,general_info
stg1_001261,не могли бы вы помочь мне получить гребаный возврат денег?,не могли бы вы помочь мне получить гребаный возврат денег?,return_exchange,return_exchange,bitext,False,False,False,return_exchange
stg1_002337,Можете ли вы помочь мне получить возврат денег?,можете ли вы помочь мне получить возврат денег?,payment_refund,payment_refund,ikshana,False,False,False,payment_refund
stg1_002178,что такое обменный курс доллара,что такое обменный курс доллара,payment_refund,payment_refund,runlu,False,False,False,payment_refund
stg1_000036,"мне нужно удалить чертову вещь из корзины, ты мне поможешь?","мне нужно удалить чертову вещь из корзины, ты мне поможешь?",product_info,product_info,bitext,False,False,False,product_info
stg1_002238,"Я хотел бы проверить твои чертовы способы оплаты, мне нужна помощь","я хотел бы проверить твои чертовы способы оплаты, мне нужна помощь",payment_refund,payment_refund,bitext,False,False,False,payment_refund
stg1_000149,Какова цена акций (вставить),какова цена акций (вставить),product_info,product_info,runlu,False,False,False,product_info
stg1_001173,Что такое 50 кг в фунтах?,что такое 50 кг в фунтах?,general_info,general_info,runlu,False,False,False,general_info
stg1_001707,установить новый адрес доставки,установить новый адрес доставки,delivery,delivery,ikshana,False,False,False,delivery
stg1_000873,Я не могу перейти на стандартную учетную запись,я не могу перейти на стандартную учетную запись,account,account,ikshana,False,False,False,account
stg1_001381,"Товар, который я получил, неправильный, мне нужна помощь, чтобы сообщить об этом","товар, который я получил, неправильный, мне нужна помощь, чтобы сообщить об этом",return_exchange,return_exchange,bitext,False,False,False,return_exchange
stg1_001163,"Я хотел бы узнать больше о ближайших к черту магазинах, вы можете дать мне некоторую информацию?","я хотел бы узнать больше о ближайших к черту магазинах, вы можете дать мне некоторую информацию?",general_info,general_info,bitext,False,False,False,general_info
stg1_001859,"Я не знаю, как говорить с агентом человека","я не знаю, как говорить с агентом человека",other,other,ikshana,False,False,False,other
stg1_002626,"сайт не работает на моем планшете, я хочу сообщить о проблеме","сайт не работает на моем планшете, я хочу сообщить о проблеме",technical_issue,technical_issue,bitext,False,False,False,technical_issue
stg1_001147,"Мне нужно найти магазин поблизости, как мне это сделать?","мне нужно найти магазин поблизости, как мне это сделать?",general_info,general_info,bitext,False,False,False,general_info
stg1_001112,"Мне нужно позвонить в службу поддержки клиентов, как мне это сделать?","мне нужно позвонить в службу поддержки клиентов, как мне это сделать?",general_info,general_info,bitext,False,False,False,general_info
stg1_000729,Мне нужна помощь в отказе от подписки на новостную рассылку вашей компании,мне нужна помощь в отказе от подписки на новостную рассылку вашей компании,account,account,ikshana,False,False,False,account
stg1_002594,"мне нужна информация о чертовых зимних распродажах, где я могу ее получить","мне нужна информация о чертовых зимних распродажах, где я могу ее получить",promo_loyalty,promo_loyalty,bitext,False,False,False,promo_loyalty
stg1_002177,Сколько стоит фунт в долл. США?,сколько стоит фунт в долл. сша?,payment_refund,payment_refund,runlu,False,False,False,payment_refund
stg1_002458,не могли бы вы дать мне информацию о следующих продажах?,не могли бы вы дать мне информацию о следующих продажах?,promo_loyalty,promo_loyalty,bitext,False,False,False,promo_loyalty
stg1_001786,Мне нужно отправить чертов комментарий о вашей компании.,мне нужно отправить чертов комментарий о вашей компании.,other,other,bitext,False,False,False,other
stg1_000262,"Я хотел бы узнать о чертовом продукте, найду некоторую информацию","я хотел бы узнать о чертовом продукте, найду некоторую информацию",product_info,product_info,bitext,False,False,False,product_info
stg1_001596,Как долго пройдёт путь от Ньяка до коттеджа Долина,как долго пройдёт путь от ньяка до коттеджа долина,delivery,delivery,runlu,False,False,False,delivery
stg1_002912,Хочу пожаловаться на обслуживание,хочу пожаловаться на обслуживание,other,other,synthetic_dataset,True,False,False,other
stg1_000987,У меня новый адрес электронной почты. Можешь отправить e-mail?,у меня новый адрес электронной почты. можешь отправить e-mail?,general_info,general_info,runlu,False,False,False,general_info
stg1_000159,"Я хотел бы проверить наличие товаров онлайн, как это сделать?","я хотел бы проверить наличие товаров онлайн, как это сделать?",product_info,product_info,bitext,False,False,False,product_info
stg1_001151,можешь помочь мне узнать час работы твоего магазина,можешь помочь мне узнать час работы твоего магазина,general_info,general_info,bitext,False,False,False,general_info
stg1_000314,"мне нужно обновить свой заказ перед использованием, это мне поможет","мне нужно обновить свой заказ перед использованием, это мне поможет",order_status,order_status,bitext,False,False,False,order_status
stg1_000780,"мой аккаунт взломали, мне нужна помощь в восстановлении пароля","мой аккаунт взломали, мне нужна помощь в восстановлении пароля",account,account,bitext,False,False,False,account
stg1_001615,"Есть ли поезда, отправляющиеся из Нью-Йорка в 8 вечера?","есть ли поезда, отправляющиеся из нью-йорка в 8 вечера?",delivery,delivery,runlu,False,False,False,delivery
stg1_002543,могу дать мне информацию о весенних распродажах,могу дать мне информацию о весенних распродажах,promo_loyalty,promo_loyalty,bitext,False,False,False,promo_loyalty
stg1_002229,Можете ли вы помочь мне увидеть принятые вами способы оплаты?,можете ли вы помочь мне увидеть принятые вами способы оплаты?,payment_refund,payment_refund,ikshana,False,False,False,payment_refund
stg1_000673,могу ли я сообщить об ошибках при регистрации,могу ли я сообщить об ошибках при регистрации,account,account,ikshana,False,False,False,account
stg1_000069,Есть ли адрес для отправки отзывов о вашей продукции?,есть ли адрес для отправки отзывов о вашей продукции?,product_info,product_info,ikshana,False,False,False,product_info
stg1_002885,как использовать ваше приложение,как использовать ваше приложение,technical_issue,technical_issue,bitext,False,False,False,technical_issue
stg1_000073,"Я не знаю, как я могу оставить отзыв о продукте","я не знаю, как я могу оставить отзыв о продукте",product_info,product_info,ikshana,False,False,False,product_info
stg1_001291,"мне нужно вернуть чертов товар, который я купил в магазине, где я могу это сделать","мне нужно вернуть чертов товар, который я купил в магазине, где я могу это сделать",return_exchange,return_exchange,bitext,False,False,False,return_exchange
stg1_000327,"Я хочу посмотреть, где мой чертов груз, как я могу это сделать?","я хочу посмотреть, где мой чертов груз, как я могу это сделать?",order_status,order_status,bitext,False,False,False,order_status
stg1_000299,"я разместил чертов онлайн-заказ, помогите мне его отменить","я разместил чертов онлайн-заказ, помогите мне его отменить",order_status,order_status,bitext,False,False,False,order_status
stg1_001855,Мне нужна помощь в составлении рекламации клиента,мне нужна помощь в составлении рекламации клиента,other,other,ikshana,False,False,False,other
stg1_001021,Мэл Гибсон,мэл гибсон,general_info,general_info,runlu,False,False,False,general_info
stg1_000807,"Я не использую свою Премиум-аккаунт, мне нужна помощь в ее удалении","я не использую свою премиум-аккаунт, мне нужна помощь в ее удалении",account,account,ikshana,False,False,False,account
stg1_000939,"хочу найти магазины в моем районе, могу ли я получить помощь","хочу найти магазины в моем районе, могу ли я получить помощь",general_info,general_info,bitext,False,False,False,general_info
stg1_002129,"мне нужно получить чертов счет от Джона, мне нужна помощь","мне нужно получить чертов счет от джона, мне нужна помощь",payment_refund,payment_refund,ikshana,False,False,False,payment_refund
stg1_001682,"Мне нужно узнать чертову стоимость пересылки, можешь мне помочь?","мне нужно узнать чертову стоимость пересылки, можешь мне помочь?",delivery,delivery,bitext,False,False,False,delivery
stg1_002561,Мне нужна информация о чертовых зимних аслях.,мне нужна информация о чертовых зимних аслях.,promo_loyalty,promo_loyalty,bitext,False,False,False,promo_loyalty
stg1_000691,Мне нужна помощь с подпиской на рассылку новостей,мне нужна помощь с подпиской на рассылку новостей,account,account,ikshana,False,False,False,account
stg1_001383,"некоторые чертовы вещи в моей посылке неправильные, не могли бы вы сообщить о них?","некоторые чертовы вещи в моей посылке неправильные, не могли бы вы сообщить о них?",return_exchange,return_exchange,bitext,False,False,False,return_exchange
stg1_000228,"мне нужна помощь, чтобы отправить отзыв о нашей компании","мне нужна помощь, чтобы отправить отзыв о нашей компании",product_info,product_info,ikshana,False,False,False,product_info
stg1_000067,оставить отзыв об услуге,оставить отзыв об услуге,product_info,product_info,ikshana,False,False,False,product_info
stg1_001621,"Когда следующий поезд, путешествующий по городу, уезжает отсюда?","когда следующий поезд, путешествующий по городу, уезжает отсюда?",delivery,delivery,runlu,False,False,False,delivery
stg1_000264,"мне нужно проверить наличие товара, могу ли я получить помощь?","мне нужно проверить наличие товара, могу ли я получить помощь?",product_info,product_info,bitext,False,False,False,product_info
stg1_002196,"Обменный курс, который я получу с иностранной валютой","обменный курс, который я получу с иностранной валютой",payment_refund,payment_refund,runlu,False,False,False,payment_refund
stg1_000649,"У меня проблема с моим чертовым аккаунтом, ты поможешь мне это изменить?","у меня проблема с моим чертовым аккаунтом, ты поможешь мне это изменить?",account,account,bitext,False,False,False,account
stg1_000916,"Я хотел бы найти чертову стойку, мне нужна помощь","я хотел бы найти чертову стойку, мне нужна помощь",general_info,general_info,bitext,False,False,False,general_info
stg1_001360,"можно ли вернуть некоторые товары, которые были по акции","можно ли вернуть некоторые товары, которые были по акции",return_exchange,return_exchange,bitext,False,False,False,return_exchange
stg1_000023,"Мне нужна информация о чертовом продюсере, как мне ее найти?","мне нужна информация о чертовом продюсере, как мне ее найти?",product_info,product_info,bitext,False,False,False,product_info
stg1_002005,"Я хочу отправить идею продукта, как это сделать?","я хочу отправить идею продукта, как это сделать?",other,other,bitext,False,False,False,other
stg1_002479,"Я хотел бы узнать больше о зимних распродажах, найду некоторую информацию","я хотел бы узнать больше о зимних распродажах, найду некоторую информацию",promo_loyalty,promo_loyalty,bitext,False,False,False,promo_loyalty
stg1_000600,"мне нужно изменить мою личную информацию, помогите мне","мне нужно изменить мою личную информацию, помогите мне",account,account,bitext,False,False,False,account
stg1_000586,"Я не знаю, как я могу проверить плату за отмену бронирования.","я не знаю, как я могу проверить плату за отмену бронирования.",order_status,order_status,ikshana,False,False,False,order_status
stg1_002742,"Я хотел бы использовать ваше мобильное приложение, мне нужна помощь","я хотел бы использовать ваше мобильное приложение, мне нужна помощь",technical_issue,technical_issue,bitext,False,False,False,technical_issue
stg1_002716,"Я хочу использовать ваше приложение, не могли бы вы мне помочь?","я хочу использовать ваше приложение, не могли бы вы мне помочь?",technical_issue,technical_issue,bitext,False,False,False,technical_issue
stg1_002805,"нужно использовать ваше приложение, где это сделать","нужно использовать ваше приложение, где это сделать",technical_issue,technical_issue,bitext,False,False,False,technical_issue
stg1_002048,"Мне нужно отправить чертов отзыв о вашем бренде, вы можете мне помочь?","мне нужно отправить чертов отзыв о вашем бренде, вы можете мне помочь?",other,other,bitext,False,False,False,other
stg1_001010,составить электронную почту на новый адрес,составить электронную почту на новый адрес,general_info,general_info,runlu,False,False,False,general_info
stg1_000304,"Я купил чертов товар, но выбрал не ту модель, хочу изменить заказ.","я купил чертов товар, но выбрал не ту модель, хочу изменить заказ.",order_status,order_status,bitext,False,False,False,order_status
stg1_000601,как мне проверить чертову историю покупок,как мне проверить чертову историю покупок,account,account,bitext,False,False,False,account
stg1_002648,"сайт не работает на моем мобильном телефоне, мне нужна помощь, чтобы исправить ошибку","сайт не работает на моем мобильном телефоне, мне нужна помощь, чтобы исправить ошибку",technical_issue,technical_issue,bitext,False,False,False,technical_issue
stg1_000361,"Я купил товар, но выбрал не ту модель, можно ли обновить мой чертов заказ?","я купил товар, но выбрал не ту модель, можно ли обновить мой чертов заказ?",order_status,order_status,bitext,False,False,False,order_status
stg1_000382,помогите мне увидеть плату за досрочный выход,помогите мне увидеть плату за досрочный выход,order_status,order_status,ikshana,False,False,False,order_status
stg1_000211,"хочу подтвердить наличие чертовых товаров в Интернете, мне поможет","хочу подтвердить наличие чертовых товаров в интернете, мне поможет",product_info,product_info,bitext,False,False,False,product_info
stg1_002387,"мне нужна информация о чертовых весенних распродажах, как мне ее найти","мне нужна информация о чертовых весенних распродажах, как мне ее найти",promo_loyalty,promo_loyalty,bitext,False,False,False,promo_loyalty
stg1_002017,"Я не доволен вашей работой, подам жалобу на потребителя.","я не доволен вашей работой, подам жалобу на потребителя.",other,other,ikshana,False,False,False,other
stg1_000583,возникли проблемы с отменой покупки DOY97F3P,возникли проблемы с отменой покупки doy97f3p,order_status,order_status,ikshana,False,False,False,order_status
stg1_000824,"мой аккаунт украли, я бы хотел восстановить свой чертов пароль","мой аккаунт украли, я бы хотел восстановить свой чертов пароль",account,account,bitext,False,False,False,account
stg1_002419,"Я ищу информацию о весенних распродажах, не могли бы вы мне помочь?","я ищу информацию о весенних распродажах, не могли бы вы мне помочь?",promo_loyalty,promo_loyalty,bitext,False,False,False,promo_loyalty
stg1_002022,куда отправлять чертовы предложения по улучшению продукта,куда отправлять чертовы предложения по улучшению продукта,other,other,bitext,False,False,False,other
stg1_000371,могу ли я увидеть статус покупки 4Q5LD2OF,могу ли я увидеть статус покупки 4q5ld2of,order_status,order_status,ikshana,False,False,False,order_status
stg1_000833,"мне не нужно изменять свою чертову учетную запись пользователя, могу ли я получить помощь","мне не нужно изменять свою чертову учетную запись пользователя, могу ли я получить помощь",account,account,bitext,False,False,False,account
stg1_000626,мне нужна помощь в редактировании моей учетной записи,мне нужна помощь в редактировании моей учетной записи,account,account,bitext,False,False,False,account
stg1_002927,Когда приедет посылка?,когда приедет посылка?,order_status,order_status,synthetic_dataset,True,False,False,order_status
stg1_002247,"Я хочу узнать больше о вашей чертовой гарантии возврата денег, можете ли вы найти какую-нибудь информацию?","я хочу узнать больше о вашей чертовой гарантии возврата денег, можете ли вы найти какую-нибудь информацию?",payment_refund,payment_refund,bitext,False,False,False,payment_refund
stg1_001925,"Я хотел бы отправить жалобы на продукт, не могли бы мне помочь","я хотел бы отправить жалобы на продукт, не могли бы мне помочь",other,other,bitext,False,False,False,other
stg1_002033,мне нужна помощь в составлении потребительской претензии,мне нужна помощь в составлении потребительской претензии,other,other,ikshana,False,False,False,other
stg1_000466,"Я бы хотел проверить, где моя чертова посылка, мне нужна помощь","я бы хотел проверить, где моя чертова посылка, мне нужна помощь",order_status,order_status,bitext,False,False,False,order_status
stg1_000108,Расскажи мне о текущей цене эксксон-мобильных запасов.,расскажи мне о текущей цене эксксон-мобильных запасов.,product_info,product_info,runlu,False,False,False,product_info
stg1_002773,мобильное приложение не работает на моем планшете. Можете ли вы помочь мне сообщить о проблеме?,мобильное приложение не работает на моем планшете. можете ли вы помочь мне сообщить о проблеме?,technical_issue,technical_issue,bitext,False,False,False,technical_issue
stg1_002205,Сколько йен за доллары сегодня?,сколько йен за доллары сегодня?,payment_refund,payment_refund,runlu,False,False,False,payment_refund
stg1_002418,"Я ищу информацию о выставке, могу ли я ее получить?","я ищу информацию о выставке, могу ли я ее получить?",promo_loyalty,promo_loyalty,bitext,False,False,False,promo_loyalty
stg1_000194,"Мне нужна помощь, чтобы отправить отзыв о вашей продукции","мне нужна помощь, чтобы отправить отзыв о вашей продукции",product_info,product_info,ikshana,False,False,False,product_info
stg1_001938,как подать претензию клиента против вашей организации,как подать претензию клиента против вашей организации,other,other,ikshana,False,False,False,other
stg1_001155,"Я хочу связаться со службой поддержки клиентов, как мне это сделать?","я хочу связаться со службой поддержки клиентов, как мне это сделать?",general_info,general_info,bitext,False,False,False,general_info
stg1_000124,ПАДА проверяет фондовые цены на эту продукцию.,пада проверяет фондовые цены на эту продукцию.,product_info,product_info,runlu,False,False,False,product_info
stg1_001871,"мне нужна помощь, чтобы поговорить с живым агентом","мне нужна помощь, чтобы поговорить с живым агентом",other,other,ikshana,False,False,False,other
stg1_002250,Я ищу информацию о статусе моего возмещения. Не могли бы вы мне помочь?,я ищу информацию о статусе моего возмещения. не могли бы вы мне помочь?,payment_refund,payment_refund,bitext,False,False,False,payment_refund
stg1_002269,"Я хочу оплатить дебетовой картой, где я могу это сделать?","я хочу оплатить дебетовой картой, где я могу это сделать?",payment_refund,payment_refund,bitext,False,False,False,payment_refund
stg1_001603,Как далеко отсюда Уолмарт?,как далеко отсюда уолмарт?,delivery,delivery,runlu,False,False,False,delivery
stg1_000573,где я могу заработать несколько статей?,где я могу заработать несколько статей?,order_status,order_status,ikshana,False,False,False,order_status
stg1_002480,Я хотел бы узнать больше о чертовых зимних распродажах. Не могли бы вы дать мне некоторую информацию?,я хотел бы узнать больше о чертовых зимних распродажах. не могли бы вы дать мне некоторую информацию?,promo_loyalty,promo_loyalty,bitext,False,False,False,promo_loyalty
stg1_000395,"что мне нужно сделать, чтобы отменить покупку 0661Z77G?","что мне нужно сделать, чтобы отменить покупку 0661z77g?",order_status,order_status,ikshana,False,False,False,order_status
stg1_002512,"Я ищу информацию о следующих распродажах, может мне помочь.","я ищу информацию о следующих распродажах, может мне помочь.",promo_loyalty,promo_loyalty,bitext,False,False,False,promo_loyalty
stg1_000843,"Мне не нужна моя учетная запись, мне нужна помощь в ее удалении","мне не нужна моя учетная запись, мне нужна помощь в ее удалении",account,account,bitext,False,False,False,account
stg1_000886,"Мне нужно просмотреть историю заказов, вы мне поможете?","мне нужно просмотреть историю заказов, вы мне поможете?",account,account,bitext,False,False,False,account
stg1_000797,"Мне нужно найти то, что я купил, мне нужна помощь в просмотре истории моих покупок.","мне нужно найти то, что я купил, мне нужна помощь в просмотре истории моих покупок.",account,account,bitext,False,False,False,account
stg1_002650,"сайт не работает на моем планшете, помогите, сообщите об ошибке","сайт не работает на моем планшете, помогите, сообщите об ошибке",technical_issue,technical_issue,bitext,False,False,False,technical_issue
stg1_000240,Я хочу сообщить об ошибках в купленном мной продукте. Где я могу это сделать?,я хочу сообщить об ошибках в купленном мной продукте. где я могу это сделать?,product_info,product_info,bitext,False,False,False,product_info
stg1_001114,"Я хотел бы поговорить со службой поддержки, вы мне поможете?","я хотел бы поговорить со службой поддержки, вы мне поможете?",general_info,general_info,bitext,False,False,False,general_info
stg1_000951,"Можете ли вы показать мне, в какое время доступна служба поддержки клиентов?","можете ли вы показать мне, в какое время доступна служба поддержки клиентов?",general_info,general_info,ikshana,False,False,False,general_info
stg1_000613,"Мне нужно запросить право на забвение, где мне это сделать?","мне нужно запросить право на забвение, где мне это сделать?",account,account,bitext,False,False,False,account
stg1_000811,"У меня проблема с моей чертовой учетной записью, помогите мне ее изменить.","у меня проблема с моей чертовой учетной записью, помогите мне ее изменить.",account,account,bitext,False,False,False,account
stg1_001299,"Мне нужна помощь, чтобы отправить обратно чертов товар.","мне нужна помощь, чтобы отправить обратно чертов товар.",return_exchange,return_exchange,bitext,False,False,False,return_exchange
stg1_002956,Хочу вернуть деньги за заказ,хочу вернуть деньги за заказ,payment_refund,payment_refund,synthetic_dataset,True,False,False,payment_refund
stg1_001553,"я не знаю, как мне исправить адрес доставки","я не знаю, как мне исправить адрес доставки",delivery,delivery,ikshana,False,False,False,delivery
stg1_001773,"мне нужно отправить комментарии к продукту, не могли бы мне помочь","мне нужно отправить комментарии к продукту, не могли бы мне помочь",other,other,bitext,False,False,False,other
stg1_002672,"приложение не работает на моем мобильном телефоне, не могли бы вы помочь мне сообщить о проблеме?","приложение не работает на моем мобильном телефоне, не могли бы вы помочь мне сообщить о проблеме?",technical_issue,technical_issue,bitext,False,False,False,technical_issue
stg1_001436,"Мне нужно обменять в магазине чертову вещь, купленную в Интернете, как я могу это сделать?","мне нужно обменять в магазине чертову вещь, купленную в интернете, как я могу это сделать?",return_exchange,return_exchange,bitext,False,False,False,return_exchange
stg1_000896,"Я хотел бы поговорить с чертовой службой поддержки клиентов, где мне это сделать?","я хотел бы поговорить с чертовой службой поддержки клиентов, где мне это сделать?",general_info,general_info,bitext,False,False,False,general_info
stg1_002355,мне нужно скачать счета от Джона,мне нужно скачать счета от джона,payment_refund,payment_refund,ikshana,False,False,False,payment_refund
stg1_002838,"Я хотел бы использовать ваше мобильное приложение, не могли бы вы мне помочь?","я хотел бы использовать ваше мобильное приложение, не могли бы вы мне помочь?",technical_issue,technical_issue,bitext,False,False,False,technical_issue
stg1_000608,"мне нужно удалить свой гребаный аккаунт, где это сделать","мне нужно удалить свой гребаный аккаунт, где это сделать",account,account,bitext,False,False,False,account
stg1_001586,"Я хотел бы знать маршрут, по которому поезд отправится в Майами.","я хотел бы знать маршрут, по которому поезд отправится в майами.",delivery,delivery,runlu,False,False,False,delivery
stg1_000424,Мне нужна помощь в просмотре платы за отмену,мне нужна помощь в просмотре платы за отмену,order_status,order_status,ikshana,False,False,False,order_status
stg1_000574,редактирование покупки КРЭЛВК77,редактирование покупки крэлвк77,order_status,order_status,ikshana,False,False,False,order_status
stg1_002818,"я получаю сообщение об ошибке в приложении на своем компьютере, как мне сообщить об этом","я получаю сообщение об ошибке в приложении на своем компьютере, как мне сообщить об этом",technical_issue,technical_issue,bitext,False,False,False,technical_issue
stg1_000441,где я могу купить несколько продуктов?,где я могу купить несколько продуктов?,order_status,order_status,ikshana,False,False,False,order_status
stg1_002275,Я жду компенсацию в размере 10$,я жду компенсацию в размере 10$,payment_refund,payment_refund,ikshana,False,False,False,payment_refund
stg1_001732,"Мне нужно проверить, какие способы доставки доступны.","мне нужно проверить, какие способы доставки доступны.",delivery,delivery,ikshana,False,False,False,delivery
stg1_001100,"Мне нужно найти ближайший ко мне магазин, где я могу это сделать?","мне нужно найти ближайший ко мне магазин, где я могу это сделать?",general_info,general_info,bitext,False,False,False,general_info
stg1_002404,где я мог получить информацию о чертовых распродажах?,где я мог получить информацию о чертовых распродажах?,promo_loyalty,promo_loyalty,bitext,False,False,False,promo_loyalty
stg1_001026,Что значит осциллат?,что значит осциллат?,general_info,general_info,runlu,False,False,False,general_info
stg1_002687,"Мне нужно воспользоваться твоим чертовым мобильным приложением, где я могу это сделать?","мне нужно воспользоваться твоим чертовым мобильным приложением, где я могу это сделать?",technical_issue,technical_issue,bitext,False,False,False,technical_issue
stg1_000276,"Я хотел бы проверить наличие товара, могу ли я получить помощь?","я хотел бы проверить наличие товара, могу ли я получить помощь?",product_info,product_info,bitext,False,False,False,product_info
stg1_002610,информация о продажах,информация о продажах,promo_loyalty,promo_loyalty,bitext,False,False,False,promo_loyalty
stg1_001332,"гребаный продукт, который я получил, был раздавлен, мог бы сообщить об этом","гребаный продукт, который я получил, был раздавлен, мог бы сообщить об этом",return_exchange,return_exchange,bitext,False,False,False,return_exchange
stg1_002308,помогите получить мой счет №37777,помогите получить мой счет №37777,payment_refund,payment_refund,ikshana,False,False,False,payment_refund
stg1_001704,"мне нужна помощь, чтобы обновить мой адрес","мне нужна помощь, чтобы обновить мой адрес",delivery,delivery,ikshana,False,False,False,delivery
stg1_001351,"Я хотел бы вернуть товар, который я купил в магазине онлайн","я хотел бы вернуть товар, который я купил в магазине онлайн",return_exchange,return_exchange,bitext,False,False,False,return_exchange
stg1_001199,"доставленные продукты Soem чертовски раздавлены, можете сообщить об этом","доставленные продукты soem чертовски раздавлены, можете сообщить об этом",return_exchange,return_exchange,bitext,False,False,False,return_exchange
stg1_001356,"Я хотел бы обменять некачественный товар в магазине, где я могу это сделать?","я хотел бы обменять некачественный товар в магазине, где я могу это сделать?",return_exchange,return_exchange,bitext,False,False,False,return_exchange
stg1_002975,Доставляете ли в Новосибирск?,доставляете ли в новосибирск?,delivery,delivery,synthetic_dataset,True,False,False,delivery
stg1_000694,помогите мне использовать платиновый профиль,помогите мне использовать платиновый профиль,account,account,ikshana,False,False,False,account
stg1_001881,"Я не знаю, что мне нужно сделать, чтобы пообщаться с оператором","я не знаю, что мне нужно сделать, чтобы пообщаться с оператором",other,other,ikshana,False,False,False,other
stg1_000585,Мне нужна помощь с проверкой расчетного времени заказа QV9LA5X1.,мне нужна помощь с проверкой расчетного времени заказа qv9la5x1.,order_status,order_status,ikshana,False,False,False,order_status
stg1_001914,"я не знаю, как подать жалобу клиента","я не знаю, как подать жалобу клиента",other,other,ikshana,False,False,False,other
stg1_001790,"Я хотел бы подать чертову жалобу на твой бренд, помоги мне.","я хотел бы подать чертову жалобу на твой бренд, помоги мне.",other,other,bitext,False,False,False,other
stg1_002609,"Я ищу информацию о зимних распродажах, помогите мне.","я ищу информацию о зимних распродажах, помогите мне.",promo_loyalty,promo_loyalty,bitext,False,False,False,promo_loyalty
stg1_000223,Мне нужно просмотреть наличие товаров в Интернете. Вы мне поможете?,мне нужно просмотреть наличие товаров в интернете. вы мне поможете?,product_info,product_info,bitext,False,False,False,product_info
stg1_000632,Я ищу свою чертову историю покупок. Не могли бы вы мне помочь ее найти?,я ищу свою чертову историю покупок. не могли бы вы мне помочь ее найти?,account,account,bitext,False,False,False,account
stg1_001778,"Я вас не понимаю, мне нужна помощь, чтобы поговорить с оператором","я вас не понимаю, мне нужна помощь, чтобы поговорить с оператором",other,other,bitext,False,False,False,other
stg1_000910,помоги мне проверить часы работы твоего чертового магазина,помоги мне проверить часы работы твоего чертового магазина,general_info,general_info,bitext,False,False,False,general_info
stg1_002559,сколько продлятся летние распродажи?,сколько продлятся летние распродажи?,promo_loyalty,promo_loyalty,bitext,False,False,False,promo_loyalty
stg1_001012,Расскажи мне о Роке!,расскажи мне о роке!,general_info,general_info,runlu,False,False,False,general_info
stg1_000154,"мне нужно добавить элементы в catr, где я могу это сделать","мне нужно добавить элементы в catr, где я могу это сделать",product_info,product_info,bitext,False,False,False,product_info
stg1_000545,можно ли увидеть чертов статус моего замененного товара?,можно ли увидеть чертов статус моего замененного товара?,order_status,order_status,bitext,False,False,False,order_status
stg1_000671,Я хотел бы получить информацию о получении ключа доступа,я хотел бы получить информацию о получении ключа доступа,account,account,ikshana,False,False,False,account
stg1_001927,"мне нужно оставить комментарии о продуктах, это поможет мне","мне нужно оставить комментарии о продуктах, это поможет мне",other,other,bitext,False,False,False,other
stg1_002159,"Я пытаюсь узнать, есть ли что-нибудь новое в моем возмещении.","я пытаюсь узнать, есть ли что-нибудь новое в моем возмещении.",payment_refund,payment_refund,ikshana,False,False,False,payment_refund
stg1_002180,Дайте мне обменный курс между долларом США и канадским долларом.,дайте мне обменный курс между долларом сша и канадским долларом.,payment_refund,payment_refund,runlu,False,False,False,payment_refund
stg1_001573,"Что это за поезд времени, приходящий из Сакраменто?","что это за поезд времени, приходящий из сакраменто?",delivery,delivery,runlu,False,False,False,delivery
stg1_001727,"мне нужно проверить чертову стоимость доставки, помогите мне.","мне нужно проверить чертову стоимость доставки, помогите мне.",delivery,delivery,bitext,False,False,False,delivery
stg1_002344,Я хочу ознакомиться с вашей политикой возврата средств. Вы мне поможете?,я хочу ознакомиться с вашей политикой возврата средств. вы мне поможете?,payment_refund,payment_refund,bitext,False,False,False,payment_refund
stg1_002924,Хочу изменить email,хочу изменить email,account,account,synthetic_dataset,True,False,False,account
stg1_000015,"Мне нужно удалить чертовы товары из корзины, могу ли я получить помощь?","мне нужно удалить чертовы товары из корзины, могу ли я получить помощь?",product_info,product_info,bitext,False,False,False,product_info
stg1_001201,"мне нужно обменять чертов товар, который я купил в магазине онлайн","мне нужно обменять чертов товар, который я купил в магазине онлайн",return_exchange,return_exchange,bitext,False,False,False,return_exchange
stg1_000477,"Я не знаю, как я могу проверить плату за отмену","я не знаю, как я могу проверить плату за отмену",order_status,order_status,ikshana,False,False,False,order_status
stg1_001543,почему я не могу указать действительный дополнительный адрес доставки,почему я не могу указать действительный дополнительный адрес доставки,delivery,delivery,ikshana,False,False,False,delivery
stg1_001560,доставка в Индию,доставка в индию,delivery,delivery,ikshana,False,False,False,delivery
stg1_000563,"Я не знаю, как изменить предмет покупки 2V5QZNX0","я не знаю, как изменить предмет покупки 2v5qznx0",order_status,order_status,ikshana,False,False,False,order_status
stg1_002865,"сайт не работает на моем телефоне, как сообщить о проблеме","сайт не работает на моем телефоне, как сообщить о проблеме",technical_issue,technical_issue,bitext,False,False,False,technical_issue
stg1_001250,"хочу обменять товары, как это сделать","хочу обменять товары, как это сделать",return_exchange,return_exchange,bitext,False,False,False,return_exchange
stg1_000879,еще один аккаунт Titanium для отца,еще один аккаунт titanium для отца,account,account,ikshana,False,False,False,account
stg1_000579,"Я купил товар, но выбрал неправильный размер, мне придется изменить свой заказ.","я купил товар, но выбрал неправильный размер, мне придется изменить свой заказ.",order_status,order_status,bitext,False,False,False,order_status
stg1_002115,"хочу помочь проверить, есть ли какие-либо новости о моем возврате средств","хочу помочь проверить, есть ли какие-либо новости о моем возврате средств",payment_refund,payment_refund,ikshana,False,False,False,payment_refund
stg1_001982,"у меня есть чертов отзыв о вашей компании, помогите мне отправить его","у меня есть чертов отзыв о вашей компании, помогите мне отправить его",other,other,bitext,False,False,False,other
stg1_000054,Есть ли способ оставить отзыв о вашей компании?,есть ли способ оставить отзыв о вашей компании?,product_info,product_info,ikshana,False,False,False,product_info
stg1_001962,"Я хотел бы поговорить с оператором, как это сделать?","я хотел бы поговорить с оператором, как это сделать?",other,other,bitext,False,False,False,other
stg1_002618,пытаюсь найти информацию о чертовых весенних распродажах,пытаюсь найти информацию о чертовых весенних распродажах,promo_loyalty,promo_loyalty,bitext,False,False,False,promo_loyalty
stg1_002745,Я получаю чертову ошибку в приложении на своем телефоне. Можете ли вы помочь мне сообщить об этом?,я получаю чертову ошибку в приложении на своем телефоне. можете ли вы помочь мне сообщить об этом?,technical_issue,technical_issue,bitext,False,False,False,technical_issue
stg1_002444,Я ищу информацию о чертовых распродажах,я ищу информацию о чертовых распродажах,promo_loyalty,promo_loyalty,bitext,False,False,False,promo_loyalty
stg1_000280,"Я хочу удалить товары из корзины, где это можно сделать?","я хочу удалить товары из корзины, где это можно сделать?",product_info,product_info,bitext,False,False,False,product_info
stg1_002986,Хочу оставить отзыв,хочу оставить отзыв,other,other,synthetic_dataset,True,False,False,other
stg1_000287,"хочу увидеть наличие товара, помогите мне","хочу увидеть наличие товара, помогите мне",product_info,product_info,bitext,False,False,False,product_info
stg1_002070,"хочу сделать чертов платеж, как это сделать","хочу сделать чертов платеж, как это сделать",payment_refund,payment_refund,bitext,False,False,False,payment_refund
stg1_000731,куда сообщать об ошибках с регистрацией?,куда сообщать об ошибках с регистрацией?,account,account,ikshana,False,False,False,account
stg1_001746,поставки в Дели,поставки в дели,delivery,delivery,ikshana,False,False,False,delivery
stg1_000677,хочу узнать об отмене подписки на новостную рассылку моей компании,хочу узнать об отмене подписки на новостную рассылку моей компании,account,account,ikshana,False,False,False,account
stg1_002797,"мобильное приложение не работает на моем устройстве, мне нужна помощь, чтобы сообщить о проблеме","мобильное приложение не работает на моем устройстве, мне нужна помощь, чтобы сообщить о проблеме",technical_issue,technical_issue,bitext,False,False,False,technical_issue
stg1_000062,"Я не знаю, как оставить отзыв об услуге","я не знаю, как оставить отзыв об услуге",product_info,product_info,ikshana,False,False,False,product_info
stg1_002731,как я могу купить через ваше мобильное приложение,как я могу купить через ваше мобильное приложение,technical_issue,technical_issue,bitext,False,False,False,technical_issue
stg1_002105,"Я заказал товар, но не получил счет. Можете ли вы мне помочь его получить?","я заказал товар, но не получил счет. можете ли вы мне помочь его получить?",payment_refund,payment_refund,bitext,False,False,False,payment_refund
stg1_001971,мне нужна помощь с отправкой чертовых жалоб на продукт,мне нужна помощь с отправкой чертовых жалоб на продукт,other,other,bitext,False,False,False,other
stg1_001134,как связаться со службой поддержки клиентов?,как связаться со службой поддержки клиентов?,general_info,general_info,ikshana,False,False,False,general_info
stg1_001200,"Мне нужно отправить чертов товар обратно, где я могу это сделать?","мне нужно отправить чертов товар обратно, где я могу это сделать?",return_exchange,return_exchange,bitext,False,False,False,return_exchange
stg1_000826,помоги мне отредактировать мой чертов аккаунт,помоги мне отредактировать мой чертов аккаунт,account,account,bitext,False,False,False,account
stg1_000603,"Я хотел бы открыть чертов счет, где это сделать.","я хотел бы открыть чертов счет, где это сделать.",account,account,bitext,False,False,False,account
stg1_002469,"Я ищу информацию о зимних распродажах, где я могу ее получить?","я ищу информацию о зимних распродажах, где я могу ее получить?",promo_loyalty,promo_loyalty,bitext,False,False,False,promo_loyalty
stg1_002782,"я не могу заставить сайт работать на своем компьютере, мне нужна помощь, чтобы сообщить о чертовой проблеме","я не могу заставить сайт работать на своем компьютере, мне нужна помощь, чтобы сообщить о чертовой проблеме",technical_issue,technical_issue,bitext,False,False,False,technical_issue
stg1_000774,изменить профессиональный аккаунт,изменить профессиональный аккаунт,account,account,ikshana,False,False,False,account
stg1_003027,Кто вы такие?,кто вы такие?,general_info,general_info,synthetic_dataset,True,False,False,general_info
stg1_002607,"Я ищу информацию о чертовых распродажах, где я могу ее найти?","я ищу информацию о чертовых распродажах, где я могу ее найти?",promo_loyalty,promo_loyalty,bitext,False,False,False,promo_loyalty
stg1_000048,"Я хотел бы увидеть наличие этих чертовых предметов, не могли бы вы мне помочь?","я хотел бы увидеть наличие этих чертовых предметов, не могли бы вы мне помочь?",product_info,product_info,bitext,False,False,False,product_info
stg1_000099,можно ли оставить отзыв о вашей компании?,можно ли оставить отзыв о вашей компании?,product_info,product_info,ikshana,False,False,False,product_info
stg1_002320,"я не знаю, что делать, чтобы попросить вернуть деньги","я не знаю, что делать, чтобы попросить вернуть деньги",payment_refund,payment_refund,ikshana,False,False,False,payment_refund
stg1_002076,"Я совершил покупку, но не получил счет, как мне его запросить?","я совершил покупку, но не получил счет, как мне его запросить?",payment_refund,payment_refund,bitext,False,False,False,payment_refund
stg1_000497,"Мне нужно купить кое-какие чертовы вещи, могу ли я получить помощь?","мне нужно купить кое-какие чертовы вещи, могу ли я получить помощь?",order_status,order_status,ikshana,False,False,False,order_status
stg1_000609,"Мне не нужен мой чертов аккаунт, помогите мне его удалить.","мне не нужен мой чертов аккаунт, помогите мне его удалить.",account,account,bitext,False,False,False,account
stg1_001107,"Я бы хотел позвонить в чертову службу поддержки, вы можете мне помочь?","я бы хотел позвонить в чертову службу поддержки, вы можете мне помочь?",general_info,general_info,bitext,False,False,False,general_info
stg1_001131,"хочу узнать о часах работы вашего магазина, где я могу найти дополнительную информацию","хочу узнать о часах работы вашего магазина, где я могу найти дополнительную информацию",general_info,general_info,bitext,False,False,False,general_info
stg1_002669,можно ли купить через ваш сайт,можно ли купить через ваш сайт,technical_issue,technical_issue,bitext,False,False,False,technical_issue
stg1_002874,"сайт не работает на моем компьютере, можно ли сообщить об этой проблеме?","сайт не работает на моем компьютере, можно ли сообщить об этой проблеме?",technical_issue,technical_issue,bitext,False,False,False,technical_issue
stg1_002585,"хочу узнать больше о следующих чертовых распродажах, давай найдём какую-нибудь информацию","хочу узнать больше о следующих чертовых распродажах, давай найдём какую-нибудь информацию",promo_loyalty,promo_loyalty,bitext,False,False,False,promo_loyalty
stg1_002253,"Я хочу узнать, есть ли какие-нибудь новости о моей скидке.","я хочу узнать, есть ли какие-нибудь новости о моей скидке.",payment_refund,payment_refund,ikshana,False,False,False,payment_refund
stg1_001625,Я хочу знать дату доставки моего заказа,я хочу знать дату доставки моего заказа,delivery,delivery,bitext,False,False,False,delivery
stg1_000134,"Сделай так, чтобы акции поднялись или упали сегодня для Уолмарта.","сделай так, чтобы акции поднялись или упали сегодня для уолмарта.",product_info,product_info,runlu,False,False,False,product_info
stg1_001002,"Привет, у меня есть новые письма.","привет, у меня есть новые письма.",general_info,general_info,runlu,False,False,False,general_info
stg1_002855,"Аунна, воспользуйся твоим чертовым приложением, могу ли я получить помощь?","аунна, воспользуйся твоим чертовым приложением, могу ли я получить помощь?",technical_issue,technical_issue,bitext,False,False,False,technical_issue
stg1_002278,"Я хочу проверить вашу политику возмещения, вы мне поможете?","я хочу проверить вашу политику возмещения, вы мне поможете?",payment_refund,payment_refund,bitext,False,False,False,payment_refund
stg1_001618,"Олли, ты должен найти другой путь к моему месту назначения.","олли, ты должен найти другой путь к моему месту назначения.",delivery,delivery,runlu,False,False,False,delivery
stg1_002457,"Мне нужна информация о следующих распродажах, как я могу ее получить?","мне нужна информация о следующих распродажах, как я могу ее получить?",promo_loyalty,promo_loyalty,bitext,False,False,False,promo_loyalty
stg1_001440,Мне нужно обменять купленный товар,мне нужно обменять купленный товар,return_exchange,return_exchange,bitext,False,False,False,return_exchange
stg1_002764,Я бы хотел использовать ваше мобильное приложение,я бы хотел использовать ваше мобильное приложение,technical_issue,technical_issue,bitext,False,False,False,technical_issue
stg1_000778,"мой чертов пароль украли, могу я его сбросить?","мой чертов пароль украли, могу я его сбросить?",account,account,bitext,False,False,False,account
stg1_003024,Промокод SALE2026 не активируется,промокод sale2026 не активируется,promo_loyalty,promo_loyalty,synthetic_dataset,True,False,False,promo_loyalty
stg1_001912,как я могу поговорить с оператором,как я могу поговорить с оператором,other,other,ikshana,False,False,False,other
stg1_000131,Сколько стоит акции ФБР?,сколько стоит акции фбр?,product_info,product_info,runlu,False,False,False,product_info
stg1_000849,мне нужна информация о восстановлении PWD,мне нужна информация о восстановлении pwd,account,account,ikshana,False,False,False,account
stg1_000787,"Я не знаю, что мне нужно сделать, чтобы восстановить свой PIN-код.","я не знаю, что мне нужно сделать, чтобы восстановить свой pin-код.",account,account,ikshana,False,False,False,account
stg1_002923,Доставка в выходные работает?,доставка в выходные работает?,delivery,delivery,synthetic_dataset,True,False,False,delivery
stg1_002389,мне нужна информация о следующих чертовых распродажах,мне нужна информация о следующих чертовых распродажах,promo_loyalty,promo_loyalty,bitext,False,False,False,promo_loyalty
stg1_001715,проблемы с вводом нового адреса доставки,проблемы с вводом нового адреса доставки,delivery,delivery,ikshana,False,False,False,delivery
stg1_002621,"Я ищу информацию о зимних распродажах, можете мне помочь?","я ищу информацию о зимних распродажах, можете мне помочь?",promo_loyalty,promo_loyalty,bitext,False,False,False,promo_loyalty
stg1_000668,"Я хотел бы закрыть свою учетную запись, могу ли я получить помощь?","я хотел бы закрыть свою учетную запись, могу ли я получить помощь?",account,account,bitext,False,False,False,account
stg1_002194,Каков обменный курс между динаром и фунтом,каков обменный курс между динаром и фунтом,payment_refund,payment_refund,runlu,False,False,False,payment_refund
stg1_001393,чертовы продукты в моей доставке неверны. Не могли бы вы помочь мне сообщить о них?,чертовы продукты в моей доставке неверны. не могли бы вы помочь мне сообщить о них?,return_exchange,return_exchange,bitext,False,False,False,return_exchange
stg1_001355,"Я бы хотел вернуть этот чертов заказ, мне нужна помощь.","я бы хотел вернуть этот чертов заказ, мне нужна помощь.",return_exchange,return_exchange,bitext,False,False,False,return_exchange
stg1_001545,где я могу получить информацию о способах доставки?,где я могу получить информацию о способах доставки?,delivery,delivery,ikshana,False,False,False,delivery
stg1_002491,"Я хотел бы узнать больше о продажах iwnter, дам мне некоторую информацию.","я хотел бы узнать больше о продажах iwnter, дам мне некоторую информацию.",promo_loyalty,promo_loyalty,bitext,False,False,False,promo_loyalty
stg1_002831,"Я хочу воспользоваться твоим чертовым мобильным приложением, как я могу это сделать?","я хочу воспользоваться твоим чертовым мобильным приложением, как я могу это сделать?",technical_issue,technical_issue,bitext,False,False,False,technical_issue
stg1_000734,"Я не могу открыть счет, мне нужно сообщить о проблеме с регистрацией","я не могу открыть счет, мне нужно сообщить о проблеме с регистрацией",account,account,ikshana,False,False,False,account
stg1_001697,"Я хотел бы проверить время доставки, мне нужна помощь","я хотел бы проверить время доставки, мне нужна помощь",delivery,delivery,bitext,False,False,False,delivery
stg1_000805,обновить информацию на счете Platinum,обновить информацию на счете platinum,account,account,ikshana,False,False,False,account
stg1_000346,как я могу найти информацию о статусе замены продукта?,как я могу найти информацию о статусе замены продукта?,order_status,order_status,bitext,False,False,False,order_status
stg1_000364,"Я купил чертов товар, но выбрал неправильный размер, хочу изменить свой заказ.","я купил чертов товар, но выбрал неправильный размер, хочу изменить свой заказ.",order_status,order_status,bitext,False,False,False,order_status
stg1_001845,"что мне нужно сделать, чтобы связаться с человеком?","что мне нужно сделать, чтобы связаться с человеком?",other,other,ikshana,False,False,False,other
stg1_002763,Я не хочу использовать твое чертово приложение,я не хочу использовать твое чертово приложение,technical_issue,technical_issue,bitext,False,False,False,technical_issue
stg1_000411,"Я пропустил товар в покупке GBUVSR83, можете ли вы его добавить?","я пропустил товар в покупке gbuvsr83, можете ли вы его добавить?",order_status,order_status,ikshana,False,False,False,order_status
stg1_001460,"помогите мне вернуть чертов товар, который я купил в магазине онлайн","помогите мне вернуть чертов товар, который я купил в магазине онлайн",return_exchange,return_exchange,bitext,False,False,False,return_exchange
stg1_000260,"нужно проверить наличие чертовых товаров в Интернете, как я могу это сделать","нужно проверить наличие чертовых товаров в интернете, как я могу это сделать",product_info,product_info,bitext,False,False,False,product_info
stg1_000350,"Я хотел бы увидеть, где мой чертов заказ","я хотел бы увидеть, где мой чертов заказ",order_status,order_status,bitext,False,False,False,order_status
stg1_000856,"Мне нужна помощь, чтобы удалить мою чертову учетную запись пользователя","мне нужна помощь, чтобы удалить мою чертову учетную запись пользователя",account,account,bitext,False,False,False,account
stg1_000518,мне нужна помощь в отмене itwm,мне нужна помощь в отмене itwm,order_status,order_status,bitext,False,False,False,order_status
stg1_000990,Что такое ядерная триада?,что такое ядерная триада?,general_info,general_info,runlu,False,False,False,general_info
stg1_000093,как я могу оставить отзыв о наших услугах,как я могу оставить отзыв о наших услугах,product_info,product_info,ikshana,False,False,False,product_info
stg1_000704,исправление информации на счете Platinum,исправление информации на счете platinum,account,account,ikshana,False,False,False,account
stg1_001394,нужно обменять товар в магазине как это сделать,нужно обменять товар в магазине как это сделать,return_exchange,return_exchange,bitext,False,False,False,return_exchange
stg1_000422,заказ на обновление 8GXBRIEV,заказ на обновление 8gxbriev,order_status,order_status,ikshana,False,False,False,order_status
stg1_002333,Мне нужно проверить процесс возврата средств. Могу ли я получить помощь?,мне нужно проверить процесс возврата средств. могу ли я получить помощь?,payment_refund,payment_refund,bitext,False,False,False,payment_refund
stg1_000625,"Мне нужно обновить свою чертову учетную запись, как это сделать?","мне нужно обновить свою чертову учетную запись, как это сделать?",account,account,bitext,False,False,False,account
stg1_002411,"я ищу информацию о чертовых распродажах, мне нужна помощь","я ищу информацию о чертовых распродажах, мне нужна помощь",promo_loyalty,promo_loyalty,bitext,False,False,False,promo_loyalty
stg1_000003,"Я хочу удалить товар из корзины, где мне это сделать?","я хочу удалить товар из корзины, где мне это сделать?",product_info,product_info,bitext,False,False,False,product_info
stg1_001740,"Я хотел бы проверить чертово время доставки, помогите мне.","я хотел бы проверить чертово время доставки, помогите мне.",delivery,delivery,bitext,False,False,False,delivery
stg1_001713,"мне нужно сообщить о чертовой неполной доставке, помогите мне","мне нужно сообщить о чертовой неполной доставке, помогите мне",delivery,delivery,bitext,False,False,False,delivery
stg1_001132,Мне хотелось бы узнать о ваших часах работы. Как мне найти дополнительную информацию?,мне хотелось бы узнать о ваших часах работы. как мне найти дополнительную информацию?,general_info,general_info,bitext,False,False,False,general_info
stg1_001745,Я хочу указать адрес доставки,я хочу указать адрес доставки,delivery,delivery,ikshana,False,False,False,delivery
stg1_000978,"Мне нужно поговорить со службой поддержки, могу ли я получить помощь?","мне нужно поговорить со службой поддержки, могу ли я получить помощь?",general_info,general_info,ikshana,False,False,False,general_info
stg1_000160,"Мне нужно проверить наличие товара, не могли бы вы мне помочь?","мне нужно проверить наличие товара, не могли бы вы мне помочь?",product_info,product_info,bitext,False,False,False,product_info
stg1_002909,Когда появится товар в наличии?,когда появится товар в наличии?,product_info,product_info,synthetic_dataset,True,False,False,product_info
stg1_000412,где я могу проверить штраф за отмену,где я могу проверить штраф за отмену,order_status,order_status,ikshana,False,False,False,order_status
stg1_002671,"веб-сайт не работает на моем Mac, мне нужна помощь, чтобы сообщить о проблеме","веб-сайт не работает на моем mac, мне нужна помощь, чтобы сообщить о проблеме",technical_issue,technical_issue,bitext,False,False,False,technical_issue
stg1_002157,как мне получить возврат денег?,как мне получить возврат денег?,payment_refund,payment_refund,ikshana,False,False,False,payment_refund
stg1_001626,мне нужно ввести другой адрес доставки,мне нужно ввести другой адрес доставки,delivery,delivery,ikshana,False,False,False,delivery
stg1_002264,"помощь, чтобы узнать, в каких ситуациях я могу запросить возврат средств","помощь, чтобы узнать, в каких ситуациях я могу запросить возврат средств",payment_refund,payment_refund,ikshana,False,False,False,payment_refund
stg1_001599,Время работы поезда,время работы поезда,delivery,delivery,runlu,False,False,False,delivery
stg1_001435,"Я хочу вернуть заказы онлайн, где я могу это сделать?","я хочу вернуть заказы онлайн, где я могу это сделать?",return_exchange,return_exchange,bitext,False,False,False,return_exchange
stg1_002074,"Я бы хотел заплатить чертовой картой, ты можешь мне помочь?","я бы хотел заплатить чертовой картой, ты можешь мне помочь?",payment_refund,payment_refund,bitext,False,False,False,payment_refund
stg1_000679,Можете ли вы помочь мне отписаться от новостной рассылки?,можете ли вы помочь мне отписаться от новостной рассылки?,account,account,ikshana,False,False,False,account
stg1_000125,перечислить стоимость акций этой компании,перечислить стоимость акций этой компании,product_info,product_info,runlu,False,False,False,product_info
stg1_001122,"Я хотел бы узнать больше о часах работы вашего чертового магазина, я дам мне некоторую информацию.","я хотел бы узнать больше о часах работы вашего чертового магазина, я дам мне некоторую информацию.",general_info,general_info,bitext,False,False,False,general_info
stg1_001317,"нужно обменять чертову вещь, как я могу это сделать","нужно обменять чертову вещь, как я могу это сделать",return_exchange,return_exchange,bitext,False,False,False,return_exchange
stg1_001045,"хочу поговорить со службой поддержки, мне нужна помощь","хочу поговорить со службой поддержки, мне нужна помощь",general_info,general_info,bitext,False,False,False,general_info
stg1_000365,"хочу найти свою чертову посылку, где это сделать","хочу найти свою чертову посылку, где это сделать",order_status,order_status,bitext,False,False,False,order_status
stg1_003017,Где посмотреть оферту?,где посмотреть оферту?,general_info,general_info,synthetic_dataset,True,False,False,general_info
stg1_000011,"продукт, который я заказал, работает неправильно, могу ли я сообщить о проблеме с продуктом","продукт, который я заказал, работает неправильно, могу ли я сообщить о проблеме с продуктом",product_info,product_info,bitext,False,False,False,product_info
stg1_000481,где я могу увидеть предварительную плату за выход,где я могу увидеть предварительную плату за выход,order_status,order_status,ikshana,False,False,False,order_status
stg1_002226,Могу ли я увидеть вашу политику возмещения?,могу ли я увидеть вашу политику возмещения?,payment_refund,payment_refund,ikshana,False,False,False,payment_refund
stg1_001760,"мне нужна помощь, чтобы узнать, когда прибудет моя посылка","мне нужна помощь, чтобы узнать, когда прибудет моя посылка",delivery,delivery,ikshana,False,False,False,delivery
stg1_001646,Мне нужна помощь в исправлении моего адреса,мне нужна помощь в исправлении моего адреса,delivery,delivery,ikshana,False,False,False,delivery
stg1_000841,как я могу увидеть историю заказов?,как я могу увидеть историю заказов?,account,account,bitext,False,False,False,account
stg1_002723,"мобильное приложение не работает на моем Mac, мне нужна помощь, чтобы сообщить о проблеме","мобильное приложение не работает на моем mac, мне нужна помощь, чтобы сообщить о проблеме",technical_issue,technical_issue,bitext,False,False,False,technical_issue
stg1_000349,"я бы хотел отменить элемент, как мне это сделать","я бы хотел отменить элемент, как мне это сделать",order_status,order_status,bitext,False,False,False,order_status
stg1_001926,"мне нужна помощь, чтобы отправить комментарий о вашем бренде","мне нужна помощь, чтобы отправить комментарий о вашем бренде",other,other,bitext,False,False,False,other
stg1_000396,помогите заказать несколько товаров,помогите заказать несколько товаров,order_status,order_status,ikshana,False,False,False,order_status
stg1_002044,Я пытаюсь подать жалобу клиента,я пытаюсь подать жалобу клиента,other,other,ikshana,False,False,False,other
stg1_000882,Я хочу подписаться на рассылку новостей вашей компании,я хочу подписаться на рассылку новостей вашей компании,account,account,ikshana,False,False,False,account
stg1_002317,"Wqanna совершать платежи, как мне это сделать?","wqanna совершать платежи, как мне это сделать?",payment_refund,payment_refund,bitext,False,False,False,payment_refund
stg1_002151,см. законопроект № 12588,см. законопроект № 12588,payment_refund,payment_refund,ikshana,False,False,False,payment_refund
stg1_001565,"Могу ли я посмотреть, сколько времени займет доставка товара?","могу ли я посмотреть, сколько времени займет доставка товара?",delivery,delivery,ikshana,False,False,False,delivery
stg1_001606,Время проверки 10887 поезда со станции Луни во вторник,время проверки 10887 поезда со станции луни во вторник,delivery,delivery,runlu,False,False,False,delivery
stg1_002864,"приложение не работает на моем мобильном телефоне, могу ли я сообщить об этой чертовой проблеме?","приложение не работает на моем мобильном телефоне, могу ли я сообщить об этой чертовой проблеме?",technical_issue,technical_issue,bitext,False,False,False,technical_issue
stg1_002301,"Я хочу знать о статусе моего возврата, дайте мне некоторую информацию","я хочу знать о статусе моего возврата, дайте мне некоторую информацию",payment_refund,payment_refund,bitext,False,False,False,payment_refund
stg1_002431,как мне найти информацию о чертовых зимних распродажах,как мне найти информацию о чертовых зимних распродажах,promo_loyalty,promo_loyalty,bitext,False,False,False,promo_loyalty
stg1_000650,"нужно поискать что-то, что я купил, могу ли я посмотреть историю своих заказов","нужно поискать что-то, что я купил, могу ли я посмотреть историю своих заказов",account,account,bitext,False,False,False,account
stg1_001668,Могу ли я разместить заказ из Индии?,могу ли я разместить заказ из индии?,delivery,delivery,ikshana,False,False,False,delivery
stg1_002221,"Я хотел бы проверить чертов статус моего возврата, где мне это сделать","я хотел бы проверить чертов статус моего возврата, где мне это сделать",payment_refund,payment_refund,bitext,False,False,False,payment_refund
stg1_000795,"Я не зарегистрирован, как открыть у вас про аккаунт?","я не зарегистрирован, как открыть у вас про аккаунт?",account,account,ikshana,False,False,False,account
stg1_002757,"У меня не работает сайт на моем Mac, помогите мне сообщить о чертовой проблеме.","у меня не работает сайт на моем mac, помогите мне сообщить о чертовой проблеме.",technical_issue,technical_issue,bitext,False,False,False,technical_issue
stg1_000582,Можете ли вы помочь мне заказать несколько ваших продуктов?,можете ли вы помочь мне заказать несколько ваших продуктов?,order_status,order_status,ikshana,False,False,False,order_status
stg1_002940,Сколько ждать заказ?,сколько ждать заказ?,order_status,order_status,synthetic_dataset,True,False,False,order_status
stg1_002054,мне нужно поговорить с кем-нибудь,мне нужно поговорить с кем-нибудь,other,other,bitext,False,False,False,other
stg1_002502,"Мне нужна информация о чертовой распродаже, где я могу ее получить?","мне нужна информация о чертовой распродаже, где я могу ее получить?",promo_loyalty,promo_loyalty,bitext,False,False,False,promo_loyalty
stg1_002567,"Я ищу информацию о весенних распродажах, где я могу ее получить?","я ищу информацию о весенних распродажах, где я могу ее получить?",promo_loyalty,promo_loyalty,bitext,False,False,False,promo_loyalty
stg1_002991,Есть ли в наличии чехол для iPhone?,есть ли в наличии чехол для iphone?,product_info,product_info,synthetic_dataset,True,False,False,product_info
stg1_002700,"приложение не работает на моем устройстве, помогите мне сообщить о проблеме","приложение не работает на моем устройстве, помогите мне сообщить о проблеме",technical_issue,technical_issue,bitext,False,False,False,technical_issue
stg1_000088,Могу ли я отправить отзыв об услуге?,могу ли я отправить отзыв об услуге?,product_info,product_info,ikshana,False,False,False,product_info
stg1_002739,"этот сайт не работает на моем Mac, помогите мне сообщить о проблеме","этот сайт не работает на моем mac, помогите мне сообщить о проблеме",technical_issue,technical_issue,bitext,False,False,False,technical_issue
stg1_002724,"сайт не работает на моем компьютере, мне нужна помощь, чтобы сообщить об ошибке","сайт не работает на моем компьютере, мне нужна помощь, чтобы сообщить об ошибке",technical_issue,technical_issue,bitext,False,False,False,technical_issue
stg1_002334,"Помогите узнать, в каких случаях я могу потребовать вернуть свои деньги","помогите узнать, в каких случаях я могу потребовать вернуть свои деньги",payment_refund,payment_refund,ikshana,False,False,False,payment_refund
stg1_002472,"Я ищу информацию о весенних распродажах, мне нужна помощь","я ищу информацию о весенних распродажах, мне нужна помощь",promo_loyalty,promo_loyalty,bitext,False,False,False,promo_loyalty
stg1_002062,как я могу получить информацию о чертовом статусе моего возмещения,как я могу получить информацию о чертовом статусе моего возмещения,payment_refund,payment_refund,bitext,False,False,False,payment_refund
stg1_001225,"Я хотел бы вернуть товар онлайн, могу ли я получить помощь?","я хотел бы вернуть товар онлайн, могу ли я получить помощь?",return_exchange,return_exchange,bitext,False,False,False,return_exchange
stg1_002842,"Мне бы хотелось воспользоваться твоим чертовым мобильным приложением, где я могу это сделать","мне бы хотелось воспользоваться твоим чертовым мобильным приложением, где я могу это сделать",technical_issue,technical_issue,bitext,False,False,False,technical_issue
stg1_000627,"мне нужен чертов аккаунт, ты поможешь мне его открыть?","мне нужен чертов аккаунт, ты поможешь мне его открыть?",account,account,bitext,False,False,False,account
stg1_001255,"один из предметов в моей посылке неправильный, как мне об этом сообщить?","один из предметов в моей посылке неправильный, как мне об этом сообщить?",return_exchange,return_exchange,bitext,False,False,False,return_exchange
stg1_000891,Могу ли я связаться со службой поддержки клиентов?,могу ли я связаться со службой поддержки клиентов?,general_info,general_info,bitext,False,False,False,general_info
stg1_001641,"Можешь показать мне, как отправиться в Музей полета в Сиэтле.","можешь показать мне, как отправиться в музей полета в сиэтле.",delivery,delivery,runlu,False,False,False,delivery
stg1_000595,"кто-то взломал мой профиль, мне нужна помощь в восстановлении пароля","кто-то взломал мой профиль, мне нужна помощь в восстановлении пароля",account,account,bitext,False,False,False,account
stg1_001983,"Я хочу оставить отзыв о вашей компании, могу ли я получить некоторую помощь?","я хочу оставить отзыв о вашей компании, могу ли я получить некоторую помощь?",other,other,bitext,False,False,False,other
stg1_001016,Покажите мне записи Сачин Тендулкара?,покажите мне записи сачин тендулкара?,general_info,general_info,runlu,False,False,False,general_info
stg1_000438,обновить покупку113542617735902,обновить покупку113542617735902,order_status,order_status,ikshana,False,False,False,order_status
stg1_002612,"Мне нужна информация о продажах, как я могу ее найти?","мне нужна информация о продажах, как я могу ее найти?",promo_loyalty,promo_loyalty,bitext,False,False,False,promo_loyalty
stg1_001810,как я могу оставить комментарий о товаре?,как я могу оставить комментарий о товаре?,other,other,bitext,False,False,False,other
stg1_002186,Сколько [валюта_источник: доллары] в фунте?,сколько [валюта_источник: доллары] в фунте?,payment_refund,payment_refund,runlu,False,False,False,payment_refund
stg1_002176,Какая цена?,какая цена?,payment_refund,payment_refund,runlu,False,False,False,payment_refund
stg1_001569,как скоро я могу ожидать доставку?,как скоро я могу ожидать доставку?,delivery,delivery,ikshana,False,False,False,delivery
stg1_000452,"мне нужно изменить мой гребаный онлайн-заказ, прежде чем отправлять его, не могли бы вы мне помочь?","мне нужно изменить мой гребаный онлайн-заказ, прежде чем отправлять его, не могли бы вы мне помочь?",order_status,order_status,bitext,False,False,False,order_status
stg1_000919,"Мне нужно связаться со службой поддержки клиентов, вы можете мне помочь?","мне нужно связаться со службой поддержки клиентов, вы можете мне помочь?",general_info,general_info,bitext,False,False,False,general_info
stg1_002134,"Я не знаю, как скачать счет №37777.","я не знаю, как скачать счет №37777.",payment_refund,payment_refund,ikshana,False,False,False,payment_refund
stg1_001231,"Я бы хотел отправить чертов заказ обратно, как мне это сделать?","я бы хотел отправить чертов заказ обратно, как мне это сделать?",return_exchange,return_exchange,bitext,False,False,False,return_exchange
stg1_000683,открыть фримиум-аккаунт,открыть фримиум-аккаунт,account,account,ikshana,False,False,False,account
stg1_002006,"Мне нужно отправить чертов отзыв о продукте, могу ли я получить помощь?","мне нужно отправить чертов отзыв о продукте, могу ли я получить помощь?",other,other,bitext,False,False,False,other
stg1_002015,"Я не знаю, как мне подать иск","я не знаю, как мне подать иск",other,other,ikshana,False,False,False,other
stg1_000151,помощь в написании комментария к вашей продукции,помощь в написании комментария к вашей продукции,product_info,product_info,ikshana,False,False,False,product_info
stg1_000868,открытие премиум-аккаунта для жены,открытие премиум-аккаунта для жены,account,account,ikshana,False,False,False,account
stg1_002122,Я хочу помощи с требованием компенсации,я хочу помощи с требованием компенсации,payment_refund,payment_refund,ikshana,False,False,False,payment_refund
stg1_001098,Я пытаюсь найти информацию о часах работы твоего чертового магазина.,я пытаюсь найти информацию о часах работы твоего чертового магазина.,general_info,general_info,bitext,False,False,False,general_info
stg1_000342,"я купил чертов товар, но он мне не нужен, мне нужно отменить заказ","я купил чертов товар, но он мне не нужен, мне нужно отменить заказ",order_status,order_status,bitext,False,False,False,order_status
stg1_000881,нужно отписаться от вашей рассылки,нужно отписаться от вашей рассылки,account,account,ikshana,False,False,False,account
stg1_002523,"Ищу информацию о чертовых зимних распродажах, где ее взять","ищу информацию о чертовых зимних распродажах, где ее взять",promo_loyalty,promo_loyalty,bitext,False,False,False,promo_loyalty
stg1_002719,"сайт не работает на моем мобильном телефоне, как сообщить об ошибке","сайт не работает на моем мобильном телефоне, как сообщить об ошибке",technical_issue,technical_issue,bitext,False,False,False,technical_issue
stg1_001547,"хочу указать дополнительный адрес доставки, как это сделать?","хочу указать дополнительный адрес доставки, как это сделать?",delivery,delivery,ikshana,False,False,False,delivery
stg1_001771,"мне нужно отправить отзыв о продукте, помогите мне","мне нужно отправить отзыв о продукте, помогите мне",other,other,bitext,False,False,False,other
stg1_001170,"Я хочу найти магазин, где я могу это сделать?","я хочу найти магазин, где я могу это сделать?",general_info,general_info,bitext,False,False,False,general_info
stg1_001764,"как я могу увидеть, какие чертовы варианты доставки доступны?","как я могу увидеть, какие чертовы варианты доставки доступны?",delivery,delivery,ikshana,False,False,False,delivery
stg1_000991,"Отправь письмо моему брату и скажи, что годовщина свадьбы","отправь письмо моему брату и скажи, что годовщина свадьбы",general_info,general_info,runlu,False,False,False,general_info
stg1_002556,"Я хочу узнать больше о весенних распродажах, можете ли вы найти какую-нибудь информацию?","я хочу узнать больше о весенних распродажах, можете ли вы найти какую-нибудь информацию?",promo_loyalty,promo_loyalty,bitext,False,False,False,promo_loyalty
stg1_000386,"Я заказал некоторые товары, как отменить покупку ОХФТРЗАД?","я заказал некоторые товары, как отменить покупку охфтрзад?",order_status,order_status,ikshana,False,False,False,order_status
stg1_001821,"мне нужна помощь, чтобы представить чертову идею продукта","мне нужна помощь, чтобы представить чертову идею продукта",other,other,bitext,False,False,False,other
stg1_000503,"помощь, чтобы увидеть расчетное время покупки 01LIOX55","помощь, чтобы увидеть расчетное время покупки 01liox55",order_status,order_status,ikshana,False,False,False,order_status
stg1_002463,"Я ищу информацию о чертовых весенних распродажах, могу ли я получить помощь?","я ищу информацию о чертовых весенних распродажах, могу ли я получить помощь?",promo_loyalty,promo_loyalty,bitext,False,False,False,promo_loyalty
stg1_002123,Мне нужна помощь в поиске счетов от Джона.,мне нужна помощь в поиске счетов от джона.,payment_refund,payment_refund,ikshana,False,False,False,payment_refund
stg1_002086,"Я хотел бы сделать переводы, помогите мне","я хотел бы сделать переводы, помогите мне",payment_refund,payment_refund,bitext,False,False,False,payment_refund
stg1_002024,"Я хочу оставить комментарий о вашем бренде, мне нужна помощь","я хочу оставить комментарий о вашем бренде, мне нужна помощь",other,other,bitext,False,False,False,other
stg1_001367,как мне увидеть твою чертову политику возврата?,как мне увидеть твою чертову политику возврата?,return_exchange,return_exchange,bitext,False,False,False,return_exchange
stg1_000225,"Мне нужно увидеть наличие этого чертового предмета, могу ли я получить помощь?","мне нужно увидеть наличие этого чертового предмета, могу ли я получить помощь?",product_info,product_info,bitext,False,False,False,product_info
stg1_000182,"Я хотел бы увидеть наличие этого чертового предмета, не могли бы вы мне помочь?","я хотел бы увидеть наличие этого чертового предмета, не могли бы вы мне помочь?",product_info,product_info,bitext,False,False,False,product_info
stg1_000576,"Мне нужно проверить плату за ранний выход, мне нужна помощь","мне нужно проверить плату за ранний выход, мне нужна помощь",order_status,order_status,ikshana,False,False,False,order_status
stg1_002572,Я ищу информацию о следующих распродажах. Могу ли я получить помощь?,я ищу информацию о следующих распродажах. могу ли я получить помощь?,promo_loyalty,promo_loyalty,bitext,False,False,False,promo_loyalty
stg1_001920,"мне нужно отправить чертовы предложения, мне нужна помощь","мне нужно отправить чертовы предложения, мне нужна помощь",other,other,bitext,False,False,False,other
stg1_002207,долл. США - фунт стерлингов,долл. сша - фунт стерлингов,payment_refund,payment_refund,runlu,False,False,False,payment_refund
stg1_002237,мне нужна помощь с долбанными платежами,мне нужна помощь с долбанными платежами,payment_refund,payment_refund,bitext,False,False,False,payment_refund
stg1_001763,расскажи мне больше о редактировании моего адреса,расскажи мне больше о редактировании моего адреса,delivery,delivery,ikshana,False,False,False,delivery
stg1_001849,"я не знаю, что мне нужно сделать, чтобы поговорить с живым агентом","я не знаю, что мне нужно сделать, чтобы поговорить с живым агентом",other,other,ikshana,False,False,False,other
stg1_000075,помогите мне оставить отзыв о вашей продукции,помогите мне оставить отзыв о вашей продукции,product_info,product_info,ikshana,False,False,False,product_info
stg1_002542,"Мне нужна информация о зимних распродажах, как ее найти?","мне нужна информация о зимних распродажах, как ее найти?",promo_loyalty,promo_loyalty,bitext,False,False,False,promo_loyalty
stg1_001578,Когда последний поезд с рабочего отпуска,когда последний поезд с рабочего отпуска,delivery,delivery,runlu,False,False,False,delivery
stg1_002271,Мне нужна помощь в сообщении о проблеме с оплатой,мне нужна помощь в сообщении о проблеме с оплатой,payment_refund,payment_refund,ikshana,False,False,False,payment_refund
stg1_002307,"нужна помощь, чтобы запросить возврат моих денег","нужна помощь, чтобы запросить возврат моих денег",payment_refund,payment_refund,ikshana,False,False,False,payment_refund
stg1_002030,можете помочь мне отправить отзыв о продукте,можете помочь мне отправить отзыв о продукте,other,other,bitext,False,False,False,other
stg1_000326,"я купил чертов товар, но он мне не нужен, я хочу отменить заказ","я купил чертов товар, но он мне не нужен, я хочу отменить заказ",order_status,order_status,bitext,False,False,False,order_status
stg1_002081,"Мне нужно произвести оплату, вы можете мне помочь?","мне нужно произвести оплату, вы можете мне помочь?",payment_refund,payment_refund,bitext,False,False,False,payment_refund
stg1_002217,Я должен сообщить о проблемах с оплатой,я должен сообщить о проблемах с оплатой,payment_refund,payment_refund,ikshana,False,False,False,payment_refund
stg1_001030,"Скажи мне, какова география в этом регионе.","скажи мне, какова география в этом регионе.",general_info,general_info,runlu,False,False,False,general_info
stg1_000052,нужна помощь в отправке отзыва об услуге,нужна помощь в отправке отзыва об услуге,product_info,product_info,ikshana,False,False,False,product_info
stg1_002356,Я жду оплаты картой,я жду оплаты картой,payment_refund,payment_refund,bitext,False,False,False,payment_refund
stg1_002312,мог бы рассказать мне больше о вашей политике возврата денег,мог бы рассказать мне больше о вашей политике возврата денег,payment_refund,payment_refund,bitext,False,False,False,payment_refund
stg1_001240,"хочу вернуть чертовы заказы онлайн, где это сделать","хочу вернуть чертовы заказы онлайн, где это сделать",return_exchange,return_exchange,bitext,False,False,False,return_exchange
stg1_002526,как я мог получить информацию о чертовых распродажах,как я мог получить информацию о чертовых распродажах,promo_loyalty,promo_loyalty,bitext,False,False,False,promo_loyalty
stg1_002695,"Я не могу заставить сайт работать на моем Mac, мне нужно сообщить об ошибке","я не могу заставить сайт работать на моем mac, мне нужно сообщить об ошибке",technical_issue,technical_issue,bitext,False,False,False,technical_issue
stg1_001609,Время проверки поезда Калки с станции Джодпур в понедельник,время проверки поезда калки с станции джодпур в понедельник,delivery,delivery,runlu,False,False,False,delivery
stg1_001371,"Я хочу вернуть заказы онлайн, где мне это сделать?","я хочу вернуть заказы онлайн, где мне это сделать?",return_exchange,return_exchange,bitext,False,False,False,return_exchange
stg1_002576,"Я хотел бы узнать больше о следующих распродажах, могу дать мне некоторую информацию","я хотел бы узнать больше о следующих распродажах, могу дать мне некоторую информацию",promo_loyalty,promo_loyalty,bitext,False,False,False,promo_loyalty
stg1_002153,Жду блин возврата 10$,жду блин возврата 10$,payment_refund,payment_refund,ikshana,False,False,False,payment_refund
stg1_000473,"я купил товар, но выбрал не ту модель, хочу изменить свой заказ","я купил товар, но выбрал не ту модель, хочу изменить свой заказ",order_status,order_status,bitext,False,False,False,order_status
stg1_001160,"как узнать, в какое время я могу позвонить в службу поддержки клиентов","как узнать, в какое время я могу позвонить в службу поддержки клиентов",general_info,general_info,ikshana,False,False,False,general_info
stg1_001775,"хочу отправить жалобу, мне нужна помощь","хочу отправить жалобу, мне нужна помощь",other,other,bitext,False,False,False,other
stg1_002527,"мне нужна информация о продажах, как я могу ее получить","мне нужна информация о продажах, как я могу ее получить",promo_loyalty,promo_loyalty,bitext,False,False,False,promo_loyalty
stg1_000055,есть ли у вас способ оставить отзыв об услуге?,есть ли у вас способ оставить отзыв об услуге?,product_info,product_info,ikshana,False,False,False,product_info
stg1_000981,"помогите мне узнать, в какие часы я могу позвонить в службу поддержки клиентов","помогите мне узнать, в какие часы я могу позвонить в службу поддержки клиентов",general_info,general_info,ikshana,False,False,False,general_info
stg1_001342,"Я хотел бы вернуть чертовы товары из Интернета, мне нужна помощь","я хотел бы вернуть чертовы товары из интернета, мне нужна помощь",return_exchange,return_exchange,bitext,False,False,False,return_exchange
stg1_000006,"мне нужно проверить наличие товара в магазине, не могли бы вы мне помочь?","мне нужно проверить наличие товара в магазине, не могли бы вы мне помочь?",product_info,product_info,bitext,False,False,False,product_info
stg1_002746,"Веб-сайт не работает, я хотел бы сообщить о проблеме","веб-сайт не работает, я хотел бы сообщить о проблеме",technical_issue,technical_issue,bitext,False,False,False,technical_issue
stg1_001162,"мне нужна информация о чертовых магазинах поблизости, где я могу ее получить","мне нужна информация о чертовых магазинах поблизости, где я могу ее получить",general_info,general_info,bitext,False,False,False,general_info
stg1_002056,"Я хотел бы поговорить с агентом, могу ли я получить помощь?","я хотел бы поговорить с агентом, могу ли я получить помощь?",other,other,bitext,False,False,False,other
stg1_000956,"помогите мне узнать, в какие часы доступна служба поддержки клиентов","помогите мне узнать, в какие часы доступна служба поддержки клиентов",general_info,general_info,ikshana,False,False,False,general_info
stg1_002804,"Я хочу воспользоваться твоим чертовым мобильным приложением, где мне это сделать?","я хочу воспользоваться твоим чертовым мобильным приложением, где мне это сделать?",technical_issue,technical_issue,bitext,False,False,False,technical_issue
stg1_001245,"мне нужна информация о твоем чертовом процессе возврата, могу я ее получить","мне нужна информация о твоем чертовом процессе возврата, могу я ее получить",return_exchange,return_exchange,bitext,False,False,False,return_exchange
stg1_002440,"Мне нравится информация о зимних распродажах, как я могу ее получить?","мне нравится информация о зимних распродажах, как я могу ее получить?",promo_loyalty,promo_loyalty,bitext,False,False,False,promo_loyalty
stg1_001348,как я могу вернуть некоторые чертовы товары вне срока возврата?,как я могу вернуть некоторые чертовы товары вне срока возврата?,return_exchange,return_exchange,bitext,False,False,False,return_exchange
stg1_001110,"нужно посмотреть, в какие часы доступна служба поддержки клиентов","нужно посмотреть, в какие часы доступна служба поддержки клиентов",general_info,general_info,ikshana,False,False,False,general_info
stg1_002087,"мне нужна помощь, чтобы проверить статус моего возмещения","мне нужна помощь, чтобы проверить статус моего возмещения",payment_refund,payment_refund,bitext,False,False,False,payment_refund
stg1_001900,можешь помочь мне поговорить с ассистентом?,можешь помочь мне поговорить с ассистентом?,other,other,ikshana,False,False,False,other
stg1_001308,"Я хотел бы запросить возврат средств, могу ли я получить некоторую помощь?","я хотел бы запросить возврат средств, могу ли я получить некоторую помощь?",return_exchange,payment_refund,bitext,False,False,False,return_exchange
stg1_002857,"нужно использовать ваше приложение, где мне это сделать","нужно использовать ваше приложение, где мне это сделать",technical_issue,technical_issue,bitext,False,False,False,technical_issue
stg1_000769,"нужно просмотреть мою историю покупок, вы мне поможете","нужно просмотреть мою историю покупок, вы мне поможете",account,account,bitext,False,False,False,account
stg1_001755,Я бы хотел сообщить о проблемах с доставкой моего груза. Где мне это сделать?,я бы хотел сообщить о проблемах с доставкой моего груза. где мне это сделать?,delivery,delivery,bitext,False,False,False,delivery
stg1_000103,какова балансовая стоимость гугля,какова балансовая стоимость гугля,product_info,product_info,runlu,False,False,False,product_info
stg1_002899,"сайт не работает, помогите мне сообщить об ошибке","сайт не работает, помогите мне сообщить об ошибке",technical_issue,technical_issue,bitext,False,False,False,technical_issue
stg1_002748,как я могу использовать твое мобильное приложение,как я могу использовать твое мобильное приложение,technical_issue,technical_issue,bitext,False,False,False,technical_issue
stg1_000118,Не могли бы вы дать мне прежний график на будущее.,не могли бы вы дать мне прежний график на будущее.,product_info,product_info,runlu,False,False,False,product_info
stg1_001617,Сколько времени на поезд?,сколько времени на поезд?,delivery,delivery,runlu,False,False,False,delivery
stg1_000249,"Я хочу добавить товар в корзину, где это можно сделать?","я хочу добавить товар в корзину, где это можно сделать?",product_info,product_info,bitext,False,False,False,product_info
stg1_000756,как сообщить о проблемах с регистрацией,как сообщить о проблемах с регистрацией,account,account,ikshana,False,False,False,account
stg1_002803,"сайт не работает на моем мобильном телефоне, мне нужно сообщить о проблеме","сайт не работает на моем мобильном телефоне, мне нужно сообщить о проблеме",technical_issue,technical_issue,bitext,False,False,False,technical_issue
stg1_001387,"Я хочу вернуть товар онлайн, где я могу это сделать?","я хочу вернуть товар онлайн, где я могу это сделать?",return_exchange,return_exchange,bitext,False,False,False,return_exchange
stg1_002488,"Мне нужна информация о чертовых весенних распродажах, как я могу ее найти?","мне нужна информация о чертовых весенних распродажах, как я могу ее найти?",promo_loyalty,promo_loyalty,bitext,False,False,False,promo_loyalty
stg1_001320,"чертов товар, который я заказал, неправильный, мне нужна помощь, чтобы сообщить об этом","чертов товар, который я заказал, неправильный, мне нужна помощь, чтобы сообщить об этом",return_exchange,return_exchange,bitext,False,False,False,return_exchange
stg1_001361,"Я хочу обменять в магазине чертов товар, купленный онлайн, как мне это сделать?","я хочу обменять в магазине чертов товар, купленный онлайн, как мне это сделать?",return_exchange,return_exchange,bitext,False,False,False,return_exchange
stg1_000921,"Мне бы хотелось найти чертовы магазины поблизости, мне нужна помощь","мне бы хотелось найти чертовы магазины поблизости, мне нужна помощь",general_info,general_info,bitext,False,False,False,general_info
stg1_000305,"Мне нужно отследить свою посылку, как я могу это сделать?","мне нужно отследить свою посылку, как я могу это сделать?",order_status,order_status,bitext,False,False,False,order_status
stg1_001340,"Я ищу информацию о чертовом товаре в магазине, мне нужна помощь.","я ищу информацию о чертовом товаре в магазине, мне нужна помощь.",return_exchange,return_exchange,bitext,False,False,False,return_exchange
stg1_001687,"Можете ли вы помочь мне проверить, как скоро я могу ожидать посылку?","можете ли вы помочь мне проверить, как скоро я могу ожидать посылку?",delivery,delivery,ikshana,False,False,False,delivery
stg1_002737,"Я бы хотел воспользоваться твоим чертовым мобильным приложением, можно мне помочь?","я бы хотел воспользоваться твоим чертовым мобильным приложением, можно мне помочь?",technical_issue,technical_issue,bitext,False,False,False,technical_issue
stg1_001165,Объясни мне о Роке!,объясни мне о роке!,general_info,general_info,runlu,False,False,False,general_info
stg1_000445,"Я купил товар, но выбрал неправильный цвет, как я могу обновить свой чертов онлайн-заказ?","я купил товар, но выбрал неправильный цвет, как я могу обновить свой чертов онлайн-заказ?",order_status,order_status,bitext,False,False,False,order_status
stg1_000282,"Я хотел бы проверить наличие какого-то товара онлайн, как мне это сделать?","я хотел бы проверить наличие какого-то товара онлайн, как мне это сделать?",product_info,product_info,bitext,False,False,False,product_info
stg1_001117,"Мне нужно найти чертов магазин, где я могу это сделать?","мне нужно найти чертов магазин, где я могу это сделать?",general_info,general_info,bitext,False,False,False,general_info
stg1_002248,"Я бы хотел расплатиться чертовой картой, как мне это сделать?","я бы хотел расплатиться чертовой картой, как мне это сделать?",payment_refund,payment_refund,bitext,False,False,False,payment_refund
stg1_001422,"Мне нужна информация о твоем чертовом процессе возвращения, как я могу ее получить?","мне нужна информация о твоем чертовом процессе возвращения, как я могу ее получить?",return_exchange,return_exchange,bitext,False,False,False,return_exchange
stg1_000053,"звоню, чтобы написать отзыв о товаре","звоню, чтобы написать отзыв о товаре",product_info,product_info,ikshana,False,False,False,product_info
stg1_002760,"Я бы хотел воспользоваться твоим чертовым приложением, где мне это сделать?","я бы хотел воспользоваться твоим чертовым приложением, где мне это сделать?",technical_issue,technical_issue,bitext,False,False,False,technical_issue
stg1_002127,не могли бы вы помочь мне сообщить о проблемах с оплатой?,не могли бы вы помочь мне сообщить о проблемах с оплатой?,payment_refund,payment_refund,ikshana,False,False,False,payment_refund
stg1_002694,"Мне нужно использовать ваше мобильное приложение, где мне это сделать?","мне нужно использовать ваше мобильное приложение, где мне это сделать?",technical_issue,technical_issue,bitext,False,False,False,technical_issue
stg1_002283,"Мне нужно совершить чертовы платежи, где это сделать?","мне нужно совершить чертовы платежи, где это сделать?",payment_refund,payment_refund,bitext,False,False,False,payment_refund
stg1_001514,"моя доставка не была вовремя, мне нужна помощь, чтобы сообщить о чертовой проблеме с доставкой","моя доставка не была вовремя, мне нужна помощь, чтобы сообщить о чертовой проблеме с доставкой",delivery,delivery,bitext,False,False,False,delivery
stg1_001557,Я хочу обновить свой адрес,я хочу обновить свой адрес,delivery,delivery,ikshana,False,False,False,delivery
stg1_001156,Я хотел бы узнать о ваших часах работы. Где я могу получить дополнительную информацию?,я хотел бы узнать о ваших часах работы. где я могу получить дополнительную информацию?,general_info,general_info,bitext,False,False,False,general_info
stg1_001762,можно ли заказать из Дели?,можно ли заказать из дели?,delivery,delivery,ikshana,False,False,False,delivery
stg1_001996,"мне нужна помощь, чтобы отправить предложение","мне нужна помощь, чтобы отправить предложение",other,other,bitext,False,False,False,other
stg1_001226,один из полученных мной предметов был раздавлен. Вы поможете мне сообщить об этом?,один из полученных мной предметов был раздавлен. вы поможете мне сообщить об этом?,return_exchange,return_exchange,bitext,False,False,False,return_exchange
stg1_001955,подача иска против вашего бизнеса,подача иска против вашего бизнеса,other,other,ikshana,False,False,False,other
stg1_000279,"Я ищу информацию о продукте, как я могу ее найти?","я ищу информацию о продукте, как я могу ее найти?",product_info,product_info,bitext,False,False,False,product_info
stg1_001275,"хочу обменять купленный товар, помогите мне","хочу обменять купленный товар, помогите мне",return_exchange,return_exchange,bitext,False,False,False,return_exchange
stg1_001457,не могли бы вы помочь мне отправить товар обратно?,не могли бы вы помочь мне отправить товар обратно?,return_exchange,return_exchange,bitext,False,False,False,return_exchange
stg1_000718,"Я не использую свою Премиум-учетную запись, мне нужна помощь, чтобы закрыть ее","я не использую свою премиум-учетную запись, мне нужна помощь, чтобы закрыть ее",account,account,ikshana,False,False,False,account
stg1_002358,"Мне нужна информация о чертовых весенних распродажах, как мне ее найти?","мне нужна информация о чертовых весенних распродажах, как мне ее найти?",promo_loyalty,promo_loyalty,bitext,False,False,False,promo_loyalty
stg1_002881,"Я не могу заставить сайт работать на своем телефоне, мне нужна помощь, чтобы сообщить об ошибке","я не могу заставить сайт работать на своем телефоне, мне нужна помощь, чтобы сообщить об ошибке",technical_issue,technical_issue,bitext,False,False,False,technical_issue
stg1_000179,"хочу оставить отзыв о ваших услугах, помогите мне","хочу оставить отзыв о ваших услугах, помогите мне",product_info,product_info,ikshana,False,False,False,product_info
stg1_002858,"Я бы хотел использовать ваше мобильное приложение, могу ли я получить помощь?","я бы хотел использовать ваше мобильное приложение, могу ли я получить помощь?",technical_issue,technical_issue,bitext,False,False,False,technical_issue
stg1_001945,Куда мне снова подать жалобу клиента на вашу компанию?,куда мне снова подать жалобу клиента на вашу компанию?,other,other,ikshana,False,False,False,other
stg1_002579,дайте мне информацию о чертовых распродажах,дайте мне информацию о чертовых распродажах,promo_loyalty,promo_loyalty,bitext,False,False,False,promo_loyalty
stg1_002828,"Я не могу заставить сайт работать на своем планшете, сообщите об ошибке","я не могу заставить сайт работать на своем планшете, сообщите об ошибке",technical_issue,technical_issue,bitext,False,False,False,technical_issue
stg1_001097,"Я хотел бы найти чертовы магазины рядом со мной, могу ли я получить помощь?","я хотел бы найти чертовы магазины рядом со мной, могу ли я получить помощь?",general_info,general_info,bitext,False,False,False,general_info
stg1_000976,какая почта службы поддержки клиентов,какая почта службы поддержки клиентов,general_info,general_info,ikshana,False,False,False,general_info
stg1_002515,"Я хотел бы узнать больше о распродажах, дайте мне некоторую информацию.","я хотел бы узнать больше о распродажах, дайте мне некоторую информацию.",promo_loyalty,promo_loyalty,bitext,False,False,False,promo_loyalty
stg1_002781,"Мне нужно воспользоваться твоим чертовым приложением, могу ли я получить помощь?","мне нужно воспользоваться твоим чертовым приложением, могу ли я получить помощь?",technical_issue,technical_issue,bitext,False,False,False,technical_issue
stg1_000245,"Я хочу добавить чертовы галстуки в корзину, ты мне поможешь?","я хочу добавить чертовы галстуки в корзину, ты мне поможешь?",product_info,product_info,bitext,False,False,False,product_info
stg1_002913,Непонятно что делать,непонятно что делать,other,other,synthetic_dataset,True,False,False,other
stg1_002290,"Я хотел бы выехать, как я могу это сделать?","я хотел бы выехать, как я могу это сделать?",payment_refund,payment_refund,bitext,False,False,False,payment_refund
stg1_000111,Цена акций за яблоко,цена акций за яблоко,product_info,product_info,runlu,False,False,False,product_info
stg1_001981,Мне нужна помощь в разговоре с агентом-человеком,мне нужна помощь в разговоре с агентом-человеком,other,other,ikshana,False,False,False,other
stg1_001819,где cvan я могу оставить отзыв,где cvan я могу оставить отзыв,other,other,bitext,False,False,False,other
stg1_002257,"Я хотел бы оплатить картой, вы можете мне помочь?","я хотел бы оплатить картой, вы можете мне помочь?",payment_refund,payment_refund,bitext,False,False,False,payment_refund
stg1_002364,"Я ищу информацию о распродажах, где я могу ее получить?","я ищу информацию о распродажах, где я могу ее получить?",promo_loyalty,promo_loyalty,bitext,False,False,False,promo_loyalty
stg1_001339,"мне нужно вернуть заказ, только где мне это сделать","мне нужно вернуть заказ, только где мне это сделать",return_exchange,return_exchange,bitext,False,False,False,return_exchange
stg1_001428,"Я хочу обменять товар, купленный онлайн, в магазине, как мне это сделать?","я хочу обменять товар, купленный онлайн, в магазине, как мне это сделать?",return_exchange,return_exchange,bitext,False,False,False,return_exchange
stg1_001504,"Мне нравится информация о чертовых расходах на рассылку, где бы она ни была, я ее получу","мне нравится информация о чертовых расходах на рассылку, где бы она ни была, я ее получу",delivery,delivery,bitext,False,False,False,delivery
stg1_002498,"Я ищу информацию о чертовых зимних распродажах, как мне ее найти?","я ищу информацию о чертовых зимних распродажах, как мне ее найти?",promo_loyalty,promo_loyalty,bitext,False,False,False,promo_loyalty
stg1_002001,"у меня чертов комментарий к товару, помоги мне его отправить","у меня чертов комментарий к товару, помоги мне его отправить",other,other,bitext,False,False,False,other
stg1_001054,"Мне нужна помощь, чтобы узнать, в какое время я могу позвонить в службу поддержки клиентов","мне нужна помощь, чтобы узнать, в какое время я могу позвонить в службу поддержки клиентов",general_info,general_info,ikshana,False,False,False,general_info
stg1_002107,Мне нужна помощь с переводами,мне нужна помощь с переводами,payment_refund,payment_refund,bitext,False,False,False,payment_refund
stg1_001068,"Я хотел бы знать о ближайших к черту магазинах, где я могу получить больше информации?","я хотел бы знать о ближайших к черту магазинах, где я могу получить больше информации?",general_info,general_info,bitext,False,False,False,general_info
stg1_000504,где я могу заказать статью,где я могу заказать статью,order_status,order_status,ikshana,False,False,False,order_status
stg1_002039,Мне нужна помощь в общении с кем-то,мне нужна помощь в общении с кем-то,other,other,ikshana,False,False,False,other
stg1_000077,есть ли электронное письмо для отправки моего отзыва о вашей продукции?,есть ли электронное письмо для отправки моего отзыва о вашей продукции?,product_info,product_info,ikshana,False,False,False,product_info
stg1_001999,Маки жалоба,маки жалоба,other,other,ikshana,False,False,False,other
stg1_000271,"Я хочу удалить товар из корзины, не могли бы вы мне помочь?","я хочу удалить товар из корзины, не могли бы вы мне помочь?",product_info,product_info,bitext,False,False,False,product_info
stg1_001447,куда отправить чертов заказ обратно?,куда отправить чертов заказ обратно?,return_exchange,return_exchange,bitext,False,False,False,return_exchange
stg1_002511,"Я хотел бы узнать больше о чертовых распродажах, дайте мне немного информации.","я хотел бы узнать больше о чертовых распродажах, дайте мне немного информации.",promo_loyalty,promo_loyalty,bitext,False,False,False,promo_loyalty
stg1_001749,у меня возникли проблемы с отправкой другого адреса доставки,у меня возникли проблемы с отправкой другого адреса доставки,delivery,delivery,ikshana,False,False,False,delivery
stg1_001822,куда я могу подать жалобу на товар?,куда я могу подать жалобу на товар?,other,other,bitext,False,False,False,other
stg1_001506,"Мне нужно проверить дату доставки, мне нужна помощь","мне нужно проверить дату доставки, мне нужна помощь",delivery,delivery,bitext,False,False,False,delivery
stg1_002548,"Я хотел бы узнать больше о чертовых распродажах, можете ли вы дать мне некоторую информацию?","я хотел бы узнать больше о чертовых распродажах, можете ли вы дать мне некоторую информацию?",promo_loyalty,promo_loyalty,bitext,False,False,False,promo_loyalty
stg1_002537,Я хотел бы получить информацию о продажах NetX,я хотел бы получить информацию о продажах netx,promo_loyalty,promo_loyalty,bitext,False,False,False,promo_loyalty
stg1_000188,"Мне нужна помощь, чтобы проверить наличие товара","мне нужна помощь, чтобы проверить наличие товара",product_info,product_info,bitext,False,False,False,product_info
stg1_001142,"нужна помощь, чтобы узнать, в какие часы я могу обратиться в службу поддержки клиентов","нужна помощь, чтобы узнать, в какие часы я могу обратиться в службу поддержки клиентов",general_info,general_info,ikshana,False,False,False,general_info
stg1_001730,"моя посылка неполная, можете ли вы помочь мне сообщить о неполной доставке?","моя посылка неполная, можете ли вы помочь мне сообщить о неполной доставке?",delivery,delivery,bitext,False,False,False,delivery
stg1_001802,"хочу отправить отзыв о вашем бренде, как я могу это сделать","хочу отправить отзыв о вашем бренде, как я могу это сделать",other,other,bitext,False,False,False,other
stg1_001078,"хочу отправить электронное письмо в службу поддержки клиентов, могу ли я это сделать","хочу отправить электронное письмо в службу поддержки клиентов, могу ли я это сделать",general_info,general_info,bitext,False,False,False,general_info
stg1_002998,Срок доставки в Москву,срок доставки в москву,delivery,delivery,synthetic_dataset,True,False,False,delivery
stg1_000202,"мне нужно добавить товары в корзину, могу ли я получить помощь","мне нужно добавить товары в корзину, могу ли я получить помощь",product_info,product_info,bitext,False,False,False,product_info
stg1_002321,как я могу получить возмещение,как я могу получить возмещение,payment_refund,payment_refund,ikshana,False,False,False,payment_refund
stg1_001198,"мне нужно вернуть чертов заказ онлайн, как я могу это сделать","мне нужно вернуть чертов заказ онлайн, как я могу это сделать",return_exchange,return_exchange,bitext,False,False,False,return_exchange
stg1_002500,"Я ищу информацию о весенних распродажах, где я могу ее получить","я ищу информацию о весенних распродажах, где я могу ее получить",promo_loyalty,promo_loyalty,bitext,False,False,False,promo_loyalty
stg1_002068,Я хотел бы получить счет,я хотел бы получить счет,payment_refund,payment_refund,bitext,False,False,False,payment_refund
stg1_000356,"Я купил товар, но выбрал неправильный размер. Я хочу обновить свой онлайн-заказ.","я купил товар, но выбрал неправильный размер. я хочу обновить свой онлайн-заказ.",order_status,order_status,bitext,False,False,False,order_status
stg1_000931,"нужно поговорить с чертовой службой поддержки, где мне это сделать?","нужно поговорить с чертовой службой поддержки, где мне это сделать?",general_info,general_info,bitext,False,False,False,general_info
stg1_000602,"кто-то взломал мой профиль, могу ли я сбросить свой чертов пароль?","кто-то взломал мой профиль, могу ли я сбросить свой чертов пароль?",account,account,bitext,False,False,False,account
stg1_000804,Мне нужна информация об открытии счетов Titanium,мне нужна информация об открытии счетов titanium,account,account,ikshana,False,False,False,account
stg1_000474,мне нужно найти заказ BQQFYSQJ,мне нужно найти заказ bqqfysqj,order_status,order_status,ikshana,False,False,False,order_status
stg1_002948,Какой состав ткани?,какой состав ткани?,product_info,product_info,synthetic_dataset,True,False,False,product_info
stg1_000561,текущий статус заказа A633G1NP,текущий статус заказа a633g1np,order_status,order_status,ikshana,False,False,False,order_status
stg1_002426,"Мне нужна информация о следующих чертовых распродажах, как мне ее найти?","мне нужна информация о следующих чертовых распродажах, как мне ее найти?",promo_loyalty,promo_loyalty,bitext,False,False,False,promo_loyalty
stg1_000874,Не могу уведомить об ошибках при регистрации,не могу уведомить об ошибках при регистрации,account,account,ikshana,False,False,False,account
stg1_000278,"мне нужно проверить наличие товара, как мне это сделать?","мне нужно проверить наличие товара, как мне это сделать?",product_info,product_info,bitext,False,False,False,product_info
stg1_002635,"приложение не работает на моем планшете, могу ли я сообщить об этой чертовой проблеме","приложение не работает на моем планшете, могу ли я сообщить об этой чертовой проблеме",technical_issue,technical_issue,bitext,False,False,False,technical_issue
stg1_000461,"Я не знаю, что мне нужно сделать, чтобы совершить покупку","я не знаю, что мне нужно сделать, чтобы совершить покупку",order_status,order_status,ikshana,False,False,False,order_status
stg1_000524,"Я хотел бы посмотреть, где находится мой чертов заказ, как мне его сделать?","я хотел бы посмотреть, где находится мой чертов заказ, как мне его сделать?",order_status,order_status,bitext,False,False,False,order_status
stg1_001836,"я не понимаю, мне нужна помощь, чтобы поговорить с кем-то трахающимся","я не понимаю, мне нужна помощь, чтобы поговорить с кем-то трахающимся",other,other,bitext,False,False,False,other
stg1_000379,Я пытаюсь увидеть статус заказа IUPCKU97.,я пытаюсь увидеть статус заказа iupcku97.,order_status,order_status,ikshana,False,False,False,order_status
stg1_000428,помогите мне добавить несколько товаров в заказ USI3D4J7,помогите мне добавить несколько товаров в заказ usi3d4j7,order_status,order_status,ikshana,False,False,False,order_status
stg1_000440,я не могу добавить некоторые чертовы продукты для покупки MJUF2I2H,я не могу добавить некоторые чертовы продукты для покупки mjuf2i2h,order_status,order_status,ikshana,False,False,False,order_status
stg1_002914,Условия возврата товара,условия возврата товара,return_exchange,return_exchange,synthetic_dataset,True,False,False,return_exchange
stg1_000578,хочу поменять некоторые позиции заказа U435EX1M,хочу поменять некоторые позиции заказа u435ex1m,order_status,order_status,ikshana,False,False,False,order_status
stg1_002296,"хочу заплатить, можешь мне помочь","хочу заплатить, можешь мне помочь",payment_refund,payment_refund,bitext,False,False,False,payment_refund
stg1_002260,"я не знаю, что мне нужно сделать, чтобы найти счет-фактуру № 85632.","я не знаю, что мне нужно сделать, чтобы найти счет-фактуру № 85632.",payment_refund,payment_refund,ikshana,False,False,False,payment_refund
stg1_001307,"отправленный товар чертовски раздавлен, могу ли я сообщить об этом?","отправленный товар чертовски раздавлен, могу ли я сообщить об этом?",return_exchange,return_exchange,bitext,False,False,False,return_exchange
stg1_002902,"сайт не работает на моем мобильном телефоне, могу ли я сообщить о проблеме?","сайт не работает на моем мобильном телефоне, могу ли я сообщить о проблеме?",technical_issue,technical_issue,bitext,False,False,False,technical_issue
stg1_000551,помощь в проверке чертовых штрафов за досрочный выход,помощь в проверке чертовых штрафов за досрочный выход,order_status,order_status,ikshana,False,False,False,order_status
stg1_000506,Я хочу увидеть расчетное время моего заказа. Не могли бы вы мне помочь?,я хочу увидеть расчетное время моего заказа. не могли бы вы мне помочь?,order_status,order_status,ikshana,False,False,False,order_status
stg1_000296,"Я хотел бы узнать больше об этом чертовом продукте, не могли бы вы дать мне некоторую информацию?","я хотел бы узнать больше об этом чертовом продукте, не могли бы вы дать мне некоторую информацию?",product_info,product_info,bitext,False,False,False,product_info
stg1_002861,"Я бы хотел использовать ваше приложение, как я могу это сделать?","я бы хотел использовать ваше приложение, как я могу это сделать?",technical_issue,technical_issue,bitext,False,False,False,technical_issue
stg1_001597,Сегодня днем в Далласе приедет поезд?,сегодня днем в далласе приедет поезд?,delivery,delivery,runlu,False,False,False,delivery
stg1_001796,"Мне нужно отправить предложения по продуктам, где я могу это сделать?","мне нужно отправить предложения по продуктам, где я могу это сделать?",other,other,bitext,False,False,False,other
stg1_002898,"хочу использовать твой azpp, где мне это сделать?","хочу использовать твой azpp, где мне это сделать?",technical_issue,technical_issue,bitext,False,False,False,technical_issue
stg1_001235,"хочу увидеть твой чертов процесс возврата, мог бы мне помочь","хочу увидеть твой чертов процесс возврата, мог бы мне помочь",return_exchange,return_exchange,bitext,False,False,False,return_exchange
stg1_001632,"можно ли узнать, когда придет моя посылка?","можно ли узнать, когда придет моя посылка?",delivery,delivery,ikshana,False,False,False,delivery
stg1_000655,можешь ли ты помочь мне изменить мою чертову учетную запись?,можешь ли ты помочь мне изменить мою чертову учетную запись?,account,account,bitext,False,False,False,account
stg1_002901,мобильное приложение не работает на моем устройстве. Помогите мне сообщить о проблеме.,мобильное приложение не работает на моем устройстве. помогите мне сообщить о проблеме.,technical_issue,technical_issue,bitext,False,False,False,technical_issue
stg1_001473,"мне нужно потребовать возврат средств, как это сделать","мне нужно потребовать возврат средств, как это сделать",return_exchange,payment_refund,bitext,False,False,False,return_exchange
stg1_000717,как я могу найти информацию о восстановлении ключа,как я могу найти информацию о восстановлении ключа,account,account,ikshana,False,False,False,account
stg1_002823,можно ли будет купить через ваше приложение?,можно ли будет купить через ваше приложение?,technical_issue,technical_issue,bitext,False,False,False,technical_issue
stg1_002879,"Я не могу заставить приложение работать на своем мобильном телефоне, помогите мне сообщить о чертовой проблеме.","я не могу заставить приложение работать на своем мобильном телефоне, помогите мне сообщить о чертовой проблеме.",technical_issue,technical_issue,bitext,False,False,False,technical_issue
stg1_002830,"мобильное приложение не работает на моем компьютере, не могли бы вы помочь мне сообщить об ошибке?","мобильное приложение не работает на моем компьютере, не могли бы вы помочь мне сообщить об ошибке?",technical_issue,technical_issue,bitext,False,False,False,technical_issue
stg1_001913,"мне нужна помощь, чтобы поговорить с кем-то","мне нужна помощь, чтобы поговорить с кем-то",other,other,ikshana,False,False,False,other
stg1_002096,"Я совершил покупку и не получил счет, могу его получить","я совершил покупку и не получил счет, могу его получить",payment_refund,payment_refund,bitext,False,False,False,payment_refund
stg1_000591,"см. статус покупки LYWI6XYR, черт возьми","см. статус покупки lywi6xyr, черт возьми",order_status,order_status,ikshana,False,False,False,order_status
stg1_001293,"мне нужно обменять гребаный заказ, который я купил, помогите мне","мне нужно обменять гребаный заказ, который я купил, помогите мне",return_exchange,return_exchange,bitext,False,False,False,return_exchange
stg1_000019,Мне нужна помощь в проверке наличия товара,мне нужна помощь в проверке наличия товара,product_info,product_info,bitext,False,False,False,product_info
stg1_002868,"мобильное приложение не работает на моем компьютере, можете ли вы помочь мне сообщить о проблеме?","мобильное приложение не работает на моем компьютере, можете ли вы помочь мне сообщить о проблеме?",technical_issue,technical_issue,bitext,False,False,False,technical_issue
stg1_001197,как получить чертову компенсацию,как получить чертову компенсацию,return_exchange,return_exchange,bitext,False,False,False,return_exchange
stg1_000758,"мне не нужна моя чертова учетная запись, мне нужна помощь, чтобы закрыть ее","мне не нужна моя чертова учетная запись, мне нужна помощь, чтобы закрыть ее",account,account,bitext,False,False,False,account
stg1_000400,Я не могу изменить заказ MP86REYN,я не могу изменить заказ mp86reyn,order_status,order_status,ikshana,False,False,False,order_status
stg1_001843,подать иск потребителя против вашей компании,подать иск потребителя против вашей компании,other,other,ikshana,False,False,False,other
stg1_002162,"Каков обменный курс между 500 долларов, что я фрак?","каков обменный курс между 500 долларов, что я фрак?",payment_refund,payment_refund,runlu,False,False,False,payment_refund
stg1_002942,Где находится ваш офис?,где находится ваш офис?,general_info,general_info,synthetic_dataset,True,False,False,general_info
stg1_001238,Не могли бы вы помочь мне вернуть товары онлайн?,не могли бы вы помочь мне вернуть товары онлайн?,return_exchange,return_exchange,bitext,False,False,False,return_exchange
stg1_000442,как проверить текущий статус покупки AJNV6XHU?,как проверить текущий статус покупки ajnv6xhu?,order_status,order_status,ikshana,False,False,False,order_status
stg1_000844,как я могу получать информационный бюллетень твоей чертовой компании?,как я могу получать информационный бюллетень твоей чертовой компании?,account,account,ikshana,False,False,False,account
stg1_001050,"Я хотел бы узнать больше о ваших часах работы, дайте мне некоторую информацию","я хотел бы узнать больше о ваших часах работы, дайте мне некоторую информацию",general_info,general_info,bitext,False,False,False,general_info
stg1_000319,"я разместил онлайн-заказ, хочу его отменить","я разместил онлайн-заказ, хочу его отменить",order_status,order_status,bitext,False,False,False,order_status
stg1_000726,помогите мне увидеть статус моей подписки на рассылку новостей,помогите мне увидеть статус моей подписки на рассылку новостей,account,account,ikshana,False,False,False,account
stg1_000722,"что мне нужно сделать, чтобы восстановить пин-код моей учетной записи пользователя","что мне нужно сделать, чтобы восстановить пин-код моей учетной записи пользователя",account,account,ikshana,False,False,False,account
stg1_001370,"Я хочу вернуть товары онлайн, мне нужна помощь","я хочу вернуть товары онлайн, мне нужна помощь",return_exchange,return_exchange,bitext,False,False,False,return_exchange
stg1_001722,"хочу увидеть дату доставки моего заказа, пожалуйста, помогите мне","хочу увидеть дату доставки моего заказа, пожалуйста, помогите мне",delivery,delivery,bitext,False,False,False,delivery
stg1_000974,не могли бы вы помочь мне поговорить со службой поддержки?,не могли бы вы помочь мне поговорить со службой поддержки?,general_info,general_info,ikshana,False,False,False,general_info
stg1_002295,"Можете ли вы помочь мне узнать, какие варианты оплаты вы принимаете?","можете ли вы помочь мне узнать, какие варианты оплаты вы принимаете?",payment_refund,payment_refund,ikshana,False,False,False,payment_refund
stg1_000250,Могу ли я проверить наличие чертовых товаров онлайн?,могу ли я проверить наличие чертовых товаров онлайн?,product_info,product_info,bitext,False,False,False,product_info
stg1_001541,поддерживает попытку редактирования адреса,поддерживает попытку редактирования адреса,delivery,delivery,ikshana,False,False,False,delivery
stg1_002311,"Мне нужен счет, я хочу его найти.","мне нужен счет, я хочу его найти.",payment_refund,payment_refund,bitext,False,False,False,payment_refund
stg1_001271,куда я могу отправить обратно этот чертов товар?,куда я могу отправить обратно этот чертов товар?,return_exchange,return_exchange,bitext,False,False,False,return_exchange
stg1_000792,исправление данных в про аккаунте,исправление данных в про аккаунте,account,account,ikshana,False,False,False,account
stg1_000178,"Мне нужно сообщить об ошибке продукта, мне нужна помощь","мне нужно сообщить об ошибке продукта, мне нужна помощь",product_info,product_info,bitext,False,False,False,product_info
stg1_001856,"Мне нужна помощь, чтобы подать иск","мне нужна помощь, чтобы подать иск",other,other,ikshana,False,False,False,other
stg1_002714,"я бы хотел использовать твое чертово приложение, где это сделать","я бы хотел использовать твое чертово приложение, где это сделать",technical_issue,technical_issue,bitext,False,False,False,technical_issue
stg1_001785,"у меня чертовски жалоба на твой бренд, могу ли я ее отправить?","у меня чертовски жалоба на твой бренд, могу ли я ее отправить?",other,other,bitext,False,False,False,other
stg1_002798,"сайт не работает, сообщите о проблеме","сайт не работает, сообщите о проблеме",technical_issue,technical_issue,bitext,False,False,False,technical_issue
stg1_001679,"хочу узнать больше о времени доставки, найдите некоторую информацию","хочу узнать больше о времени доставки, найдите некоторую информацию",delivery,delivery,bitext,False,False,False,delivery
stg1_002570,"Мне бы хотелось получить информацию о следующих распродажах, могу ли я ее найти?","мне бы хотелось получить информацию о следующих распродажах, могу ли я ее найти?",promo_loyalty,promo_loyalty,bitext,False,False,False,promo_loyalty
stg1_000721,нужна помощь в открытии премиум-аккаунта,нужна помощь в открытии премиум-аккаунта,account,account,ikshana,False,False,False,account
stg1_001629,"Я хочу проверить чертов срок доставки, как мне это сделать?","я хочу проверить чертов срок доставки, как мне это сделать?",delivery,delivery,bitext,False,False,False,delivery
stg1_002931,Что с моим заказом?,что с моим заказом?,order_status,order_status,synthetic_dataset,True,False,False,order_status
stg1_001658,Мне нужно сообщить о проблемах с доставкой моего груза. Где я могу это сделать?,мне нужно сообщить о проблемах с доставкой моего груза. где я могу это сделать?,delivery,delivery,bitext,False,False,False,delivery
stg1_001961,"я не понимаю, тебе нужна помощь, чтобы поговорить с чертовым человеком","я не понимаю, тебе нужна помощь, чтобы поговорить с чертовым человеком",other,other,bitext,False,False,False,other
stg1_000181,как я могу проверить наличие чертовых товаров онлайн?,как я могу проверить наличие чертовых товаров онлайн?,product_info,product_info,bitext,False,False,False,product_info
stg1_001816,"Мне нужно отправить чертовы предложения по продукту, как я мог это сделать?","мне нужно отправить чертовы предложения по продукту, как я мог это сделать?",other,other,bitext,False,False,False,other
stg1_000078,помогите оставить отзыв о вашей продукции,помогите оставить отзыв о вашей продукции,product_info,product_info,ikshana,False,False,False,product_info
stg1_002774,Сайт не работает на моем мобильном телефоне. Можете ли вы помочь мне сообщить о проблеме?,сайт не работает на моем мобильном телефоне. можете ли вы помочь мне сообщить о проблеме?,technical_issue,technical_issue,bitext,False,False,False,technical_issue
stg1_000043,"Я хотел бы увидеть наличие этого чертового товара, где мне это сделать?","я хотел бы увидеть наличие этого чертового товара, где мне это сделать?",product_info,product_info,bitext,False,False,False,product_info
stg1_001157,Я получил новые письма сегодня?,я получил новые письма сегодня?,general_info,general_info,runlu,False,False,False,general_info
stg1_002007,Я хотел бы предложить идею по улучшению продукта,я хотел бы предложить идею по улучшению продукта,other,other,bitext,False,False,False,other
stg1_001328,Можете ли вы помочь мне проверить вашу политику возврата?,можете ли вы помочь мне проверить вашу политику возврата?,return_exchange,return_exchange,bitext,False,False,False,return_exchange
stg1_001177,"Мне нужно проверить твои чертовы часы работы, как это сделать?","мне нужно проверить твои чертовы часы работы, как это сделать?",general_info,general_info,bitext,False,False,False,general_info
stg1_000656,"Я хотел бы исправить свои чертовы личные данные, мне нужна помощь","я хотел бы исправить свои чертовы личные данные, мне нужна помощь",account,account,bitext,False,False,False,account
stg1_001690,"моя доставка не прибыла вовремя, как я могу сообщить о проблеме с доставкой?","моя доставка не прибыла вовремя, как я могу сообщить о проблеме с доставкой?",delivery,delivery,bitext,False,False,False,delivery
stg1_002443,"Мне нужна информация о весенних распродажах, где я могу ее получить?","мне нужна информация о весенних распродажах, где я могу ее получить?",promo_loyalty,promo_loyalty,bitext,False,False,False,promo_loyalty
stg1_001092,"Мне нужно проверить часы работы твоего чертового магазина, как я могу это сделать?","мне нужно проверить часы работы твоего чертового магазина, как я могу это сделать?",general_info,general_info,bitext,False,False,False,general_info
stg1_001862,Можете ли вы помочь мне подать жалобу потребителя?,можете ли вы помочь мне подать жалобу потребителя?,other,other,ikshana,False,False,False,other
stg1_000815,"я бы хотел открыть чертов счет, могу ли я получить помощь","я бы хотел открыть чертов счет, могу ли я получить помощь",account,account,bitext,False,False,False,account
stg1_000012,"хочу знать о продуктах, могу найти некоторую информацию","хочу знать о продуктах, могу найти некоторую информацию",product_info,product_info,bitext,False,False,False,product_info
stg1_000352,"мне нужно отследить свою чертову доставку, мне нужна помощь","мне нужно отследить свою чертову доставку, мне нужна помощь",order_status,order_status,bitext,False,False,False,order_status
stg1_002352,Я пытаюсь проверить твою чертову гарантию возврата денег.,я пытаюсь проверить твою чертову гарантию возврата денег.,payment_refund,payment_refund,ikshana,False,False,False,payment_refund
stg1_002079,"Я совершил покупку и не получил счет-фактуру, не могли бы вы его получить?","я совершил покупку и не получил счет-фактуру, не могли бы вы его получить?",payment_refund,payment_refund,bitext,False,False,False,payment_refund
stg1_000915,"мне нужно поговорить со службой поддержки, могу ли я получить помощь","мне нужно поговорить со службой поддержки, могу ли я получить помощь",general_info,general_info,bitext,False,False,False,general_info
stg1_002816,"сайт не работает на моем мобильном телефоне, как мне сообщить об этой чертовой проблеме?","сайт не работает на моем мобильном телефоне, как мне сообщить об этой чертовой проблеме?",technical_issue,technical_issue,bitext,False,False,False,technical_issue
stg1_001942,"У меня есть предложение, как сделать ваш продукт лучше. Можете ли вы помочь мне отправить его?","у меня есть предложение, как сделать ваш продукт лучше. можете ли вы помочь мне отправить его?",other,other,bitext,False,False,False,other
stg1_002702,"Я хотел бы использовать ваше мобильное приложение, как мне это сделать?","я хотел бы использовать ваше мобильное приложение, как мне это сделать?",technical_issue,technical_issue,bitext,False,False,False,technical_issue
stg1_000155,"Я хотел бы подтвердить наличие этого чертового товара в магазине, как мне это сделать?","я хотел бы подтвердить наличие этого чертового товара в магазине, как мне это сделать?",product_info,product_info,bitext,False,False,False,product_info
stg1_000404,удалить товар из покупки 2TBYSYJA,удалить товар из покупки 2tbysyja,order_status,order_status,ikshana,False,False,False,order_status
stg1_000482,где я могу проверить текущий статус заказа DNK5ATL9?,где я могу проверить текущий статус заказа dnk5atl9?,order_status,order_status,ikshana,False,False,False,order_status
stg1_001176,"Я хотел бы узнать о часах работы вашего чертового магазина, как мне получить дополнительную информацию?","я хотел бы узнать о часах работы вашего чертового магазина, как мне получить дополнительную информацию?",general_info,general_info,bitext,False,False,False,general_info
stg1_001630,"мне нужно увидеть стоимость пересылки, как мне это сделать","мне нужно увидеть стоимость пересылки, как мне это сделать",delivery,delivery,bitext,False,False,False,delivery
stg1_001675,"Мне нужна информация о времени доставки, как я могу ее найти?","мне нужна информация о времени доставки, как я могу ее найти?",delivery,delivery,bitext,False,False,False,delivery
stg1_000243,"Я не знаю, как написать отзыв об услуге.","я не знаю, как написать отзыв об услуге.",product_info,product_info,ikshana,False,False,False,product_info
stg1_000025,как я мог добавить чертов товар в корзину,как я мог добавить чертов товар в корзину,product_info,product_info,bitext,False,False,False,product_info
stg1_002726,Я бы хотел воспользоваться этим чертовым приложением,я бы хотел воспользоваться этим чертовым приложением,technical_issue,technical_issue,bitext,False,False,False,technical_issue
stg1_001662,"Я по ошибке указал свой старый адрес, как я могу его обновить?","я по ошибке указал свой старый адрес, как я могу его обновить?",delivery,delivery,ikshana,False,False,False,delivery
stg1_000997,любые последние письма,любые последние письма,general_info,general_info,runlu,False,False,False,general_info
stg1_002856,"нужно использовать твое чертово мобильное приложение, где я могу это сделать","нужно использовать твое чертово мобильное приложение, где я могу это сделать",technical_issue,technical_issue,bitext,False,False,False,technical_issue
stg1_001797,"Я хотел бы оставить комментарий о вашем бренде, помогите мне.","я хотел бы оставить комментарий о вашем бренде, помогите мне.",other,other,bitext,False,False,False,other
stg1_000401,Не могу добавить товар в заказ CS7Q7MW4,не могу добавить товар в заказ cs7q7mw4,order_status,order_status,ikshana,False,False,False,order_status
stg1_001670,"Можете ли вы показать мне, когда прибудет мой товар?","можете ли вы показать мне, когда прибудет мой товар?",delivery,delivery,ikshana,False,False,False,delivery
stg1_002647,Я хотел бы использовать ваше приложение,я хотел бы использовать ваше приложение,technical_issue,technical_issue,bitext,False,False,False,technical_issue
stg1_003036,Отследить заказ 511865,отследить заказ 511865,order_status,order_status,synthetic_dataset,True,False,False,order_status
stg1_003021,Где мой заказ 511865?,где мой заказ 511865?,order_status,order_status,synthetic_dataset,True,False,False,order_status
stg1_000083,как написать комментарий к вашей продукции?,как написать комментарий к вашей продукции?,product_info,product_info,ikshana,False,False,False,product_info
stg1_001246,"мне нужно запросить возмещение, где я могу это сделать","мне нужно запросить возмещение, где я могу это сделать",return_exchange,payment_refund,bitext,False,False,False,return_exchange
stg1_001053,"Я хотел бы узнать больше о твоих чертовых часах работы, можешь ли ты найти какую-нибудь информацию?","я хотел бы узнать больше о твоих чертовых часах работы, можешь ли ты найти какую-нибудь информацию?",general_info,general_info,bitext,False,False,False,general_info
stg1_000308,"где я могу проверить, где моя чертова доставка","где я могу проверить, где моя чертова доставка",order_status,order_status,bitext,False,False,False,order_status
stg1_002328,"что мне нужно сделать, чтобы увидеть текущий статус компенсации?","что мне нужно сделать, чтобы увидеть текущий статус компенсации?",payment_refund,payment_refund,ikshana,False,False,False,payment_refund
stg1_002008,нужна помощь в связи с оператором,нужна помощь в связи с оператором,other,other,ikshana,False,False,False,other
stg1_000315,"Я купил товар, но выбрал неправильный размер, как изменить мой онлайн-заказ?","я купил товар, но выбрал неправильный размер, как изменить мой онлайн-заказ?",order_status,order_status,bitext,False,False,False,order_status
stg1_002893,Я бы хотел использовать ваше приложение,я бы хотел использовать ваше приложение,technical_issue,technical_issue,bitext,False,False,False,technical_issue
stg1_001461,"Я хотел бы обменять товар в магазине, где я могу это сделать?","я хотел бы обменять товар в магазине, где я могу это сделать?",return_exchange,return_exchange,bitext,False,False,False,return_exchange
stg1_001464,"мне нужно вернуть товар онлайн, где я могу это сделать","мне нужно вернуть товар онлайн, где я могу это сделать",return_exchange,return_exchange,bitext,False,False,False,return_exchange
stg1_000261,как посмотреть наличие товара онлайн?,как посмотреть наличие товара онлайн?,product_info,product_info,bitext,False,False,False,product_info
stg1_000705,могу ли я закрыть платиновый аккаунт?,могу ли я закрыть платиновый аккаунт?,account,account,ikshana,False,False,False,account
stg1_000869,"мне не нужна моя учетная запись, я бы хотел ее удалить","мне не нужна моя учетная запись, я бы хотел ее удалить",account,account,bitext,False,False,False,account
stg1_002713,"У меня в приложении появляется ошибка, можно ли об этом сообщить?","у меня в приложении появляется ошибка, можно ли об этом сообщить?",technical_issue,technical_issue,bitext,False,False,False,technical_issue
stg1_001439,"Я хочу сообщить о чертовски неправильных товарах, мне нужна помощь","я хочу сообщить о чертовски неправильных товарах, мне нужна помощь",return_exchange,return_exchange,bitext,False,False,False,return_exchange
stg1_002477,"ищу информацию о распродаже, где ее можно получить","ищу информацию о распродаже, где ее можно получить",promo_loyalty,promo_loyalty,bitext,False,False,False,promo_loyalty
stg1_002203,Сколько стоит 1 евро в рупиях.,сколько стоит 1 евро в рупиях.,payment_refund,payment_refund,runlu,False,False,False,payment_refund
stg1_000814,"Мне нужна помощь, чтобы подписаться на новостную рассылку вашей компании","мне нужна помощь, чтобы подписаться на новостную рассылку вашей компании",account,account,ikshana,False,False,False,account
stg1_002629,как скачать твое чертово приложение?,как скачать твое чертово приложение?,technical_issue,technical_issue,bitext,False,False,False,technical_issue
stg1_002673,"я получаю сообщение об ошибке в приложении на своем планшете, помогите мне сообщить об этом","я получаю сообщение об ошибке в приложении на своем планшете, помогите мне сообщить об этом",technical_issue,technical_issue,bitext,False,False,False,technical_issue
stg1_002926,Отследить заказ 941391,отследить заказ 941391,order_status,order_status,synthetic_dataset,True,False,False,order_status
stg1_002416,"мне нужна информация о зимних распродажах, как я могу ее получить","мне нужна информация о зимних распродажах, как я могу ее получить",promo_loyalty,promo_loyalty,bitext,False,False,False,promo_loyalty
stg1_002581,"Я хотел бы узнать больше о весенних распродажах, найду некоторую информацию.","я хотел бы узнать больше о весенних распродажах, найду некоторую информацию.",promo_loyalty,promo_loyalty,bitext,False,False,False,promo_loyalty
stg1_002040,"Я хотел бы отправить предложение по улучшению продукта, где это сделать","я хотел бы отправить предложение по улучшению продукта, где это сделать",other,other,bitext,False,False,False,other
stg1_001520,"хочу узнать стоимость рассылки, как мне это сделать?","хочу узнать стоимость рассылки, как мне это сделать?",delivery,delivery,bitext,False,False,False,delivery
stg1_002215,"Мне нужна помощь, чтобы найти мои счета от Джона.","мне нужна помощь, чтобы найти мои счета от джона.",payment_refund,payment_refund,ikshana,False,False,False,payment_refund
stg1_001427,"могу ли я обменять эти чертовы заказы, которые купил?","могу ли я обменять эти чертовы заказы, которые купил?",return_exchange,return_exchange,bitext,False,False,False,return_exchange
stg1_001346,"Мне нужно вернуть деньги, помогите мне.","мне нужно вернуть деньги, помогите мне.",return_exchange,return_exchange,bitext,False,False,False,return_exchange
stg1_002171,[Валюта: доллары США] к евро,[валюта: доллары сша] к евро,payment_refund,payment_refund,runlu,False,False,False,payment_refund
stg1_000416,"Я не знаю, как купить несколько статей","я не знаю, как купить несколько статей",order_status,order_status,ikshana,False,False,False,order_status
stg1_001065,"Я хотел бы найти магазины поблизости, мне нужна помощь","я хотел бы найти магазины поблизости, мне нужна помощь",general_info,general_info,bitext,False,False,False,general_info
stg1_002779,"Я бы хотел воспользоваться твоим чертовым мобильным приложением, ты мне поможешь?","я бы хотел воспользоваться твоим чертовым мобильным приложением, ты мне поможешь?",technical_issue,technical_issue,bitext,False,False,False,technical_issue
stg1_002379,"Мне нужна информация о чертовых весенних распродажах, где я могу ее получить?","мне нужна информация о чертовых весенних распродажах, где я могу ее получить?",promo_loyalty,promo_loyalty,bitext,False,False,False,promo_loyalty
stg1_002390,мне нужна информация о чертовых распродажах,мне нужна информация о чертовых распродажах,promo_loyalty,promo_loyalty,bitext,False,False,False,promo_loyalty
stg1_001388,"Я хочу обменять купленный мной чертов товар, где мне это сделать?","я хочу обменять купленный мной чертов товар, где мне это сделать?",return_exchange,return_exchange,bitext,False,False,False,return_exchange
stg1_001934,"мне нужно подать чертову жалобу на твою компанию, как это сделать","мне нужно подать чертову жалобу на твою компанию, как это сделать",other,other,bitext,False,False,False,other
stg1_000174,не могли бы вы мне помочь проверить наличие товара?,не могли бы вы мне помочь проверить наличие товара?,product_info,product_info,bitext,False,False,False,product_info
stg1_002165,Сколько у США [валюта_источник: доллары] в 100 евро?,сколько у сша [валюта_источник: доллары] в 100 евро?,payment_refund,payment_refund,runlu,False,False,False,payment_refund
stg1_002009,где я могу отправить чертово предложение по продукту?,где я могу отправить чертово предложение по продукту?,other,other,bitext,False,False,False,other
stg1_001267,"некоторые продукты в моей посылке указаны неверно, мне нужна помощь, чтобы сообщить о них","некоторые продукты в моей посылке указаны неверно, мне нужна помощь, чтобы сообщить о них",return_exchange,return_exchange,bitext,False,False,False,return_exchange
stg1_001086,"хочу позвонить в службу поддержки клиентов, где я могу это сделать","хочу позвонить в службу поддержки клиентов, где я могу это сделать",general_info,general_info,bitext,False,False,False,general_info
stg1_001537,"Мне нужно посмотреть, сколько времени потребуется, чтобы прибыть посылка.","мне нужно посмотреть, сколько времени потребуется, чтобы прибыть посылка.",delivery,delivery,ikshana,False,False,False,delivery
stg1_002255,я не вижу статус компенсации,я не вижу статус компенсации,payment_refund,payment_refund,ikshana,False,False,False,payment_refund
stg1_003035,Ошибка 500 на странице,ошибка 500 на странице,technical_issue,technical_issue,synthetic_dataset,True,False,False,technical_issue
stg1_001290,Мне нужна помощь в обмене чертовой вещи в магазине.,мне нужна помощь в обмене чертовой вещи в магазине.,return_exchange,return_exchange,bitext,False,False,False,return_exchange
stg1_000030,"Я хотел бы подтвердить наличие товаров в магазине, мне нужна помощь","я хотел бы подтвердить наличие товаров в магазине, мне нужна помощь",product_info,product_info,bitext,False,False,False,product_info
stg1_000906,"Я хотел бы найти магазины рядом со мной, вы мне поможете?","я хотел бы найти магазины рядом со мной, вы мне поможете?",general_info,general_info,bitext,False,False,False,general_info
stg1_000975,"у тебя есть номер телефона, чтобы связаться с чертовой службой поддержки клиентов?","у тебя есть номер телефона, чтобы связаться с чертовой службой поддержки клиентов?",general_info,general_info,ikshana,False,False,False,general_info
stg1_002698,"я не могу заставить сайт работать на моем Mac, помогите мне сообщить о проблеме","я не могу заставить сайт работать на моем mac, помогите мне сообщить о проблеме",technical_issue,technical_issue,bitext,False,False,False,technical_issue
stg1_000451,Я больше не могу позволить себе заказ DHGF2O0E,я больше не могу позволить себе заказ dhgf2o0e,order_status,order_status,ikshana,False,False,False,order_status
stg1_000328,"я купил офигенный товар, но он мне не нужен, мне нужно отменить заказ","я купил офигенный товар, но он мне не нужен, мне нужно отменить заказ",order_status,order_status,bitext,False,False,False,order_status
stg1_000761,"кто-то взломал мой профиль, помогите мне сбросить мой чертов пароль","кто-то взломал мой профиль, помогите мне сбросить мой чертов пароль",account,account,bitext,False,False,False,account
stg1_000311,"Я купил товар, но выбрал неправильный цвет, можно ли изменить мой чертов онлайн-заказ?","я купил товар, но выбрал неправильный цвет, можно ли изменить мой чертов онлайн-заказ?",order_status,order_status,bitext,False,False,False,order_status
stg1_001921,"Мне нужно поговорить с чертовым человеком, где мне это сделать?","мне нужно поговорить с чертовым человеком, где мне это сделать?",other,other,bitext,False,False,False,other
stg1_001800,"я не понимаю, мне нужно поговорить с человеком","я не понимаю, мне нужно поговорить с человеком",other,other,bitext,False,False,False,other
stg1_002322,Мне нужна помощь в загрузке моего счета № 85632.,мне нужна помощь в загрузке моего счета № 85632.,payment_refund,payment_refund,ikshana,False,False,False,payment_refund
stg1_001507,"Мне нужно увидеть дату доставки, вы мне поможете?","мне нужно увидеть дату доставки, вы мне поможете?",delivery,delivery,bitext,False,False,False,delivery
stg1_002778,"Я хочу воспользоваться твоим чертовым мобильным приложением, мне нужна помощь","я хочу воспользоваться твоим чертовым мобильным приложением, мне нужна помощь",technical_issue,technical_issue,bitext,False,False,False,technical_issue
stg1_002067,"я сделал чертов заказ и не получил счет, мне нужна помощь, чтобы его скачать","я сделал чертов заказ и не получил счет, мне нужна помощь, чтобы его скачать",payment_refund,payment_refund,bitext,False,False,False,payment_refund
stg1_000394,Мне нужно поменять артикул заказа TS30V8IU,мне нужно поменять артикул заказа ts30v8iu,order_status,order_status,ikshana,False,False,False,order_status
stg1_002835,"мне нужно сообщить о проблеме на сайте, где мне это сделать","мне нужно сообщить о проблеме на сайте, где мне это сделать",technical_issue,technical_issue,bitext,False,False,False,technical_issue
stg1_002152,"Мне нужна помощь, чтобы загрузить мой счет № 37777.","мне нужна помощь, чтобы загрузить мой счет № 37777.",payment_refund,payment_refund,ikshana,False,False,False,payment_refund
stg1_002720,"мобильное приложение не работает на моем телефоне, могу ли я сообщить о проблеме?","мобильное приложение не работает на моем телефоне, могу ли я сообщить о проблеме?",technical_issue,technical_issue,bitext,False,False,False,technical_issue
stg1_002967,Доставляете ли в Самару?,доставляете ли в самару?,delivery,delivery,synthetic_dataset,True,False,False,delivery
stg1_001901,"я не знаю, что мне нужно сделать, чтобы поговорить с ассистентом","я не знаю, что мне нужно сделать, чтобы поговорить с ассистентом",other,other,ikshana,False,False,False,other
stg1_000741,"Я не знаю, как мне восстановить ключ доступа к моему профилю.","я не знаю, как мне восстановить ключ доступа к моему профилю.",account,account,ikshana,False,False,False,account
stg1_002996,Сколько стоит чехол для iPhone?,сколько стоит чехол для iphone?,product_info,product_info,synthetic_dataset,True,False,False,product_info
stg1_002795,"приложение не работает, сообщите о проблеме","приложение не работает, сообщите о проблеме",technical_issue,technical_issue,bitext,False,False,False,technical_issue
stg1_000389,"я допустил ошибку, помогите мне изменить заказ ULGUMS02","я допустил ошибку, помогите мне изменить заказ ulgums02",order_status,order_status,ikshana,False,False,False,order_status
stg1_001550,Можете ли вы помочь мне указать новый адрес доставки?,можете ли вы помочь мне указать новый адрес доставки?,delivery,delivery,ikshana,False,False,False,delivery
stg1_000158,"Я хочу удалить товары из катра, как это сделать","я хочу удалить товары из катра, как это сделать",product_info,product_info,bitext,False,False,False,product_info
stg1_001123,Мне нужно посмотреть часы работы твоего чертового магазина. Могу ли я получить помощь?,мне нужно посмотреть часы работы твоего чертового магазина. могу ли я получить помощь?,general_info,general_info,bitext,False,False,False,general_info
stg1_002398,"Я ищу информацию о ближайших распродажах, не могли бы вы мне помочь?","я ищу информацию о ближайших распродажах, не могли бы вы мне помочь?",promo_loyalty,promo_loyalty,bitext,False,False,False,promo_loyalty
stg1_000457,"Я купил чертов товар, но выбрал неправильный цвет, как изменить мой чертов онлайн-заказ?","я купил чертов товар, но выбрал неправильный цвет, как изменить мой чертов онлайн-заказ?",order_status,order_status,bitext,False,False,False,order_status
stg1_002053,"waqnna, отправь чертов отзыв, можешь мне помочь?","waqnna, отправь чертов отзыв, можешь мне помочь?",other,other,bitext,False,False,False,other
stg1_002202,Каков обменный курс рупии за доллар?,каков обменный курс рупии за доллар?,payment_refund,payment_refund,runlu,False,False,False,payment_refund
stg1_000192,"Я хочу добавить чертовы товары в корзину, где я могу это сделать?","я хочу добавить чертовы товары в корзину, где я могу это сделать?",product_info,product_info,bitext,False,False,False,product_info
stg1_001650,Я хотел бы сообщить о проблемах с доставкой моего груза. Вы мне поможете?,я хотел бы сообщить о проблемах с доставкой моего груза. вы мне поможете?,delivery,delivery,bitext,False,False,False,delivery
stg1_000302,"Я купил товар, но выбрал не ту модель. Я хотел бы изменить свой чертов онлайн-заказ.","я купил товар, но выбрал не ту модель. я хотел бы изменить свой чертов онлайн-заказ.",order_status,order_status,bitext,False,False,False,order_status
stg1_002103,"Я ищу счет, где я могу его найти?","я ищу счет, где я могу его найти?",payment_refund,payment_refund,bitext,False,False,False,payment_refund
stg1_002985,Доставляете ли в Екатеринбург?,доставляете ли в екатеринбург?,delivery,delivery,synthetic_dataset,True,False,False,delivery
stg1_001947,"Мне нужно отправить отзыв о продукте, где я могу это сделать?","мне нужно отправить отзыв о продукте, где я могу это сделать?",other,other,bitext,False,False,False,other
stg1_002346,"Мне нужно посмотреть, в каких ситуациях я могу попросить возмещение","мне нужно посмотреть, в каких ситуациях я могу попросить возмещение",payment_refund,return_exchange,ikshana,False,False,False,payment_refund
stg1_001029,почта x@x.org,почта x@x.org,general_info,general_info,runlu,False,False,False,general_info
stg1_000848,"кто-то взломал мой чертов пароль, как мне его сбросить?","кто-то взломал мой чертов пароль, как мне его сбросить?",account,account,bitext,False,False,False,account
stg1_000996,"Игрок, играющий в игру","игрок, играющий в игру",general_info,general_info,runlu,False,False,False,general_info
stg1_002627,Я бы хотел воспользоваться твоим чертовым мобильным приложением.,я бы хотел воспользоваться твоим чертовым мобильным приложением.,technical_issue,technical_issue,bitext,False,False,False,technical_issue
stg1_000913,"Я хотел бы поговорить со службой поддержки, где это сделать","я хотел бы поговорить со службой поддержки, где это сделать",general_info,general_info,bitext,False,False,False,general_info
stg1_002353,"Я не знаю, что мне нужно сделать, чтобы увидеть счет №37777.","я не знаю, что мне нужно сделать, чтобы увидеть счет №37777.",payment_refund,payment_refund,ikshana,False,False,False,payment_refund
stg1_001329,"моя посылка была чертовски повреждена при доставке, можете ли вы сообщить об этом?","моя посылка была чертовски повреждена при доставке, можете ли вы сообщить об этом?",return_exchange,return_exchange,bitext,False,False,False,return_exchange
stg1_001344,"Мне нужно обменять купленные мной чертовы заказы, как это сделать?","мне нужно обменять купленные мной чертовы заказы, как это сделать?",return_exchange,return_exchange,bitext,False,False,False,return_exchange
stg1_001780,"мне нужно отправить чертов отзыв о твоем бренде, где я могу это сделать","мне нужно отправить чертов отзыв о твоем бренде, где я могу это сделать",other,other,bitext,False,False,False,other
stg1_000764,"Я не знаю, как отменить подписку на рассылку новостей","я не знаю, как отменить подписку на рассылку новостей",account,account,ikshana,False,False,False,account
stg1_002946,Пришлите чек об оплате,пришлите чек об оплате,payment_refund,payment_refund,synthetic_dataset,True,False,False,payment_refund
stg1_002319,как проверить принятые способы оплаты?,как проверить принятые способы оплаты?,payment_refund,payment_refund,ikshana,False,False,False,payment_refund
stg1_003016,Приложение вылетает,приложение вылетает,technical_issue,technical_issue,synthetic_dataset,True,False,False,technical_issue
stg1_000651,можно ли создать учетную запись пользователя,можно ли создать учетную запись пользователя,account,account,bitext,False,False,False,account
stg1_001196,"мне нужно вернуть онлайн-заказ, мне нужна помощь","мне нужно вернуть онлайн-заказ, мне нужна помощь",return_exchange,return_exchange,bitext,False,False,False,return_exchange
stg1_001889,Мне нужна помощь в подаче жалобы клиента,мне нужна помощь в подаче жалобы клиента,other,other,ikshana,False,False,False,other
stg1_002608,"Мне нужна информация о зимних распродажах, где ее можно найти?","мне нужна информация о зимних распродажах, где ее можно найти?",promo_loyalty,promo_loyalty,bitext,False,False,False,promo_loyalty
stg1_000618,"мои личные данные неверны, мне нужна помощь в их изменении","мои личные данные неверны, мне нужна помощь в их изменении",account,account,bitext,False,False,False,account
stg1_000862,"хочу открыть счет, где это сделать","хочу открыть счет, где это сделать",account,account,bitext,False,False,False,account
stg1_001924,мне нужно поговорить с человеком,мне нужно поговорить с человеком,other,other,ikshana,False,False,False,other
stg1_000624,"я бы хотел отредактировать свой профиль, мог бы мне помочь","я бы хотел отредактировать свой профиль, мог бы мне помочь",account,account,bitext,False,False,False,account
stg1_001469,"Мне нужно вернуть в магазин чертов товар, который я купил в Интернете. Вы мне поможете?","мне нужно вернуть в магазин чертов товар, который я купил в интернете. вы мне поможете?",return_exchange,return_exchange,bitext,False,False,False,return_exchange
stg1_002538,"Я хочу узнать больше о следующих распродажах, можешь ли ты дать мне какую-нибудь информацию?","я хочу узнать больше о следующих распродажах, можешь ли ты дать мне какую-нибудь информацию?",promo_loyalty,promo_loyalty,bitext,False,False,False,promo_loyalty
stg1_000238,Мне нужно сообщить о проблеме с заказанным товаром. Где я могу это сделать?,мне нужно сообщить о проблеме с заказанным товаром. где я могу это сделать?,product_info,product_info,bitext,False,False,False,product_info
stg1_002120,помогите уведомить о гребаной ошибке с онлайн-платежами,помогите уведомить о гребаной ошибке с онлайн-платежами,payment_refund,payment_refund,ikshana,False,False,False,payment_refund
stg1_000866,"Мне нужна помощь, чтобы открыть счет Titanium для моего отца.","мне нужна помощь, чтобы открыть счет titanium для моего отца.",account,account,ikshana,False,False,False,account
stg1_000539,мне нужна помощь в редактировании заказа 056QW26F,мне нужна помощь в редактировании заказа 056qw26f,order_status,order_status,ikshana,False,False,False,order_status
stg1_002786,"приложение не работает на моем мобильном телефоне, помогите мне сообщить о чертовой проблеме","приложение не работает на моем мобильном телефоне, помогите мне сообщить о чертовой проблеме",technical_issue,technical_issue,bitext,False,False,False,technical_issue
stg1_001076,"Я хочу поговорить со службой поддержки, вы можете мне помочь?","я хочу поговорить со службой поддержки, вы можете мне помочь?",general_info,general_info,ikshana,False,False,False,general_info
stg1_001990,"нужно представить чертовы идеи по улучшению продукта, помогите мне","нужно представить чертовы идеи по улучшению продукта, помогите мне",other,other,bitext,False,False,False,other
stg1_001549,"где я могу проверить, когда прибудет моя посылка","где я могу проверить, когда прибудет моя посылка",delivery,delivery,ikshana,False,False,False,delivery
stg1_000390,Можете ли вы помочь мне увидеть штрафы за досрочный выход?,можете ли вы помочь мне увидеть штрафы за досрочный выход?,order_status,order_status,ikshana,False,False,False,order_status
stg1_001375,"Мне нужна чертова компенсация, помоги мне ее получить.","мне нужна чертова компенсация, помоги мне ее получить.",return_exchange,return_exchange,bitext,False,False,False,return_exchange
stg1_002603,"Ищу информацию о очередных распродажах, мне нужна помощь","ищу информацию о очередных распродажах, мне нужна помощь",promo_loyalty,promo_loyalty,bitext,False,False,False,promo_loyalty
stg1_001837,"Я бы хотел поговорить с чертовым человеком, который мог бы мне помочь.","я бы хотел поговорить с чертовым человеком, который мог бы мне помочь.",other,other,bitext,False,False,False,other
stg1_001583,Во сколько поезд отправляется из Праги в Брно?,во сколько поезд отправляется из праги в брно?,delivery,delivery,runlu,False,False,False,delivery
stg1_002532,Я хочу знать больше о следующих распродажах,я хочу знать больше о следующих распродажах,promo_loyalty,promo_loyalty,bitext,False,False,False,promo_loyalty
stg1_000730,я не могу сообщить об ошибках при регистрации,я не могу сообщить об ошибках при регистрации,account,account,ikshana,False,False,False,account
stg1_000740,"Я потерял ключ доступа к своему профилю пользователя, помогите его восстановить.","я потерял ключ доступа к своему профилю пользователя, помогите его восстановить.",account,account,ikshana,False,False,False,account
stg1_002281,мне нужно получить возмещение моих денег,мне нужно получить возмещение моих денег,payment_refund,payment_refund,ikshana,False,False,False,payment_refund
stg1_002316,"Мне нужно проверить, в каких случаях я могу запросить возмещение","мне нужно проверить, в каких случаях я могу запросить возмещение",payment_refund,payment_refund,ikshana,False,False,False,payment_refund
stg1_001602,Время поезда на станции Гэри идёт к Форту Уэйну сегодня,время поезда на станции гэри идёт к форту уэйну сегодня,delivery,delivery,runlu,False,False,False,delivery
stg1_001313,"Я хотел бы получить чертову компенсацию, где я могу это сделать?","я хотел бы получить чертову компенсацию, где я могу это сделать?",return_exchange,return_exchange,bitext,False,False,False,return_exchange
stg1_001365,"мне нужно запросить чертов возврат денег, мне нужна помощь","мне нужно запросить чертов возврат денег, мне нужна помощь",return_exchange,payment_refund,bitext,False,False,False,return_exchange
stg1_002236,"Я заплатил 10$ за заказ, хочу компенсацию","я заплатил 10$ за заказ, хочу компенсацию",payment_refund,payment_refund,ikshana,False,False,False,payment_refund
stg1_001559,отправлю в Дели,отправлю в дели,delivery,delivery,ikshana,False,False,False,delivery
stg1_000044,где проверить наличие товара в магазине?,где проверить наличие товара в магазине?,product_info,product_info,bitext,False,False,False,product_info
stg1_000663,"Мне нужно поискать то, что я купил, помогите мне посмотреть мою чертову историю покупок.","мне нужно поискать то, что я купил, помогите мне посмотреть мою чертову историю покупок.",account,account,bitext,False,False,False,account
stg1_001887,помогите подать жалобу потребителя на вашу компанию,помогите подать жалобу потребителя на вашу компанию,other,other,ikshana,False,False,False,other
stg1_002072,"мне нужно заплатить картой, где это сделать","мне нужно заплатить картой, где это сделать",payment_refund,payment_refund,bitext,False,False,False,payment_refund
stg1_001314,"т. е. если вы хотите сообщить о неправильном продукте, это может мне помочь.","т. е. если вы хотите сообщить о неправильном продукте, это может мне помочь.",return_exchange,return_exchange,bitext,False,False,False,return_exchange
stg1_002101,Я хотел бы узнать о твоих чертовых способах оплаты. Могу найти некоторую информацию.,я хотел бы узнать о твоих чертовых способах оплаты. могу найти некоторую информацию.,payment_refund,payment_refund,bitext,False,False,False,payment_refund
stg1_000338,"Я хотел бы найти свою посылку, могу ли я получить помощь?","я хотел бы найти свою посылку, могу ли я получить помощь?",order_status,order_status,bitext,False,False,False,order_status
stg1_002634,"мобильное приложение не работает на моем устройстве, мне нужна помощь, чтобы сообщить об ошибке","мобильное приложение не работает на моем устройстве, мне нужна помощь, чтобы сообщить об ошибке",technical_issue,technical_issue,bitext,False,False,False,technical_issue
stg1_002025,"Я хотел бы оставить чертовски предложение, могу ли я получить помощь?","я хотел бы оставить чертовски предложение, могу ли я получить помощь?",other,other,bitext,False,False,False,other
stg1_001191,"помогите мне вернуть товар, который я купил онлайн в магазине","помогите мне вернуть товар, который я купил онлайн в магазине",return_exchange,return_exchange,bitext,False,False,False,return_exchange
stg1_001481,"Я хочу проверить стоимость рассылки, могу ли я это сделать?","я хочу проверить стоимость рассылки, могу ли я это сделать?",delivery,delivery,bitext,False,False,False,delivery
stg1_002303,"я купил чертов товар и не получил счет, помогите мне его получить","я купил чертов товар и не получил счет, помогите мне его получить",payment_refund,payment_refund,bitext,False,False,False,payment_refund
stg1_001433,"мне нужно обменять купленные вещи, как я могу это сделать","мне нужно обменять купленные вещи, как я могу это сделать",return_exchange,return_exchange,bitext,False,False,False,return_exchange
stg1_000355,"Мне нужно посмотреть, где находится моя посылка, как я могу это сделать?","мне нужно посмотреть, где находится моя посылка, как я могу это сделать?",order_status,order_status,bitext,False,False,False,order_status
stg1_000819,"Я хотел бы заполнить свои личные данные, как мне это сделать?","я хотел бы заполнить свои личные данные, как мне это сделать?",account,account,bitext,False,False,False,account
stg1_002118,помогите мне проверить статус возврата,помогите мне проверить статус возврата,payment_refund,payment_refund,ikshana,False,False,False,payment_refund
stg1_000094,Есть ли у вас способ оставить отзыв о ваших услугах?,есть ли у вас способ оставить отзыв о ваших услугах?,product_info,product_info,ikshana,False,False,False,product_info
stg1_000653,"Мне нужно открыть учетную запись пользователя, не могли бы вы мне помочь?","мне нужно открыть учетную запись пользователя, не могли бы вы мне помочь?",account,account,bitext,False,False,False,account
stg1_000115,показать значение гуга для носка,показать значение гуга для носка,product_info,product_info,runlu,False,False,False,product_info
stg1_002911,Баг при оформлении заказа,баг при оформлении заказа,technical_issue,technical_issue,synthetic_dataset,True,False,False,technical_issue
stg1_002206,Сколько канадских долларов в долларах США?,сколько канадских долларов в долларах сша?,payment_refund,payment_refund,runlu,False,False,False,payment_refund
stg1_001204,"нужно отправить обратный заказ, не могли бы вы мне помочь?","нужно отправить обратный заказ, не могли бы вы мне помочь?",return_exchange,return_exchange,bitext,False,False,False,return_exchange
stg1_000388,где заказать статью?,где заказать статью?,order_status,order_status,ikshana,False,False,False,order_status
stg1_001638,не могли бы вы помочь мне увидеть чертову дату доставки?,не могли бы вы помочь мне увидеть чертову дату доставки?,delivery,delivery,bitext,False,False,False,delivery
stg1_000038,"мне нужна помощь, чтобы узнать наличие товара","мне нужна помощь, чтобы узнать наличие товара",product_info,product_info,bitext,False,False,False,product_info
stg1_000772,"Я не знаю, как мне сбросить ключ доступа","я не знаю, как мне сбросить ключ доступа",account,account,ikshana,False,False,False,account
stg1_002653,"Я хочу использовать ваше приложение, как это сделать?","я хочу использовать ваше приложение, как это сделать?",technical_issue,technical_issue,bitext,False,False,False,technical_issue
stg1_002722,где мне скачать твое приложение,где мне скачать твое приложение,technical_issue,technical_issue,bitext,False,False,False,technical_issue
stg1_002277,Можете ли вы помочь мне потребовать возмещения денег?,можете ли вы помочь мне потребовать возмещения денег?,payment_refund,payment_refund,ikshana,False,False,False,payment_refund
stg1_002837,"Я хочу использовать ваше мобильное приложение, где мне это сделать?","я хочу использовать ваше мобильное приложение, где мне это сделать?",technical_issue,technical_issue,bitext,False,False,False,technical_issue
stg1_000289,"хочу добавить товары в корзину, где мне это сделать?","хочу добавить товары в корзину, где мне это сделать?",product_info,product_info,bitext,False,False,False,product_info
stg1_001319,возможен ли обмен товара в магазине,возможен ли обмен товара в магазине,return_exchange,return_exchange,bitext,False,False,False,return_exchange
stg1_000329,"мне нужно отменить пункт, где мне это сделать","мне нужно отменить пункт, где мне это сделать",order_status,order_status,bitext,False,False,False,order_status
stg1_002383,"Ищу информацию о чертовых распродажах, как мне ее найти?","ищу информацию о чертовых распродажах, как мне ее найти?",promo_loyalty,promo_loyalty,bitext,False,False,False,promo_loyalty
stg1_002900,"Я хочу воспользоваться твоим чертовым мобильным приложением, как мне это сделать?","я хочу воспользоваться твоим чертовым мобильным приложением, как мне это сделать?",technical_issue,technical_issue,bitext,False,False,False,technical_issue
stg1_000418,отменить покупку00123842,отменить покупку00123842,order_status,order_status,ikshana,False,False,False,order_status
stg1_001709,"где проверить, когда придет мой товар?","где проверить, когда придет мой товар?",delivery,delivery,ikshana,False,False,False,delivery
stg1_001364,"Мне нужно увидеть твою чертову обратную почту, как я могу это сделать?","мне нужно увидеть твою чертову обратную почту, как я могу это сделать?",return_exchange,return_exchange,bitext,False,False,False,return_exchange
stg1_002866,мобильное приложение не работает на моем компьютере. Не могли бы вы помочь мне сообщить о проблеме?,мобильное приложение не работает на моем компьютере. не могли бы вы помочь мне сообщить о проблеме?,technical_issue,technical_issue,bitext,False,False,False,technical_issue
stg1_002193,Какова ставка между песо и иеной?,какова ставка между песо и иеной?,payment_refund,payment_refund,runlu,False,False,False,payment_refund
stg1_002145,"что мне нужно сделать, чтобы получить компенсацию своих денег","что мне нужно сделать, чтобы получить компенсацию своих денег",payment_refund,payment_refund,ikshana,False,False,False,payment_refund
stg1_002208,Каков обменный курс между 100 долл. США и песо?,каков обменный курс между 100 долл. сша и песо?,payment_refund,payment_refund,runlu,False,False,False,payment_refund
stg1_000207,"Я ищу информацию о продуктах, которые могли бы мне помочь.","я ищу информацию о продуктах, которые могли бы мне помочь.",product_info,product_info,bitext,False,False,False,product_info
stg1_000378,я пытаюсь отредактировать покупку 7VYZ8KUP,я пытаюсь отредактировать покупку 7vyz8kup,order_status,order_status,ikshana,False,False,False,order_status
stg1_001338,"мне нужно вернуть товары онлайн, могу ли я получить помощь","мне нужно вернуть товары онлайн, могу ли я получить помощь",return_exchange,return_exchange,bitext,False,False,False,return_exchange
stg1_001478,"я не получил посылку, мне нужна помощь, чтобы сообщить о проблеме с доставкой","я не получил посылку, мне нужна помощь, чтобы сообщить о проблеме с доставкой",delivery,delivery,bitext,False,False,False,delivery
stg1_001244,Я бы хотел вернуть чертовы товары онлайн,я бы хотел вернуть чертовы товары онлайн,return_exchange,return_exchange,bitext,False,False,False,return_exchange
stg1_000875,"Я хотел бы открыть счет, где я могу это сделать?","я хотел бы открыть счет, где я могу это сделать?",account,account,bitext,False,False,False,account
stg1_001062,у вас есть бесплатный номер для связи со службой поддержки,у вас есть бесплатный номер для связи со службой поддержки,general_info,general_info,ikshana,False,False,False,general_info
stg1_003006,Мне нужна помощь,мне нужна помощь,other,other,synthetic_dataset,True,False,False,other
stg1_002106,Я хотел бы увидеть статус моего возврата. Вы мне поможете?,я хотел бы увидеть статус моего возврата. вы мне поможете?,payment_refund,return_exchange,bitext,False,False,False,payment_refund
stg1_002228,У меня возникла проблема с оплатой кредитной картой,у меня возникла проблема с оплатой кредитной картой,payment_refund,payment_refund,bitext,False,False,False,payment_refund
stg1_002827,"Я не могу заставить приложение работать на своем компьютере, мне нужно сообщить об ошибке","я не могу заставить приложение работать на своем компьютере, мне нужно сообщить об ошибке",technical_issue,technical_issue,bitext,False,False,False,technical_issue
stg1_000152,мне нужна помощь в извлечении чертовых товаров из корзины,мне нужна помощь в извлечении чертовых товаров из корзины,product_info,product_info,bitext,False,False,False,product_info
stg1_002470,"Я хочу узнать больше о весенних распродажах, можете ли вы дать мне некоторую информацию?","я хочу узнать больше о весенних распродажах, можете ли вы дать мне некоторую информацию?",promo_loyalty,promo_loyalty,bitext,False,False,False,promo_loyalty
stg1_000669,создать новую учетную запись Titanium для дочери,создать новую учетную запись titanium для дочери,account,account,ikshana,False,False,False,account
stg1_001898,"мне нужна помощь, разговариваю с кем-то","мне нужна помощь, разговариваю с кем-то",other,other,ikshana,False,False,False,other
stg1_001121,Я хочу поговорить со службой поддержки клиентов,я хочу поговорить со службой поддержки клиентов,general_info,general_info,ikshana,False,False,False,general_info
stg1_002947,Статус доставки заказа 144451,статус доставки заказа 144451,order_status,order_status,synthetic_dataset,True,False,False,order_status
stg1_000169,где я могу получить информацию о продукте,где я могу получить информацию о продукте,product_info,product_info,bitext,False,False,False,product_info
stg1_002875,"сайт не работает на моем мобильном телефоне, как я могу сообщить о проблеме?","сайт не работает на моем мобильном телефоне, как я могу сообщить о проблеме?",technical_issue,technical_issue,bitext,False,False,False,technical_issue
stg1_001277,"Я хотел бы отправить товар обратно, где я могу это сделать","я хотел бы отправить товар обратно, где я могу это сделать",return_exchange,return_exchange,bitext,False,False,False,return_exchange
stg1_002961,Сколько стоит футболку?,сколько стоит футболку?,product_info,product_info,synthetic_dataset,True,False,False,product_info
stg1_000143,Какова ставка за акции Уэллса Фарго?,какова ставка за акции уэллса фарго?,product_info,product_info,runlu,False,False,False,product_info
stg1_001869,Я должен подать иск,я должен подать иск,other,other,ikshana,False,False,False,other
stg1_001392,"мне нужно проверить твою чертову политику возврата, как я могу это сделать","мне нужно проверить твою чертову политику возврата, как я могу это сделать",return_exchange,return_exchange,bitext,False,False,False,return_exchange
stg1_000306,"я купил чертов товар, но он мне не нужен, могу ли я отменить заказ","я купил чертов товар, но он мне не нужен, могу ли я отменить заказ",order_status,order_status,bitext,False,False,False,order_status
stg1_000020,"Ищу информацию о чертовых продуктах, где ее взять?","ищу информацию о чертовых продуктах, где ее взять?",product_info,product_info,bitext,False,False,False,product_info
stg1_000061,у вас есть адрес для отправки отзыва?,у вас есть адрес для отправки отзыва?,product_info,product_info,ikshana,False,False,False,product_info
stg1_000496,"мне нужно изменить покупку DUCKQERC, мне нужна помощь","мне нужно изменить покупку duckqerc, мне нужна помощь",order_status,order_status,ikshana,False,False,False,order_status
stg1_000690,как пользоваться платиновым профилем?,как пользоваться платиновым профилем?,account,account,ikshana,False,False,False,account
stg1_001829,у меня жалоба на продукцию,у меня жалоба на продукцию,other,other,bitext,False,False,False,other
stg1_001879,"я не знаю, что делать, чтобы поговорить с агентом","я не знаю, что делать, чтобы поговорить с агентом",other,other,ikshana,False,False,False,other
stg1_000004,"продукт, который я купил, работает правильно, могу ли я сообщить о проблеме с продуктом","продукт, который я купил, работает правильно, могу ли я сообщить о проблеме с продуктом",product_info,product_info,bitext,False,False,False,product_info
stg1_001468,"Я хотел бы вернуть товар, купленный в Интернете, в магазине, где это сделать","я хотел бы вернуть товар, купленный в интернете, в магазине, где это сделать",return_exchange,return_exchange,bitext,False,False,False,return_exchange
stg1_000045,"Я хотел бы добавить чертовы товары в корзину, где мне это сделать?","я хотел бы добавить чертовы товары в корзину, где мне это сделать?",product_info,product_info,bitext,False,False,False,product_info
stg1_002580,Я хотел бы узнать больше о чертовых распродажах.,я хотел бы узнать больше о чертовых распродажах.,promo_loyalty,promo_loyalty,bitext,False,False,False,promo_loyalty
stg1_002185,Является ли в США 5 [валюта: доллары] Китая [валюта_источник: доллары] стоимостью 5 долларов?,является ли в сша 5 [валюта: доллары] китая [валюта_источник: доллары] стоимостью 5 долларов?,payment_refund,payment_refund,runlu,False,False,False,payment_refund
stg1_001505,"Я хочу узнать стоимость доставки, как мне это сделать?","я хочу узнать стоимость доставки, как мне это сделать?",delivery,delivery,bitext,False,False,False,delivery
stg1_001556,где я могу настроить дополнительный адрес доставки,где я могу настроить дополнительный адрес доставки,delivery,delivery,ikshana,False,False,False,delivery
stg1_002184,Текущие ставки на предпоследние периоды,текущие ставки на предпоследние периоды,payment_refund,payment_refund,runlu,False,False,False,payment_refund
stg1_002935,Забыл пароль,забыл пароль,account,account,synthetic_dataset,True,False,False,account
stg1_002461,"Я ищу информацию о чертовых распродажах, как мне ее найти?","я ищу информацию о чертовых распродажах, как мне ее найти?",promo_loyalty,promo_loyalty,bitext,False,False,False,promo_loyalty
stg1_002846,"Я бы хотел воспользоваться твоим чертовым приложением, как мне это сделать?","я бы хотел воспользоваться твоим чертовым приложением, как мне это сделать?",technical_issue,technical_issue,bitext,False,False,False,technical_issue
stg1_000520,"Я нашел товар, но выбрал неправильный размер, мне нужно обновить свой онлайн-заказ","я нашел товар, но выбрал неправильный размер, мне нужно обновить свой онлайн-заказ",order_status,order_status,bitext,False,False,False,order_status
stg1_001063,Не могли бы вы помочь мне поговорить со службой поддержки клиентов?,не могли бы вы помочь мне поговорить со службой поддержки клиентов?,general_info,general_info,bitext,False,False,False,general_info
stg1_002233,Мне нужна помощь в загрузке счетов от Джона.,мне нужна помощь в загрузке счетов от джона.,payment_refund,payment_refund,ikshana,False,False,False,payment_refund
stg1_001937,"У меня есть чертов комментарий о твоем бренде, я бы хотел его отправить.","у меня есть чертов комментарий о твоем бренде, я бы хотел его отправить.",other,other,bitext,False,False,False,other
stg1_001262,Я хотел бы проверить ваши правила возврата. Не могли бы вы мне помочь?,я хотел бы проверить ваши правила возврата. не могли бы вы мне помочь?,return_exchange,return_exchange,bitext,False,False,False,return_exchange
stg1_000114,показать стоимость акций гуга,показать стоимость акций гуга,product_info,product_info,runlu,False,False,False,product_info
stg1_000253,"Мне нужна помощь, чтобы вытащить чертовы вещи из корзины.","мне нужна помощь, чтобы вытащить чертовы вещи из корзины.",product_info,product_info,bitext,False,False,False,product_info
stg1_000801,Я не могу создать профиль пользователя. Помогите сообщить о проблемах с регистрацией.,я не могу создать профиль пользователя. помогите сообщить о проблемах с регистрацией.,account,account,ikshana,False,False,False,account
stg1_003014,Какие способы оплаты?,какие способы оплаты?,payment_refund,payment_refund,synthetic_dataset,True,False,False,payment_refund
stg1_000251,"Мне нужно проверить наличие долбаной вещи в магазине, где это сделать?","мне нужно проверить наличие долбаной вещи в магазине, где это сделать?",product_info,product_info,bitext,False,False,False,product_info
stg1_001169,"Я хочу проверить ваши часы работы, помогите мне.","я хочу проверить ваши часы работы, помогите мне.",general_info,general_info,bitext,False,False,False,general_info
stg1_002820,"приложение не работает на моем мобильном телефоне, можно ли сообщить о проблеме","приложение не работает на моем мобильном телефоне, можно ли сообщить о проблеме",technical_issue,technical_issue,bitext,False,False,False,technical_issue
stg1_001873,можно ли подать чертову претензию от клиента?,можно ли подать чертову претензию от клиента?,other,other,ikshana,False,False,False,other
stg1_002254,помогите скачать счет №37777,помогите скачать счет №37777,payment_refund,payment_refund,ikshana,False,False,False,payment_refund
stg1_001935,"что мне нужно сделать, чтобы пообщаться с ассистентом?","что мне нужно сделать, чтобы пообщаться с ассистентом?",other,other,ikshana,False,False,False,other
stg1_002892,"Я не могу заставить сайт работать на своем телефоне, мне нужна помощь, чтобы сообщить о проблеме","я не могу заставить сайт работать на своем телефоне, мне нужна помощь, чтобы сообщить о проблеме",technical_issue,technical_issue,bitext,False,False,False,technical_issue
stg1_001868,"я не знаю, что делать, чтобы возбудить иск потребителя","я не знаю, что делать, чтобы возбудить иск потребителя",other,other,ikshana,False,False,False,other
stg1_000090,могу ли я написать отзыв о вашей продукции,могу ли я написать отзыв о вашей продукции,product_info,product_info,ikshana,False,False,False,product_info
stg1_000444,нужна помощь в отмене заказа DQ0DRMYZ,нужна помощь в отмене заказа dq0drmyz,order_status,order_status,ikshana,False,False,False,order_status
stg1_001657,"моя доставка не завершена, мне нужна помощь, чтобы сообщить об отсутствующем товаре","моя доставка не завершена, мне нужна помощь, чтобы сообщить об отсутствующем товаре",delivery,delivery,bitext,False,False,False,delivery
stg1_000645,"мне нужно закрыть мой аккаунт, могу ли я это сделать","мне нужно закрыть мой аккаунт, могу ли я это сделать",account,account,bitext,False,False,False,account
stg1_001588,Когда лучше всего отправиться в Канаду?,когда лучше всего отправиться в канаду?,delivery,delivery,runlu,False,False,False,delivery
stg1_001877,"Я тебя не понимаю, можешь помочь мне поговорить с агентом?","я тебя не понимаю, можешь помочь мне поговорить с агентом?",other,other,ikshana,False,False,False,other
stg1_002806,"хочу использовать твое приложение, ты мне поможешь?","хочу использовать твое приложение, ты мне поможешь?",technical_issue,technical_issue,bitext,False,False,False,technical_issue
stg1_001465,"Этот чертов товар, который я получил, неправильный, можете ли вы помочь мне сообщить об этом?","этот чертов товар, который я получил, неправильный, можете ли вы помочь мне сообщить об этом?",return_exchange,return_exchange,bitext,False,False,False,return_exchange
stg1_001212,"чертов предмет, который я получил, был сломан, как я мог об этом сообщить?","чертов предмет, который я получил, был сломан, как я мог об этом сообщить?",return_exchange,return_exchange,bitext,False,False,False,return_exchange
stg1_002937,Где мой заказ 296884?,где мой заказ 296884?,order_status,order_status,synthetic_dataset,True,False,False,order_status
stg1_000122,Скажи мне краткое прогнозирование запасов Microsoft на 30 дней вперед.,скажи мне краткое прогнозирование запасов microsoft на 30 дней вперед.,product_info,product_info,runlu,False,False,False,product_info
stg1_000286,"мне нужно проверить наличие товара, ты мне поможешь?","мне нужно проверить наличие товара, ты мне поможешь?",product_info,product_info,bitext,False,False,False,product_info
stg1_003019,Есть ли в наличии рюкзак?,есть ли в наличии рюкзак?,product_info,product_info,synthetic_dataset,True,False,False,product_info
stg1_001417,Можно ли вернуть товар в магазине?,можно ли вернуть товар в магазине?,return_exchange,return_exchange,bitext,False,False,False,return_exchange
stg1_000236,"мой продукт не работает так, как указано. Помогите мне сообщить о проблеме с продуктом.","мой продукт не работает так, как указано. помогите мне сообщить о проблеме с продуктом.",product_info,product_info,bitext,False,False,False,product_info
stg1_001546,у меня проблемы с отправкой дополнительного адреса доставки,у меня проблемы с отправкой дополнительного адреса доставки,delivery,delivery,ikshana,False,False,False,delivery
stg1_000584,порядок редактирования WQ4YXL3S,порядок редактирования wq4yxl3s,order_status,order_status,ikshana,False,False,False,order_status
stg1_002450,"Я ищу информацию о весенних распродажах, как я могу ее получить?","я ищу информацию о весенних распродажах, как я могу ее получить?",promo_loyalty,promo_loyalty,bitext,False,False,False,promo_loyalty
stg1_002332,"хочу сделать гребаные переводы, мне нужна помощь","хочу сделать гребаные переводы, мне нужна помощь",payment_refund,payment_refund,bitext,False,False,False,payment_refund
stg1_000119,отправиться в NSDL и искать цены,отправиться в nsdl и искать цены,product_info,product_info,runlu,False,False,False,product_info
stg1_002034,"нужно отправить чертовски предложение по улучшению продукта, помогите мне","нужно отправить чертовски предложение по улучшению продукта, помогите мне",other,other,bitext,False,False,False,other
stg1_000612,"мне не нужна моя учетная запись, можно отменить ее","мне не нужна моя учетная запись, можно отменить ее",account,account,bitext,False,False,False,account
stg1_001443,"некоторые элементы у меня неправильные, я хочу сообщить о них","некоторые элементы у меня неправильные, я хочу сообщить о них",return_exchange,return_exchange,bitext,False,False,False,return_exchange
stg1_002124,"Я не знаю, что делать, чтобы потребовать возврат денег.","я не знаю, что делать, чтобы потребовать возврат денег.",payment_refund,payment_refund,ikshana,False,False,False,payment_refund
stg1_000714,помощь в получении моего PIN-кода пользователя,помощь в получении моего pin-кода пользователя,account,account,ikshana,False,False,False,account
stg1_000877,мне нужна помощь в восстановлении пароля моей учетной записи usrr,мне нужна помощь в восстановлении пароля моей учетной записи usrr,account,account,ikshana,False,False,False,account
stg1_002960,Заказ 144451 уже отправили?,заказ 144451 уже отправили?,order_status,order_status,synthetic_dataset,True,False,False,order_status
stg1_001701,"нужна помощь, просмотрите варианты доставки","нужна помощь, просмотрите варианты доставки",delivery,delivery,ikshana,False,False,False,delivery
stg1_000153,"хочу добавить товары в корзину, как мне это сделать?","хочу добавить товары в корзину, как мне это сделать?",product_info,product_info,bitext,False,False,False,product_info
stg1_000537,как отменить покупку SYWFCSJD?,как отменить покупку sywfcsjd?,order_status,order_status,ikshana,False,False,False,order_status
stg1_002735,"приложение не работает на моем устройстве, мне нужна помощь, чтобы сообщить об ошибке","приложение не работает на моем устройстве, мне нужна помощь, чтобы сообщить об ошибке",technical_issue,technical_issue,bitext,False,False,False,technical_issue
stg1_000199,помоги мне проверить наличие чертового товара,помоги мне проверить наличие чертового товара,product_info,product_info,bitext,False,False,False,product_info
stg1_000156,"Я не вижу наличия чертовых товаров в магазине, мне нужна помощь","я не вижу наличия чертовых товаров в магазине, мне нужна помощь",product_info,product_info,bitext,False,False,False,product_info
stg1_000116,Я хотел бы получать обновленную информацию о фондовом рынке каждый день.,я хотел бы получать обновленную информацию о фондовом рынке каждый день.,product_info,product_info,runlu,False,False,False,product_info
stg1_000617,"Мне нужно закрыть свой профиль, как это сделать?","мне нужно закрыть свой профиль, как это сделать?",account,account,bitext,False,False,False,account
stg1_002619,"Я хочу узнать больше о чертовых распродажах, вы найдете какую-нибудь информацию?","я хочу узнать больше о чертовых распродажах, вы найдете какую-нибудь информацию?",promo_loyalty,promo_loyalty,bitext,False,False,False,promo_loyalty
stg1_002662,"Я бы хотел воспользоваться твоим чертовым мобильным приложением, могу ли я получить помощь?","я бы хотел воспользоваться твоим чертовым мобильным приложением, могу ли я получить помощь?",technical_issue,technical_issue,bitext,False,False,False,technical_issue
stg1_002126,"я не знаю, что мне нужно сделать, чтобы сообщить о проблемах с платежами","я не знаю, что мне нужно сделать, чтобы сообщить о проблемах с платежами",payment_refund,payment_refund,ikshana,False,False,False,payment_refund
stg1_001312,"Я хочу возмещение, вы поможете мне его запросить?","я хочу возмещение, вы поможете мне его запросить?",return_exchange,return_exchange,bitext,False,False,False,return_exchange
stg1_001731,"где я могу посмотреть, какие способы доставки доступны?","где я могу посмотреть, какие способы доставки доступны?",delivery,delivery,ikshana,False,False,False,delivery
stg1_001783,"Мне нужна помощь, чтобы представить идею","мне нужна помощь, чтобы представить идею",other,other,bitext,False,False,False,other
stg1_000657,"хочу открыть чертову учетную запись пользователя, где я могу это сделать","хочу открыть чертову учетную запись пользователя, где я могу это сделать",account,account,bitext,False,False,False,account
stg1_000129,Могу ли я получить список акций олы и uber?,могу ли я получить список акций олы и uber?,product_info,product_info,runlu,False,False,False,product_info
stg1_001167,Каково определение этого объекта?,каково определение этого объекта?,general_info,general_info,runlu,False,False,False,general_info
stg1_001754,"мне нужна помощь, чтобы узнать, как скоро я смогу получить свой продукт","мне нужна помощь, чтобы узнать, как скоро я смогу получить свой продукт",delivery,delivery,ikshana,False,False,False,delivery
stg1_002200,Какова стоимость фунта в Рупи?,какова стоимость фунта в рупи?,payment_refund,payment_refund,runlu,False,False,False,payment_refund
stg1_000954,"как проверить, в какое время я могу позвонить в службу поддержки?","как проверить, в какое время я могу позвонить в службу поддержки?",general_info,general_info,ikshana,False,False,False,general_info
stg1_001287,"Я хочу отправить обратно купленный товар, могу ли я получить помощь?","я хочу отправить обратно купленный товар, могу ли я получить помощь?",return_exchange,return_exchange,bitext,False,False,False,return_exchange
stg1_000952,"скажите мне, в какие часы я могу связаться со службой поддержки клиентов","скажите мне, в какие часы я могу связаться со службой поддержки клиентов",general_info,general_info,ikshana,False,False,False,general_info
stg1_002915,Хочу вернуть товар,хочу вернуть товар,return_exchange,return_exchange,synthetic_dataset,True,False,False,return_exchange
stg1_000148,Насколько эффективно будет покупать акции NIKE,насколько эффективно будет покупать акции nike,product_info,product_info,runlu,False,False,False,product_info
stg1_001768,"Я хочу предложить чертовы предложения по улучшению продукта, где я могу это сделать?","я хочу предложить чертовы предложения по улучшению продукта, где я могу это сделать?",other,other,bitext,False,False,False,other
stg1_000186,Мне нужно отправить отзыв об услуге,мне нужно отправить отзыв об услуге,product_info,product_info,ikshana,False,False,False,product_info
stg1_001406,"Мне нужно получить возмещение, мне нужна помощь","мне нужно получить возмещение, мне нужна помощь",return_exchange,return_exchange,bitext,False,False,False,return_exchange
stg1_001669,"помощь в проверке, когда придет моя статья","помощь в проверке, когда придет моя статья",delivery,delivery,ikshana,False,False,False,delivery
stg1_000928,Я хотел бы узнать больше о ваших часах работы. Вы найдете какую-нибудь информацию?,я хотел бы узнать больше о ваших часах работы. вы найдете какую-нибудь информацию?,general_info,general_info,bitext,False,False,False,general_info
stg1_001306,"чертов товар в моей посылке неправильный, сообщите об этом","чертов товар в моей посылке неправильный, сообщите об этом",return_exchange,return_exchange,bitext,False,False,False,return_exchange
stg1_002718,могу ли я купить через твое приложение?,могу ли я купить через твое приложение?,technical_issue,technical_issue,bitext,False,False,False,technical_issue
stg1_001530,У меня возникла проблема с попыткой исправить мой адрес,у меня возникла проблема с попыткой исправить мой адрес,delivery,delivery,ikshana,False,False,False,delivery
stg1_000825,"мне не нужен мой профиль, можно ли его отменить","мне не нужен мой профиль, можно ли его отменить",account,account,bitext,False,False,False,account
stg1_001787,"Я хотел бы послать чертовы идеи по улучшению продукта, могу ли я получить помощь?","я хотел бы послать чертовы идеи по улучшению продукта, могу ли я получить помощь?",other,other,bitext,False,False,False,other
stg1_001978,Мне нужно отправить чертовы жалобы на продукт.,мне нужно отправить чертовы жалобы на продукт.,other,other,bitext,False,False,False,other
stg1_001310,"Я бы хотел отправить чертов заказ обратно, ты мне поможешь?","я бы хотел отправить чертов заказ обратно, ты мне поможешь?",return_exchange,return_exchange,bitext,False,False,False,return_exchange
stg1_002734,"я бы хотел использовать приложение ru, как это сделать","я бы хотел использовать приложение ru, как это сделать",technical_issue,technical_issue,bitext,False,False,False,technical_issue
stg1_000512,можно ли редактировать покупку ZPGTKJN2?,можно ли редактировать покупку zpgtkjn2?,order_status,order_status,ikshana,False,False,False,order_status
stg1_002769,"хочу использовать твое мобильное приложение, помоги мне","хочу использовать твое мобильное приложение, помоги мне",technical_issue,technical_issue,bitext,False,False,False,technical_issue
stg1_000719,куда мне сообщить о проблемах с регистрацией,куда мне сообщить о проблемах с регистрацией,account,account,ikshana,False,False,False,account
stg1_001857,"Я хочу подать рекламацию клиента, могу ли я получить помощь?","я хочу подать рекламацию клиента, могу ли я получить помощь?",other,other,ikshana,False,False,False,other
stg1_000925,"Мне нужно посмотреть часы работы твоего чертового магазина, как мне это сделать?","мне нужно посмотреть часы работы твоего чертового магазина, как мне это сделать?",general_info,general_info,bitext,False,False,False,general_info
stg1_002439,"Я хочу узнать больше о чертовых распродажах, можешь ли ты найти какую-нибудь информацию?","я хочу узнать больше о чертовых распродажах, можешь ли ты найти какую-нибудь информацию?",promo_loyalty,promo_loyalty,bitext,False,False,False,promo_loyalty
stg1_002161,Валютные курсы,валютные курсы,payment_refund,payment_refund,runlu,False,False,False,payment_refund
stg1_001450,необходимо запросить возмещение,необходимо запросить возмещение,return_exchange,return_exchange,bitext,False,False,False,return_exchange
stg1_001133,"мне нужно найти чертов магазин рядом со мной, помоги мне","мне нужно найти чертов магазин рядом со мной, помоги мне",general_info,general_info,bitext,False,False,False,general_info
stg1_003011,Сколько стоит рюкзак?,сколько стоит рюкзак?,product_info,product_info,synthetic_dataset,True,False,False,product_info
stg1_002884,"хочу использовать твое чертово мобильное приложение, мне нужна помощь","хочу использовать твое чертово мобильное приложение, мне нужна помощь",technical_issue,technical_issue,bitext,False,False,False,technical_issue
stg1_002990,Не могу добавить товар в корзину,не могу добавить товар в корзину,technical_issue,technical_issue,synthetic_dataset,True,False,False,technical_issue
stg1_000218,"Я хотел бы проверить наличие чертовых товаров в магазине, как я могу это сделать?","я хотел бы проверить наличие чертовых товаров в магазине, как я могу это сделать?",product_info,product_info,bitext,False,False,False,product_info
stg1_000084,помощь в отправке отзывов о продукте,помощь в отправке отзывов о продукте,product_info,product_info,ikshana,False,False,False,product_info
stg1_000320,"Мне нужна помощь, чтобы узнать, где моя чертова доставка.","мне нужна помощь, чтобы узнать, где моя чертова доставка.",order_status,order_status,bitext,False,False,False,order_status
stg1_002645,как я могу купить через urwebsite,как я могу купить через urwebsite,technical_issue,technical_issue,bitext,False,False,False,technical_issue
stg1_002066,Я не получил подтверждение платежа. Помогите мне сообщить о чертовой проблеме с оплатой.,я не получил подтверждение платежа. помогите мне сообщить о чертовой проблеме с оплатой.,payment_refund,payment_refund,bitext,False,False,False,payment_refund
stg1_000794,"кто-то взломал мой профиль, не могли бы вы помочь мне восстановить мой чертов пароль?","кто-то взломал мой профиль, не могли бы вы помочь мне восстановить мой чертов пароль?",account,account,bitext,False,False,False,account
stg1_001302,"продукт, который я заказал, неправильный, помогите мне сообщить об этом","продукт, который я заказал, неправильный, помогите мне сообщить об этом",return_exchange,return_exchange,bitext,False,False,False,return_exchange
stg1_002863,"я не могу заставить приложение работать на своем компьютере, мне нужно сообщить о чертовой проблеме","я не могу заставить приложение работать на своем компьютере, мне нужно сообщить о чертовой проблеме",technical_issue,technical_issue,bitext,False,False,False,technical_issue
stg1_000822,"кто-то украл мой профиль, сбрось пароль","кто-то украл мой профиль, сбрось пароль",account,account,bitext,False,False,False,account
stg1_001637,"помогите проверить, когда придет моя покупка","помогите проверить, когда придет моя покупка",delivery,delivery,ikshana,False,False,False,delivery
stg1_002850,"мне нужно сообщить о чертовой проблеме на сайте, как мне это сделать?","мне нужно сообщить о чертовой проблеме на сайте, как мне это сделать?",technical_issue,technical_issue,bitext,False,False,False,technical_issue
stg1_002465,"мне нужна информация о следующих распродажах, как ее найти","мне нужна информация о следующих распродажах, как ее найти",promo_loyalty,promo_loyalty,bitext,False,False,False,promo_loyalty
stg1_002114,хочу помочь получить возврат моих денег,хочу помочь получить возврат моих денег,payment_refund,payment_refund,ikshana,False,False,False,payment_refund
stg1_002428,"Я ищу информацию о чертовых весенних распродажах, как мне ее найти?","я ищу информацию о чертовых весенних распродажах, как мне ее найти?",promo_loyalty,promo_loyalty,bitext,False,False,False,promo_loyalty
stg1_002643,"сайт не работает на моем устройстве, мне нужно сообщить о проблеме","сайт не работает на моем устройстве, мне нужно сообщить о проблеме",technical_issue,technical_issue,bitext,False,False,False,technical_issue
stg1_001582,Могу я получить направление к ближайшему бару?,могу я получить направление к ближайшему бару?,delivery,delivery,runlu,False,False,False,delivery
stg1_000277,"мой продукт работает неправильно, мне нужна помощь, чтобы сообщить о проблеме с продуктом","мой продукт работает неправильно, мне нужна помощь, чтобы сообщить о проблеме с продуктом",product_info,product_info,bitext,False,False,False,product_info
stg1_000100,как я могу отправить отзыв об услуге?,как я могу отправить отзыв об услуге?,product_info,product_info,ikshana,False,False,False,product_info
stg1_001073,помощь в разговоре со службой поддержки клиентов,помощь в разговоре со службой поддержки клиентов,general_info,general_info,ikshana,False,False,False,general_info
stg1_002288,помощь в получении возмещения,помощь в получении возмещения,payment_refund,payment_refund,ikshana,False,False,False,payment_refund
stg1_002435,"Я ищу информацию о чертовых распродажах, мне нужна помощь.","я ищу информацию о чертовых распродажах, мне нужна помощь.",promo_loyalty,promo_loyalty,bitext,False,False,False,promo_loyalty
stg1_002894,"приложение не работает на моем компьютере, мне нужна помощь, чтобы повторить ошибку","приложение не работает на моем компьютере, мне нужна помощь, чтобы повторить ошибку",technical_issue,technical_issue,bitext,False,False,False,technical_issue
stg1_001567,как скоро я могу ожидать свою покупку,как скоро я могу ожидать свою покупку,delivery,delivery,ikshana,False,False,False,delivery
stg1_000101,За сколько продаётся HP?,за сколько продаётся hp?,product_info,product_info,runlu,False,False,False,product_info
stg1_002342,"Мне нужно проверить ваши чертовы способы оплаты, мне нужна помощь.","мне нужно проверить ваши чертовы способы оплаты, мне нужна помощь.",payment_refund,payment_refund,bitext,False,False,False,payment_refund
stg1_001714,"Я хотел бы проверить время доставки моего заказа, помогите мне","я хотел бы проверить время доставки моего заказа, помогите мне",delivery,delivery,bitext,False,False,False,delivery
stg1_001574,Название PDA: во сколько xxxx прибудет хххх,название pda: во сколько xxxx прибудет хххх,delivery,delivery,runlu,False,False,False,delivery
stg1_001419,можно ли вернуть некоторые чертовы вещи в магазин?,можно ли вернуть некоторые чертовы вещи в магазин?,return_exchange,return_exchange,bitext,False,False,False,return_exchange
stg1_002501,"Я хотел бы получить информацию о зимних распродажах, где я могу ее получить?","я хотел бы получить информацию о зимних распродажах, где я могу ее получить?",promo_loyalty,promo_loyalty,bitext,False,False,False,promo_loyalty
stg1_000479,Я не могу оплатить заказ 1CMFS82G,я не могу оплатить заказ 1cmfs82g,order_status,order_status,ikshana,False,False,False,order_status
stg1_000070,"есть адрес, где можно оставить отзыв?","есть адрес, где можно оставить отзыв?",product_info,product_info,ikshana,False,False,False,product_info
stg1_002338,Я хочу увидеть вашу гарантию возврата денег. Как я могу это сделать?,я хочу увидеть вашу гарантию возврата денег. как я могу это сделать?,payment_refund,payment_refund,ikshana,False,False,False,payment_refund
stg1_000478,мне нужно найти покупку PN2MEFQY помогите мне,мне нужно найти покупку pn2mefqy помогите мне,order_status,order_status,ikshana,False,False,False,order_status
stg1_000322,"мне нужно проверить, где моя гребаная посылка, ты можешь мне помочь?","мне нужно проверить, где моя гребаная посылка, ты можешь мне помочь?",order_status,order_status,bitext,False,False,False,order_status
stg1_001279,"мне нужно вернуть чертов товар, который я купил в магазине онлайн, как я могу это сделать","мне нужно вернуть чертов товар, который я купил в магазине онлайн, как я могу это сделать",return_exchange,return_exchange,bitext,False,False,False,return_exchange
stg1_001425,"Я хотел бы вернуть товар, купленный в Интернете, в магазине, где я могу это сделать","я хотел бы вернуть товар, купленный в интернете, в магазине, где я могу это сделать",return_exchange,return_exchange,bitext,False,False,False,return_exchange
stg1_002890,как я мог использовать твое чертово мобильное приложение?,как я мог использовать твое чертово мобильное приложение?,technical_issue,technical_issue,bitext,False,False,False,technical_issue
stg1_001902,Можете ли вы помочь мне составить претензию клиента?,можете ли вы помочь мне составить претензию клиента?,other,other,ikshana,False,False,False,other
stg1_001138,"мне нужно найти магазины, где я могу это сделать","мне нужно найти магазины, где я могу это сделать",general_info,general_info,bitext,False,False,False,general_info
stg1_001239,"мой заказ отменен, помогите мне сообщить об этом","мой заказ отменен, помогите мне сообщить об этом",return_exchange,return_exchange,bitext,False,False,False,return_exchange
stg1_002736,"Я хотел бы использовать ваше приложение, где я могу это сделать?","я хотел бы использовать ваше приложение, где я могу это сделать?",technical_issue,technical_issue,bitext,False,False,False,technical_issue
stg1_001825,"я бы хотел поговорить с кем-нибудь, где я мог бы это сделать","я бы хотел поговорить с кем-нибудь, где я мог бы это сделать",other,other,bitext,False,False,False,other
stg1_000232,"хочу узнать о продукте, могу найти некоторую информацию","хочу узнать о продукте, могу найти некоторую информацию",product_info,product_info,bitext,False,False,False,product_info
stg1_000443,вопрос об отмене покупки IBAFFANT,вопрос об отмене покупки ibaffant,order_status,order_status,ikshana,False,False,False,order_status
stg1_003012,Характеристики товара,характеристики товара,product_info,product_info,synthetic_dataset,True,False,False,product_info
stg1_002849,"я не могу заставить сайт работать на своем планшете, могу ли я сообщить о проблеме","я не могу заставить сайт работать на своем планшете, могу ли я сообщить о проблеме",technical_issue,technical_issue,bitext,False,False,False,technical_issue
stg1_002341,"хочу получить счет от Джона, помоги мне","хочу получить счет от джона, помоги мне",payment_refund,payment_refund,ikshana,False,False,False,payment_refund
stg1_000126,Какова цена GOOGL сегодня,какова цена googl сегодня,product_info,product_info,runlu,False,False,False,product_info
stg1_001741,"Я получил не все купленные товары, сообщите о неполной комплектации","я получил не все купленные товары, сообщите о неполной комплектации",delivery,delivery,bitext,False,False,False,delivery
stg1_002519,"Я хочу узнать больше о следующих гребаных распродажах, найти некоторую информацию.","я хочу узнать больше о следующих гребаных распродажах, найти некоторую информацию.",promo_loyalty,promo_loyalty,bitext,False,False,False,promo_loyalty
stg1_001414,"некоторые товары повреждены, сообщите об этом","некоторые товары повреждены, сообщите об этом",return_exchange,return_exchange,bitext,False,False,False,return_exchange
stg1_001678,проблема с вводом вторичного адреса доставки,проблема с вводом вторичного адреса доставки,delivery,delivery,ikshana,False,False,False,delivery
stg1_001193,"Я хочу обменять товар в магазине, вы мне поможете?","я хочу обменять товар в магазине, вы мне поможете?",return_exchange,return_exchange,bitext,False,False,False,return_exchange
stg1_002590,Не могли бы вы дать мне информацию о зимних распродажах?,не могли бы вы дать мне информацию о зимних распродажах?,promo_loyalty,promo_loyalty,bitext,False,False,False,promo_loyalty
stg1_000536,"Я купил товар, отменить заказ 7KC7QF9B","я купил товар, отменить заказ 7kc7qf9b",order_status,order_status,ikshana,False,False,False,order_status
stg1_000369,"Я купил товар, но выбрал неправильный цвет, мне нужно обновить свой чертов онлайн-заказ","я купил товар, но выбрал неправильный цвет, мне нужно обновить свой чертов онлайн-заказ",order_status,order_status,bitext,False,False,False,order_status
stg1_001043,"Я хочу связаться со службой поддержки клиентов, мне нужна помощь.","я хочу связаться со службой поддержки клиентов, мне нужна помощь.",general_info,general_info,bitext,False,False,False,general_info
stg1_001867,помогите мне подать иск против вашей компании,помогите мне подать иск против вашей компании,other,other,ikshana,False,False,False,other
stg1_003007,Сколько стоит кроссовки Nike?,сколько стоит кроссовки nike?,product_info,product_info,synthetic_dataset,True,False,False,product_info
stg1_000453,"Я хочу купить 1R0YLJZH, вы можете мне помочь?","я хочу купить 1r0yljzh, вы можете мне помочь?",order_status,order_status,ikshana,False,False,False,order_status
stg1_002090,У меня возникла проблема с оплатой дебетовой картой. Можете ли вы сообщить об этом?,у меня возникла проблема с оплатой дебетовой картой. можете ли вы сообщить об этом?,payment_refund,payment_refund,bitext,False,False,False,payment_refund
stg1_001164,"Мне нужна помощь, чтобы найти ближайший магазин","мне нужна помощь, чтобы найти ближайший магазин",general_info,general_info,bitext,False,False,False,general_info
stg1_002163,Сколько австралийцев можно купить за один фунт стерлингов?,сколько австралийцев можно купить за один фунт стерлингов?,payment_refund,payment_refund,runlu,False,False,False,payment_refund
stg1_000230,где я могу посмотреть наличие товара?,где я могу посмотреть наличие товара?,product_info,product_info,bitext,False,False,False,product_info
stg1_000802,"Мне нужно просмотреть мою чертову историю заказов, можешь мне помочь?","мне нужно просмотреть мою чертову историю заказов, можешь мне помочь?",account,account,bitext,False,False,False,account
stg1_001470,"Я должен сообщить о чертовски неправильных товарах, мне нужна помощь","я должен сообщить о чертовски неправильных товарах, мне нужна помощь",return_exchange,return_exchange,bitext,False,False,False,return_exchange
stg1_002267,возместить 10 долларов,возместить 10 долларов,payment_refund,payment_refund,ikshana,False,False,False,payment_refund
stg1_002367,Я ищу информацию о чертовой распродаже. Могу ли я получить помощь?,я ищу информацию о чертовой распродаже. могу ли я получить помощь?,promo_loyalty,promo_loyalty,bitext,False,False,False,promo_loyalty
stg1_002413,дайте мне информацию о весенних распродажах,дайте мне информацию о весенних распродажах,promo_loyalty,promo_loyalty,bitext,False,False,False,promo_loyalty
stg1_002604,"хочу узнать больше о чертовых зимних распродажах, найду кое-какую информацию","хочу узнать больше о чертовых зимних распродажах, найду кое-какую информацию",promo_loyalty,promo_loyalty,bitext,False,False,False,promo_loyalty
stg1_002013,"Мне нужно отправить чертовы предложения по продукту, вы мне поможете?","мне нужно отправить чертовы предложения по продукту, вы мне поможете?",other,other,bitext,False,False,False,other
stg1_001128,Есть ли электронное письмо для связи со службой поддержки?,есть ли электронное письмо для связи со службой поддержки?,general_info,general_info,bitext,False,False,False,general_info
stg1_001057,"Я пытаюсь узнать, в какое время я могу позвонить в службу поддержки клиентов","я пытаюсь узнать, в какое время я могу позвонить в службу поддержки клиентов",general_info,general_info,ikshana,False,False,False,general_info
stg1_001458,"один из продуктов неправильный, можно ли об этом сообщить?","один из продуктов неправильный, можно ли об этом сообщить?",return_exchange,return_exchange,bitext,False,False,False,return_exchange
stg1_002137,пришлите мне счет №00108,пришлите мне счет №00108,payment_refund,payment_refund,ikshana,False,False,False,payment_refund
stg1_000092,"Я не знаю, как отправить отзыв о ваших услугах.","я не знаю, как отправить отзыв о ваших услугах.",product_info,product_info,ikshana,False,False,False,product_info
stg1_000790,asxsistance получение вашего информационного бюллетеня,asxsistance получение вашего информационного бюллетеня,account,account,ikshana,False,False,False,account
stg1_001952,"Я хотел бы поговорить с чертовым агентом-человеком, помогите мне.","я хотел бы поговорить с чертовым агентом-человеком, помогите мне.",other,other,bitext,False,False,False,other
stg1_002943,Какие размеры есть?,какие размеры есть?,product_info,product_info,synthetic_dataset,True,False,False,product_info
stg1_001548,"Мне нужно посмотреть, какие способы доставки вы предлагаете, как это сделать?","мне нужно посмотреть, какие способы доставки вы предлагаете, как это сделать?",delivery,delivery,ikshana,False,False,False,delivery
stg1_001854,Я хочу связаться с агентом,я хочу связаться с агентом,other,other,ikshana,False,False,False,other
stg1_001449,"мне нужно отправить заказ обратно, я получу помощь","мне нужно отправить заказ обратно, я получу помощь",return_exchange,return_exchange,bitext,False,False,False,return_exchange
stg1_000347,"я купил чертов товар, но он мне не нужен, как мне отменить этот чертов заказ","я купил чертов товар, но он мне не нужен, как мне отменить этот чертов заказ",order_status,order_status,bitext,False,False,False,order_status
stg1_000161,"мне нужно проверить наличие товаров в магазине, мне нужна помощь","мне нужно проверить наличие товаров в магазине, мне нужна помощь",product_info,product_info,bitext,False,False,False,product_info
stg1_001109,"Мне нужно поговорить со службой поддержки, где я могу это сделать?","мне нужно поговорить со службой поддержки, где я могу это сделать?",general_info,general_info,bitext,False,False,False,general_info
stg1_000489,"Я не знаю, как отменить заказ NQWAOVVF","я не знаю, как отменить заказ nqwaovvf",order_status,order_status,ikshana,False,False,False,order_status
stg1_001480,"Я хотел бы увидеть срок доставки моей покупки, как это сделать?","я хотел бы увидеть срок доставки моей покупки, как это сделать?",delivery,delivery,bitext,False,False,False,delivery
stg1_001590,Когда поезд отправляется в Айову?,когда поезд отправляется в айову?,delivery,delivery,runlu,False,False,False,delivery
stg1_001369,"мне нужно запросить возмещение, можете ли вы мне помочь?","мне нужно запросить возмещение, можете ли вы мне помочь?",return_exchange,return_exchange,bitext,False,False,False,return_exchange
stg1_001636,"мне нужно увидеть время доставки, как я могу это сделать","мне нужно увидеть время доставки, как я могу это сделать",delivery,delivery,bitext,False,False,False,delivery
stg1_001236,мне нужна помощь в обмене этого чертового товара,мне нужна помощь в обмене этого чертового товара,return_exchange,return_exchange,bitext,False,False,False,return_exchange
stg1_001475,"моя доставка была задержана, мне нужна помощь, чтобы сообщить о проблемах с доставкой","моя доставка была задержана, мне нужна помощь, чтобы сообщить о проблемах с доставкой",delivery,delivery,bitext,False,False,False,delivery
stg1_001259,"мне нужно отправить обратно чертов товар, где это сделать","мне нужно отправить обратно чертов товар, где это сделать",return_exchange,return_exchange,bitext,False,False,False,return_exchange
stg1_000510,переключить продукт заказа 8ХВОБЗДС,переключить продукт заказа 8хвобздс,order_status,order_status,ikshana,False,False,False,order_status
stg1_002047,"мне нужно поговорить с чертовым человеком, где я могу это сделать","мне нужно поговорить с чертовым человеком, где я могу это сделать",other,other,bitext,False,False,False,other
stg1_001633,"Я хочу узнать, когда прибудет мой товар, мне нужна помощь","я хочу узнать, когда прибудет мой товар, мне нужна помощь",delivery,delivery,ikshana,False,False,False,delivery
stg1_001161,Я получал письма от Тима?,я получал письма от тима?,general_info,general_info,runlu,False,False,False,general_info
stg1_002100,"я ищу информацию о статусе моего возмещения, где я могу его получить","я ищу информацию о статусе моего возмещения, где я могу его получить",payment_refund,payment_refund,bitext,False,False,False,payment_refund
stg1_002249,"Не могу сделать перевод, нужно сообщить о проблемах с оплатой","не могу сделать перевод, нужно сообщить о проблемах с оплатой",payment_refund,payment_refund,ikshana,False,False,False,payment_refund
stg1_002962,Чем отличается модель A от B?,чем отличается модель a от b?,product_info,product_info,synthetic_dataset,True,False,False,product_info
stg1_000234,"я не знаю, как я могу оставить чертов комментарий для твоих людей","я не знаю, как я могу оставить чертов комментарий для твоих людей",product_info,product_info,ikshana,False,False,False,product_info
stg1_001384,один из купленных мною предметов был чертовски раздавлен. Вы поможете мне сообщить об этом?,один из купленных мною предметов был чертовски раздавлен. вы поможете мне сообщить об этом?,return_exchange,return_exchange,bitext,False,False,False,return_exchange
stg1_001205,"Я хочу обменять купленные мной чертовы товары, могу ли я получить помощь?","я хочу обменять купленные мной чертовы товары, могу ли я получить помощь?",return_exchange,return_exchange,bitext,False,False,False,return_exchange
stg1_002539,Мне нужна информация о продажах,мне нужна информация о продажах,promo_loyalty,promo_loyalty,bitext,False,False,False,promo_loyalty
stg1_000559,"Мне нужна помощь, чтобы отследить мой чертов онлайн-заказ.","мне нужна помощь, чтобы отследить мой чертов онлайн-заказ.",order_status,order_status,bitext,False,False,False,order_status
stg1_000376,удалить товар из заказа,удалить товар из заказа,order_status,order_status,ikshana,False,False,False,order_status
stg1_000293,Я хотел бы сообщить об ошибках в купленном мной продукте. Не могли бы вы мне помочь?,я хотел бы сообщить об ошибках в купленном мной продукте. не могли бы вы мне помочь?,product_info,product_info,bitext,False,False,False,product_info
stg1_002374,"мне нужна информация о следующих распродажах, как я могу ее получить","мне нужна информация о следующих распродажах, как я могу ее получить",promo_loyalty,promo_loyalty,bitext,False,False,False,promo_loyalty
stg1_001890,"Я хочу поговорить с человеком, как мне это сделать?","я хочу поговорить с человеком, как мне это сделать?",other,other,ikshana,False,False,False,other
stg1_000455,"Мне нужно отменить товар, как мне это сделать?","мне нужно отменить товар, как мне это сделать?",order_status,order_status,bitext,False,False,False,order_status
stg1_000712,изменить данные в стандартном аккаунте,изменить данные в стандартном аккаунте,account,account,ikshana,False,False,False,account
stg1_000923,даст мне информацию о часах работы,даст мне информацию о часах работы,general_info,general_info,bitext,False,False,False,general_info
stg1_002802,"Мне нужно воспользоваться твоим чертовым мобильным приложением, где мне это сделать?","мне нужно воспользоваться твоим чертовым мобильным приложением, где мне это сделать?",technical_issue,technical_issue,bitext,False,False,False,technical_issue
stg1_001234,Заказанная мной посылка была раздавлена. Не могли бы вы помочь мне сообщить об этом?,заказанная мной посылка была раздавлена. не могли бы вы помочь мне сообщить об этом?,return_exchange,return_exchange,bitext,False,False,False,return_exchange
stg1_000538,"Я хотел бы посмотреть, где находится мой заказ, где я могу его сделать?","я хотел бы посмотреть, где находится мой заказ, где я могу его сделать?",order_status,order_status,bitext,False,False,False,order_status
stg1_001502,"Я хотел бы проверить чертову стоимость пересылки, мне поможет","я хотел бы проверить чертову стоимость пересылки, мне поможет",delivery,delivery,bitext,False,False,False,delivery
stg1_002772,приложение не работает на моем мобильном телефоне. Помогите мне сообщить о чертовой проблеме.,приложение не работает на моем мобильном телефоне. помогите мне сообщить о чертовой проблеме.,technical_issue,technical_issue,bitext,False,False,False,technical_issue
stg1_002597,когда следующие распродажи,когда следующие распродажи,promo_loyalty,promo_loyalty,bitext,False,False,False,promo_loyalty
stg1_002547,"Я ищу информацию о следующих чертовых распродажах, где я могу ее получить","я ищу информацию о следующих чертовых распродажах, где я могу ее получить",promo_loyalty,promo_loyalty,bitext,False,False,False,promo_loyalty
stg1_002256,мне нужна помощь в поиске счета,мне нужна помощь в поиске счета,payment_refund,payment_refund,bitext,False,False,False,payment_refund
stg1_002189,Что такое [число] евро в долл. США?,что такое [число] евро в долл. сша?,payment_refund,payment_refund,runlu,False,False,False,payment_refund
stg1_001915,помощь в составлении иска,помощь в составлении иска,other,other,ikshana,False,False,False,other
stg1_001497,"моя доставка была задержана, я хотел бы сообщить о чертовых проблемах с доставкой","моя доставка была задержана, я хотел бы сообщить о чертовых проблемах с доставкой",delivery,delivery,bitext,False,False,False,delivery
stg1_002460,"Я хотел бы узнать больше о распродажах, можете ли вы дать мне некоторую информацию?","я хотел бы узнать больше о распродажах, можете ли вы дать мне некоторую информацию?",promo_loyalty,promo_loyalty,bitext,False,False,False,promo_loyalty
stg1_000692,"что мне нужно сделать, чтобы использовать учетную запись Platinum","что мне нужно сделать, чтобы использовать учетную запись platinum",account,account,ikshana,False,False,False,account
stg1_000521,"Мне нужно найти свою чертову посылку, где ее взять?","мне нужно найти свою чертову посылку, где ее взять?",order_status,order_status,bitext,False,False,False,order_status
stg1_000929,могу я позвонить в чертову службу поддержки клиентов,могу я позвонить в чертову службу поддержки клиентов,general_info,general_info,bitext,False,False,False,general_info
stg1_000810,можешь помочь мне использовать платиновый профиль,можешь помочь мне использовать платиновый профиль,account,account,ikshana,False,False,False,account
stg1_000339,"хочу проверить, где моя доставка, как это сделать","хочу проверить, где моя доставка, как это сделать",order_status,order_status,bitext,False,False,False,order_status
stg1_000907,Я хочу знать о часах работы твоего чертового магазина. Ты дашь мне некоторую информацию?,я хочу знать о часах работы твоего чертового магазина. ты дашь мне некоторую информацию?,general_info,general_info,bitext,False,False,False,general_info
stg1_001627,Я хотел бы сообщить о проблемах с доставкой моего груза. Не могли бы вы мне помочь?,я хотел бы сообщить о проблемах с доставкой моего груза. не могли бы вы мне помочь?,delivery,delivery,bitext,False,False,False,delivery
stg1_001252,"не могли бы вы помочь мне обменять чертов товар, который я купил в магазине онлайн?","не могли бы вы помочь мне обменять чертов товар, который я купил в магазине онлайн?",return_exchange,return_exchange,bitext,False,False,False,return_exchange
stg1_000710,"можешь мне помочь, используя стандартный профиль?","можешь мне помочь, используя стандартный профиль?",account,account,ikshana,False,False,False,account
stg1_001135,"мне нужно поискать чертовы магазины рядом со мной, мне нужна помощь","мне нужно поискать чертовы магазины рядом со мной, мне нужна помощь",general_info,general_info,bitext,False,False,False,general_info
stg1_000229,Я хочу удалить товар из корзины,я хочу удалить товар из корзины,product_info,product_info,bitext,False,False,False,product_info
stg1_002789,"нужно сообщить о технической проблеме с мобильным приложением, мне поможет","нужно сообщить о технической проблеме с мобильным приложением, мне поможет",technical_issue,technical_issue,bitext,False,False,False,technical_issue
stg1_002951,Как вернуть некачественный товар?,как вернуть некачественный товар?,return_exchange,return_exchange,synthetic_dataset,True,False,False,return_exchange
stg1_000905,"Я хотел бы проверить часы работы твоего чертового магазина, могу ли я получить некоторую помощь?","я хотел бы проверить часы работы твоего чертового магазина, могу ли я получить некоторую помощь?",general_info,general_info,bitext,False,False,False,general_info
stg1_000220,мне нужна помощь в добавлении товаров в корзину,мне нужна помощь в добавлении товаров в корзину,product_info,product_info,bitext,False,False,False,product_info
stg1_000791,"У меня проблема с моей чертовой учетной записью пользователя, можно ли ее обновить?","у меня проблема с моей чертовой учетной записью пользователя, можно ли ее обновить?",account,account,bitext,False,False,False,account
stg1_000462,"я не знаю, что делать, чтобы получить предмет","я не знаю, что делать, чтобы получить предмет",order_status,order_status,ikshana,False,False,False,order_status
stg1_000977,"как узнать, в какие часы я могу связаться со службой поддержки клиентов","как узнать, в какие часы я могу связаться со службой поддержки клиентов",general_info,general_info,ikshana,False,False,False,general_info
stg1_002599,"Мне нужна информация о чертовых весенних распродажах, где ее можно найти?","мне нужна информация о чертовых весенних распродажах, где ее можно найти?",promo_loyalty,promo_loyalty,bitext,False,False,False,promo_loyalty
stg1_000623,"нужно изменить свой профиль, могу ли я получить помощь","нужно изменить свой профиль, могу ли я получить помощь",account,account,bitext,False,False,False,account
stg1_001019,Когда Дейви Крокетт выжил и умер?,когда дейви крокетт выжил и умер?,general_info,general_info,runlu,False,False,False,general_info
stg1_001591,Дай мне направление от Фарипира до Гурпура.,дай мне направление от фарипира до гурпура.,delivery,delivery,runlu,False,False,False,delivery
stg1_001705,"Я хотел бы увидеть чертово время доставки, вы можете мне помочь?","я хотел бы увидеть чертово время доставки, вы можете мне помочь?",delivery,delivery,bitext,False,False,False,delivery
stg1_000071,"Есть ли адрес, по которому можно отправить отзыв о вашей компании?","есть ли адрес, по которому можно отправить отзыв о вашей компании?",product_info,product_info,ikshana,False,False,False,product_info
stg1_002848,"хочу использовать твое приложение, где это сделать","хочу использовать твое приложение, где это сделать",technical_issue,technical_issue,bitext,False,False,False,technical_issue
stg1_002284,"я заказал чертову вещь и не получил счет, помогите мне ее скачать","я заказал чертову вещь и не получил счет, помогите мне ее скачать",payment_refund,payment_refund,bitext,False,False,False,payment_refund
stg1_001014,Где... находится?,где... находится?,general_info,general_info,runlu,False,False,False,general_info
stg1_000397,где я могу что-то заработать?,где я могу что-то заработать?,order_status,order_status,ikshana,False,False,False,order_status
stg1_001033,"Алекса описывает мне, как выглядит мяч.","алекса описывает мне, как выглядит мяч.",general_info,general_info,runlu,False,False,False,general_info
stg1_001811,"я не понимаю, мне нужна помощь, чтобы поговорить с оператором","я не понимаю, мне нужна помощь, чтобы поговорить с оператором",other,other,bitext,False,False,False,other
stg1_002791,"хочу использовать твое приложение, может мне помочь","хочу использовать твое приложение, может мне помочь",technical_issue,technical_issue,bitext,False,False,False,technical_issue
stg1_000138,Какова текущая цена акций...,какова текущая цена акций...,product_info,product_info,runlu,False,False,False,product_info
stg1_002306,"я совершил покупку, но не получил счет, как мне его скачать","я совершил покупку, но не получил счет, как мне его скачать",payment_refund,payment_refund,bitext,False,False,False,payment_refund
stg1_002917,Промокод ВЕСНА не активируется,промокод весна не активируется,promo_loyalty,promo_loyalty,synthetic_dataset,True,False,False,promo_loyalty
stg1_000189,"Я хочу увидеть наличие товара, мне нужна помощь","я хочу увидеть наличие товара, мне нужна помощь",product_info,product_info,bitext,False,False,False,product_info
stg1_000176,"мне нужно вытащить чертовы вещи из тележки, где это сделать","мне нужно вытащить чертовы вещи из тележки, где это сделать",product_info,product_info,bitext,False,False,False,product_info
stg1_000246,могу ли я удалить чертов товар из корзины?,могу ли я удалить чертов товар из корзины?,product_info,product_info,bitext,False,False,False,product_info
stg1_002667,как пользоваться приложением ру,как пользоваться приложением ру,technical_issue,technical_issue,bitext,False,False,False,technical_issue
stg1_000995,Дайте мне описание работы мобильной батареи.,дайте мне описание работы мобильной батареи.,general_info,general_info,runlu,False,False,False,general_info
stg1_002504,"Мне нужна информация о весенних распродажах, где я могу ее найти?","мне нужна информация о весенних распродажах, где я могу ее найти?",promo_loyalty,promo_loyalty,bitext,False,False,False,promo_loyalty
stg1_001939,"Мне нужно подать жалобу на товар, могу ли я получить помощь?","мне нужно подать жалобу на товар, могу ли я получить помощь?",other,other,bitext,False,False,False,other
stg1_002451,"Я ищу информацию о чертовых зимних распродажах, могу ли я получить какую-нибудь помощь?","я ищу информацию о чертовых зимних распродажах, могу ли я получить какую-нибудь помощь?",promo_loyalty,promo_loyalty,bitext,False,False,False,promo_loyalty
stg1_001437,мне нужно обменять товар,мне нужно обменять товар,return_exchange,return_exchange,bitext,False,False,False,return_exchange
stg1_002378,"Хотелось бы узнать подробнее о следующих распродажах, найдете ли вы какую-нибудь информацию?","хотелось бы узнать подробнее о следующих распродажах, найдете ли вы какую-нибудь информацию?",promo_loyalty,promo_loyalty,bitext,False,False,False,promo_loyalty
stg1_002315,"Я ищу информацию о чертовом статусе моего отказа, мне нужна помощь.","я ищу информацию о чертовом статусе моего отказа, мне нужна помощь.",payment_refund,payment_refund,bitext,False,False,False,payment_refund
stg1_000964,"Мне нужно связаться со службой поддержки, мне нужна помощь","мне нужно связаться со службой поддержки, мне нужна помощь",general_info,general_info,ikshana,False,False,False,general_info
stg1_002394,"мне нужна информация о продажах, где я могу ее найти","мне нужна информация о продажах, где я могу ее найти",promo_loyalty,promo_loyalty,bitext,False,False,False,promo_loyalty
stg1_000407,"я не знаю, что мне нужно сделать, чтобы купить товар","я не знаю, что мне нужно сделать, чтобы купить товар",order_status,order_status,ikshana,False,False,False,order_status
stg1_002336,"я сделал чертов заказ и не получил счет, могу ли я его скачать","я сделал чертов заказ и не получил счет, могу ли я его скачать",payment_refund,payment_refund,bitext,False,False,False,payment_refund
stg1_002289,"Мне нужно выехать, помогите мне","мне нужно выехать, помогите мне",payment_refund,payment_refund,bitext,False,False,False,payment_refund
stg1_001071,"Мне нужно проверить твои гребаные часы покупок, могу ли я получить помощь?","мне нужно проверить твои гребаные часы покупок, могу ли я получить помощь?",general_info,general_info,bitext,False,False,False,general_info
stg1_001815,"Мне нужно отправить чертов отзыв о продукте, как я мог это сделать?","мне нужно отправить чертов отзыв о продукте, как я мог это сделать?",other,other,bitext,False,False,False,other
stg1_000599,"хочу открыть чертов аккаунт, как это сделать","хочу открыть чертов аккаунт, как это сделать",account,account,bitext,False,False,False,account
stg1_000247,"Я хотел бы увидеть наличие товара в Интернете, вы мне поможете?","я хотел бы увидеть наличие товара в интернете, вы мне поможете?",product_info,product_info,bitext,False,False,False,product_info
stg1_001622,Время поезда до места с длинным расстоянием,время поезда до места с длинным расстоянием,delivery,delivery,runlu,False,False,False,delivery
stg1_001486,"Я ищу информацию о дате доставки моей покупки, мне нужна помощь","я ищу информацию о дате доставки моей покупки, мне нужна помощь",delivery,delivery,bitext,False,False,False,delivery
stg1_002456,Я ищу информацию о весенних распродажах. Можете ли вы мне помочь?,я ищу информацию о весенних распродажах. можете ли вы мне помочь?,promo_loyalty,promo_loyalty,bitext,False,False,False,promo_loyalty
stg1_000341,"Мне нужна помощь, чтобы узнать, где мой чертов груз.","мне нужна помощь, чтобы узнать, где мой чертов груз.",order_status,order_status,bitext,False,False,False,order_status
stg1_001298,"Мне нужна помощь в обмене товара, который я купил онлайн в магазине.","мне нужна помощь в обмене товара, который я купил онлайн в магазине.",return_exchange,return_exchange,bitext,False,False,False,return_exchange
stg1_000889,"я хочу чертову учетную запись пользователя, могу ее создать","я хочу чертову учетную запись пользователя, могу ее создать",account,account,bitext,False,False,False,account
stg1_000534,"хочу изменить свой заказ, прежде чем отправить его, как это сделать","хочу изменить свой заказ, прежде чем отправить его, как это сделать",order_status,order_status,bitext,False,False,False,order_status
stg1_000047,как удалить долбаные товары из корзины?,как удалить долбаные товары из корзины?,product_info,product_info,bitext,False,False,False,product_info
stg1_000316,"я купил товар, но выбрал неправильный размер, мне нужно изменить заказ","я купил товар, но выбрал неправильный размер, мне нужно изменить заказ",order_status,order_status,bitext,False,False,False,order_status
stg1_001516,Где я могу найти информацию о чертовой дате доставки?,где я могу найти информацию о чертовой дате доставки?,delivery,delivery,bitext,False,False,False,delivery
stg1_002578,"Мне нужна информация о ближайших распродажах, где я могу ее получить?","мне нужна информация о ближайших распродажах, где я могу ее получить?",promo_loyalty,promo_loyalty,bitext,False,False,False,promo_loyalty
stg1_001752,"помогите проверить, как скоро я получу свой продукт","помогите проверить, как скоро я получу свой продукт",delivery,delivery,ikshana,False,False,False,delivery
stg1_000895,Мне нужна информация о часах работы вашего магазина. Могу ли я получить помощь?,мне нужна информация о часах работы вашего магазина. могу ли я получить помощь?,general_info,general_info,bitext,False,False,False,general_info
stg1_000208,"Я хотел бы добавить офигенные товары в корзину, мне нужна помощь","я хотел бы добавить офигенные товары в корзину, мне нужна помощь",product_info,product_info,bitext,False,False,False,product_info
stg1_000486,"Я заказал товар, отмените покупку 01JJ7N7T","я заказал товар, отмените покупку 01jj7n7t",order_status,order_status,ikshana,False,False,False,order_status
stg1_001813,"Я хочу оставить отзыв о продукте, где я могу это сделать?","я хочу оставить отзыв о продукте, где я могу это сделать?",other,other,bitext,False,False,False,other
stg1_002263,"Я хотел бы заплатить чертовой картой, мне нужна помощь","я хотел бы заплатить чертовой картой, мне нужна помощь",payment_refund,payment_refund,bitext,False,False,False,payment_refund
stg1_002933,Можно ли доставить сегодня?,можно ли доставить сегодня?,delivery,delivery,synthetic_dataset,True,False,False,delivery
stg1_002534,Можете ли вы дать мне информацию о весенних распродажах?,можете ли вы дать мне информацию о весенних распродажах?,promo_loyalty,promo_loyalty,bitext,False,False,False,promo_loyalty
stg1_002638,"хочу воспользоваться твоим чертовым мобильным приложением, могу ли я получить помощь?","хочу воспользоваться твоим чертовым мобильным приложением, могу ли я получить помощь?",technical_issue,technical_issue,bitext,False,False,False,technical_issue
stg1_000546,"Мне не нужен мой последний чертов предмет, отмени заказ B6W0L0L8","мне не нужен мой последний чертов предмет, отмени заказ b6w0l0l8",order_status,order_status,ikshana,False,False,False,order_status
stg1_001087,"Я хотел бы позвонить в службу поддержки клиентов, как я могу это сделать?","я хотел бы позвонить в службу поддержки клиентов, как я могу это сделать?",general_info,general_info,ikshana,False,False,False,general_info
stg1_000144,"Пожалуйста, выясните цену акций Microsoft в Насдаке.","пожалуйста, выясните цену акций microsoft в насдаке.",product_info,product_info,runlu,False,False,False,product_info
stg1_002678,"мобильное приложение не работает на моем Mac, мне нужна помощь, чтобы сообщить об этой чертовой ошибке","мобильное приложение не работает на моем mac, мне нужна помощь, чтобы сообщить об этой чертовой ошибке",technical_issue,technical_issue,bitext,False,False,False,technical_issue
stg1_002347,"Я хотел бы увидеть статус моего возврата, где мне это сделать","я хотел бы увидеть статус моего возврата, где мне это сделать",payment_refund,payment_refund,bitext,False,False,False,payment_refund
stg1_002304,"Я хотел бы совершить гребаные платежи, могу ли я получить помощь?","я хотел бы совершить гребаные платежи, могу ли я получить помощь?",payment_refund,payment_refund,bitext,False,False,False,payment_refund
stg1_000140,В наши дни Старбак много чего делает?,в наши дни старбак много чего делает?,product_info,product_info,runlu,False,False,False,product_info
stg1_000620,"Я хочу зарегистрироваться, мне нужна помощь","я хочу зарегистрироваться, мне нужна помощь",account,account,bitext,False,False,False,account
stg1_002027,"Мне нужно отправить идею, могу ли я получить помощь?","мне нужно отправить идею, могу ли я получить помощь?",other,other,bitext,False,False,False,other
stg1_001534,Могу ли я ввести свой дополнительный адрес доставки?,могу ли я ввести свой дополнительный адрес доставки?,delivery,delivery,ikshana,False,False,False,delivery
stg1_000195,"купленный мной продукт не работает должным образом, могу ли я сообщить о проблеме с продуктом?","купленный мной продукт не работает должным образом, могу ли я сообщить о проблеме с продуктом?",product_info,product_info,bitext,False,False,False,product_info
stg1_001903,как предъявить чертову претензию клиенту к вашему бизнесу?,как предъявить чертову претензию клиенту к вашему бизнесу?,other,other,ikshana,False,False,False,other
stg1_001994,Я хотел бы отправить предложения по улучшению продукта. Можете ли вы мне помочь?,я хотел бы отправить предложения по улучшению продукта. можете ли вы мне помочь?,other,other,bitext,False,False,False,other
stg1_000604,"Мне нужно найти что-то, что я купил. Как просмотреть историю заказов?","мне нужно найти что-то, что я купил. как просмотреть историю заказов?",account,account,bitext,False,False,False,account
stg1_002768,я не могу заставить приложение работать на моем компьютере сообщить о чертовой проблеме,я не могу заставить приложение работать на моем компьютере сообщить о чертовой проблеме,technical_issue,technical_issue,bitext,False,False,False,technical_issue
stg1_001001,Мне не приходили письма за последние 5 часов?,мне не приходили письма за последние 5 часов?,general_info,general_info,runlu,False,False,False,general_info
stg1_000686,информация об аннулировании моего аккаунта Titanium,информация об аннулировании моего аккаунта titanium,account,account,ikshana,False,False,False,account
stg1_002930,Какие сроки возврата?,какие сроки возврата?,return_exchange,return_exchange,synthetic_dataset,True,False,False,return_exchange
stg1_002675,"Я хотел бы сообщить о чертовой технической проблеме, могу ли я получить помощь?","я хотел бы сообщить о чертовой технической проблеме, могу ли я получить помощь?",technical_issue,technical_issue,bitext,False,False,False,technical_issue
stg1_002976,Бесплатная доставка от какой суммы?,бесплатная доставка от какой суммы?,delivery,delivery,synthetic_dataset,True,False,False,delivery
stg1_001737,"Я хотел бы узнать о сроках доставки моей покупки, где я могу получить дополнительную информацию?","я хотел бы узнать о сроках доставки моей покупки, где я могу получить дополнительную информацию?",delivery,delivery,bitext,False,False,False,delivery
stg1_001283,"мне нужно посмотреть твои правила возврата, где мне это сделать","мне нужно посмотреть твои правила возврата, где мне это сделать",return_exchange,return_exchange,bitext,False,False,False,return_exchange
stg1_000557,видя плату за прекращение,видя плату за прекращение,order_status,order_status,ikshana,False,False,False,order_status
stg1_000375,помогите мне удалить товар из заказа A39TAHVV,помогите мне удалить товар из заказа a39tahvv,order_status,order_status,ikshana,False,False,False,order_status
stg1_001044,"хочу найти магазин, как мне это сделать?","хочу найти магазин, как мне это сделать?",general_info,general_info,bitext,False,False,False,general_info
stg1_002785,Я хочу сообщить о технической проблеме с приложением. Мне нужна помощь.,я хочу сообщить о технической проблеме с приложением. мне нужна помощь.,technical_issue,technical_issue,bitext,False,False,False,technical_issue
stg1_001223,"Товары, которые я заказал, неверны. Не могли бы вы помочь мне сообщить о них?","товары, которые я заказал, неверны. не могли бы вы помочь мне сообщить о них?",return_exchange,return_exchange,bitext,False,False,False,return_exchange
stg1_003031,Юридический адрес компании,юридический адрес компании,general_info,general_info,synthetic_dataset,True,False,False,general_info
stg1_000900,"Не нужно проверять часы работы, помогите мне","не нужно проверять часы работы, помогите мне",general_info,general_info,bitext,False,False,False,general_info
stg1_002654,"сайт не работает на моем устройстве, помогите мне сообщить об этой чертовой проблеме","сайт не работает на моем устройстве, помогите мне сообщить об этой чертовой проблеме",technical_issue,technical_issue,bitext,False,False,False,technical_issue
stg1_002593,"Я ищу информацию о весенних распродажах, где я могу ее найти?","я ищу информацию о весенних распродажах, где я могу ее найти?",promo_loyalty,promo_loyalty,bitext,False,False,False,promo_loyalty
stg1_001619,"Покажи мне, как поехать в Бостон через Сиэтл.","покажи мне, как поехать в бостон через сиэтл.",delivery,delivery,runlu,False,False,False,delivery
stg1_001663,"Я не получил свою посылку, мне нужна помощь в сообщении о проблемах с доставкой.","я не получил свою посылку, мне нужна помощь в сообщении о проблемах с доставкой.",delivery,delivery,bitext,False,False,False,delivery
stg1_002150,нужно поискать счет от Джона,нужно поискать счет от джона,payment_refund,payment_refund,ikshana,False,False,False,payment_refund
stg1_002573,Я хочу узнать больше о распродаже Salex,я хочу узнать больше о распродаже salex,promo_loyalty,promo_loyalty,bitext,False,False,False,promo_loyalty
stg1_002195,"Пожалуйста, дайте мне подробности: 1 долл. США = Rs","пожалуйста, дайте мне подробности: 1 долл. сша = rs",payment_refund,payment_refund,runlu,False,False,False,payment_refund
stg1_000853,информация об отмене подписки на рассылку новостей,информация об отмене подписки на рассылку новостей,account,account,ikshana,False,False,False,account
stg1_002299,"что мне нужно сделать, чтобы сообщить об ошибках оплаты?","что мне нужно сделать, чтобы сообщить об ошибках оплаты?",payment_refund,payment_refund,ikshana,False,False,False,payment_refund
stg1_002665,"сайт не работает на моем мобильном телефоне, помогите мне сообщить о проблеме","сайт не работает на моем мобильном телефоне, помогите мне сообщить о проблеме",technical_issue,technical_issue,bitext,False,False,False,technical_issue
stg1_002821,"Мне нужно использовать ваше мобильное приложение, как это сделать?","мне нужно использовать ваше мобильное приложение, как это сделать?",technical_issue,technical_issue,bitext,False,False,False,technical_issue
stg1_001080,можно ли связаться с чертовой службой поддержки клиентов?,можно ли связаться с чертовой службой поддержки клиентов?,general_info,general_info,bitext,False,False,False,general_info
stg1_000273,"Мне нужно удалить чертов товар из корзины, мне нужна помощь","мне нужно удалить чертов товар из корзины, мне нужна помощь",product_info,product_info,bitext,False,False,False,product_info
stg1_000927,"мне нужно поискать ближайший магазин, как мне это сделать","мне нужно поискать ближайший магазин, как мне это сделать",general_info,general_info,bitext,False,False,False,general_info
stg1_001210,"один из заказанных мной товаров был чертовски поврежден при доставке, сообщите об этом","один из заказанных мной товаров был чертовски поврежден при доставке, сообщите об этом",return_exchange,return_exchange,bitext,False,False,False,return_exchange
stg1_001953,"Мне нужно отправить чертов отзыв, могу ли я получить помощь?","мне нужно отправить чертов отзыв, могу ли я получить помощь?",other,other,bitext,False,False,False,other
stg1_001289,как мне вернуть некоторые чертовы вещи вне периода возврата?,как мне вернуть некоторые чертовы вещи вне периода возврата?,return_exchange,return_exchange,bitext,False,False,False,return_exchange
stg1_001181,"Я хотел бы вернуть чертовы товары онлайн, могу ли я получить помощь?","я хотел бы вернуть чертовы товары онлайн, могу ли я получить помощь?",return_exchange,return_exchange,bitext,False,False,False,return_exchange
stg1_001171,"Я ищу информацию о твоих чертовых часах работы, ты мне поможешь?","я ищу информацию о твоих чертовых часах работы, ты мне поможешь?",general_info,general_info,bitext,False,False,False,general_info
stg1_002116,вижу счет №85632,вижу счет №85632,payment_refund,payment_refund,ikshana,False,False,False,payment_refund
stg1_000812,"мой аккаунт взломали, не могли бы вы помочь мне сбросить мой чертов пароль?","мой аккаунт взломали, не могли бы вы помочь мне сбросить мой чертов пароль?",account,account,bitext,False,False,False,account
stg1_001125,мне нужна помощь в общении со службой поддержки,мне нужна помощь в общении со службой поддержки,general_info,general_info,bitext,False,False,False,general_info
stg1_001265,"мне нужно вернуть чертов товар онлайн, как я могу это сделать","мне нужно вернуть чертов товар онлайн, как я могу это сделать",return_exchange,return_exchange,bitext,False,False,False,return_exchange
stg1_000749,можешь помочь мне сбросить мой чертов пароль?,можешь помочь мне сбросить мой чертов пароль?,account,account,bitext,False,False,False,account
stg1_000587,Мне нужно увидеть расчетное время покупки 9U2JAH4C.,мне нужно увидеть расчетное время покупки 9u2jah4c.,order_status,order_status,ikshana,False,False,False,order_status
stg1_000508,"Я бы хотел отменить чертов онлайн-заказ, ты мне поможешь?","я бы хотел отменить чертов онлайн-заказ, ты мне поможешь?",order_status,order_status,bitext,False,False,False,order_status
stg1_001789,"Мне нужно оставить чертов комментарий о вашей компании, как я могу это сделать?","мне нужно оставить чертов комментарий о вашей компании, как я могу это сделать?",other,other,bitext,False,False,False,other
stg1_000596,"мне нужно открыть чертов счет, ты можешь мне помочь?","мне нужно открыть чертов счет, ты можешь мне помочь?",account,account,bitext,False,False,False,account
stg1_001326,"какие чертовы вещи, которые я получил, неправильные, вы поможете мне сообщить о них?","какие чертовы вещи, которые я получил, неправильные, вы поможете мне сообщить о них?",return_exchange,return_exchange,bitext,False,False,False,return_exchange
stg1_000611,"Я хотел бы открыть учетную запись пользователя, как мне это сделать?","я хотел бы открыть учетную запись пользователя, как мне это сделать?",account,account,bitext,False,False,False,account
stg1_000942,"где я могу проверить, в какие часы я могу связаться со службой поддержки клиентов?","где я могу проверить, в какие часы я могу связаться со службой поддержки клиентов?",general_info,general_info,ikshana,False,False,False,general_info
stg1_001301,Мне нужна помощь для обмена купленных мной товаров,мне нужна помощь для обмена купленных мной товаров,return_exchange,return_exchange,bitext,False,False,False,return_exchange
stg1_002676,"Я хотел бы использовать ваше мобильное приложение, вы можете мне помочь?","я хотел бы использовать ваше мобильное приложение, вы можете мне помочь?",technical_issue,technical_issue,bitext,False,False,False,technical_issue
stg1_001748,"моя посылка не укомплектована, как я могу сообщить об отсутствующем товаре?","моя посылка не укомплектована, как я могу сообщить об отсутствующем товаре?",delivery,delivery,bitext,False,False,False,delivery
stg1_002761,"Я не могу заставить сайт работать на своем компьютере, как сообщить о проблеме?","я не могу заставить сайт работать на своем компьютере, как сообщить о проблеме?",technical_issue,technical_issue,bitext,False,False,False,technical_issue
stg1_000970,"где я могу проверить, в какие часы я могу обратиться в службу поддержки клиентов","где я могу проверить, в какие часы я могу обратиться в службу поддержки клиентов",general_info,general_info,ikshana,False,False,False,general_info
stg1_002551,мог бы дать мне информацию о чертовых распродажах,мог бы дать мне информацию о чертовых распродажах,promo_loyalty,promo_loyalty,bitext,False,False,False,promo_loyalty
stg1_001511,Я хотел бы сообщить о проблемах с доставкой моего заказа. Могу ли я получить помощь?,я хотел бы сообщить о проблемах с доставкой моего заказа. могу ли я получить помощь?,delivery,delivery,bitext,False,False,False,delivery
stg1_001827,"Я хотел бы отправить идею продукта, как я могу это сделать?","я хотел бы отправить идею продукта, как я могу это сделать?",other,other,bitext,False,False,False,other
stg1_000490,"Мне нужна помощь, чтобы найти заказ DBDMU6F5.","мне нужна помощь, чтобы найти заказ dbdmu6f5.",order_status,order_status,ikshana,False,False,False,order_status
stg1_002505,Я ищу информацию о весенних распродажах.,я ищу информацию о весенних распродажах.,promo_loyalty,promo_loyalty,bitext,False,False,False,promo_loyalty
stg1_001448,"Я хотел бы вернуть товар онлайн, как я могу это сделать?","я хотел бы вернуть товар онлайн, как я могу это сделать?",return_exchange,return_exchange,bitext,False,False,False,return_exchange
stg1_000348,"я разместил заказ, помогите мне отменить его","я разместил заказ, помогите мне отменить его",order_status,order_status,bitext,False,False,False,order_status
stg1_001113,"Мне нужно найти магазины в моем районе, вы можете мне помочь?","мне нужно найти магазины в моем районе, вы можете мне помочь?",general_info,general_info,bitext,False,False,False,general_info
stg1_001305,"Я купил товар, но хочу отправить его обратно. Можете мне помочь?","я купил товар, но хочу отправить его обратно. можете мне помочь?",return_exchange,return_exchange,bitext,False,False,False,return_exchange
stg1_001413,"один из купленных мной товаров был чертовски поврежден, могу ли я сообщить об этом?","один из купленных мной товаров был чертовски поврежден, могу ли я сообщить об этом?",return_exchange,return_exchange,bitext,False,False,False,return_exchange
stg1_001418,помогите мне вернуть чертов товар,помогите мне вернуть чертов товар,return_exchange,return_exchange,bitext,False,False,False,return_exchange
stg1_002084,"Я бы хотел сделать гребаные переводы, можешь мне помочь.","я бы хотел сделать гребаные переводы, можешь мне помочь.",payment_refund,payment_refund,bitext,False,False,False,payment_refund
stg1_001614,"Путь, пожалуйста.","путь, пожалуйста.",delivery,delivery,runlu,False,False,False,delivery
stg1_001959,"Я не знаю, что мне нужно сделать, чтобы предъявить потребительскую претензию.","я не знаю, что мне нужно сделать, чтобы предъявить потребительскую претензию.",other,other,ikshana,False,False,False,other
stg1_002276,"хочу узнать больше о статусе моего возмещения, могу найти некоторую информацию","хочу узнать больше о статусе моего возмещения, могу найти некоторую информацию",payment_refund,payment_refund,bitext,False,False,False,payment_refund
stg1_001280,"Я получил продукт не той модели, мне нужна помощь, чтобы сообщить об этом","я получил продукт не той модели, мне нужна помощь, чтобы сообщить об этом",return_exchange,return_exchange,bitext,False,False,False,return_exchange
stg1_001493,"хочу увидеть чертову стоимость пересылки, где я могу это сделать","хочу увидеть чертову стоимость пересылки, где я могу это сделать",delivery,delivery,bitext,False,False,False,delivery
stg1_002420,"Я хотел бы узнать больше о чертовых распродажах, не могли бы вы найти какую-нибудь информацию?","я хотел бы узнать больше о чертовых распродажах, не могли бы вы найти какую-нибудь информацию?",promo_loyalty,promo_loyalty,bitext,False,False,False,promo_loyalty
stg1_002679,"Я бы хотел воспользоваться твоим чертовым приложением, мне нужна помощь","я бы хотел воспользоваться твоим чертовым приложением, мне нужна помощь",technical_issue,technical_issue,bitext,False,False,False,technical_issue
stg1_003003,Не могу создать аккаунт,не могу создать аккаунт,account,account,synthetic_dataset,True,False,False,account
stg1_000926,"Я хотел бы найти чертовы магазины в моем районе, как это сделать?","я хотел бы найти чертовы магазины в моем районе, как это сделать?",general_info,general_info,bitext,False,False,False,general_info
stg1_002042,помоги мне пообщаться с кем-нибудь,помоги мне пообщаться с кем-нибудь,other,other,ikshana,False,False,False,other
stg1_000258,"Мне нужно добавить товар в корзину, могу ли я получить помощь?","мне нужно добавить товар в корзину, могу ли я получить помощь?",product_info,product_info,bitext,False,False,False,product_info
stg1_002896,"приложение не работает на моем мобильном телефоне, можете ли вы помочь мне сообщить об ошибке?","приложение не работает на моем мобильном телефоне, можете ли вы помочь мне сообщить об ошибке?",technical_issue,technical_issue,bitext,False,False,False,technical_issue
stg1_002125,"покажите мне, в каких ситуациях я могу запросить возврат средств","покажите мне, в каких ситуациях я могу запросить возврат средств",payment_refund,payment_refund,ikshana,False,False,False,payment_refund
stg1_000816,"нужна помощь, чтобы подписаться на информационный бюллетень компании","нужна помощь, чтобы подписаться на информационный бюллетень компании",account,account,ikshana,False,False,False,account
stg1_000219,могу ли я добавить товар в корзину?,могу ли я добавить товар в корзину?,product_info,product_info,bitext,False,False,False,product_info
stg1_002035,"хочу оставить отзыв о вашем бренде, могу ли я получить помощь","хочу оставить отзыв о вашем бренде, могу ли я получить помощь",other,other,bitext,False,False,False,other
stg1_002421,"Я ищу информацию о следующих распродажах, как мне ее найти?","я ищу информацию о следующих распродажах, как мне ее найти?",promo_loyalty,promo_loyalty,bitext,False,False,False,promo_loyalty
stg1_001403,"некоторые предметы сломаны, вы поможете мне сообщить о них?","некоторые предметы сломаны, вы поможете мне сообщить о них?",return_exchange,return_exchange,bitext,False,False,False,return_exchange
stg1_002554,можешь дать мне информацию о чертовых весенних распродажах?,можешь дать мне информацию о чертовых весенних распродажах?,promo_loyalty,promo_loyalty,bitext,False,False,False,promo_loyalty
stg1_001817,"мне нужно отправить отзыв, чтобы сделать это","мне нужно отправить отзыв, чтобы сделать это",other,other,bitext,False,False,False,other
stg1_002738,"Я бы хотел воспользоваться твоим чертовым приложением, ты можешь мне помочь?","я бы хотел воспользоваться твоим чертовым приложением, ты можешь мне помочь?",technical_issue,technical_issue,bitext,False,False,False,technical_issue
stg1_001444,"Мне нужно сообщить о раздавленном продукте, могу ли я получить помощь?","мне нужно сообщить о раздавленном продукте, могу ли я получить помощь?",return_exchange,return_exchange,bitext,False,False,False,return_exchange
stg1_001153,"мне нужна информация о часах твоего шоппинга, как мне ее найти","мне нужна информация о часах твоего шоппинга, как мне ее найти",general_info,general_info,bitext,False,False,False,general_info
stg1_001395,"Мне нужно вернуть товар онлайн, как я могу это сделать?","мне нужно вернуть товар онлайн, как я могу это сделать?",return_exchange,return_exchange,bitext,False,False,False,return_exchange
stg1_002641,как я могу использовать ваше приложение?,как я могу использовать ваше приложение?,technical_issue,technical_issue,bitext,False,False,False,technical_issue
stg1_000177,"Я должен увидеть наличие какого-то гребаного товара в Интернете, помогите мне.","я должен увидеть наличие какого-то гребаного товара в интернете, помогите мне.",product_info,product_info,bitext,False,False,False,product_info
stg1_000032,"Я хотел бы проверить наличие этого чертового предмета, вы можете мне помочь?","я хотел бы проверить наличие этого чертового предмета, вы можете мне помочь?",product_info,product_info,bitext,False,False,False,product_info
stg1_001378,"я купил товар, но он мне не нравится, могу ли я его вернуть?","я купил товар, но он мне не нравится, могу ли я его вернуть?",return_exchange,return_exchange,bitext,False,False,False,return_exchange
stg1_001452,У меня чертов предмет не того размера.,у меня чертов предмет не того размера.,return_exchange,return_exchange,bitext,False,False,False,return_exchange
stg1_000526,"нужно проверить текущий статус заказа 1WHGA53H, как мне это сделать","нужно проверить текущий статус заказа 1whga53h, как мне это сделать",order_status,order_status,ikshana,False,False,False,order_status
stg1_000214,"мне нужно посмотреть наличие товара, могу ли я получить помощь","мне нужно посмотреть наличие товара, могу ли я получить помощь",product_info,product_info,bitext,False,False,False,product_info
stg1_000026,"Мне нужно проверить наличие товаров в магазине, могу ли я получить помощь?","мне нужно проверить наличие товаров в магазине, могу ли я получить помощь?",product_info,product_info,bitext,False,False,False,product_info
stg1_000217,"Мне нужно удалить товар из корзины, могу ли я получить помощь?","мне нужно удалить товар из корзины, могу ли я получить помощь?",product_info,product_info,bitext,False,False,False,product_info
stg1_001747,"Мне нужно указать адрес доставки, помогите мне.","мне нужно указать адрес доставки, помогите мне.",delivery,delivery,ikshana,False,False,False,delivery
stg1_000205,"нужно удалить чертов товар из корзины, где я могу это сделать","нужно удалить чертов товар из корзины, где я могу это сделать",product_info,product_info,bitext,False,False,False,product_info
stg1_000210,Я хочу увидеть наличие товара,я хочу увидеть наличие товара,product_info,product_info,bitext,False,False,False,product_info
stg1_000471,"нужна помощь, чтобы увидеть заказ KND8PTMN syatus","нужна помощь, чтобы увидеть заказ knd8ptmn syatus",order_status,order_status,ikshana,False,False,False,order_status
stg1_002467,"Мне нужна информация о распродажах, где я могу ее найти?","мне нужна информация о распродажах, где я могу ее найти?",promo_loyalty,promo_loyalty,bitext,False,False,False,promo_loyalty
stg1_000495,"мотыга, могу ли я проверить штрафы за снятие средств","мотыга, могу ли я проверить штрафы за снятие средств",order_status,order_status,ikshana,False,False,False,order_status
stg1_002680,как купить через мобильное приложение?,как купить через мобильное приложение?,technical_issue,technical_issue,bitext,False,False,False,technical_issue
stg1_000203,Мне нужна помощь с добавлением чертового товара в корзину.,мне нужна помощь с добавлением чертового товара в корзину.,product_info,product_info,bitext,False,False,False,product_info
stg1_001896,Можете ли вы помочь мне подать иск против вашей компании?,можете ли вы помочь мне подать иск против вашей компании?,other,other,ikshana,False,False,False,other
stg1_001407,"Мне нужно вернуть товар, купленный онлайн, в магазин, где мне это сделать?","мне нужно вернуть товар, купленный онлайн, в магазин, где мне это сделать?",return_exchange,return_exchange,bitext,False,False,False,return_exchange
stg1_001494,"Мне не хватает некоторых продуктов, которые я купил, мне нужна помощь, чтобы сообщить о них","мне не хватает некоторых продуктов, которые я купил, мне нужна помощь, чтобы сообщить о них",delivery,delivery,bitext,False,False,False,delivery
stg1_000771,Можете ли вы помочь мне отказаться от подписки на вашу корпоративную рассылку?,можете ли вы помочь мне отказаться от подписки на вашу корпоративную рассылку?,account,account,ikshana,False,False,False,account
stg1_001533,"Мне нужна поддержка, чтобы обновить адрес доставки","мне нужна поддержка, чтобы обновить адрес доставки",delivery,delivery,ikshana,False,False,False,delivery
stg1_002605,"хочу узнать больше о весенних распродажах, могу найти некоторую информацию","хочу узнать больше о весенних распродажах, могу найти некоторую информацию",promo_loyalty,promo_loyalty,bitext,False,False,False,promo_loyalty
stg1_002294,где я могу скачать счет №85632,где я могу скачать счет №85632,payment_refund,payment_refund,ikshana,False,False,False,payment_refund
stg1_001973,можно ли отправить отзыв о продукте?,можно ли отправить отзыв о продукте?,other,other,bitext,False,False,False,other
stg1_001285,"Я хочу получить возмещение, вы мне поможете?","я хочу получить возмещение, вы мне поможете?",return_exchange,return_exchange,bitext,False,False,False,return_exchange
stg1_002227,"где я могу проверить, какие способы оплаты вы принимаете?","где я могу проверить, какие способы оплаты вы принимаете?",payment_refund,payment_refund,ikshana,False,False,False,payment_refund
stg1_001595,Название PDA: Как долго до xxxx airives на станции xxxxxxx,название pda: как долго до xxxx airives на станции xxxxxxx,delivery,delivery,runlu,False,False,False,delivery
stg1_000368,"Я хотел бы проверить чертов статус моей замены, как мне это сделать?","я хотел бы проверить чертов статус моей замены, как мне это сделать?",order_status,order_status,bitext,False,False,False,order_status
stg1_002050,помогите мне оставить отзыв о продукте,помогите мне оставить отзыв о продукте,other,other,bitext,False,False,False,other
stg1_001379,"Я хочу вернуть купленный товар, мне нужна помощь","я хочу вернуть купленный товар, мне нужна помощь",return_exchange,return_exchange,bitext,False,False,False,return_exchange
stg1_000941,"помогите узнать, в какие часы доступна служба поддержки клиентов","помогите узнать, в какие часы доступна служба поддержки клиентов",general_info,general_info,ikshana,False,False,False,general_info
stg1_002552,"Я ищу информацию о следующих чертовых распродажах, ты мне поможешь?","я ищу информацию о следующих чертовых распродажах, ты мне поможешь?",promo_loyalty,promo_loyalty,bitext,False,False,False,promo_loyalty
stg1_002032,можешь помочь мне связаться с кем-нибудь,можешь помочь мне связаться с кем-нибудь,other,other,ikshana,False,False,False,other
stg1_000406,"Я хочу увидеть плату за прекращение, можете ли вы мне помочь?","я хочу увидеть плату за прекращение, можете ли вы мне помочь?",order_status,order_status,ikshana,False,False,False,order_status
stg1_002934,Почему промокод не применился?,почему промокод не применился?,promo_loyalty,promo_loyalty,synthetic_dataset,True,False,False,promo_loyalty
stg1_000511,могу ли я поменять IEM заказа VXYMBRVV,могу ли я поменять iem заказа vxymbrvv,order_status,order_status,ikshana,False,False,False,order_status
stg1_001102,"мне нужно посмотреть часы работы твоего чертового магазина, где это посмотреть","мне нужно посмотреть часы работы твоего чертового магазина, где это посмотреть",general_info,general_info,bitext,False,False,False,general_info
stg1_002703,приложение не работает на моем мобильном телефоне. Не могли бы вы помочь мне сообщить об ошибке?,приложение не работает на моем мобильном телефоне. не могли бы вы помочь мне сообщить об ошибке?,technical_issue,technical_issue,bitext,False,False,False,technical_issue
stg1_002582,"Я ищу информацию о весенних распродажах, мистер","я ищу информацию о весенних распродажах, мистер",promo_loyalty,promo_loyalty,bitext,False,False,False,promo_loyalty
stg1_001828,"я не понимаю, ты не мог бы помочь мне поговорить с чертовым человеком","я не понимаю, ты не мог бы помочь мне поговорить с чертовым человеком",other,other,bitext,False,False,False,other
stg1_001571,"Хочу посмотреть, как скоро мне ожидать заказ, как это сделать?","хочу посмотреть, как скоро мне ожидать заказ, как это сделать?",delivery,delivery,ikshana,False,False,False,delivery
stg1_002531,"мне нужна информация о следующих распродажах, могу ли я ее получить","мне нужна информация о следующих распродажах, могу ли я ее получить",promo_loyalty,promo_loyalty,bitext,False,False,False,promo_loyalty
stg1_000493,"Я не знаю, что мне нужно сделать, чтобы заказать некоторые статьи.","я не знаю, что мне нужно сделать, чтобы заказать некоторые статьи.",order_status,order_status,ikshana,False,False,False,order_status
stg1_001883,куда я могу подать потребительский иск против вашей компании?,куда я могу подать потребительский иск против вашей компании?,other,other,ikshana,False,False,False,other
stg1_001052,"Мне нужно узнать часы работы вашего магазина, помогите мне.","мне нужно узнать часы работы вашего магазина, помогите мне.",general_info,general_info,bitext,False,False,False,general_info
stg1_002361,"Ищу информацию о следующих распродажах, мне нужна помощь","ищу информацию о следующих распродажах, мне нужна помощь",promo_loyalty,promo_loyalty,bitext,False,False,False,promo_loyalty
stg1_001770,"Я хотел бы отправить чертов комментарий о твоей компании, ох, я это сделаю","я хотел бы отправить чертов комментарий о твоей компании, ох, я это сделаю",other,other,bitext,False,False,False,other
stg1_002414,"Я хотел бы узнать больше о чертовой распродаже, можете ли вы дать мне некоторую информацию?","я хотел бы узнать больше о чертовой распродаже, можете ли вы дать мне некоторую информацию?",promo_loyalty,promo_loyalty,bitext,False,False,False,promo_loyalty
stg1_002239,Мне нужна информация о вашей политике возврата средств. Можете ли вы мне помочь?,мне нужна информация о вашей политике возврата средств. можете ли вы мне помочь?,payment_refund,payment_refund,bitext,False,False,False,payment_refund
stg1_002953,Хочу изменить адрес доставки,хочу изменить адрес доставки,delivery,delivery,synthetic_dataset,True,False,False,delivery
stg1_001956,Я пытаюсь поговорить с ассистентом,я пытаюсь поговорить с ассистентом,other,other,ikshana,False,False,False,other
stg1_000973,"хочу узнать, в какое время я смогу связаться со службой поддержки","хочу узнать, в какое время я смогу связаться со службой поддержки",general_info,general_info,ikshana,False,False,False,general_info
stg1_000598,"Мне нужна учетная запись, мне нужна помощь в ее создании","мне нужна учетная запись, мне нужна помощь в ее создании",account,account,bitext,False,False,False,account
stg1_002833,"мобильное приложение не работает на моем компьютере, как мне сообщить о проблеме","мобильное приложение не работает на моем компьютере, как мне сообщить о проблеме",technical_issue,technical_issue,bitext,False,False,False,technical_issue
stg1_001725,"моя посылка была отправлена ​​не на тот адрес, мне нужна помощь, чтобы сообщить о проблемах с доставкой","моя посылка была отправлена ​​не на тот адрес, мне нужна помощь, чтобы сообщить о проблемах с доставкой",delivery,delivery,bitext,False,False,False,delivery
stg1_001894,Можете ли вы помочь мне подать претензию клиента?,можете ли вы помочь мне подать претензию клиента?,other,other,ikshana,False,False,False,other
stg1_001642,"Мне нужно узнать, как скоро я смогу ожидать статью","мне нужно узнать, как скоро я смогу ожидать статью",delivery,delivery,ikshana,False,False,False,delivery
stg1_000592,как добавить товар к покупке VH13TA8Z?,как добавить товар к покупке vh13ta8z?,order_status,order_status,ikshana,False,False,False,order_status
stg1_000525,"см. заказ OFDAED1D, черт возьми, текущий статус","см. заказ ofdaed1d, черт возьми, текущий статус",order_status,order_status,ikshana,False,False,False,order_status
stg1_001623,"Я звоню, чтобы узнать, когда придет мой товар","я звоню, чтобы узнать, когда придет мой товар",delivery,delivery,ikshana,False,False,False,delivery
stg1_002164,Сколько стоит $X...,сколько стоит $x...,payment_refund,payment_refund,runlu,False,False,False,payment_refund
stg1_000255,"Я ищу информацию о продуктах, мне нужна помощь","я ищу информацию о продуктах, мне нужна помощь",product_info,product_info,bitext,False,False,False,product_info
stg1_000950,"где посмотреть, в какие часы я могу связаться со службой поддержки?","где посмотреть, в какие часы я могу связаться со службой поддержки?",general_info,general_info,ikshana,False,False,False,general_info
stg1_000566,нужна помощь в замене чего-либо при покупке YW1RPD7M,нужна помощь в замене чего-либо при покупке yw1rpd7m,order_status,order_status,ikshana,False,False,False,order_status
stg1_000911,где находится ближайший магазин,где находится ближайший магазин,general_info,general_info,bitext,False,False,False,general_info
stg1_002204,Каков обменный курс между США и Мексикой?,каков обменный курс между сша и мексикой?,payment_refund,payment_refund,runlu,False,False,False,payment_refund
stg1_002755,"Мне бы хотелось воспользоваться твоим чертовым мобильным приложением, ты мне поможешь?","мне бы хотелось воспользоваться твоим чертовым мобильным приложением, ты мне поможешь?",technical_issue,technical_issue,bitext,False,False,False,technical_issue
stg1_002878,"веб-сайт не работает на моем устройстве, мне нужна помощь, чтобы сообщить об ошибке","веб-сайт не работает на моем устройстве, мне нужна помощь, чтобы сообщить об ошибке",technical_issue,technical_issue,bitext,False,False,False,technical_issue
stg1_000938,"Мне нужно проверить часы работы твоего чертового магазина, могу ли я чем-нибудь помочь?","мне нужно проверить часы работы твоего чертового магазина, могу ли я чем-нибудь помочь?",general_info,general_info,bitext,False,False,False,general_info
stg1_002957,Посоветуйте что-нибудь,посоветуйте что-нибудь,other,other,synthetic_dataset,True,False,False,other
stg1_001140,"мне бы хотелось поискать в чертовом магазине, как я мог это сделать","мне бы хотелось поискать в чертовом магазине, как я мог это сделать",general_info,general_info,bitext,False,False,False,general_info
stg1_002132,"Я не знаю, как мне скачать счет №00108.","я не знаю, как мне скачать счет №00108.",payment_refund,payment_refund,ikshana,False,False,False,payment_refund
stg1_001036,У меня есть почта?,у меня есть почта?,general_info,general_info,runlu,False,False,False,general_info
stg1_000838,Я хочу узнать больше об отмене подписки на рассылку новостей,я хочу узнать больше об отмене подписки на рассылку новостей,account,account,ikshana,False,False,False,account
stg1_000046,"Я ищу информацию о продуктах, где я могу ее найти?","я ищу информацию о продуктах, где я могу ее найти?",product_info,product_info,bitext,False,False,False,product_info
stg1_001362,"Я хотел бы обменять товар в магазине, могу ли я получить помощь?","я хотел бы обменять товар в магазине, могу ли я получить помощь?",return_exchange,return_exchange,bitext,False,False,False,return_exchange
stg1_000937,Мне нужно отправить письмо в чертову службу поддержки клиентов.,мне нужно отправить письмо в чертову службу поддержки клиентов.,general_info,general_info,bitext,False,False,False,general_info
stg1_000803,помогите мне проверить чертову историю покупок,помогите мне проверить чертову историю покупок,account,account,bitext,False,False,False,account
stg1_001720,"моя доставка не прибыла вовремя, можете ли вы помочь мне сообщить о чертовых проблемах с доставкой?","моя доставка не прибыла вовремя, можете ли вы помочь мне сообщить о чертовых проблемах с доставкой?",delivery,delivery,bitext,False,False,False,delivery
stg1_001009,Какие особенности в таблице?,какие особенности в таблице?,general_info,general_info,runlu,False,False,False,general_info
stg1_000492,не могли бы помочь мне исправить заказ J5WMQ5LV,не могли бы помочь мне исправить заказ j5wmq5lv,order_status,order_status,ikshana,False,False,False,order_status
stg1_001517,как я могу получить информацию о чертовой стоимости доставки?,как я могу получить информацию о чертовой стоимости доставки?,delivery,delivery,bitext,False,False,False,delivery
stg1_000362,"Я запросил обмен, но не получил его. Можете ли вы помочь мне отследить статус моего замененного товара?","я запросил обмен, но не получил его. можете ли вы помочь мне отследить статус моего замененного товара?",order_status,order_status,bitext,False,False,False,order_status
stg1_000212,"Я бы хотел удалить чертовы вещи из корзины, как мне это сделать?","я бы хотел удалить чертовы вещи из корзины, как мне это сделать?",product_info,product_info,bitext,False,False,False,product_info
stg1_001179,Я хочу обменять товар в магазине,я хочу обменять товар в магазине,return_exchange,return_exchange,bitext,False,False,False,return_exchange
stg1_003034,Доставляете ли в Казань?,доставляете ли в казань?,delivery,delivery,synthetic_dataset,True,False,False,delivery
stg1_000957,"Мне нужно проверить, в какое время я могу обратиться в службу поддержки клиентов","мне нужно проверить, в какое время я могу обратиться в службу поддержки клиентов",general_info,general_info,ikshana,False,False,False,general_info
stg1_002636,как мне скачать ебаное приложение,как мне скачать ебаное приложение,technical_issue,technical_issue,bitext,False,False,False,technical_issue
stg1_000429,помогите исправить порядок V9YH4Y3K,помогите исправить порядок v9yh4y3k,order_status,order_status,ikshana,False,False,False,order_status
stg1_000449,"Мне нужно найти свой чертов заказ, ты можешь мне помочь?","мне нужно найти свой чертов заказ, ты можешь мне помочь?",order_status,order_status,bitext,False,False,False,order_status
stg1_001455,как вернуть товар в магазин,как вернуть товар в магазин,return_exchange,return_exchange,bitext,False,False,False,return_exchange
stg1_001988,"Мне нужно отправить чертово предложение по продукту, как это сделать?","мне нужно отправить чертово предложение по продукту, как это сделать?",other,other,bitext,False,False,False,other
stg1_002494,Я хотел бы узнать больше о следующих распродажах. Можете ли вы дать мне некоторую информацию?,я хотел бы узнать больше о следующих распродажах. можете ли вы дать мне некоторую информацию?,promo_loyalty,promo_loyalty,bitext,False,False,False,promo_loyalty
stg1_002832,"приложение не работает на моем устройстве, помогите мне сообщить об ошибке","приложение не работает на моем устройстве, помогите мне сообщить об ошибке",technical_issue,technical_issue,bitext,False,False,False,technical_issue
stg1_002686,"Я хочу использовать ваше мобильное приложение, где я могу это сделать?","я хочу использовать ваше мобильное приложение, где я могу это сделать?",technical_issue,technical_issue,bitext,False,False,False,technical_issue
stg1_002174,Обмен валюты,обмен валюты,payment_refund,payment_refund,runlu,False,False,False,payment_refund
stg1_000832,"у меня проблема с моей чертовой учетной записью, не могли бы вы помочь мне изменить ее?","у меня проблема с моей чертовой учетной записью, не могли бы вы помочь мне изменить ее?",account,account,bitext,False,False,False,account
stg1_001031,"Ответ на письмо, полученное от Питера","ответ на письмо, полученное от питера",general_info,general_info,runlu,False,False,False,general_info
stg1_001804,"Мне нужно поговорить с человеком, ты можешь мне помочь?","мне нужно поговорить с человеком, ты можешь мне помочь?",other,other,bitext,False,False,False,other
stg1_003032,Куда писать жалобу?,куда писать жалобу?,other,other,synthetic_dataset,True,False,False,other
stg1_000828,открыть счет в Титаниуме,открыть счет в титаниуме,account,account,ikshana,False,False,False,account
stg1_000447,"мне нужна помощь, чтобы отменить покупку FR0KMCOJ","мне нужна помощь, чтобы отменить покупку fr0kmcoj",order_status,order_status,ikshana,False,False,False,order_status
stg1_001861,подача жалобы клиента на вашу компанию,подача жалобы клиента на вашу компанию,other,other,ikshana,False,False,False,other
stg1_001459,"как я могу вернуть товар, купленный онлайн, в магазине?","как я могу вернуть товар, купленный онлайн, в магазине?",return_exchange,return_exchange,bitext,False,False,False,return_exchange
stg1_000309,"Мне нужно отменить чертов заказ, как я могу это сделать?","мне нужно отменить чертов заказ, как я могу это сделать?",order_status,order_status,bitext,False,False,False,order_status
stg1_000986,Я пытаюсь связаться с чертовой службой поддержки клиентов.,я пытаюсь связаться с чертовой службой поддержки клиентов.,general_info,general_info,ikshana,False,False,False,general_info
stg1_001048,"мне нужно поискать чертов магазин, ты мне поможешь?","мне нужно поискать чертов магазин, ты мне поможешь?",general_info,general_info,bitext,False,False,False,general_info
stg1_002689,"Мне нужно использовать твое чертово мобильное приложение, я получу помощь","мне нужно использовать твое чертово мобильное приложение, я получу помощь",technical_issue,technical_issue,bitext,False,False,False,technical_issue
stg1_002999,Фото товара не отображается,фото товара не отображается,technical_issue,technical_issue,synthetic_dataset,True,False,False,technical_issue
stg1_002661,"приложение не работает на моем компьютере, мне нужна помощь, чтобы сообщить о проблеме","приложение не работает на моем компьютере, мне нужна помощь, чтобы сообщить о проблеме",technical_issue,technical_issue,bitext,False,False,False,technical_issue
stg1_001476,"нужно сообщить о проблемах с доставкой моего заказа, где это сделать","нужно сообщить о проблемах с доставкой моего заказа, где это сделать",delivery,delivery,bitext,False,False,False,delivery
stg1_000661,"я бы хотел создать учетную запись, где это сделать","я бы хотел создать учетную запись, где это сделать",account,account,bitext,False,False,False,account
stg1_001897,"Я звоню, чтобы подать претензию","я звоню, чтобы подать претензию",other,other,ikshana,False,False,False,other
stg1_002252,"Я заказал чертову вещь и не получил счет, можешь ли ты мне помочь с ее получением?","я заказал чертову вещь и не получил счет, можешь ли ты мне помочь с ее получением?",payment_refund,payment_refund,bitext,False,False,False,payment_refund
stg1_001564,Я не могу изменить адрес доставки,я не могу изменить адрес доставки,delivery,delivery,ikshana,False,False,False,delivery
stg1_001272,"Мне нужно чертово возмещение, могу ли я его запросить?","мне нужно чертово возмещение, могу ли я его запросить?",return_exchange,return_exchange,bitext,False,False,False,return_exchange
stg1_002918,Email поддержки,email поддержки,general_info,general_info,synthetic_dataset,True,False,False,general_info
stg1_002949,Какие способы доставки?,какие способы доставки?,delivery,delivery,synthetic_dataset,True,False,False,delivery
stg1_001604,Как долго мы доберемся до центра.,как долго мы доберемся до центра.,delivery,delivery,runlu,False,False,False,delivery
stg1_000744,Я не могу создать учетную запись Titanium,я не могу создать учетную запись titanium,account,account,ikshana,False,False,False,account
stg1_001848,нужна помощь в подаче потребительского иска против вашей организации,нужна помощь в подаче потребительского иска против вашей организации,other,other,ikshana,False,False,False,other
stg1_000918,"Я хотел бы узнать о ближайших к черту магазинах, не могли бы вы найти какую-нибудь информацию?","я хотел бы узнать о ближайших к черту магазинах, не могли бы вы найти какую-нибудь информацию?",general_info,general_info,bitext,False,False,False,general_info
stg1_001694,"хочу сообщить о проблеме с доставкой моего заказа, мне нужна помощь","хочу сообщить о проблеме с доставкой моего заказа, мне нужна помощь",delivery,delivery,bitext,False,False,False,delivery
stg1_001024,"Пожалуйста, предупредите меня, когда Джон напишет мне письмо.","пожалуйста, предупредите меня, когда джон напишет мне письмо.",general_info,general_info,runlu,False,False,False,general_info
stg1_001141,"хочу посмотреть часы работы твоего магазина, как мне это сделать?","хочу посмотреть часы работы твоего магазина, как мне это сделать?",general_info,general_info,bitext,False,False,False,general_info
stg1_000107,Стоимостная цена GSS Energy ( &lt; &lt; Энергетика &gt; &gt; ),стоимостная цена gss energy ( &lt; &lt; энергетика &gt; &gt; ),product_info,product_info,runlu,False,False,False,product_info
stg1_001616,Сколько времени на поезд из Нью-Йорка в Покипси?,сколько времени на поезд из нью-йорка в покипси?,delivery,delivery,runlu,False,False,False,delivery
stg1_001154,"Я хотел бы найти магазины рядом со мной, как мне это сделать?","я хотел бы найти магазины рядом со мной, как мне это сделать?",general_info,general_info,bitext,False,False,False,general_info
stg1_002188,Сколько я получу за 100 мексиканских песо?,сколько я получу за 100 мексиканских песо?,payment_refund,payment_refund,runlu,False,False,False,payment_refund
stg1_001039,"Я хотел бы проверить часы работы вашего магазина, могу ли я это сделать","я хотел бы проверить часы работы вашего магазина, могу ли я это сделать",general_info,general_info,bitext,False,False,False,general_info
stg1_000960,"мне нужна помощь, чтобы узнать, в какие часы я могу позвонить в службу поддержки клиентов","мне нужна помощь, чтобы узнать, в какие часы я могу позвонить в службу поддержки клиентов",general_info,general_info,ikshana,False,False,False,general_info
stg1_002089,"я сделал чертов заказ, но мне не пришел счет, помогите мне его получить","я сделал чертов заказ, но мне не пришел счет, помогите мне его получить",payment_refund,payment_refund,bitext,False,False,False,payment_refund
stg1_000695,"Мне нужно использовать профиль Platinum, как это сделать?","мне нужно использовать профиль platinum, как это сделать?",account,account,ikshana,False,False,False,account
stg1_002475,"Я ищу информацию о зимних распродажах, может мне поможет","я ищу информацию о зимних распродажах, может мне поможет",promo_loyalty,promo_loyalty,bitext,False,False,False,promo_loyalty
stg1_002685,"сайт не работает на моем мобильном телефоне, помогите мне сообщить о чертовой проблеме","сайт не работает на моем мобильном телефоне, помогите мне сообщить о чертовой проблеме",technical_issue,technical_issue,bitext,False,False,False,technical_issue
stg1_002649,"Я хочу воспользоваться твоим чертовым приложением, как это сделать?","я хочу воспользоваться твоим чертовым приложением, как это сделать?",technical_issue,technical_issue,bitext,False,False,False,technical_issue
stg1_002309,"помогите мне понять, в каких случаях я могу потребовать вернуть свои деньги","помогите мне понять, в каких случаях я могу потребовать вернуть свои деньги",payment_refund,payment_refund,ikshana,False,False,False,payment_refund
stg1_000775,"я не знаю, как перейти на платиновый аккаунт","я не знаю, как перейти на платиновый аккаунт",account,account,ikshana,False,False,False,account
stg1_002484,"Я хотел бы узнать больше о чертовых зимних распродажах, ты найдешь какую-нибудь информацию","я хотел бы узнать больше о чертовых зимних распродажах, ты найдешь какую-нибудь информацию",promo_loyalty,promo_loyalty,bitext,False,False,False,promo_loyalty
stg1_002571,"Я ищу информацию о зимних распродажах, как я могу ее получить?","я ищу информацию о зимних распродажах, как я могу ее получить?",promo_loyalty,promo_loyalty,bitext,False,False,False,promo_loyalty
stg1_002516,хочу узнать больше о чертовых весенних распродажах,хочу узнать больше о чертовых весенних распродажах,promo_loyalty,promo_loyalty,bitext,False,False,False,promo_loyalty
stg1_000548,как проверить текущий статус заказа 4LD9RMTI?,как проверить текущий статус заказа 4ld9rmti?,order_status,order_status,ikshana,False,False,False,order_status
stg1_002544,"Я хотел бы узнать больше о чертовых зимних распродажах, найдёте ли вы информацию?","я хотел бы узнать больше о чертовых зимних распродажах, найдёте ли вы информацию?",promo_loyalty,promo_loyalty,bitext,False,False,False,promo_loyalty
stg1_000949,"хочу поговорить со службой поддержки, можете ли вы мне помочь?","хочу поговорить со службой поддержки, можете ли вы мне помочь?",general_info,general_info,ikshana,False,False,False,general_info
stg1_002712,"Я хотел бы использовать ваше приложение, могу ли я получить помощь?","я хотел бы использовать ваше приложение, могу ли я получить помощь?",technical_issue,technical_issue,bitext,False,False,False,technical_issue
stg1_002950,Как ввести промокод?,как ввести промокод?,promo_loyalty,promo_loyalty,synthetic_dataset,True,False,False,promo_loyalty
stg1_001809,"Я хотел бы поговорить с чертовым оператором, могу ли я получить помощь?","я хотел бы поговорить с чертовым оператором, могу ли я получить помощь?",other,other,bitext,False,False,False,other
stg1_002560,"Я ищу информацию о следующих распродажах, могу ли я получить помощь?","я ищу информацию о следующих распродажах, могу ли я получить помощь?",promo_loyalty,promo_loyalty,bitext,False,False,False,promo_loyalty
stg1_001090,"Я хотел бы узнать больше о ваших часах покупок, дайте мне некоторую информацию","я хотел бы узнать больше о ваших часах покупок, дайте мне некоторую информацию",general_info,general_info,bitext,False,False,False,general_info
stg1_000859,"Мне нужно получить ваш корпоративный информационный бюллетень, мне нужна помощь","мне нужно получить ваш корпоративный информационный бюллетень, мне нужна помощь",account,account,ikshana,False,False,False,account
stg1_002546,"Я ищу информацию о чертовой распродаже, где ее найти?","я ищу информацию о чертовой распродаже, где ее найти?",promo_loyalty,promo_loyalty,bitext,False,False,False,promo_loyalty
stg1_001688,У меня возникла проблема с настройкой нового адреса доставки.,у меня возникла проблема с настройкой нового адреса доставки.,delivery,delivery,ikshana,False,False,False,delivery
stg1_000736,обновить премиум-аккаунт,обновить премиум-аккаунт,account,account,ikshana,False,False,False,account
stg1_003010,У меня сложный вопрос,у меня сложный вопрос,other,other,synthetic_dataset,True,False,False,other
stg1_000821,"что мне нужно сделать, чтобы создать учетную запись Titanium для моего отца","что мне нужно сделать, чтобы создать учетную запись titanium для моего отца",account,account,ikshana,False,False,False,account
stg1_000224,"Мне нужно проверить наличие товара, как это сделать?","мне нужно проверить наличие товара, как это сделать?",product_info,product_info,bitext,False,False,False,product_info
stg1_001148,"Хотелось бы узнать побольше о ближайших магазинах, не могли бы вы найти какую-нибудь информацию?","хотелось бы узнать побольше о ближайших магазинах, не могли бы вы найти какую-нибудь информацию?",general_info,general_info,bitext,False,False,False,general_info
stg1_002974,Пришёл бракованный товар,пришёл бракованный товар,return_exchange,return_exchange,synthetic_dataset,True,False,False,return_exchange
stg1_000983,"Я хотел бы помочь со службой поддержки клиентов, которая могла бы мне помочь","я хотел бы помочь со службой поддержки клиентов, которая могла бы мне помочь",general_info,general_info,ikshana,False,False,False,general_info
stg1_001711,"можно ли проверить, какие у меня способы доставки?","можно ли проверить, какие у меня способы доставки?",delivery,delivery,ikshana,False,False,False,delivery
stg1_001241,"один из предметов в моей посылке поврежден, помогите мне сообщить об этом","один из предметов в моей посылке поврежден, помогите мне сообщить об этом",return_exchange,return_exchange,bitext,False,False,False,return_exchange
stg1_002690,"приложение не работает на моем телефоне, я должен сообщить об этой чертовой проблеме","приложение не работает на моем телефоне, я должен сообщить об этой чертовой проблеме",technical_issue,technical_issue,bitext,False,False,False,technical_issue
stg1_001474,Я хочу увидеть стоимость рассылки,я хочу увидеть стоимость рассылки,delivery,delivery,bitext,False,False,False,delivery
stg1_001835,"Мне нужна помощь, чтобы отправить предложения по продуктам","мне нужна помощь, чтобы отправить предложения по продуктам",other,other,bitext,False,False,False,other
stg1_000940,"Мне нужно найти чертов магазин, как мне это сделать?","мне нужно найти чертов магазин, как мне это сделать?",general_info,general_info,bitext,False,False,False,general_info
stg1_001795,"Я хотел бы поговорить с кем-нибудь, как мне это сделать?","я хотел бы поговорить с кем-нибудь, как мне это сделать?",other,other,bitext,False,False,False,other
stg1_000968,"мне нужно проверить, в какие часы доступна поддержка клиентов","мне нужно проверить, в какие часы доступна поддержка клиентов",general_info,general_info,ikshana,False,False,False,general_info
stg1_002158,"как я могу проверить, какие способы оплаты разрешены?","как я могу проверить, какие способы оплаты разрешены?",payment_refund,payment_refund,ikshana,False,False,False,payment_refund
stg1_001374,"Я бы хотел вернуть деньги, где мне это сделать?","я бы хотел вернуть деньги, где мне это сделать?",return_exchange,return_exchange,bitext,False,False,False,return_exchange
stg1_002877,"я не могу заставить приложение работать на своем компьютере, могу ли я сообщить о проблеме","я не могу заставить приложение работать на своем компьютере, могу ли я сообщить о проблеме",technical_issue,technical_issue,bitext,False,False,False,technical_issue
stg1_001175,"Я хочу отправить электронное письмо в службу поддержки клиентов, где мне это сделать?","я хочу отправить электронное письмо в службу поддержки клиентов, где мне это сделать?",general_info,general_info,bitext,False,False,False,general_info
stg1_001681,"моя поставка неполная, можете ли вы помочь мне сообщить о неполной поставке?","моя поставка неполная, можете ли вы помочь мне сообщить о неполной поставке?",delivery,delivery,bitext,False,False,False,delivery
stg1_000532,можно ли отменить чертов заказ?,можно ли отменить чертов заказ?,order_status,order_status,bitext,False,False,False,order_status
stg1_001742,Мне нужно увидеть чертову дату доставки моей покупки. Могу ли я это сделать?,мне нужно увидеть чертову дату доставки моей покупки. могу ли я это сделать?,delivery,delivery,bitext,False,False,False,delivery
stg1_001721,"можешь мне помочь узнать, когда прибудет мой товар?","можешь мне помочь узнать, когда прибудет мой товар?",delivery,delivery,ikshana,False,False,False,delivery
stg1_002038,где я могу оставить отзыв о вашем бренде?,где я могу оставить отзыв о вашем бренде?,other,other,bitext,False,False,False,other
stg1_002536,"Мне бы хотелось узнать больше о весенних распродажах, не могли бы вы дать мне некоторую информацию?","мне бы хотелось узнать больше о весенних распродажах, не могли бы вы дать мне некоторую информацию?",promo_loyalty,promo_loyalty,bitext,False,False,False,promo_loyalty
stg1_002258,"Я не знаю, что мне нужно сделать, чтобы потребовать компенсацию.","я не знаю, что мне нужно сделать, чтобы потребовать компенсацию.",payment_refund,payment_refund,ikshana,False,False,False,payment_refund
stg1_002380,"Я хотел бы узнать больше о чертовых продажах psring, дай мне немного информации","я хотел бы узнать больше о чертовых продажах psring, дай мне немного информации",promo_loyalty,promo_loyalty,bitext,False,False,False,promo_loyalty
stg1_002218,"Я хотел бы проверить твои чертовы варианты оплаты, где я могу это сделать","я хотел бы проверить твои чертовы варианты оплаты, где я могу это сделать",payment_refund,payment_refund,bitext,False,False,False,payment_refund
stg1_000707,"я не знаю, что делать, чтобы перейти на платиновый аккаунт","я не знаю, что делать, чтобы перейти на платиновый аккаунт",account,account,ikshana,False,False,False,account
stg1_002682,приложение не работает на моем Mac. Не могли бы вы помочь мне сообщить о проблеме?,приложение не работает на моем mac. не могли бы вы помочь мне сообщить о проблеме?,technical_issue,technical_issue,bitext,False,False,False,technical_issue
stg1_000709,правильные данные платинового аккаунта,правильные данные платинового аккаунта,account,account,ikshana,False,False,False,account
stg1_001331,"Я хочу обменять эти чертовы заказы, которые я купил, где мне это сделать?","я хочу обменять эти чертовы заказы, которые я купил, где мне это сделать?",return_exchange,return_exchange,bitext,False,False,False,return_exchange
stg1_000723,стандартная учетная запись clsoe,стандартная учетная запись clsoe,account,account,ikshana,False,False,False,account
stg1_001906,поговорить с агентом,поговорить с агентом,other,other,ikshana,False,False,False,other
stg1_001101,где ближайший магазин?,где ближайший магазин?,general_info,general_info,bitext,False,False,False,general_info
stg1_002490,Я ищу информацию о чертовых весенних распродажах. Можете мне помочь?,я ищу информацию о чертовых весенних распродажах. можете мне помочь?,promo_loyalty,promo_loyalty,bitext,False,False,False,promo_loyalty
stg1_001274,"моя чертова доставка неправильная, я хочу сообщить об этом","моя чертова доставка неправильная, я хочу сообщить об этом",return_exchange,return_exchange,bitext,False,False,False,return_exchange
stg1_000854,"Я бы хотел изменить свой чертов профиль, где это сделать.","я бы хотел изменить свой чертов профиль, где это сделать.",account,account,bitext,False,False,False,account
stg1_001975,можно ли оставить чертов отзыв,можно ли оставить чертов отзыв,other,other,bitext,False,False,False,other
stg1_002615,"Мне нужна информация о ближайших распродажах, как мне ее найти?","мне нужна информация о ближайших распродажах, как мне ее найти?",promo_loyalty,promo_loyalty,bitext,False,False,False,promo_loyalty
stg1_000130,Какова цена акций IBM?,какова цена акций ibm?,product_info,product_info,runlu,False,False,False,product_info
stg1_002231,"Я хотел бы увидеть ваши варианты оплаты, где мне это сделать","я хотел бы увидеть ваши варианты оплаты, где мне это сделать",payment_refund,payment_refund,bitext,False,False,False,payment_refund
stg1_002073,"Я хотел бы узнать больше о ваших способах оплаты, можете ли вы дать мне некоторую информацию?","я хотел бы узнать больше о ваших способах оплаты, можете ли вы дать мне некоторую информацию?",payment_refund,payment_refund,bitext,False,False,False,payment_refund
stg1_000523,"Я ищу информацию о статусе замены, можете ли вы мне помочь?","я ищу информацию о статусе замены, можете ли вы мне помочь?",order_status,order_status,bitext,False,False,False,order_status
stg1_000017,"Я хочу подтвердить наличие товара в магазине, мне нужна помощь","я хочу подтвердить наличие товара в магазине, мне нужна помощь",product_info,product_info,bitext,False,False,False,product_info
stg1_000325,"мне нужно отследить свою посылку, где я могу это сделать","мне нужно отследить свою посылку, где я могу это сделать",order_status,order_status,bitext,False,False,False,order_status
stg1_001249,"Мне нужно вернуть чертов заказ онлайн, помогите мне.","мне нужно вернуть чертов заказ онлайн, помогите мне.",return_exchange,return_exchange,bitext,False,False,False,return_exchange
stg1_002453,"Я хотел бы узнать больше о весенних распродажах, вы найдете какую-нибудь информацию?","я хотел бы узнать больше о весенних распродажах, вы найдете какую-нибудь информацию?",promo_loyalty,promo_loyalty,bitext,False,False,False,promo_loyalty
stg1_002980,Отследить заказ 926891,отследить заказ 926891,order_status,order_status,synthetic_dataset,True,False,False,order_status
stg1_000647,"мне нужно открыть учетную запись, не могли бы мне помочь","мне нужно открыть учетную запись, не могли бы мне помочь",account,account,bitext,False,False,False,account
stg1_002583,информация о следующих распродажах,информация о следующих распродажах,promo_loyalty,promo_loyalty,bitext,False,False,False,promo_loyalty
stg1_000193,"хочу проверить наличие товара в магазине, как я могу это сделать","хочу проверить наличие товара в магазине, как я могу это сделать",product_info,product_info,bitext,False,False,False,product_info
stg1_001976,"нужна помощь, разговариваю с оператором","нужна помощь, разговариваю с оператором",other,other,ikshana,False,False,False,other
stg1_001710,"моя посылка потерялась, мне нужна помощь, чтобы сообщить о проблеме с доставкой","моя посылка потерялась, мне нужна помощь, чтобы сообщить о проблеме с доставкой",delivery,delivery,bitext,False,False,False,delivery
stg1_001139,"Мне нужна информация о часах ваших покупок, как я могу ее получить?","мне нужна информация о часах ваших покупок, как я могу ее получить?",general_info,general_info,bitext,False,False,False,general_info
stg1_001352,"моя посылка прибыла чертовски поврежденной, не могли бы вы помочь мне сообщить об этом?","моя посылка прибыла чертовски поврежденной, не могли бы вы помочь мне сообщить об этом?",return_exchange,return_exchange,bitext,False,False,False,return_exchange
stg1_001248,не могли бы вы помочь мне сообщить о чертовски неправильном продукте?,не могли бы вы помочь мне сообщить о чертовски неправильном продукте?,return_exchange,return_exchange,bitext,False,False,False,return_exchange
stg1_002285,"Я хочу оплатить картой, как мне это сделать?","я хочу оплатить картой, как мне это сделать?",payment_refund,payment_refund,bitext,False,False,False,payment_refund
stg1_000363,"Я хочу отменить чертов заказ, могу ли я получить помощь?","я хочу отменить чертов заказ, могу ли я получить помощь?",order_status,order_status,bitext,False,False,False,order_status
stg1_002473,"Мне нужна информация об этих чертовых зимних распродажах, где ее можно найти?","мне нужна информация об этих чертовых зимних распродажах, где ее можно найти?",promo_loyalty,promo_loyalty,bitext,False,False,False,promo_loyalty
stg1_001116,"Я не знаю, как мне поговорить со службой поддержки клиентов","я не знаю, как мне поговорить со службой поддержки клиентов",general_info,general_info,ikshana,False,False,False,general_info
stg1_000697,мне нужно создать учетную запись Titanium для моего жениха,мне нужно создать учетную запись titanium для моего жениха,account,account,ikshana,False,False,False,account
stg1_002436,"Я хочу узнать больше о следующих распродажах, дайте мне немного информации.","я хочу узнать больше о следующих распродажах, дайте мне немного информации.",promo_loyalty,promo_loyalty,bitext,False,False,False,promo_loyalty
stg1_001233,"мне нужно потребовать вернуть деньги, как я мог это сделать","мне нужно потребовать вернуть деньги, как я мог это сделать",return_exchange,return_exchange,bitext,False,False,False,return_exchange
stg1_001373,"в моей доставке поврежденный товар, не могли бы вы помочь мне сообщить об этом?","в моей доставке поврежденный товар, не могли бы вы помочь мне сообщить об этом?",return_exchange,return_exchange,bitext,False,False,False,return_exchange
stg1_001948,Могу ли я подать рекламацию клиента против вашей компании,могу ли я подать рекламацию клиента против вашей компании,other,other,ikshana,False,False,False,other
stg1_000953,"нужно посмотреть, в какие часы я могу связаться со службой поддержки","нужно посмотреть, в какие часы я могу связаться со службой поддержки",general_info,general_info,ikshana,False,False,False,general_info
stg1_001542,"мне нужно посмотреть варианты доставки, как мне это сделать","мне нужно посмотреть варианты доставки, как мне это сделать",delivery,delivery,ikshana,False,False,False,delivery
stg1_001215,"Мне нужно обменять товар, который я купил онлайн, в магазине. Как это сделать?","мне нужно обменять товар, который я купил онлайн, в магазине. как это сделать?",return_exchange,return_exchange,bitext,False,False,False,return_exchange
stg1_000702,помощь в создании еще одной гребаной фримиум-аккаунта,помощь в создании еще одной гребаной фримиум-аккаунта,account,account,ikshana,False,False,False,account
stg1_001908,Могу ли я подать рекламацию клиента?,могу ли я подать рекламацию клиента?,other,other,ikshana,False,False,False,other
stg1_002119,"хочу проверить, какие способы оплаты uaccept","хочу проверить, какие способы оплаты uaccept",payment_refund,payment_refund,ikshana,False,False,False,payment_refund
stg1_000257,"нужно добавить товары в корзину, как мне это сделать","нужно добавить товары в корзину, как мне это сделать",product_info,product_info,bitext,False,False,False,product_info
stg1_002762,"приложение не работает на моем устройстве, мне нужно сообщить о проблеме","приложение не работает на моем устройстве, мне нужно сообщить о проблеме",technical_issue,technical_issue,bitext,False,False,False,technical_issue
stg1_000948,"Мне нужно поговорить со службой поддержки, как мне это сделать?","мне нужно поговорить со службой поддержки, как мне это сделать?",general_info,general_info,ikshana,False,False,False,general_info
stg1_001844,как я могу поговорить с агентом-человеком?,как я могу поговорить с агентом-человеком?,other,other,ikshana,False,False,False,other
stg1_000209,"Я бы хотел удалить чертов товар из корзины, мне нужна помощь","я бы хотел удалить чертов товар из корзины, мне нужна помощь",product_info,product_info,bitext,False,False,False,product_info
stg1_001965,"У меня есть комментарий о вашей компании, помогите мне его отправить.","у меня есть комментарий о вашей компании, помогите мне его отправить.",other,other,bitext,False,False,False,other
stg1_000544,"Мне нужно отменить чертов онлайн-заказ, могу ли я получить помощь?","мне нужно отменить чертов онлайн-заказ, могу ли я получить помощь?",order_status,order_status,bitext,False,False,False,order_status
stg1_000892,"мне нужно связаться со службой поддержки клиентов, могу ли я получить помощь","мне нужно связаться со службой поддержки клиентов, могу ли я получить помощь",general_info,general_info,bitext,False,False,False,general_info
stg1_002711,можно ли использовать ваше мобильное приложение,можно ли использовать ваше мобильное приложение,technical_issue,technical_issue,bitext,False,False,False,technical_issue
stg1_002478,Я ищу информацию о чертовых распродажах. Не могли бы вы мне помочь?,я ищу информацию о чертовых распродажах. не могли бы вы мне помочь?,promo_loyalty,promo_loyalty,bitext,False,False,False,promo_loyalty
stg1_002375,"Мне бы хотелось получить информацию о следующих распродажах, как мне ее найти?","мне бы хотелось получить информацию о следующих распродажах, как мне ее найти?",promo_loyalty,promo_loyalty,bitext,False,False,False,promo_loyalty
stg1_002577,Я ищу информацию о чертовых распродажах.,я ищу информацию о чертовых распродажах.,promo_loyalty,promo_loyalty,bitext,False,False,False,promo_loyalty
stg1_002432,"Мне нужна информация о продажах, где я могу ее получить?","мне нужна информация о продажах, где я могу ее получить?",promo_loyalty,promo_loyalty,bitext,False,False,False,promo_loyalty
stg1_001278,"Я хотел бы вернуть чертов товар, который я купил в магазине онлайн, помогите мне.","я хотел бы вернуть чертов товар, который я купил в магазине онлайн, помогите мне.",return_exchange,return_exchange,bitext,False,False,False,return_exchange
stg1_000190,Я хотел бы сообщить о проблемах в купленном мной продукте. Где я могу это сделать?,я хотел бы сообщить о проблемах в купленном мной продукте. где я могу это сделать?,product_info,product_info,bitext,False,False,False,product_info
stg1_002628,у меня возникла техническая проблема с приложением на моем мобильном телефоне. Помогите мне сообщить об этом.,у меня возникла техническая проблема с приложением на моем мобильном телефоне. помогите мне сообщить об этом.,technical_issue,technical_issue,bitext,False,False,False,technical_issue
stg1_002191,- какова применимая плата за пересчет валют.,- какова применимая плата за пересчет валют.,payment_refund,payment_refund,runlu,False,False,False,payment_refund
stg1_000565,не могли бы помочь мне отследить мою посылку,не могли бы помочь мне отследить мою посылку,order_status,order_status,bitext,False,False,False,order_status
stg1_002989,Режим работы магазина,режим работы магазина,general_info,general_info,synthetic_dataset,True,False,False,general_info
stg1_000058,Я должен отправить свой отзыв,я должен отправить свой отзыв,product_info,product_info,ikshana,False,False,False,product_info
stg1_002944,Отследить заказ 144451,отследить заказ 144451,order_status,order_status,synthetic_dataset,True,False,False,order_status
stg1_000499,"хочу изменить свой гребаный онлайн-заказ перед использованием, могу ли я это сделать","хочу изменить свой гребаный онлайн-заказ перед использованием, могу ли я это сделать",order_status,order_status,bitext,False,False,False,order_status
stg1_001853,нужна помощь в подаче потребительского иска против вашего бизнеса,нужна помощь в подаче потребительского иска против вашего бизнеса,other,other,ikshana,False,False,False,other
stg1_001933,"Я вас не понимаю, мне нужна помощь, чтобы поговорить с агентом-человеком.","я вас не понимаю, мне нужна помощь, чтобы поговорить с агентом-человеком.",other,other,bitext,False,False,False,other
stg1_000213,"нужно удалить чертовы товары из корзины, можете мне помочь","нужно удалить чертовы товары из корзины, можете мне помочь",product_info,product_info,bitext,False,False,False,product_info
stg1_000303,"Мне нужно отследить замену продукта, могу ли я получить помощь?","мне нужно отследить замену продукта, могу ли я получить помощь?",order_status,order_status,bitext,False,False,False,order_status
stg1_000543,"что мне нужно сделать, чтобы купить несколько товаров?","что мне нужно сделать, чтобы купить несколько товаров?",order_status,order_status,ikshana,False,False,False,order_status
stg1_001218,Я хочу отправить обратно чертову вещь. Не могли бы вы мне помочь?,я хочу отправить обратно чертову вещь. не могли бы вы мне помочь?,return_exchange,return_exchange,bitext,False,False,False,return_exchange
stg1_002403,"мне нужна информация о распродажах, как я могу ее получить","мне нужна информация о распродажах, как я могу ее получить",promo_loyalty,promo_loyalty,bitext,False,False,False,promo_loyalty
stg1_002520,Я ищу информацию о чертовых распродажах. Можете ли вы мне помочь?,я ищу информацию о чертовых распродажах. можете ли вы мне помочь?,promo_loyalty,promo_loyalty,bitext,False,False,False,promo_loyalty
stg1_001684,Мне нужно указать новый адрес доставки,мне нужно указать новый адрес доставки,delivery,delivery,ikshana,False,False,False,delivery
stg1_001683,мой заказ потерян. Можете ли вы помочь мне сообщить о проблеме с доставкой?,мой заказ потерян. можете ли вы помочь мне сообщить о проблеме с доставкой?,delivery,delivery,bitext,False,False,False,delivery
stg1_000408,Можете ли вы помочь мне отменить заказ S4CELMM4?,можете ли вы помочь мне отменить заказ s4celmm4?,order_status,order_status,ikshana,False,False,False,order_status
stg1_001396,"я хочу вернуть деньги, помогите мне запросить это","я хочу вернуть деньги, помогите мне запросить это",return_exchange,payment_refund,bitext,False,False,False,return_exchange
stg1_001878,"Я не знаю, как мне подать иск против вашей компании.","я не знаю, как мне подать иск против вашей компании.",other,other,ikshana,False,False,False,other
stg1_000751,"мне нужен аккаунт, помогите мне открыть его","мне нужен аккаунт, помогите мне открыть его",account,account,bitext,False,False,False,account
stg1_000080,звоню оставить отзыв,звоню оставить отзыв,product_info,product_info,ikshana,False,False,False,product_info
stg1_001099,"мне нужно узнать, в какое время я могу связаться со службой поддержки клиентов","мне нужно узнать, в какое время я могу связаться со службой поддержки клиентов",general_info,general_info,ikshana,False,False,False,general_info
stg1_002004,"Я хотел бы отправить отзыв, где я могу это сделать","я хотел бы отправить отзыв, где я могу это сделать",other,other,bitext,False,False,False,other
stg1_002964,Есть ли в наличии футболку?,есть ли в наличии футболку?,product_info,product_info,synthetic_dataset,True,False,False,product_info
stg1_000912,"Мне не нужно разговаривать со службой поддержки, где мне это сделать?","мне не нужно разговаривать со службой поддержки, где мне это сделать?",general_info,general_info,bitext,False,False,False,general_info
stg1_000254,"Мне нужна информация о продуктах, как я могу ее получить?","мне нужна информация о продуктах, как я могу ее получить?",product_info,product_info,bitext,False,False,False,product_info
stg1_000358,"Я хочу отменить чертов онлайн-заказ, вы можете мне помочь?","я хочу отменить чертов онлайн-заказ, вы можете мне помочь?",order_status,order_status,bitext,False,False,False,order_status
stg1_002640,"приложение не работает на моем компьютере, помогите мне, сообщите об ошибке","приложение не работает на моем компьютере, помогите мне, сообщите об ошибке",technical_issue,technical_issue,bitext,False,False,False,technical_issue
stg1_000402,"Я не знаю, как отменить покупку JMFUYL0O","я не знаю, как отменить покупку jmfuyl0o",order_status,order_status,ikshana,False,False,False,order_status
stg1_002870,"сайт не работает, я хотел бы сообщить о проблеме","сайт не работает, я хотел бы сообщить о проблеме",technical_issue,technical_issue,bitext,False,False,False,technical_issue
stg1_001692,"моя посылка неполная, мне нужна помощь, чтобы сообщить о неполной поставке","моя посылка неполная, мне нужна помощь, чтобы сообщить о неполной поставке",delivery,delivery,bitext,False,False,False,delivery
stg1_002371,даст мне информацию о следующих продажах,даст мне информацию о следующих продажах,promo_loyalty,promo_loyalty,bitext,False,False,False,promo_loyalty
stg1_002396,"Я хотел бы узнать больше о чертовых продажах, можете ли вы дать мне некоторую информацию?","я хотел бы узнать больше о чертовых продажах, можете ли вы дать мне некоторую информацию?",promo_loyalty,promo_loyalty,bitext,False,False,False,promo_loyalty
stg1_001866,можно ли подать жалобу,можно ли подать жалобу,other,other,ikshana,False,False,False,other
stg1_001309,"Я бы хотел вернуть чертов товар онлайн, где мне это сделать?","я бы хотел вернуть чертов товар онлайн, где мне это сделать?",return_exchange,return_exchange,bitext,False,False,False,return_exchange
stg1_000616,"Мне нужно обновить свои чертовы личные данные, помогите мне.","мне нужно обновить свои чертовы личные данные, помогите мне.",account,account,bitext,False,False,False,account
stg1_000720,можно ли будет сесть на чертов Платиновый аккаунт,можно ли будет сесть на чертов платиновый аккаунт,account,account,ikshana,False,False,False,account
stg1_002613,"Мне нужна информация о чертовых зимних распродажах, где ее найти?","мне нужна информация о чертовых зимних распродажах, где ее найти?",promo_loyalty,promo_loyalty,bitext,False,False,False,promo_loyalty
stg1_001327,некоторые предметы сломаны. Можете ли вы помочь мне сообщить о них?,некоторые предметы сломаны. можете ли вы помочь мне сообщить о них?,return_exchange,return_exchange,bitext,False,False,False,return_exchange
stg1_002441,Я не хочу знать больше о продажах,я не хочу знать больше о продажах,promo_loyalty,promo_loyalty,bitext,False,False,False,promo_loyalty
stg1_002907,Статус доставки заказа 296884,статус доставки заказа 296884,order_status,order_status,synthetic_dataset,True,False,False,order_status
stg1_000150,"Какова цена акций ""Сенсекса"" сейчас?","какова цена акций ""сенсекса"" сейчас?",product_info,product_info,runlu,False,False,False,product_info
stg1_002825,"Я бы хотел использовать твое чертово мобильное приложение, можешь мне помочь?","я бы хотел использовать твое чертово мобильное приложение, можешь мне помочь?",technical_issue,technical_issue,bitext,False,False,False,technical_issue
stg1_000684,"я не знаю, как сообщить о проблеме с регистрацией","я не знаю, как сообщить о проблеме с регистрацией",account,account,ikshana,False,False,False,account
stg1_000637,"Мне нужна моя чертова история покупок, где я могу ее посмотреть?","мне нужна моя чертова история покупок, где я могу ее посмотреть?",account,account,bitext,False,False,False,account
stg1_002752,"Мне нужно воспользоваться твоим чертовым мобильным приложением, как я могу это сделать?","мне нужно воспользоваться твоим чертовым мобильным приложением, как я могу это сделать?",technical_issue,technical_issue,bitext,False,False,False,technical_issue
stg1_000793,"У меня ошибка в моей учетной записи пользователя, как я могу ее обновить?","у меня ошибка в моей учетной записи пользователя, как я могу ее обновить?",account,account,bitext,False,False,False,account
stg1_002437,"Я хочу узнать больше о распродажах, можете ли вы дать мне некоторую информацию?","я хочу узнать больше о распродажах, можете ли вы дать мне некоторую информацию?",promo_loyalty,promo_loyalty,bitext,False,False,False,promo_loyalty
stg1_001345,"Я хочу вернуть чертову вещь, купленную в интернет-магазине, мне нужна помощь","я хочу вернуть чертову вещь, купленную в интернет-магазине, мне нужна помощь",return_exchange,return_exchange,bitext,False,False,False,return_exchange
stg1_002847,"Я бы хотел воспользоваться твоим чертовым приложением, нужно ли это делать?","я бы хотел воспользоваться твоим чертовым приложением, нужно ли это делать?",technical_issue,technical_issue,bitext,False,False,False,technical_issue
stg1_002997,Вы лучший магазин!,вы лучший магазин!,other,other,synthetic_dataset,True,False,False,other
stg1_001183,"один из чертовых товаров, которые я получил, неправильный, помогите мне сообщить об этом","один из чертовых товаров, которые я получил, неправильный, помогите мне сообщить об этом",return_exchange,return_exchange,bitext,False,False,False,return_exchange
stg1_000540,как я могу удалить некоторые статьи из покупки 0FRNSJED,как я могу удалить некоторые статьи из покупки 0frnsjed,order_status,order_status,ikshana,False,False,False,order_status
stg1_002270,"я не могу сделать перевод, как сообщить о чертовых проблемах с оплатой","я не могу сделать перевод, как сообщить о чертовых проблемах с оплатой",payment_refund,payment_refund,bitext,False,False,False,payment_refund
stg1_000845,"мне нужно посмотреть чертову историю заказов, что мне делать?","мне нужно посмотреть чертову историю заказов, что мне делать?",account,account,bitext,False,False,False,account
stg1_001718,хочу указать адрес доставки,хочу указать адрес доставки,delivery,delivery,ikshana,False,False,False,delivery
stg1_000860,"мой пароль взломали, помогите мне восстановить его","мой пароль взломали, помогите мне восстановить его",account,account,bitext,False,False,False,account
stg1_002339,"Мне нужно уведомить о долбаных проблемах с оплатой, где это сделать?","мне нужно уведомить о долбаных проблемах с оплатой, где это сделать?",payment_refund,payment_refund,bitext,False,False,False,payment_refund
stg1_001860,можешь ли ты направить мне живого агента,можешь ли ты направить мне живого агента,other,other,ikshana,False,False,False,other
stg1_001776,"Мне нужно отправить чертову жалобу на ваш бренд, где это сделать?","мне нужно отправить чертову жалобу на ваш бренд, где это сделать?",other,other,bitext,False,False,False,other
stg1_000180,"Я хотел бы увидеть наличие какого-то долбанного товара в магазине, где я могу это сделать?","я хотел бы увидеть наличие какого-то долбанного товара в магазине, где я могу это сделать?",product_info,product_info,bitext,False,False,False,product_info
stg1_001453,"Мне нужна информация о товаре в магазине, где я могу ее получить?","мне нужна информация о товаре в магазине, где я могу ее получить?",return_exchange,return_exchange,bitext,False,False,False,return_exchange
stg1_001007,"Видишь, о чём мне писал Эндрю?","видишь, о чём мне писал эндрю?",general_info,general_info,runlu,False,False,False,general_info
stg1_000519,"Мне нужна помощь, чтобы отменить продукт","мне нужна помощь, чтобы отменить продукт",order_status,order_status,bitext,False,False,False,order_status
stg1_002310,"Я совершил покупку, но не получил счет. Помогите мне скачать ее.","я совершил покупку, но не получил счет. помогите мне скачать ее.",payment_refund,payment_refund,bitext,False,False,False,payment_refund
stg1_002602,"Ищу информацию о чертовых весенних распродажах, помогите.","ищу информацию о чертовых весенних распродажах, помогите.",promo_loyalty,promo_loyalty,bitext,False,False,False,promo_loyalty
stg1_000577,Мне нужно отследить свою гребаную посылку,мне нужно отследить свою гребаную посылку,order_status,order_status,bitext,False,False,False,order_status
stg1_002199,Сколько иен за каждый доллар,сколько иен за каждый доллар,payment_refund,payment_refund,runlu,False,False,False,payment_refund
stg1_001144,"мне нужно отправить письмо в чертову службу поддержки, где мне это сделать?","мне нужно отправить письмо в чертову службу поддержки, где мне это сделать?",general_info,general_info,bitext,False,False,False,general_info
stg1_002077,"Мне нужно было произвести оплату, как я могу это сделать?","мне нужно было произвести оплату, как я могу это сделать?",payment_refund,payment_refund,bitext,False,False,False,payment_refund
stg1_002810,"приложение не работает на моем планшете, можно ли сообщить о проблеме?","приложение не работает на моем планшете, можно ли сообщить о проблеме?",technical_issue,technical_issue,bitext,False,False,False,technical_issue
stg1_002860,"Мне нужно сообщить о проблеме с приложением, где это сделать?","мне нужно сообщить о проблеме с приложением, где это сделать?",technical_issue,technical_issue,bitext,False,False,False,technical_issue
stg1_000039,не могли бы помочь мне проверить наличие товаров в магазине,не могли бы помочь мне проверить наличие товаров в магазине,product_info,product_info,bitext,False,False,False,product_info
stg1_000380,помощь в заказе нескольких ваших товаров,помощь в заказе нескольких ваших товаров,order_status,order_status,ikshana,False,False,False,order_status
stg1_002568,не могли бы вы дать мне информацию о распродажах?,не могли бы вы дать мне информацию о распродажах?,promo_loyalty,promo_loyalty,bitext,False,False,False,promo_loyalty
stg1_001061,Есть что-нибудь по электронной почте за последний час?,есть что-нибудь по электронной почте за последний час?,general_info,general_info,runlu,False,False,False,general_info
stg1_002891,"сайт не работает на моем компьютере, я хотел бы сообщить о проблеме","сайт не работает на моем компьютере, я хотел бы сообщить о проблеме",technical_issue,technical_issue,bitext,False,False,False,technical_issue
stg1_001347,Я бы хотел вернуть чертов товар онлайн,я бы хотел вернуть чертов товар онлайн,return_exchange,return_exchange,bitext,False,False,False,return_exchange
stg1_001864,нужна помощь в подаче иска против вашей организации,нужна помощь в подаче иска против вашей организации,other,other,ikshana,False,False,False,other
stg1_001875,"Мне нужна помощь, чтобы поговорить с кем-нибудь","мне нужна помощь, чтобы поговорить с кем-нибудь",other,other,ikshana,False,False,False,other
stg1_002094,"Я хотел бы узнать о вашей политике возврата денег, можете ли вы найти некоторую информацию?","я хотел бы узнать о вашей политике возврата денег, можете ли вы найти некоторую информацию?",payment_refund,payment_refund,bitext,False,False,False,payment_refund
stg1_001850,я должен подать иск против твоего бизнеса,я должен подать иск против твоего бизнеса,other,other,ikshana,False,False,False,other
stg1_000076,"Мне нужно оставить отзыв о товаре, помогите мне.","мне нужно оставить отзыв о товаре, помогите мне.",product_info,product_info,ikshana,False,False,False,product_info
stg1_000993,Где Патегония?,где патегония?,general_info,general_info,runlu,False,False,False,general_info
stg1_002071,"Мне нужно увидеть чертов статус моего возмещения, могу ли я получить некоторую помощь?","мне нужно увидеть чертов статус моего возмещения, могу ли я получить некоторую помощь?",payment_refund,payment_refund,bitext,False,False,False,payment_refund
stg1_002061,"я сделал чертов заказ, но мне не пришел счет, могу ли я его скачать?","я сделал чертов заказ, но мне не пришел счет, могу ли я его скачать?",payment_refund,payment_refund,bitext,False,False,False,payment_refund
stg1_000507,обновить покупку00123842,обновить покупку00123842,order_status,order_status,ikshana,False,False,False,order_status
stg1_001735,"Я хочу посмотреть, сколько времени потребуется, чтобы прибыть росистая доставка.","я хочу посмотреть, сколько времени потребуется, чтобы прибыть росистая доставка.",delivery,delivery,ikshana,False,False,False,delivery
stg1_000839,мне нужна помощь в отмене премиум-аккаунта,мне нужна помощь в отмене премиум-аккаунта,account,account,ikshana,False,False,False,account
stg1_000042,"хочу удалить чертовы вещи из корзины, мне нужна помощь","хочу удалить чертовы вещи из корзины, мне нужна помощь",product_info,product_info,bitext,False,False,False,product_info
stg1_001335,"Я хотел бы вернуть в магазин чертов товар, купленный в Интернете, где я могу это сделать?","я хотел бы вернуть в магазин чертов товар, купленный в интернете, где я могу это сделать?",return_exchange,return_exchange,bitext,False,False,False,return_exchange
stg1_001826,"Мне нужно поговорить с чертовым кем-нибудь, помоги мне.","мне нужно поговорить с чертовым кем-нибудь, помоги мне.",other,other,bitext,False,False,False,other
stg1_000735,"Я не знаю, что мне нужно сделать, чтобы сбросить мою учетную запись пользователя ppwd","я не знаю, что мне нужно сделать, чтобы сбросить мою учетную запись пользователя ppwd",account,account,ikshana,False,False,False,account
stg1_002330,"мне нужна помощь, чтобы проверить счет № 12588","мне нужна помощь, чтобы проверить счет № 12588",payment_refund,payment_refund,ikshana,False,False,False,payment_refund
stg1_000742,изменить информацию в аккаунте Platinum,изменить информацию в аккаунте platinum,account,account,ikshana,False,False,False,account
stg1_002767,"Я хотел бы использовать ваше приложение, где мне это сделать?","я хотел бы использовать ваше приложение, где мне это сделать?",technical_issue,technical_issue,bitext,False,False,False,technical_issue
stg1_002513,"Мне нравится информация о распродажах, как я могу ее найти","мне нравится информация о распродажах, как я могу ее найти",promo_loyalty,promo_loyalty,bitext,False,False,False,promo_loyalty
stg1_000752,еще один стандартный аккаунт,еще один стандартный аккаунт,account,account,ikshana,False,False,False,account
stg1_001208,"Мне нужно обменять товар, купленный онлайн, в магазине. Могу ли я получить помощь?","мне нужно обменять товар, купленный онлайн, в магазине. могу ли я получить помощь?",return_exchange,return_exchange,bitext,False,False,False,return_exchange
stg1_000374,изменить заказ CFF1C9T2,изменить заказ cff1c9t2,order_status,order_status,ikshana,False,False,False,order_status
stg1_001917,"мне нужно поговорить с чертовым кое-кем, ты можешь мне помочь?","мне нужно поговорить с чертовым кое-кем, ты можешь мне помочь?",other,other,bitext,False,False,False,other
stg1_002747,"мобильное приложение не работает, мне нужна помощь, чтобы сообщить об этой чертовой проблеме","мобильное приложение не работает, мне нужна помощь, чтобы сообщить об этой чертовой проблеме",technical_issue,technical_issue,bitext,False,False,False,technical_issue
stg1_002109,могу ли я увидеть чертов статус моего возврата?,могу ли я увидеть чертов статус моего возврата?,payment_refund,payment_refund,bitext,False,False,False,payment_refund
stg1_001258,"мне нужно обменять чертову вещь, которую я купил в магазине, мне нужна помощь","мне нужно обменять чертову вещь, которую я купил в магазине, мне нужна помощь",return_exchange,return_exchange,bitext,False,False,False,return_exchange
stg1_001575,Когда поезд F сегодня поедет?,когда поезд f сегодня поедет?,delivery,delivery,runlu,False,False,False,delivery
stg1_001207,"чертов продукт, который я получил, неправильный, не могли бы вы помочь мне сообщить об этом?","чертов продукт, который я получил, неправильный, не могли бы вы помочь мне сообщить об этом?",return_exchange,return_exchange,bitext,False,False,False,return_exchange
stg1_001343,"Мне нужно отправить товар обратно, могу ли я получить помощь?","мне нужно отправить товар обратно, могу ли я получить помощь?",return_exchange,return_exchange,bitext,False,False,False,return_exchange
stg1_002549,Я ищу информацию о чертовых весенних распродажах. Не могли бы вы мне помочь?,я ищу информацию о чертовых весенних распродажах. не могли бы вы мне помочь?,promo_loyalty,promo_loyalty,bitext,False,False,False,promo_loyalty
stg1_001089,Сделать почту для Джека,сделать почту для джека,general_info,general_info,runlu,False,False,False,general_info
stg1_002302,получение счетов за восемь месяцев назад,получение счетов за восемь месяцев назад,payment_refund,payment_refund,ikshana,False,False,False,payment_refund
stg1_001017,В каком году начался бейсбол,в каком году начался бейсбол,general_info,general_info,runlu,False,False,False,general_info
stg1_001088,"Я хотел бы найти ближайший магазин, не могли бы вы мне помочь?","я хотел бы найти ближайший магазин, не могли бы вы мне помочь?",general_info,general_info,bitext,False,False,False,general_info
stg1_002300,Я хотел бы оплатить дебетовой картой,я хотел бы оплатить дебетовой картой,payment_refund,payment_refund,bitext,False,False,False,payment_refund
stg1_001717,"мне нужна помощь, чтобы проверить, какие у меня есть способы доставки","мне нужна помощь, чтобы проверить, какие у меня есть способы доставки",delivery,delivery,ikshana,False,False,False,delivery
stg1_001186,"Мне нужно обменять чертов товар в магазине, как я могу это сделать?","мне нужно обменять чертов товар в магазине, как я могу это сделать?",return_exchange,return_exchange,bitext,False,False,False,return_exchange
stg1_002003,Я хотел бы оставить комментарий о вашем бренде,я хотел бы оставить комментарий о вашем бренде,other,other,bitext,False,False,False,other
stg1_002078,"Мне нужно проверить вашу политику возмещения, где это сделать?","мне нужно проверить вашу политику возмещения, где это сделать?",payment_refund,payment_refund,bitext,False,False,False,payment_refund
stg1_000883,"у меня ошибка в моей гребаной учетной записи, ты поможешь мне ее изменить?","у меня ошибка в моей гребаной учетной записи, ты поможешь мне ее изменить?",account,account,bitext,False,False,False,account
stg1_001430,"Я хочу отправить товар обратно, вы мне поможете?","я хочу отправить товар обратно, вы мне поможете?",return_exchange,return_exchange,bitext,False,False,False,return_exchange
stg1_001963,"Я хотел бы оставить комментарий о продукте, могу ли я получить помощь?","я хотел бы оставить комментарий о продукте, могу ли я получить помощь?",other,other,bitext,False,False,False,other
stg1_000762,у меня вопрос по поводу удаления моего Премиум-аккаунта,у меня вопрос по поводу удаления моего премиум-аккаунта,account,account,ikshana,False,False,False,account
stg1_000636,"Я хотел бы проверить гребаный перерыв в заказе, могу ли я получить некоторую помощь?","я хотел бы проверить гребаный перерыв в заказе, могу ли я получить некоторую помощь?",account,account,bitext,False,False,False,account
stg1_001487,"мне нужно проверить время доставки моей покупки, могу ли я получить помощь","мне нужно проверить время доставки моей покупки, могу ли я получить помощь",delivery,delivery,bitext,False,False,False,delivery
stg1_002995,Ужасный сервис,ужасный сервис,other,other,synthetic_dataset,True,False,False,other
stg1_000494,"я не знаю, как отменить заказ R7V7E9BP","я не знаю, как отменить заказ r7v7e9bp",order_status,order_status,ikshana,False,False,False,order_status
stg1_000031,"Я хотел бы узнать о чертовых продуктах, как я могу получить больше информации?","я хотел бы узнать о чертовых продуктах, как я могу получить больше информации?",product_info,product_info,bitext,False,False,False,product_info
stg1_001350,"я должен сообщить о неправильном товаре, вы мне поможете?","я должен сообщить о неправильном товаре, вы мне поможете?",return_exchange,return_exchange,bitext,False,False,False,return_exchange
stg1_001456,"Мне нужно обменять товары, как я могу это сделать?","мне нужно обменять товары, как я могу это сделать?",return_exchange,return_exchange,bitext,False,False,False,return_exchange
stg1_002069,Я хочу произвести оплату,я хочу произвести оплату,payment_refund,payment_refund,bitext,False,False,False,payment_refund
stg1_001526,произошла ошибка при настройке адреса доставки,произошла ошибка при настройке адреса доставки,delivery,delivery,ikshana,False,False,False,delivery
stg1_001910,"Я недоволен вашей работой, пишите претензию.","я недоволен вашей работой, пишите претензию.",other,other,ikshana,False,False,False,other
stg1_001059,Что было самыми длинными зданиями в мире,что было самыми длинными зданиями в мире,general_info,general_info,runlu,False,False,False,general_info
stg1_001402,"Мне нужно обменять товар в магазине, вы мне поможете?","мне нужно обменять товар в магазине, вы мне поможете?",return_exchange,return_exchange,bitext,False,False,False,return_exchange
stg1_002936,Как оплатить заказ?,как оплатить заказ?,payment_refund,payment_refund,synthetic_dataset,True,False,False,payment_refund
stg1_000237,можно ли посмотреть наличие товаров онлайн,можно ли посмотреть наличие товаров онлайн,product_info,product_info,bitext,False,False,False,product_info
stg1_002510,"Я хотел бы узнать больше о чертовой распродаже, можете ли вы найти какую-нибудь информацию?","я хотел бы узнать больше о чертовой распродаже, можете ли вы найти какую-нибудь информацию?",promo_loyalty,promo_loyalty,bitext,False,False,False,promo_loyalty
stg1_000831,"нужна помощь, чтобы уведомить о проблеме с регистрацией","нужна помощь, чтобы уведомить о проблеме с регистрацией",account,account,ikshana,False,False,False,account
stg1_000321,"Я запросил обмен, но не получил его. Помогите мне отследить статус моего товара на замену.","я запросил обмен, но не получил его. помогите мне отследить статус моего товара на замену.",order_status,order_status,bitext,False,False,False,order_status
stg1_002156,куда я могу сообщить о проблемах с онлайн-платежами,куда я могу сообщить о проблемах с онлайн-платежами,payment_refund,payment_refund,ikshana,False,False,False,payment_refund
stg1_002717,"Я бы хотел использовать твое чертово мобильное приложение, оно мне поможет","я бы хотел использовать твое чертово мобильное приложение, оно мне поможет",technical_issue,technical_issue,bitext,False,False,False,technical_issue
stg1_001357,"мне нужно обменять товар в магазине, как я могу это сделать","мне нужно обменять товар в магазине, как я могу это сделать",return_exchange,return_exchange,bitext,False,False,False,return_exchange
stg1_002297,"я совершил чертову покупку, но мне не пришел счет, как мне ее скачать","я совершил чертову покупку, но мне не пришел счет, как мне ее скачать",payment_refund,payment_refund,bitext,False,False,False,payment_refund
stg1_001895,помогите мне подать иск клиента против вашей компании,помогите мне подать иск клиента против вашей компании,other,other,ikshana,False,False,False,other
stg1_001257,ты поможешь мне отправить обратно этот чертов заказ?,ты поможешь мне отправить обратно этот чертов заказ?,return_exchange,return_exchange,bitext,False,False,False,return_exchange
stg1_001372,"если я хочу обменять то, что купил, это поможет мне","если я хочу обменять то, что купил, это поможет мне",return_exchange,return_exchange,bitext,False,False,False,return_exchange
stg1_001075,"как проверить, в какое время я могу связаться со службой поддержки клиентов?","как проверить, в какое время я могу связаться со службой поддержки клиентов?",general_info,general_info,ikshana,False,False,False,general_info
stg1_002049,как отправить отзыв о вашем филиале?,как отправить отзыв о вашем филиале?,other,other,bitext,False,False,False,other
stg1_000049,"я ищу информацию о продукте, где я могу ее получить","я ищу информацию о продукте, где я могу ее получить",product_info,product_info,bitext,False,False,False,product_info
stg1_000162,"Я бы хотел убрать долбанные продукты из корзины, помогите мне.","я бы хотел убрать долбанные продукты из корзины, помогите мне.",product_info,product_info,bitext,False,False,False,product_info
stg1_000013,не могли бы вы помочь мне проверить наличие этого чертового товара онлайн?,не могли бы вы помочь мне проверить наличие этого чертового товара онлайн?,product_info,product_info,bitext,False,False,False,product_info
stg1_002422,"хочу узнать больше о следующих распродажах, могу найти некоторую информацию","хочу узнать больше о следующих распродажах, могу найти некоторую информацию",promo_loyalty,promo_loyalty,bitext,False,False,False,promo_loyalty
stg1_001814,"Я хотел бы оставить отзыв о продукте, мне нужна помощь","я хотел бы оставить отзыв о продукте, мне нужна помощь",other,other,bitext,False,False,False,other
stg1_000817,"Я хочу закрыть свой профиль, как мне это сделать?","я хочу закрыть свой профиль, как мне это сделать?",account,account,bitext,False,False,False,account
stg1_001957,"Я не знаю, как говорить с агентом-человеком","я не знаю, как говорить с агентом-человеком",other,other,ikshana,False,False,False,other
stg1_001037,"мне нужно проверить часы работы, как я могу это сделать","мне нужно проверить часы работы, как я могу это сделать",general_info,general_info,bitext,False,False,False,general_info
stg1_001751,"моя доставка не завершена, мне нужна помощь, чтобы сообщить о чертовой неполноте заказа","моя доставка не завершена, мне нужна помощь, чтобы сообщить о чертовой неполноте заказа",delivery,delivery,bitext,False,False,False,delivery
stg1_001126,"Я хочу найти магазины рядом со мной, помогите мне","я хочу найти магазины рядом со мной, помогите мне",general_info,general_info,bitext,False,False,False,general_info
stg1_001724,"Я звоню, чтобы узнать, как скоро мне ожидать посылку.","я звоню, чтобы узнать, как скоро мне ожидать посылку.",delivery,delivery,ikshana,False,False,False,delivery
stg1_003013,Ошибка при регистрации,ошибка при регистрации,technical_issue,technical_issue,synthetic_dataset,True,False,False,technical_issue
stg1_002014,можешь помочь мне поговорить с кем-нибудь?,можешь помочь мне поговорить с кем-нибудь?,other,other,bitext,False,False,False,other
stg1_000922,Искать чертовы магазины рядом со мной,искать чертовы магазины рядом со мной,general_info,general_info,bitext,False,False,False,general_info
stg1_000086,"Мне нужна помощь, чтобы оставить отзыв о продукте","мне нужна помощь, чтобы оставить отзыв о продукте",product_info,product_info,ikshana,False,False,False,product_info
stg1_001904,я пытаюсь поговорить с кем-нибудь,я пытаюсь поговорить с кем-нибудь,other,other,ikshana,False,False,False,other
stg1_000606,"Мне не нужен мой чертов профиль, помоги мне закрыть его.","мне не нужен мой чертов профиль, помоги мне закрыть его.",account,account,bitext,False,False,False,account
stg1_002031,"у меня есть офигенный отзыв о продукте, мог бы его использовать","у меня есть офигенный отзыв о продукте, мог бы его использовать",other,other,bitext,False,False,False,other
stg1_002273,"я бы хотел сделать чертов перевод, где я мог бы сделать это","я бы хотел сделать чертов перевод, где я мог бы сделать это",payment_refund,payment_refund,bitext,False,False,False,payment_refund
stg1_002037,"Мне нужно оставить отзыв о продукте, где это сделать?","мне нужно оставить отзыв о продукте, где это сделать?",other,other,bitext,False,False,False,other
stg1_001270,как мне вернуть некоторые товары в магазин?,как мне вернуть некоторые товары в магазин?,return_exchange,return_exchange,bitext,False,False,False,return_exchange
stg1_001483,"Я хотел бы увидеть чертовы сроки доставки моего заказа, как это сделать?","я хотел бы увидеть чертовы сроки доставки моего заказа, как это сделать?",delivery,delivery,bitext,False,False,False,delivery
stg1_002859,можно ли купить через ваше приложение?,можно ли купить через ваше приложение?,technical_issue,technical_issue,bitext,False,False,False,technical_issue
stg1_002794,"Я бы хотел использовать ваше мобильное приложение, где мне это сделать?","я бы хотел использовать ваше мобильное приложение, где мне это сделать?",technical_issue,technical_issue,bitext,False,False,False,technical_issue
stg1_000183,где проверить наличие чертового товара,где проверить наличие чертового товара,product_info,product_info,bitext,False,False,False,product_info
stg1_002012,Можете ли вы помочь мне подать иск клиента против вашей компании?,можете ли вы помочь мне подать иск клиента против вашей компании?,other,other,ikshana,False,False,False,other
stg1_000994,Дэн прислал мне какие-нибудь письма?,дэн прислал мне какие-нибудь письма?,general_info,general_info,runlu,False,False,False,general_info
stg1_002591,"хочу узнать больше о чертовых распродажах, не могли бы вы дать мне некоторую информацию?","хочу узнать больше о чертовых распродажах, не могли бы вы дать мне некоторую информацию?",promo_loyalty,promo_loyalty,bitext,False,False,False,promo_loyalty
stg1_001227,где мне обменять эту чертову вещь,где мне обменять эту чертову вещь,return_exchange,return_exchange,bitext,False,False,False,return_exchange
stg1_001986,"Я хочу представить идею продукта, мне нужна помощь","я хочу представить идею продукта, мне нужна помощь",other,other,bitext,False,False,False,other
stg1_003001,Как оформить возврат?,как оформить возврат?,return_exchange,return_exchange,synthetic_dataset,True,False,False,return_exchange
stg1_002354,Мне нужна помощь в загрузке счета № 12588.,мне нужна помощь в загрузке счета № 12588.,payment_refund,payment_refund,ikshana,False,False,False,payment_refund
stg1_000267,"мне нужно проверить наличие товара в магазине, мне нужна помощь","мне нужно проверить наличие товара в магазине, мне нужна помощь",product_info,product_info,bitext,False,False,False,product_info
stg1_002292,"Я потерял счета от Джона, пришлите их мне по почте.","я потерял счета от джона, пришлите их мне по почте.",payment_refund,payment_refund,ikshana,False,False,False,payment_refund
stg1_002681,можно ли использовать ваше приложение?,можно ли использовать ваше приложение?,technical_issue,technical_issue,bitext,False,False,False,technical_issue
stg1_000992,Определить фотосинтез,определить фотосинтез,general_info,general_info,runlu,False,False,False,general_info
stg1_002887,как купить через ваше приложение?,как купить через ваше приложение?,technical_issue,technical_issue,bitext,False,False,False,technical_issue
stg1_002652,как пользоваться вашим мобильным приложением?,как пользоваться вашим мобильным приложением?,technical_issue,technical_issue,bitext,False,False,False,technical_issue
stg1_001232,"Я хочу вернуть купленный товар, что мне делать?","я хочу вернуть купленный товар, что мне делать?",return_exchange,return_exchange,bitext,False,False,False,return_exchange
stg1_000770,можешь показать мне эту чертову историю покупок?,можешь показать мне эту чертову историю покупок?,account,account,bitext,False,False,False,account
stg1_002391,"Мне нужна информация о зимних распродажах, как я могу ее получить?","мне нужна информация о зимних распродажах, как я могу ее получить?",promo_loyalty,promo_loyalty,bitext,False,False,False,promo_loyalty
stg1_002386,Я пытаюсь найти информацию о чертовых распродажах.,я пытаюсь найти информацию о чертовых распродажах.,promo_loyalty,promo_loyalty,bitext,False,False,False,promo_loyalty
stg1_002279,"мне нужно запросить чертов счет, могу ли я получить помощь","мне нужно запросить чертов счет, могу ли я получить помощь",payment_refund,payment_refund,bitext,False,False,False,payment_refund
stg1_001538,возникла проблема с изменением адреса доставки,возникла проблема с изменением адреса доставки,delivery,delivery,ikshana,False,False,False,delivery
stg1_000885,"мне нужно использовать платиновый профиль, могу ли я получить помощь?","мне нужно использовать платиновый профиль, могу ли я получить помощь?",account,account,ikshana,False,False,False,account
stg1_002093,"Я хотел бы узнать о вашей гарантии возврата денег, дайте мне некоторую информацию","я хотел бы узнать о вашей гарантии возврата денег, дайте мне некоторую информацию",payment_refund,payment_refund,bitext,False,False,False,payment_refund
stg1_002251,"Я не знаю, что мне нужно сделать, чтобы получить счет №12588.","я не знаю, что мне нужно сделать, чтобы получить счет №12588.",payment_refund,payment_refund,ikshana,False,False,False,payment_refund
stg1_002197,"Если бы у меня было 500 долларов, сколько бы это было иен?","если бы у меня было 500 долларов, сколько бы это было иен?",payment_refund,payment_refund,runlu,False,False,False,payment_refund
stg1_000065,"есть ли раздел, где можно оставить отзыв о вашей продукции?","есть ли раздел, где можно оставить отзыв о вашей продукции?",product_info,product_info,ikshana,False,False,False,product_info
stg1_000142,Где ДЕЛЛ сейчас стоит на фондовом рынке?,где делл сейчас стоит на фондовом рынке?,product_info,product_info,runlu,False,False,False,product_info
stg1_000670,"я не могу создать пользователя, нужна помощь, сообщить о проблеме с регистрацией","я не могу создать пользователя, нужна помощь, сообщить о проблеме с регистрацией",account,account,ikshana,False,False,False,account
stg1_001264,"нужно отправить этот чертов товар обратно, где я могу это сделать","нужно отправить этот чертов товар обратно, где я могу это сделать",return_exchange,return_exchange,bitext,False,False,False,return_exchange
stg1_001777,"Я хотел бы оставить чертовы комментарии о продуктах, которые могут мне помочь.","я хотел бы оставить чертовы комментарии о продуктах, которые могут мне помочь.",other,other,bitext,False,False,False,other
stg1_001593,"Пожалуйста, дайте мне направление в парк рядом со мной.","пожалуйста, дайте мне направление в парк рядом со мной.",delivery,delivery,runlu,False,False,False,delivery
stg1_000640,"мне нужен чертов аккаунт, где его создать","мне нужен чертов аккаунт, где его создать",account,account,bitext,False,False,False,account
stg1_000788,помогите сообщить о проблеме с регистрацией,помогите сообщить о проблеме с регистрацией,account,account,ikshana,False,False,False,account
stg1_002514,"Мне нравится информация о следующих чертовых распродажах, где я могу ее получить","мне нравится информация о следующих чертовых распродажах, где я могу ее получить",promo_loyalty,promo_loyalty,bitext,False,False,False,promo_loyalty
stg1_000485,Мне нужна помощь в поиске моего гребаного онлайн-заказа.,мне нужна помощь в поиске моего гребаного онлайн-заказа.,order_status,order_status,bitext,False,False,False,order_status
stg1_001136,Я хотел бы узнать больше о ближайших магазинах. Найдите некоторую информацию.,я хотел бы узнать больше о ближайших магазинах. найдите некоторую информацию.,general_info,general_info,bitext,False,False,False,general_info
stg1_000553,Я больше не могу оплатить покупку VUZVUJ46,я больше не могу оплатить покупку vuzvuj46,order_status,order_status,ikshana,False,False,False,order_status
stg1_000136,Каков рост стоимости акций за последнюю неделю Дисней?,каков рост стоимости акций за последнюю неделю дисней?,product_info,product_info,runlu,False,False,False,product_info
stg1_001188,"Я ищу информацию о твоем чертовом процессе возвращения, где я могу ее получить?","я ищу информацию о твоем чертовом процессе возвращения, где я могу ее получить?",return_exchange,return_exchange,bitext,False,False,False,return_exchange
stg1_001708,"Мне нужно указать адрес доставки, как мне это сделать?","мне нужно указать адрес доставки, как мне это сделать?",delivery,delivery,ikshana,False,False,False,delivery
stg1_002400,"Ищу информацию о очередных охренительных распродажах, помогите мне","ищу информацию о очередных охренительных распродажах, помогите мне",promo_loyalty,promo_loyalty,bitext,False,False,False,promo_loyalty
stg1_001536,проблемы с настройкой адреса доставки,проблемы с настройкой адреса доставки,delivery,delivery,ikshana,False,False,False,delivery
stg1_001106,Мне нужна помощь с проверкой часов работы твоего чертового магазина.,мне нужна помощь с проверкой часов работы твоего чертового магазина.,general_info,general_info,bitext,False,False,False,general_info
stg1_001872,"Я не знаю, что мне нужно сделать, чтобы подать жалобу клиента.","я не знаю, что мне нужно сделать, чтобы подать жалобу клиента.",other,other,ikshana,False,False,False,other
stg1_000713,перейти на платиновый аккаунт,перейти на платиновый аккаунт,account,account,ikshana,False,False,False,account
stg1_000198,"Мне нужно проверить наличие какого-то товара в магазине, это может мне помочь.","мне нужно проверить наличие какого-то товара в магазине, это может мне помочь.",product_info,product_info,bitext,False,False,False,product_info
stg1_002954,Подойдёт ли мне размер M?,подойдёт ли мне размер m?,product_info,product_info,synthetic_dataset,True,False,False,product_info
stg1_002464,когда будут распродажи,когда будут распродажи,promo_loyalty,promo_loyalty,bitext,False,False,False,promo_loyalty
stg1_002438,"Я ищу информацию о распродажах, как мне ее найти?","я ищу информацию о распродажах, как мне ее найти?",promo_loyalty,promo_loyalty,bitext,False,False,False,promo_loyalty
stg1_001528,"мне нужно посмотреть, как скоро я смогу ожидать доставки","мне нужно посмотреть, как скоро я смогу ожидать доставки",delivery,delivery,ikshana,False,False,False,delivery
stg1_002677,"Я хочу воспользоваться твоим чертовым мобильным приложением, помоги мне.","я хочу воспользоваться твоим чертовым мобильным приложением, помоги мне.",technical_issue,technical_issue,bitext,False,False,False,technical_issue
stg1_000971,"Мне нужно позвонить в службу поддержки клиентов, как я могу это сделать?","мне нужно позвонить в службу поддержки клиентов, как я могу это сделать?",general_info,general_info,ikshana,False,False,False,general_info
stg1_000861,хочу помочь получить пароль моего prl-файла,хочу помочь получить пароль моего prl-файла,account,account,ikshana,False,False,False,account
stg1_000967,"помогите мне узнать, в какие часы я могу связаться со службой поддержки клиентов","помогите мне узнать, в какие часы я могу связаться со службой поддержки клиентов",general_info,general_info,ikshana,False,False,False,general_info
stg1_002697,"я не могу заставить сайт работать, как мне сообщить об ошибке","я не могу заставить сайт работать, как мне сообщить об ошибке",technical_issue,technical_issue,bitext,False,False,False,technical_issue
stg1_000196,"Я хотел бы узнать больше о чертовых продуктах, можете ли вы дать мне некоторую информацию?","я хотел бы узнать больше о чертовых продуктах, можете ли вы дать мне некоторую информацию?",product_info,product_info,bitext,False,False,False,product_info
stg1_001266,"Я ищу гребаный возврат денег, помогите мне.","я ищу гребаный возврат денег, помогите мне.",return_exchange,return_exchange,bitext,False,False,False,return_exchange
stg1_001409,"Я хотел бы обменять купленный товар, не могли бы вы мне помочь?","я хотел бы обменять купленный товар, не могли бы вы мне помочь?",return_exchange,return_exchange,bitext,False,False,False,return_exchange
stg1_000571,"мне нужно найти свою чертову посылку, как мне это сделать?","мне нужно найти свою чертову посылку, как мне это сделать?",order_status,order_status,bitext,False,False,False,order_status
stg1_001130,"Я ищу информацию о твоих чертовых часах посещения магазинов, как я могу ее получить?","я ищу информацию о твоих чертовых часах посещения магазинов, как я могу ее получить?",general_info,general_info,bitext,False,False,False,general_info
stg1_000269,могу ли я удалить товар из корзины,могу ли я удалить товар из корзины,product_info,product_info,bitext,False,False,False,product_info
stg1_001648,где я могу проверить чертову стоимость доставки?,где я могу проверить чертову стоимость доставки?,delivery,delivery,bitext,False,False,False,delivery
stg1_002983,Мой заказ ещё не пришёл,мой заказ ещё не пришёл,order_status,order_status,synthetic_dataset,True,False,False,order_status
stg1_001084,Я хотел бы узнать о ваших часах работы. Как мне найти дополнительную информацию?,я хотел бы узнать о ваших часах работы. как мне найти дополнительную информацию?,general_info,general_info,bitext,False,False,False,general_info
stg1_001554,"что мне нужно сделать, чтобы узнать, когда придет моя статья?","что мне нужно сделать, чтобы узнать, когда придет моя статья?",delivery,delivery,ikshana,False,False,False,delivery
stg1_000827,информация об аннулировании моего Премиум-аккаунта,информация об аннулировании моего премиум-аккаунта,account,account,ikshana,False,False,False,account
stg1_001401,Я ищу информацию о твоем чертовом процессе возврата.,я ищу информацию о твоем чертовом процессе возврата.,return_exchange,return_exchange,bitext,False,False,False,return_exchange
stg1_001698,я по ошибке ввел неправильный адрес,я по ошибке ввел неправильный адрес,delivery,delivery,ikshana,False,False,False,delivery
stg1_000459,отменить заказ XDL2CK5C,отменить заказ xdl2ck5c,order_status,order_status,ikshana,False,False,False,order_status
stg1_000498,"Могу ли я отменить заказ, если он уже отправлен?","могу ли я отменить заказ, если он уже отправлен?",order_status,order_status,bitext,False,False,False,order_status
stg1_001492,"Я хотел бы узнать о времени доставки, можете ли вы найти какую-нибудь информацию?","я хотел бы узнать о времени доставки, можете ли вы найти какую-нибудь информацию?",delivery,delivery,bitext,False,False,False,delivery
stg1_000191,"я должен сообщить о чертовых проблемах с приобретенным мной продуктом, как я могу это сделать","я должен сообщить о чертовых проблемах с приобретенным мной продуктом, как я могу это сделать",product_info,product_info,bitext,False,False,False,product_info
stg1_003008,Есть ли самовывоз?,есть ли самовывоз?,delivery,delivery,synthetic_dataset,True,False,False,delivery
stg1_002796,как я могу купить через ваше мобильное приложение?,как я могу купить через ваше мобильное приложение?,technical_issue,technical_issue,bitext,False,False,False,technical_issue
stg1_002405,"хочу узнать больше о чертовых весенних распродажах, можешь найти какую-нибудь информацию?","хочу узнать больше о чертовых весенних распродажах, можешь найти какую-нибудь информацию?",promo_loyalty,promo_loyalty,bitext,False,False,False,promo_loyalty
stg1_000529,"Я купил офигенный товар, но выбрал не ту модель, хочу обновить заказ.","я купил офигенный товар, но выбрал не ту модель, хочу обновить заказ.",order_status,order_status,bitext,False,False,False,order_status
stg1_001884,Я пытаюсь поговорить с агентом,я пытаюсь поговорить с агентом,other,other,ikshana,False,False,False,other
stg1_000079,"Мне нужна помощь, чтобы оставить отзыв о ваших услугах","мне нужна помощь, чтобы оставить отзыв о ваших услугах",product_info,product_info,ikshana,False,False,False,product_info
stg1_000621,"Я бы хотел сменить свою чертову учетную запись, где мне это сделать?","я бы хотел сменить свою чертову учетную запись, где мне это сделать?",account,account,bitext,False,False,False,account
stg1_002476,"Я ищу информацию о чертовых зимних распродажах, могу ли я получить помощь?","я ищу информацию о чертовых зимних распродажах, могу ли я получить помощь?",promo_loyalty,promo_loyalty,bitext,False,False,False,promo_loyalty
stg1_001922,куда мне подать иск против вашего бизнеса,куда мне подать иск против вашего бизнеса,other,other,ikshana,False,False,False,other
stg1_002155,мне нужно получить мой счет № 12588,мне нужно получить мой счет № 12588,payment_refund,payment_refund,ikshana,False,False,False,payment_refund
stg1_000336,где я могу получить информацию о чертовом статусе моей замены,где я могу получить информацию о чертовом статусе моей замены,order_status,order_status,bitext,False,False,False,order_status
stg1_000944,"Я не знаю, как связаться со службой поддержки клиентов","я не знаю, как связаться со службой поддержки клиентов",general_info,general_info,ikshana,False,False,False,general_info
stg1_000809,"мне придется удалить свой чертов аккаунт, где я это делаю","мне придется удалить свой чертов аккаунт, где я это делаю",account,account,bitext,False,False,False,account
stg1_002904,Промокод СКИДКА10 не активируется,промокод скидка10 не активируется,promo_loyalty,promo_loyalty,synthetic_dataset,True,False,False,promo_loyalty
stg1_002241,"я не знаю, как я могу получить денежную компенсацию","я не знаю, как я могу получить денежную компенсацию",payment_refund,payment_refund,ikshana,False,False,False,payment_refund
stg1_002601,Я хочу узнать больше о весенних распродажах. Можете ли вы дать мне некоторую информацию?,я хочу узнать больше о весенних распродажах. можете ли вы дать мне некоторую информацию?,promo_loyalty,promo_loyalty,bitext,False,False,False,promo_loyalty
stg1_000777,"мне нужна помощь, чтобы сбросить ключ моей учетной записи","мне нужна помощь, чтобы сбросить ключ моей учетной записи",account,account,ikshana,False,False,False,account
stg1_002829,"мобильное приложение не работает, могу ли я сообщить об ошибке?","мобильное приложение не работает, могу ли я сообщить об ошибке?",technical_issue,technical_issue,bitext,False,False,False,technical_issue
stg1_002708,"Я хотел бы сообщить о проблеме с приложением, помогите мне.","я хотел бы сообщить о проблеме с приложением, помогите мне.",technical_issue,technical_issue,bitext,False,False,False,technical_issue
stg1_001946,Мне нужно связаться с человеком,мне нужно связаться с человеком,other,other,ikshana,False,False,False,other
stg1_000630,"моего пользователя украли, могу ли я восстановить свой чертов пароль?","моего пользователя украли, могу ли я восстановить свой чертов пароль?",account,account,bitext,False,False,False,account
stg1_000528,"Я хочу отслеживать доставку, как мне это сделать?","я хочу отслеживать доставку, как мне это сделать?",order_status,order_status,bitext,False,False,False,order_status
stg1_000033,"Мне нужно посмотреть наличие какого-то товара в сети, где я могу это сделать?","мне нужно посмотреть наличие какого-то товара в сети, где я могу это сделать?",product_info,product_info,bitext,False,False,False,product_info
stg1_002824,"Мобильное приложение не работает на моем Mac, можно ли сообщить об этой чертовой проблеме?","мобильное приложение не работает на моем mac, можно ли сообщить об этой чертовой проблеме?",technical_issue,technical_issue,bitext,False,False,False,technical_issue
stg1_002082,"Я хочу отследить свой чертов возврат средств, как мне это сделать?","я хочу отследить свой чертов возврат средств, как мне это сделать?",payment_refund,payment_refund,bitext,False,False,False,payment_refund
stg1_001229,где я могу обменять этот чертов товар?,где я могу обменять этот чертов товар?,return_exchange,return_exchange,bitext,False,False,False,return_exchange
stg1_002888,"я не могу заставить сайт работать, мне нужно сообщить об ошибке","я не могу заставить сайт работать, мне нужно сообщить об ошибке",technical_issue,technical_issue,bitext,False,False,False,technical_issue
stg1_001540,где я могу изменить адрес доставки?,где я могу изменить адрес доставки?,delivery,delivery,ikshana,False,False,False,delivery
stg1_002668,"мобильное приложение не работает на моем компьютере, помогите мне сообщить о проблеме","мобильное приложение не работает на моем компьютере, помогите мне сообщить о проблеме",technical_issue,technical_issue,bitext,False,False,False,technical_issue
stg1_000423,помощь в покупке некоторых ваших продуктов,помощь в покупке некоторых ваших продуктов,order_status,order_status,ikshana,False,False,False,order_status
stg1_002562,Вы дадите мне информацию о следующих продажах?,вы дадите мне информацию о следующих продажах?,promo_loyalty,promo_loyalty,bitext,False,False,False,promo_loyalty
stg1_001964,"мне нужна помощь, чтобы поговорить с агентом-человеком","мне нужна помощь, чтобы поговорить с агентом-человеком",other,other,ikshana,False,False,False,other
stg1_000701,как перейти на платиновый аккаунт,как перейти на платиновый аккаунт,account,account,ikshana,False,False,False,account
stg1_000575,могу ли я изменить заказ L9B16C1S,могу ли я изменить заказ l9b16c1s,order_status,order_status,ikshana,False,False,False,order_status
stg1_001389,"Я хочу сообщить о сломанном товаре, как мне это сделать?","я хочу сообщить о сломанном товаре, как мне это сделать?",return_exchange,return_exchange,bitext,False,False,False,return_exchange
stg1_000980,"помогите узнать, в какие часы я могу связаться со службой поддержки","помогите узнать, в какие часы я могу связаться со службой поддержки",general_info,general_info,ikshana,False,False,False,general_info
stg1_002540,"хочу узнать больше о распродажах, могу дать мне некоторую информацию","хочу узнать больше о распродажах, могу дать мне некоторую информацию",promo_loyalty,promo_loyalty,bitext,False,False,False,promo_loyalty
stg1_002886,могу ли я купить через ваш сайт?,могу ли я купить через ваш сайт?,technical_issue,technical_issue,bitext,False,False,False,technical_issue
stg1_000748,"мне нужно просмотреть историю покупок, мне нужна помощь","мне нужно просмотреть историю покупок, мне нужна помощь",account,account,bitext,False,False,False,account
stg1_000007,Я хотел бы сообщить об ошибке в заказанном мной товаре. Могу ли я это сделать?,я хотел бы сообщить об ошибке в заказанном мной товаре. могу ли я это сделать?,product_info,product_info,bitext,False,False,False,product_info
stg1_001870,Я хочу предъявить претензию клиенту,я хочу предъявить претензию клиенту,other,other,ikshana,False,False,False,other
stg1_000483,Отследить заказ,отследить заказ,order_status,order_status,ikshana,False,False,False,order_status
stg1_000966,помогите мне связаться со службой поддержки клиентов,помогите мне связаться со службой поддержки клиентов,general_info,general_info,ikshana,False,False,False,general_info
stg1_001022,Ответ на электронную почту,ответ на электронную почту,general_info,general_info,runlu,False,False,False,general_info
stg1_002213,"Мне нужна информация о вашей гарантии возврата денег, как я могу ее получить?","мне нужна информация о вашей гарантии возврата денег, как я могу ее получить?",payment_refund,payment_refund,bitext,False,False,False,payment_refund
stg1_000137,"Что ""Apple"" закрыла вчера?","что ""apple"" закрыла вчера?",product_info,product_info,runlu,False,False,False,product_info
stg1_001311,можно ли вернуть чертов товар?,можно ли вернуть чертов товар?,return_exchange,return_exchange,bitext,False,False,False,return_exchange
stg1_000531,"я не знаю, как мне увидеть штрафы за увольнение","я не знаю, как мне увидеть штрафы за увольнение",order_status,order_status,ikshana,False,False,False,order_status
stg1_000487,"мне нужно найти свой чертов онлайн-заказ, где я могу это сделать","мне нужно найти свой чертов онлайн-заказ, где я могу это сделать",order_status,order_status,bitext,False,False,False,order_status
stg1_000060,"Есть ли электронное письмо, по которому можно отправить отзыв о вашей продукции?","есть ли электронное письмо, по которому можно отправить отзыв о вашей продукции?",product_info,product_info,ikshana,False,False,False,product_info
stg1_001295,"мне нужно обменять чертову вещь, которую я купил в магазине, где мне это сделать","мне нужно обменять чертову вещь, которую я купил в магазине, где мне это сделать",return_exchange,return_exchange,bitext,False,False,False,return_exchange
stg1_000476,"Я не знаю, что делать, чтобы проверить плату за завершение","я не знаю, что делать, чтобы проверить плату за завершение",order_status,order_status,ikshana,False,False,False,order_status
stg1_003004,Обмен товара на аналогичный,обмен товара на аналогичный,return_exchange,return_exchange,synthetic_dataset,True,False,False,return_exchange
stg1_001489,мне нужна помощь в определении даты доставки моей покупки,мне нужна помощь в определении даты доставки моей покупки,delivery,delivery,bitext,False,False,False,delivery
stg1_000610,"мне нужна помощь, чтобы просмотреть историю покупок","мне нужна помощь, чтобы просмотреть историю покупок",account,account,bitext,False,False,False,account
stg1_003026,Не приходит код подтверждения,не приходит код подтверждения,account,account,synthetic_dataset,True,False,False,account
stg1_001555,где проверить какие способы доставки доступны?,где проверить какие способы доставки доступны?,delivery,delivery,ikshana,False,False,False,delivery
stg1_001677,У меня возникают ошибки при попытке изменить адрес доставки.,у меня возникают ошибки при попытке изменить адрес доставки.,delivery,delivery,ikshana,False,False,False,delivery
stg1_002616,"Мне нужна информация о чертовых распродажах, как ее найти?","мне нужна информация о чертовых распродажах, как ее найти?",promo_loyalty,promo_loyalty,bitext,False,False,False,promo_loyalty
stg1_002462,"Ищу информацию о чертовых весенних распродажах, где ее взять?","ищу информацию о чертовых весенних распродажах, где ее взять?",promo_loyalty,promo_loyalty,bitext,False,False,False,promo_loyalty
stg1_001330,как я могу найти информацию о товаре в магазине,как я могу найти информацию о товаре в магазине,return_exchange,return_exchange,bitext,False,False,False,return_exchange
stg1_002016,Я пытаюсь подать жалобу,я пытаюсь подать жалобу,other,other,ikshana,False,False,False,other
stg1_001951,"У меня есть жалоба, помогите мне ее подать","у меня есть жалоба, помогите мне ее подать",other,other,bitext,False,False,False,other
stg1_001712,У меня возникла проблема с редактированием адреса доставки.,у меня возникла проблема с редактированием адреса доставки.,delivery,delivery,ikshana,False,False,False,delivery
stg1_001434,"мне нужна помощь, чтобы запросить гребаный возврат средств","мне нужна помощь, чтобы запросить гребаный возврат средств",return_exchange,payment_refund,bitext,False,False,False,return_exchange
stg1_002028,"Мне нужно отправить комментарий о вашем бренде, можете ли вы мне помочь?","мне нужно отправить комментарий о вашем бренде, можете ли вы мне помочь?",other,other,bitext,False,False,False,other
stg1_002402,"Мне нужна информация о распродажах, где я могу ее получить?","мне нужна информация о распродажах, где я могу ее получить?",promo_loyalty,promo_loyalty,bitext,False,False,False,promo_loyalty
stg1_000185,"Мне нужна помощь, чтобы добавить чертов товар в корзину.","мне нужна помощь, чтобы добавить чертов товар в корзину.",product_info,product_info,bitext,False,False,False,product_info
stg1_002889,У меня возникла техническая проблема с приложением на моем ПК. Не могли бы вы сообщить об этом?,у меня возникла техническая проблема с приложением на моем пк. не могли бы вы сообщить об этом?,technical_issue,technical_issue,bitext,False,False,False,technical_issue
stg1_000456,мне нужна помощь в изменении товара EYXRG41M,мне нужна помощь в изменении товара eyxrg41m,order_status,order_status,ikshana,False,False,False,order_status
stg1_002063,"Мне нужно увидеть ваши варианты оплаты, как это сделать?","мне нужно увидеть ваши варианты оплаты, как это сделать?",payment_refund,payment_refund,bitext,False,False,False,payment_refund
stg1_001066,"Мне нужно проверить часы работы твоего чертового магазина, ты мне поможешь?","мне нужно проверить часы работы твоего чертового магазина, ты мне поможешь?",general_info,general_info,bitext,False,False,False,general_info
stg1_000072,помогите отправить отзыв о вашей продукции,помогите отправить отзыв о вашей продукции,product_info,product_info,ikshana,False,False,False,product_info
stg1_002085,"Мне нужна информация о статусе моего возмещения, как я могу ее получить?","мне нужна информация о статусе моего возмещения, как я могу ее получить?",payment_refund,payment_refund,bitext,False,False,False,payment_refund
stg1_002938,Сколько стоит доставка?,сколько стоит доставка?,delivery,delivery,synthetic_dataset,True,False,False,delivery
stg1_001058,Где горы Рокки?,где горы рокки?,general_info,general_info,runlu,False,False,False,general_info
stg1_002433,"Я хочу узнать больше о следующих продажах, дайте мне некоторую информацию","я хочу узнать больше о следующих продажах, дайте мне некоторую информацию",promo_loyalty,promo_loyalty,bitext,False,False,False,promo_loyalty
stg1_001576,Скажи мне поезда из Калифорнии в Нью-Джерси после 11 вечера.,скажи мне поезда из калифорнии в нью-джерси после 11 вечера.,delivery,delivery,runlu,False,False,False,delivery
stg1_002876,"я не могу заставить приложение работать на своем компьютере, мне нужно сообщить о проблеме","я не могу заставить приложение работать на своем компьютере, мне нужно сообщить о проблеме",technical_issue,technical_issue,bitext,False,False,False,technical_issue
stg1_001652,"Я хочу проверить, какие варианты доставки есть","я хочу проверить, какие варианты доставки есть",delivery,delivery,ikshana,False,False,False,delivery
stg1_000675,Я пытаюсь перейти на платиновый аккаунт,я пытаюсь перейти на платиновый аккаунт,account,account,ikshana,False,False,False,account
stg1_002508,"мне нужна информация о чертовых распродажах, как я могу ее получить","мне нужна информация о чертовых распродажах, как я могу ее получить",promo_loyalty,promo_loyalty,bitext,False,False,False,promo_loyalty
stg1_001485,"я не получил свой заказ, как я могу сообщить о проблемах с доставкой","я не получил свой заказ, как я могу сообщить о проблемах с доставкой",delivery,delivery,bitext,False,False,False,delivery
stg1_002646,"Приложение не работает на моем устройстве, мне нужно сообщить об ошибке","приложение не работает на моем устройстве, мне нужно сообщить об ошибке",technical_issue,technical_issue,bitext,False,False,False,technical_issue
stg1_000800,зарегистрироваться,зарегистрироваться,account,account,ikshana,False,False,False,account
stg1_000318,"мне нужна помощь в обновлении моего заказа, прежде чем вы его отправите","мне нужна помощь в обновлении моего заказа, прежде чем вы его отправите",order_status,order_status,bitext,False,False,False,order_status
stg1_001784,"Мне нужно поговорить с чертовым человеком-агентом, где я могу это сделать?","мне нужно поговорить с чертовым человеком-агентом, где я могу это сделать?",other,other,bitext,False,False,False,other
stg1_003002,Сколько стоит наушники Sony?,сколько стоит наушники sony?,product_info,product_info,synthetic_dataset,True,False,False,product_info
stg1_000542,"мне нужно проверить статус замены, помогите мне","мне нужно проверить статус замены, помогите мне",order_status,order_status,bitext,False,False,False,order_status
stg1_000863,могу ли я перейти на чертов стандартный аккаунт?,могу ли я перейти на чертов стандартный аккаунт?,account,account,ikshana,False,False,False,account
stg1_000432,помогите мне купить несколько продуктов,помогите мне купить несколько продуктов,order_status,order_status,ikshana,False,False,False,order_status
stg1_000433,Мне нужна помощь в проверке платы за досрочное прекращение,мне нужна помощь в проверке платы за досрочное прекращение,order_status,order_status,ikshana,False,False,False,order_status
stg1_000513,"Я бы хотел проверить, где моя чертова посылка, как это сделать","я бы хотел проверить, где моя чертова посылка, как это сделать",order_status,order_status,bitext,False,False,False,order_status
stg1_000505,"Я хотел бы посмотреть, где моя чертова посылка, как я могу это сделать?","я хотел бы посмотреть, где моя чертова посылка, как я могу это сделать?",order_status,order_status,bitext,False,False,False,order_status
stg1_001551,Мне нужно указать дополнительный адрес доставки.,мне нужно указать дополнительный адрес доставки.,delivery,delivery,ikshana,False,False,False,delivery
stg1_002323,"Я хочу решить проблемы с оплатой, могу ли я получить помощь?","я хочу решить проблемы с оплатой, могу ли я получить помощь?",payment_refund,payment_refund,bitext,False,False,False,payment_refund
stg1_002744,"Я бы хотел использовать твое мобильное приложение, как я могу это сделать?","я бы хотел использовать твое мобильное приложение, как я могу это сделать?",technical_issue,technical_issue,bitext,False,False,False,technical_issue
stg1_000963,"где мне узнать, в какое время я могу позвонить в службу поддержки клиентов","где мне узнать, в какое время я могу позвонить в службу поддержки клиентов",general_info,general_info,ikshana,False,False,False,general_info
stg1_001608,Показать все поезда и время Ни,показать все поезда и время ни,delivery,delivery,runlu,False,False,False,delivery
stg1_001635,"нужна помощь, чтобы узнать, когда прибудет мой заказ","нужна помощь, чтобы узнать, когда прибудет мой заказ",delivery,delivery,ikshana,False,False,False,delivery
stg1_000880,открыть стандартный счет для моего отца,открыть стандартный счет для моего отца,account,account,ikshana,False,False,False,account
stg1_000753,можно ли сбросить ключ моей учетной записи?,можно ли сбросить ключ моей учетной записи?,account,account,ikshana,False,False,False,account
stg1_002812,"нужно сообщить о технической проблеме, приложение поможет мне","нужно сообщить о технической проблеме, приложение поможет мне",technical_issue,technical_issue,bitext,False,False,False,technical_issue
stg1_002872,"мобильное приложение не работает на моем телефоне, я хочу сообщить о проблеме","мобильное приложение не работает на моем телефоне, я хочу сообщить о проблеме",technical_issue,technical_issue,bitext,False,False,False,technical_issue
stg1_000297,"Мне нужно добавить чертовы товары в корзину, могу ли я получить помощь?","мне нужно добавить чертовы товары в корзину, могу ли я получить помощь?",product_info,product_info,bitext,False,False,False,product_info
stg1_001397,"Мне нужно вернуть товар онлайн, где я могу это сделать?","мне нужно вернуть товар онлайн, где я могу это сделать?",return_exchange,return_exchange,bitext,False,False,False,return_exchange
stg1_000414,"нужна помощь, чтобы проверить расчетное время покупки NBLCE01I","нужна помощь, чтобы проверить расчетное время покупки nblce01i",order_status,order_status,ikshana,False,False,False,order_status
stg1_000902,"Я хотел бы найти чертов магазин, мне нужна помощь.","я хотел бы найти чертов магазин, мне нужна помощь.",general_info,general_info,bitext,False,False,False,general_info
stg1_001166,"хочу отправить электронное письмо в службу поддержки клиентов, как мне это сделать?","хочу отправить электронное письмо в службу поддержки клиентов, как мне это сделать?",general_info,general_info,bitext,False,False,False,general_info
